,,,,,,,,300.784424583054,,,,,,,,,,,,,,,,,,,,,,,,,,,,,,,,,,,,,,,,,,,,,,,,,,,,,,,,,,,,,,,,,,,,,,,,,,,,,,,,,,,,,,,,,,,,,,,,,,,,,,,,,,,,,,,,,,,,,,,,,,,,,,,,,,,,,,,,,,,,,,,,,,,,,
,,,,,,,,,,,,,,,,,,,,,,,,,,,,,,,,,,,,,,,,,,,,,,,,,,,,,,,,,,,,,,,,,,,,,,,,,,,,,,,,,,,,,,,,,,,,,,,,,,,,,,,,,,,,,,,,,,,,,,,,,,,,,,,,,,,,,,,,,,,,,,,,,,,,,,,,,,,,,
,,,,,,,,,,,,,,,,,,,,,,,,,,,,,,,,,,,,,,,,,,,,,,,,,,,,,,,,,,,,,,,,,,,,,,,,,,,,,,,,,,,,,,,,,,,,,,,,,,,,,,,,,,,,,,,,,,,,,,,,,,,,,,,,,,,,,,,,,,,,,,,,,,,,,,,,,,,,,
,,,,,,,,,,,,2002-Q1,2002-Q2,2002-Q3,2002-Q4,2003-Q1,2003-Q2,2003-Q3,2003-Q4,2004-Q1,2004-Q2,2004-Q3,2004-Q4,2005-Q1,2005-Q2,2005-Q3,2005-Q4,2006-Q1,2006-Q2,2006-Q3,2006-Q4,2007-Q1,2007-Q2,2007-Q3,2007-Q4,2008-Q1,2008-Q2,2008-Q3,2008-Q4,2009-Q1,2009-Q2,2009-Q3,2009-Q4,2010-Q1,2010-Q2,2010-Q3,2010-Q4,2011-Q1,2011-Q2,2011-Q3,2011-Q4,2012-Q1,2012-Q2,2012-Q3,2012-Q4,2013-Q1,2013-Q2,2013-Q3,2013-Q4,2014-Q1,2014-Q2,2014-Q3,2014-Q4,2015-Q1,2015-Q2,2015-Q3,2015-Q4,2016-Q1,2016-Q2,2016-Q3,2016-Q4,2017-Q1,2017-Q2,2017-Q3,2017-Q4,2018-Q1,2018-Q2,2018-Q3,2018-Q4,2019-Q1,2019-Q2,2019-Q3,2019-Q4,2020-Q1,2020-Q2,2020-Q3,2020-Q4,2021-Q1,2021-Q2,2021-Q3,2021-Q4,2022-Q1,2022-Q2,2022-Q3,2022-Q4,2023-Q1,2023-Q2,2023-Q3,2023-Q4,2024-Q1,2024-Q2,2024-Q3,2024-Q4,2025-Q1,2025-Q2,2025-Q3,2025-Q4,,,,,,,,,,,,,,2001-FY,2002-FY,2003-FY,2004-FY,2005-FY,2006-FY,2007-FY,2008-FY,2009-FY,2010-FY,2011-FY,2012-FY,2013-FY,2014-FY,2015-FY,2016-FY,2017-FY,2018-FY,2019-FY,2020-FY,2021-FY,2022-FY,2023-FY,2024-FY,2025-FY,2026-FY,2027-FY,2028-FY,2029-FY,2030-FY,,,,,,,
,,,,,,,,Period-End Date,,,,2002-03-31 00:00:00,2002-06-30 00:00:00,2002-09-30 00:00:00,2002-12-31 00:00:00,2003-03-31 00:00:00,2003-06-30 00:00:00,2003-09-30 00:00:00,2003-12-31 00:00:00,2004-03-31 00:00:00,2004-06-30 00:00:00,2004-09-30 00:00:00,2004-12-31 00:00:00,2005-03-31 00:00:00,2005-06-30 00:00:00,2005-09-30 00:00:00,2005-12-31 00:00:00,2006-03-31 00:00:00,2006-06-30 00:00:00,2006-09-30 00:00:00,2006-12-31 00:00:00,2007-03-31 00:00:00,2007-06-30 00:00:00,2007-09-30 00:00:00,2007-12-31 00:00:00,2008-03-31 00:00:00,2008-06-30 00:00:00,2008-09-30 00:00:00,2008-12-31 00:00:00,2009-03-31 00:00:00,2009-06-30 00:00:00,2009-09-30 00:00:00,2009-12-31 00:00:00,2010-03-31 00:00:00,2010-06-30 00:00:00,2010-09-30 00:00:00,2010-12-31 00:00:00,2011-03-31 00:00:00,2011-06-30 00:00:00,2011-09-30 00:00:00,2011-12-31 00:00:00,2012-03-31 00:00:00,2012-06-30 00:00:00,2012-09-30 00:00:00,2012-12-31 00:00:00,2013-03-31 00:00:00,2013-06-30 00:00:00,2013-09-30 00:00:00,2013-12-31 00:00:00,2014-03-31 00:00:00,2014-06-30 00:00:00,2014-09-30 00:00:00,2014-12-31 00:00:00,2015-03-31 00:00:00,2015-06-30 00:00:00,2015-09-30 00:00:00,2015-12-31 00:00:00,2016-03-31 00:00:00,2016-06-30 00:00:00,2016-09-30 00:00:00,2016-12-31 00:00:00,2017-03-31 00:00:00,2017-06-30 00:00:00,2017-09-30 00:00:00,2017-12-31 00:00:00,2018-03-31 00:00:00,2018-06-30 00:00:00,2018-09-30 00:00:00,2018-12-31 00:00:00,2019-03-31 00:00:00,2019-06-30 00:00:00,2019-09-30 00:00:00,2019-12-31 00:00:00,2020-03-31 00:00:00,2020-06-30 00:00:00,2020-09-30 00:00:00,2020-12-31 00:00:00,2021-03-31 00:00:00,2021-06-30 00:00:00,2021-09-30 00:00:00,2021-12-31 00:00:00,2022-03-31 00:00:00,2022-06-30 00:00:00,2022-09-30 00:00:00,2022-12-31 00:00:00,2023-03-31 00:00:00,2023-06-30 00:00:00,2023-09-30 00:00:00,2023-12-31 00:00:00,2024-03-31 00:00:00,2024-06-30 00:00:00,2024-09-30 00:00:00,2024-12-31 00:00:00,2025-03-31 00:00:00,2025-06-30 00:00:00,2025-09-30 00:00:00,2025-12-31 00:00:00,2026-03-31 00:00:00,2026-06-30 00:00:00,2026-09-30 00:00:00,2026-12-31 00:00:00,2027-03-31 00:00:00,2027-06-30 00:00:00,2027-09-30 00:00:00,2027-12-31 00:00:00,2028-03-31 00:00:00,2028-06-30 00:00:00,2028-09-30 00:00:00,2028-12-31 00:00:00,,2001-12-31 00:00:00,2002-12-31 00:00:00,2003-12-31 00:00:00,2004-12-31 00:00:00,2005-12-31 00:00:00,2006-12-31 00:00:00,2007-12-31 00:00:00,2008-12-31 00:00:00,2009-12-31 00:00:00,2010-12-31 00:00:00,2011-12-31 00:00:00,2012-12-31 00:00:00,2013-12-31 00:00:00,2014-12-31 00:00:00,2015-12-31 00:00:00,2016-12-31 00:00:00,2017-12-31 00:00:00,2018-12-31 00:00:00,2019-12-31 00:00:00,2020-12-31 00:00:00,2021-12-31 00:00:00,2022-12-31 00:00:00,2023-12-31 00:00:00,2024-12-31 00:00:00,2025-12-31 00:00:00,2026-12-31 00:00:00,2027-12-31 00:00:00,2028-12-31 00:00:00,2029-12-31 00:00:00,2030-12-31 00:00:00,,,,,,,
,,,,,,,,Morgan Stanley | Google Model,,,,2002-12-31 00:00:00,,,,2003-12-31 00:00:00,,,,2004-12-31 00:00:00,,,,2005-12-31 00:00:00,,,,2006-12-31 00:00:00,,,,2007-12-31 00:00:00,,,,2008-12-31 00:00:00,,,,2009-12-31 00:00:00,,,,2010-12-31 00:00:00,,,,2011-12-31 00:00:00,,,,2012-12-31 00:00:00,,,,2013-12-31 00:00:00,,,,2014-12-31 00:00:00,,,,2015-12-31 00:00:00,,,,2016-12-31 00:00:00,,,,2017-12-31 00:00:00,,,,2018-12-31 00:00:00,,,,2019-12-31 00:00:00,,,,2020-12-31 00:00:00,,,,2021-12-31 00:00:00,,,,2022-12-31 00:00:00,,,,2023-12-31 00:00:00,,,,2024-12-31 00:00:00,,,,2025-12-31 00:00:00,,,,2026-12-31 00:00:00,,,,2027-12-31 00:00:00,,,,2028-12-31 00:00:00,,,,,,,,,,,,,,,,,,,,,,,,,,,,,,,,,,,,,,,,,
,,,,,,,,(USD millions),,,,1,2,3,4,1,2,3,4,1,2,3,4,1,2,3,4,1,2,3,4,1,2,3,4,1,2,3,4,1,2,3,4,1,2,3,4,1,2,3,4,1,2,3,4,1,2,3,4,1,2,3,4,1,2,3,4,1,2,3,4,1,2,3,4,1,2,3,4,1,2,3,4,1,2,3,4,1,2,3,4,1,2,3,4,1,2,3,4,1,2,3,4,1,2,3,4,1,2,3,4,1,2,3,4,1,2,3,4,,2001-12-31 00:00:00,2002-12-31 00:00:00,2003-12-31 00:00:00,2004-12-31 00:00:00,2005-12-31 00:00:00,2006-12-31 00:00:00,2007-12-31 00:00:00,2008-12-31 00:00:00,2009-12-31 00:00:00,2010-12-31 00:00:00,2011-12-31 00:00:00,2012-12-31 00:00:00,2013-12-31 00:00:00,2014-12-31 00:00:00,2015-12-31 00:00:00,2016-12-31 00:00:00,2017-12-31 00:00:00,2018-12-31 00:00:00,2019-12-31 00:00:00,2020-12-31 00:00:00,2021-12-31 00:00:00,2022-12-31 00:00:00,2023-12-31 00:00:00,2024-12-31 00:00:00,2025-12-31 00:00:00,2026-12-31 00:00:00,2027-12-31 00:00:00,2028-12-31 00:00:00,2029-12-31 00:00:00,2030-12-31 00:00:00,2031-12-31 00:00:00,2032-12-31 00:00:00,2033-12-31 00:00:00,2034-12-31 00:00:00,2035-12-31 00:00:00,,
,,,,,,,,Expense Drivers,,,,,,,,,,,,,,,,,,,,,,,,,,,,,,,,,,,,,,,,,,,,,,,,,,,,,,,,,,,,,,,,,,,,,,,,,,,,,,,,,,,,,,,,,,,,,,,,,,,,,,,,,,,,,,,,,,,,,,,,,,,,,,,,,,,,,,,,,,,,,,,,,,,,,
,,,,,,,,Total Gross Network revenue (Ex MMI),,,,0,0,0,0,0,0,0,0,0,0,0,0,0,0,0,0,0,0,0,0,0,0,0,0,0,0,0,0,0,0,0,0,0,0,0,0,0,0,0,0,0,0,0,0,3262,3193,3148,3522,3528,3563,3568,3880,3576,3621,3694,4142,3692,3743,3732,4431,4014.60897253653,4254.00307044976,4349.15972024791,4998.22823676579,4678.37273546192,4831.76108497648,4906.86617956161,5593,5015,5249,5251,6032,5223,4736,5720,7411,6800,7597,7999,9305,8174,8259,7872,8475,7496,7850,7669,8297,7413,7444,7548,7954,7256,7354,7354,7828,7084.89788369739,7181.75138527889,7206.0559266632,7670.61465290296,6956.46092180039,7051.9181970031,7077.09111002967,7534.04194733117,,,,,,,,,,,,,,7166.318,8792,10386,12465,13650,14539,15033,15598,17616,20010,21547,23090,31701,32780,31312,30359,29792,29143.3198485424,28619.5121761643,28197.4600366426,27858.9027874735,27589.3091477571,27376.9971133979,27212.4992899375,27088.0888256198,26997.4205911032,26935.2562392976,,
,,,,,,,,Total Gross revenue (Ex MMI),,,,42.285,78.525,130.787,187.911,248.618,311.199,393.942,512.175,651.623,700.212,805.887,1031.501,1256.516,1384.495,1578.456,1919.093,2253.755,2455.991,2689.673,3205.498,3663.971,3871.985,4231.351,4826.679,5186.043,5367.212,5541.391,5700.904,5509,5523,5945,6673.563,6775,6820,7286,8440,8575,9026,9720,10584,10645,10964,11526,12905,12951,13107,13754,15707,15420,15955,16523,18103,17258,17727,18675,21329,20257,21500,22451,26064,24750,26010,27772,32323,31146,32657,33740,39276,36339,38944,40499,46075,41159,38297,46173,56898,55314,61880,65118,75325,68011,69685,69092,76048,69787,74604,76693,86310,80539,84742,88268,96469,90234,96428,102346,113828,109629.15839055,117258.962315188,122695.390880113,134459.096554829,127889.617011899,136436.50169869,144759.281940412,158477.61246467,,,,,,86.426,439.508,1465.934,3189.223,6138.56,10604.917,16593.986,21795.55,23650.563,29321,37905,50175,55519,66001,74989,90272,110855,136819,161857,182527,257637,282836,307394,350018,402836,484042.60814068,567563.013115671,659990.491713614,761262.369052504,871542.983667059,990965.1001939,1119926.16215119,1258509.73262744,1406729.68077991,1564846.11482466,,
,,,,,,,,Total Gross Licensing and Other ,,,,,,,,,,,,14.3390000000001,10.544,9.93099999999993,11.121,15.404,17.0809999999999,18.7650000000001,22.308,28.0550000000003,26.991,26.6729999999998,30.57,36.471,33.585,41.8509999999997,69.4360000000003,99.5429999999997,181.812000000001,189.391,196.333,178,186,188,209.759,300,258,254,273,269,310,385,410,420,439,666,829,1049,1046,1230,1647,1423,1457,1703,1794,1750,1704,1894,2251,2237,2357,2630,3665,3076.68687000988,3287.01985082344,3846.97645756872,5236.31682159797,4553.11019926654,4638.47016813762,4670.41963259584,6634,5615,6342,6584,8050,7347,8279,9100,10701,10739,11443,11926,13883,13072,13022,13972,16337,15155,16458,17047,20643,18808,20024,22397,23988,23089,25200,28371,31612,32437.786,35964.482,39995.934,43032.473,43771.683,48220.683,53165.683,57511.683,,,,,,19.494,28.593,45.271,45.935,73.558,112.289,181.343,667.079,761.759,1085,1374,2354,4972,6377,7599,10889,15447,20496,26591,35427,47991,56403,69303,85217,108272,151430.675,202669.732,260928.632,327375.582,401271.007,479084.83075,564424.8751875,656817.939621875,755191.222670625,859013.818938875,,
,,,,,,,,YouTube Revenue,,,,,,,,,,,,,,,,,,,,,,,,,,,,,,,,,,,,,,,,,,,,,,,,,,,,,,,,751.314223978601,843.901752985988,1076.04168465633,1321.31843025165,1096.18865847032,1252.42815536869,1598.99783413961,1975.42599696349,1577.4650691534,1697.56839159461,2185.40479828456,2687.58292181883,2162.135,2348.1275,3039.7375,3605,3025,3603,3804,4717,4038,3812,5037,6885,6005,7002,7205,8633,6869,7340,7071,7963,6693,7665,7952,9200,8090,8663,8921,10473,8927,9796,10261,11383,9975.33538757357,10761.4841588854,10872.7516636253,12621.7018382128,11092.7827347364,11939.6402261212,12388.2186772541,13700.8088628261,,,,,,2348.1275,,,,,,,,,,,1049.22164833135,1726.00429070005,2665.96499276359,3992.57609187257,5923.04064494211,8150,11155,15149,19772,28845,29243,31510,36147,40367,44231.273048297,49121.4505009377,54461.4516846282,59968.2515048547,65627.9861781647,71415.1225345831,77304.9878364689,83274.0775769603,89300.2844626222,95363.0527269915,,
,,,,,,,,,,,,,,,,,,,,,,,,,,,,,,,,,,,,,,,,,,,,,,,,,,,,,,,,,,,,,,,,,,,,,,,,,,,,,,,,,,,,,,,,,,,,,,,,,,,,,,,,,,,,,,,,,,,,,,,,,,,,,,,,,,,,,,,,,,,,,,,,,,,,,,,,,,,,,
,,,,,,,,Total Net revenue (ex-TAC),,,,36.593,58.118,91.165,122.122,161.423,214.599,250.442,261.307,380.623,423.212,502.987,653.701,794.716,890.195,1048.556,1290.193,1531.055,1670.791,1864.373,2229.898,2538.971,2724.085,3010.251,3386.779,3699.643,3893.212,4046.191,4217.504,4073,4070,4386,4952.163,5064,5088,5481,6371,6537,6916,7510,8131,8135,9207,10534,11343,9989,10094,10782,12396,12188,12662,13175,14480,13913,14350,15109,17274,16469,17525,18269,21216,20121,20919,22270,25873,24858,26237,27158,31840,29479,31706,33009,37574,33707,31603,38007,46432,45602,50951,53620,61898,56021,57471,57266,63123,58066,62067,64051,72324,67593,71355,74549,81621,76486,81723,87470,97231,94120.5750841564,101053.29026791,106430.510494894,116460.489903831,111229.018229876,119120.330156518,127000.185689063,138952.716868097,,,,,,86.426,345.008,939.434,1960.523,4023.66,7296.117,11660.086,15856.55,17481.163,22004,29094,39219,43261,52505,60646,73479,89183,110093,131768,149749,212071,233881,256508,295118,342910,418064.865750791,496302.250943554,583205.673800094,679027.159609343,783767.900324198,896900.615052624,1019449.28728858,1151415.82764426,1292385.61283155,1442378.56712305,,
,,,,,,,,,,,,,,,,,,,,,,,,,,,,,,,,,,,,,,,,,,,,,,,,,,,,,,,,,,,,,,,,,,,,,,,,,,,,,,,,,,,,,,,,,,,,,,,,,,,,,,,,,,,,,,,,,,,,,,,,,,,,,,,,,,,,,,,,,,,,,,,,,,,,,,,,,,,,,
,,,,,,,,Traffic acquisition cost,,,,,,,,,96.6,143.5,,271,277,302.9,377.8,461.8,494.3,529.9,628.9,722.7,785.2,825.3,975.6,1125,1147.9,1221.1,1439.9,1486.4,1474,1495.2,1483.4,1436,1453,1559,1721.4,1711,1732,1805,2069,2038,2110,2210,2453,2510,2600,2770,3076,2962,3013,2972,3311,3232,3293,3348,3623,3345,3377,3566,4055,3788,3975,4182,4848,4629,5091,5502,6450,6288,6420,6582,7436,6860,7238,7490,8501,7452,6694,8166,10466,9712,10929,11498,13427,11990,12214,11826,12925,11721,12537,12642,13986,12946,13387,13719,14848,13748,14705,14876,16597,15508.5833063935,16205.6720472782,16264.8803852186,17998.6066509985,16660.5987820229,17316.1715421725,17759.0962513488,19524.895596573,,,,,,0,94.5,526.5,1228.7,2114.9,3308.8,4933.9,5939,6169.4,7317,8811,10956,12258,13496,14343,16793,21672,26726,30089,32778,45566,48955,50886,54900,59926,65977.7423898888,71260.7621721173,76784.8179135193,82235.2094431605,87775.0833428604,94064.4851412761,100476.874862606,107093.904983184,114344.067948368,122467.547701607,,
,,,,,,,,Period-to-period addition,,,,,,,,,,,,,,,,84,32.5,35.6,99,93.8000000000001,62.5,40.0999999999999,150.3,149.4,22.9000000000001,73.1999999999998,218.8,46.5,-12.4000000000001,21.2,-11.8,-47.4000000000001,17,106,162.4,-10.4000000000001,21,73,264,-31,72,100,243,57,90,170,306,-114,51,-41,339,-79,61,55,275,-278,32,189,489,-267,187,207,666,-219,462,411,948,-162,132,162,854,-576,378,252,1011,-1049,-758,1472,2300,-754,1217,569,1929,-1437,224,-388,1099,-1204,816,105,1344,-1040,441,332,1129,-1100,957,171,1721,-1088.41669360651,697.088740884736,59.208337940383,1733.7262657799,-1338.00786897563,655.572760149655,442.924709176306,1765.79934522417,,,,,,,94.5,432,702.2,886.2,1193.9,1625.1,1005.1,230.4,1147.6,1494,2145,1302,1238,847,2450,4879,5054,3363,2689,12788,3389,1931,4014,5026,6051.74238988884,5283.01978222841,5524.05574140204,5450.39152964125,5539.87389969987,6289.40179841567,6412.3897213304,6617.03012057739,7250.16296518396,8123.47975323921,,
,,,,,,,,% change Y/Y,,,,,,,,,,,,NA,1.86749482401656,1.11080139372822,NA,0.704059040590406,0.784476534296029,0.749422251568174,0.664637374272102,0.564963187527068,0.588509002629982,0.557463672391017,0.551280012720623,0.556662515566625,0.461920529801325,0.479583181873258,0.475912259122591,0.321244444444444,0.284083979440718,0.224469740398002,0.03021043127995,-0.0339074273412272,-0.014246947082768,0.0426698769395397,0.160442227315626,0.191504178272981,0.192016517549897,0.157793457344452,0.201928662716394,0.191116306253653,0.21824480369515,0.224376731301939,0.185596906718221,0.231599607458292,0.232227488151659,0.253393665158371,0.253974724826743,0.1800796812749,0.158846153846154,0.0729241877256317,0.0763979193758126,0.0911546252532074,0.0929306339196814,0.126514131897712,0.0942313500453036,0.0349628712871286,0.0255086547221379,0.0651135005973715,0.11923820038642,0.132436472346786,0.177080248741486,0.172742568704431,0.195561035758323,0.222016895459345,0.280754716981132,0.315638450502152,0.330445544554455,0.358392741412832,0.261048909840896,0.19629225736096,0.152868217054263,0.0909669211195929,0.127414330218069,0.137951990276512,0.143222162452932,0.0862973760932944,-0.075158883669522,0.0902536715620828,0.231149276555699,0.303274288781535,0.632656109949208,0.408033308841538,0.282916109306325,0.234555189456343,0.11757708848019,0.0285267002957037,-0.0373873538392791,-0.0224353628023353,0.0264450630424105,0.0690005073566717,0.0820889748549323,0.10451326678611,0.0677993140304698,0.0851922164214523,0.0616330616330616,0.0619496369534991,0.0984537237618586,0.0843355929732488,0.117793642241379,0.128061049344886,0.102051822324259,0.0933638333704363,0.0844493975416345,0.0742824443000194,0.0685253590011292,0.0918676209563865,0.0848003945621993,,,,,,,NA,4.57142857142857,1.33371320037987,0.72125010173354,0.564518416946428,0.491144825918762,0.203713087010276,0.0387944098333053,0.186014847473012,0.204182041820418,0.243445692883895,0.118838992332968,0.100995268396149,0.0627593360995851,0.170815031722792,0.290537724051688,0.233204134366925,0.125832522637132,0.0893682076506364,0.390139727866252,0.0743756309529036,0.0394443877029926,0.0788822072868765,0.0915482695810566,0.100986923704049,0.0800727577340996,0.0775188978200894,0.0709826718060318,0.0673662040531304,0.0716536123793639,0.0681701463809596,0.0658562493073716,0.0676991185102682,0.0710441730733891,,
,,,,,,,,% change Q/Q,,,,,,,,,,,,NA,0.0221402214022139,0.0935018050541516,0.247276328821393,0.222339862361038,0.070376786487657,0.0720210398543395,0.186827703340253,0.149149308316108,0.0864812508648125,0.0510697911360163,0.182115594329335,0.153136531365314,0.0203555555555557,0.0637686209600137,0.179182704119237,0.0322939092992569,-0.00834230355220678,0.01438263229308,-0.00789192081326906,-0.0319536200620197,0.0118384401114207,0.0729525120440469,0.104169339320077,-0.00604159405135363,0.0122735242548218,0.042147806004619,0.146260387811634,-0.0149830836152731,0.0353287536800786,0.04739336492891,0.109954751131222,0.0232368528332654,0.0358565737051793,0.0653846153846154,0.110469314079422,-0.0370611183355006,0.0172180958811614,-0.0136076999668104,0.114064602960969,-0.0238598610691634,0.0188737623762376,0.0167020953537806,0.0821385902031064,-0.0767319900634833,0.00956651718983559,0.0559668344684632,0.137128435221537,-0.0658446362515414,0.0493664202745512,0.0520754716981131,0.159253945480631,-0.0451732673267327,0.0998055735580039,0.0807307012374778,0.172300981461287,-0.0251162790697674,0.0209923664122138,0.0252336448598132,0.129747797022182,-0.0774610005379236,0.0551020408163265,0.0348162475822051,0.13497997329773,-0.123397247382661,-0.101717659688674,0.219898416492381,0.281655645358805,-0.0720428052742212,0.125308896210873,0.0520633177783878,0.167768307531745,-0.107023162284948,0.0186822351959968,-0.0317668249549697,0.0929308303737528,-0.0931528046421664,0.0696186332224213,0.00837520938023451,0.106312292358804,-0.0743600743600744,0.0340645759307894,0.0248001792784045,0.0822946278883301,-0.0740840517241379,0.0696101251091068,0.0116286977218634,0.11568970153267,-0.0655791223478044,0.0449485763536737,0.00365355646884935,0.106593237989963,-0.0743395249932528,0.0393486914082002,0.0255786741369239,0.0994306985126032,,,,,,,na,na,na,na,na,na,na,na,na,na,na,na,na,na,na,na,na,na,na,na,na,na,na,na,na,na,na,na,na,na,na,na,na,na,,
,,,,,,,,% of gross advertising revenue,,,,,,,,,,,,0.425242121252063,0.401642529448952,0.380548673544769,0.370254219016445,0.372085678004886,0.36148525611117,0.339746783176924,0.331561036174369,0.324706833805095,0.323260601070399,0.309913631242959,0.307282558848579,0.31013094417643,0.299056898707795,0.291466762143454,0.302675310048278,0.292224515875356,0.284259652100127,0.279372197309417,0.269485124272173,0.26936784843369,0.272250327899569,0.270800764286955,0.266313768177377,0.264247104247104,0.263943919536727,0.256683731513083,0.253336598506183,0.245364796532627,0.242083524552547,0.236743438671666,0.241104776882249,0.245476772616137,0.247030878859857,0.255064456721915,0.254720105995363,0.248865736850949,0.249813448304452,0.23730437559885,0.235490753911807,0.230906622847753,0.22713477721065,0.225910931174089,0.22214728064259,0.215695125096724,0.210759533171067,0.212502234670163,0.21254848516616,0.210210876803552,0.207647704121611,0.210988345693961,0.216438233849725,0.215740699343631,0.224075900004011,0.228147065386606,0.236396367801906,0.234348010769935,0.228294834540829,0.227047094734796,0.228673350144535,0.224278288161637,0.222748815165877,0.22162386081193,0.224099752201192,0.220714983858069,0.224126962868718,0.220137484836231,0.226541700036797,0.217348491630114,0.21665609388629,0.216412572934312,0.21925570306504,0.219352006000622,0.2169911881751,0.21706251606035,0.218911960976932,0.214874972501283,0.215623548836489,0.211946954582795,0.213471312789047,0.209961238424237,0.207177788782964,0.208324475354572,0.204910227570693,0.205546834118263,0.206125595738716,0.200533822221024,0.201703854941422,0.200780784007547,0.199222762066775,0.19691267956914,0.197079514717774,0.198298125012968,0.196516037618453,0.194102062406738,0.19357275246655,,,,,,,0.229974568949783,0.37060161347202,0.390896411655566,0.348705573386456,0.315345211895437,0.300615811847001,0.281089909440205,0.269537892849273,0.259137271568211,0.241192411924119,0.250789726685895,0.240014097744361,0.226351804642426,0.212835732304496,0.211544033357268,0.226749113280392,0.229484548475455,0.223193953015703,0.223094933434973,0.217501921268562,0.218088589719031,0.213937062496059,0.207490834876602,0.203351985639195,0.198422179218377,0.195506380677297,0.192606380677297,0.189706380677297,0.186806380677297,0.183906380677297,0.181006380677297,0.178106380677297,0.175606380677297,0.173606380677297,,
,,,,,,,,YoY Change in bp,,,,,,,,,,,,,,,,,,,,-473.788441997908,-382.246550407711,-298.331519339651,-242.784773257901,-145.75889628665,-242.037023626044,-184.468690995052,-46.0724880030067,-179.064283010737,-147.972466076676,-120.945648340368,-331.901857761049,-228.566674416666,-120.093242005583,-85.7143302246205,-31.7135609479646,-51.2074418658548,-83.0640836284241,-141.170327738719,-129.771696711932,-188.823077144772,-218.603949841796,-199.402928414173,-122.318216239345,1.11976083509907,49.4735430731044,183.210180502495,136.153291131138,33.889642348125,27.825694445949,-177.600811230651,-192.293520835562,-179.591140031963,-226.786710938026,-113.934444247611,-133.434732692166,-152.114977510288,-163.752440395832,-134.086965039264,-95.9879547643,-54.8424829317268,-31.1182904945556,-15.1388897620175,38.8974868356545,55.2982254007936,164.281958823999,171.587196926451,199.581339521804,186.073114263043,42.1893453681779,-10.9997065180986,-77.2301765737052,-100.697226082979,-55.4601937495192,-54.2323392286578,-45.7359794334378,-35.6330430356783,13.781477028412,-14.8637597569912,24.4194783560578,-33.6649222795579,-74.7086898242821,-37.2491190191923,-72.8599697175708,20.0351437050833,3.35094288809734,6.49943126038138,-3.43742088108584,-44.7703349933876,-13.6763933861014,-51.1556147755476,-54.4064818788453,-49.1373407704673,-84.4576005352538,-36.224792282232,-85.6108521835394,-44.1440430597384,-10.5219304424797,-77.9065313354826,-32.0637262927079,-47.6605011071599,-69.0283367194064,-36.211426518844,-46.2434022364877,-24.8265899457897,-27.0672444832265,-28.1061716240183,-35.0676225122357,,,,,,,,,,,,-147.294000484363,-195.25902406796,-115.520165909326,-104.006212810617,-179.448596440916,95.9731476177553,-107.756289415339,-136.62293101935,-135.160723379297,-12.9169894722828,152.050799231238,27.3543519506356,-62.9059545975183,-0.990195807302752,-55.9301216641087,5.86668450468481,-41.515272229723,-64.4622761945698,-41.3884923740657,-49.2980642081844,-29.1579854107985,-29,-29,-29,-29,-29,-29,-25,-20,,
,,,,,,,,Seq Change (in bp),,,,,,,,,,,,,,,,,,,,,,,,,,,,,,,,,,,,,,,,,,,,43.7199573388805,15.5410624372054,80.3357786205783,-3.44350726552589,-58.5436914441329,9.47711453502947,-125.090727056022,-18.1362168704366,-45.8413106405345,-37.7184563710334,-12.238460365607,-37.6365053149907,-64.521555458657,-49.3559192565768,17.4270149909608,0.462504959972965,-23.3760836260838,-25.6317268194056,33.406415723499,54.498881557645,-6.97534506094472,83.3520066037993,40.7116538259517,82.4930241529978,-20.4835703197062,-60.5317622910653,-12.4773980603249,16.2625540973912,-43.9506198289802,-15.2947299576053,-11.2495435394636,24.7589138926113,-33.8476834312207,34.1197901064849,-39.8947803248667,64.0421520056603,-91.9320840668364,-6.9239774382393,-2.43520951977688,28.4313013072818,0.963029355817713,-23.6081782552253,0.71327885250716,18.4944491658146,-40.369884756484,7.48576335206086,-36.765942536939,15.2435820625169,-35.100743648106,-27.8344964127256,11.4668657160827,-34.1424778387905,6.36606547569502,5.78761620453311,-55.9177351769202,11.7003272039842,-9.23070933875697,-15.5802194077134,-23.1008249763579,1.66835148634054,12.186102951941,-17.8208739451502,-24.1397521171496,-5.29309940187683,,,,,,,,,,,,,,,,,,,,,,,,,,,,,,,,,,,,,,,,,,
,,,,,,,,TAC Contrib to Growth of Advertising Revenue ,,,,,,,,,,,,,,,,0.315984021940023,0.320621589799128,0.297223513391425,0.286511373166515,0.264983932365619,0.274023960376267,0.267740043813655,0.27125290362659,0.286988158082465,0.257343550446999,0.259285948247625,0.293430827616499,0.24770390678547,0.242093541202673,0.235784946236559,0.058207373469213,-0.206134969325154,-0.138522427440633,0.157530864197531,0.248114900133752,0.240384615384615,0.227755102040816,0.192941176470588,0.204086904854168,0.178590933915893,0.175487465181058,0.175857577073383,0.191330343796712,0.245961438249088,0.270867882808181,0.367213114754098,0.327549947423765,0.269528920691711,0.268880208333333,0.121394230769231,0.118447580645161,0.128878281622912,0.114895363151416,0.163763066202091,0.138728323699422,0.0747849106551952,0.0550819672131148,0.11116777154513,0.156013001083424,0.176353503184713,0.191666666666667,0.202631578947368,0.238783498946101,0.244739046817429,0.311995021906093,0.307332424830619,0.327896824559133,0.308618051906716,0.246040502831991,0.221604064297744,0.188408237760566,0.152325756008898,0.18707960684576,0.188914008640067,0.196639586410635,0.18639798488665,0.207080319756376,0.204910578963322,0.237749546279492,0.206940756340994,0.205812314720319,0.207795447458684,0.196875,0.228325147840032,0.219883641341547,0.242603550295858,0.228493400091033,2.38053097345133,0.174123989218329,0.157986447241046,0.163861003861004,0.172268316692448,0.131314691796694,0.173513774770421,0.124135944700461,0.153463451970915,0.196014277215943,0.138928914505283,0.178051511758119,0.17,0.15,0.165,0.155,0.17,0.164,0.168,0.16,,,,,,,,,0.407633698570496,0.303315108871026,0.269647888055585,0.274509439587569,0.213133303419887,0.130884326999493,0.214617156356341,0.180108499095841,0.29979035639413,0.176279447603574,0.144761459307764,0.109065155807365,0.204285833402818,0.30128442633074,0.242003447615399,0.183269754768392,0.221992900189879,0.204369296661499,0.226295405982906,0.144298311164251,0.150140265569478,0.1669711969702,0.160010393381321,0.165190653826089,0.161670633314979,0.156508338886169,0.152256287747469,0.151157410666854,0.147002295818101,0.143255198689052,0.145449308396012,0.149620658364214,,
,,,,,,,,,,,,,,,,,,,,,,,,,,,,,,,,,,,,,,,,,,,,,,,,,,,,,,,,,,,,,,,,,,,,,,,,,,,,,,,,,,,,,,,,,,,,,,,,,,,,,,,,,,,,,,,,,,,,,,,,,,,,,,,,,,,,,,,,,,,,,,,,,,,,,,,,,,,,,
,,,,,,,,Distribution TAC,,,,,,,,,,,,,,,,,,,,25,24,45,60,73,87,105,125,143,154,167,190,207,218,229,250,265,269,285,333,337,355,383,442,468,507,556,634,680,706,755,824,845,893,927,968,913,945,1052,1191,1217,1352,1559,1766,1805,2049,2401,2776,2902,3009,3155,3506,3383,3617,3856,4318.72,3973.2224,3774.56128,4453.9823104,5790.17700352,5590.17700352,6290.17700352,6690.17700352,7740.17700352,7140.17700352,7140.17700352,7140.17700352,7640.17700352,7240.17700352,7635.84700352,8030.84700352,8930.84700352,8630.84700352,8830.84700352,9030.84700352,9830.84700352,9230.84700352,9830.84700352,10030.84700352,11230.84700352,10630.84700352,11130.84700352,11330.84700352,12530.84700352,12030.84700352,12480.84700352,12680.84700352,14180.84700352,,,,,,,,,0,0,154,390,654,904,1152,1517,2165,2965,3633,4101,5894,9031,12572,15174.72,17991.94299392,26310.70801408,29060.70801408,31837.71801408,36323.38801408,40323.38801408,45623.38801408,51373.38801408,56375.88801408,60878.13801408,64930.16301408,68576.98551408,71859.12576408,74813.05198908,77471.58559158,79864.26583383,,
,,,,,,,,Period-to-period addition,,,,,,,,,,,,,,,,0,0,0,0,25,-1,21,15,13,14,18,20,18,11,13,23,17,11,11,21,15,4,16,48,4,18,28,59,26,39,49,78,46,26,49,69,21,48,34,41,-55,32,107,139,26,135,207,207,39,244,352,375,126,107,146,351,-123,234,239,462.72,-345.4976,-198.66112,679.421030399999,1336.19469312,-200,700,400,1050,-600,0,0,500,-400,395.67,395,900,-300,200,200,800,-600,600,200,1200,-600,500,200,1200,-500,450,200,1500,,,,,,,0,0,0,0,154,236,264,250,248,365,648,800,668,468,1793,3137,3541,2602.72,2817.22299392,8318.76502016,2750,2777.01,4485.67,4000,5300,5750,5002.5,4502.25,4052.025,3646.8225,3282.14025,2953.926225,2658.5336025,2392.68024225,,
,,,,,,,,% change Y/Y,,,,,,,,,,,,,,,,,,,,NA,NA,NA,NA,1.92,2.625,1.33333333333333,1.08333333333333,0.958904109589041,0.770114942528736,0.59047619047619,0.52,0.447552447552448,0.415584415584416,0.37125748502994,0.315789473684211,0.280193236714976,0.23394495412844,0.244541484716157,0.332,0.271698113207547,0.319702602230483,0.343859649122807,0.327327327327327,0.388724035608309,0.428169014084507,0.451697127937337,0.434389140271493,0.452991452991453,0.392504930966469,0.357913669064748,0.299684542586751,0.242647058823529,0.264872521246459,0.227814569536424,0.174757281553398,0.0804733727810651,0.0582306830907056,0.134843581445523,0.230371900826446,0.332968236582695,0.430687830687831,0.481939163498099,0.482787573467674,0.483155299917831,0.515532544378698,0.540089801154586,0.571913929784824,0.607756232686981,0.468521229868228,0.314035818408996,0.262968299711815,0.165747760165403,0.202060485211033,0.222187004754358,0.231808328579578,0.174467159326042,0.0435613160077413,0.1550784,0.340716,0.406963024148862,0.666465725924047,0.502066361579055,0.336777269298425,0.277272079045798,0.135131332476707,0.0672627943570454,-0.0129196011867071,0.0140052550448961,0.0694198476810368,0.124740605108377,0.168931950058927,0.192076795819203,0.156498683047097,0.124519866903415,0.100774316214943,0.0695180901428674,0.113239420816757,0.110731584712954,0.14240888903049,0.151665388827931,0.132236825528312,0.129600222149117,0.115752623073981,0.131692234827238,0.121284570668618,0.119143785065725,0.131675057522968,,,,,,,,,NA,NA,NA,1.53246753246753,0.676923076923077,0.382262996941896,0.274336283185841,0.316840277777778,0.427158866183256,0.369515011547344,0.225295109612142,0.128819157720892,0.437210436478908,0.53223617237869,0.392093898793046,0.207025135221126,0.185652387254592,0.46236057011581,0.104520182373213,0.0955589243955974,0.140891693243098,0.110121886164624,0.131437368262542,0.126031850116556,0.0973753181049488,0.0798612697484349,0.0665596079673601,0.0561653063955683,0.0478606667440364,0.0411071828886147,0.0355356923934616,0.0308846169079835,,
,,,,,,,,% change Q/Q,,,,,,,,,,,,,,,,,,,,NA,-0.04,0.875,0.333333333333333,0.216666666666667,0.191780821917808,0.206896551724138,0.19047619047619,0.144,0.0769230769230769,0.0844155844155845,0.137724550898204,0.0894736842105264,0.0531400966183575,0.0504587155963303,0.0917030567685591,0.0600000000000001,0.0150943396226415,0.0594795539033457,0.168421052631579,0.012012012012012,0.0534124629080119,0.0788732394366196,0.154046997389034,0.0588235294117647,0.0833333333333333,0.096646942800789,0.140287769784173,0.0725552050473186,0.0382352941176471,0.0694050991501416,0.0913907284768212,0.0254854368932038,0.0568047337278106,0.0380739081746921,0.0442286947141317,-0.0568181818181818,0.0350492880613362,0.113227513227513,0.13212927756654,0.0218303946263645,0.110928512736237,0.15310650887574,0.13277742142399,0.0220838052095129,0.135180055401662,0.17179111761835,0.156184922948771,0.0453890489913544,0.0368711233631978,0.0485211033565969,0.111251980982567,-0.0350827153451226,0.0691693762932308,0.0660768592756429,0.12,-0.08,-0.05,0.18,0.3,-0.034541258389582,0.125219648601328,0.0635912152831564,0.156946520166439,-0.0775176071202426,0,0,0.0700262752244807,-0.0523548079862169,0.0546492164221448,0.0517296902122202,0.112067880213074,-0.0335914387383143,0.0231726967142891,0.0226478841633515,0.0885852677703631,-0.061032381013067,0.0649994523548274,0.0203441270043556,0.119630974291493,-0.0534242875726066,0.0470329410097281,0.0179680845434991,0.105905586725089,-0.0399015325827175,0.037403850274909,0.0160245534572769,0.118288628479125,,,,,,,,,,,,,,,,,,,,,,,,,,,,,,,,,,,,,,,,,,
,,,,,,,,% of gross Google websites revenue,,,,,,,,,,,,,,,,,,,,0.0192707931858475,0.016755096341804,0.0276752767527675,0.03034752467886,0.0319880811533237,0.0349917548163938,0.0383940324703817,0.0400447860887617,0.0420538760145865,0.0436248264921674,0.045478064322867,0.0498535093984361,0.0560519902518278,0.059676977826444,0.05788675429727,0.0565548674964698,0.0596981302095066,0.0597910646810402,0.0589695841092489,0.0586991010047594,0.0573226739241368,0.0569640564826701,0.0568249258160237,0.0605977515766383,0.0640043763676149,0.0672235481304694,0.0719554807816746,0.0733796296296296,0.0787037037037037,0.0796120884077582,0.0805247440273038,0.0781932055418486,0.0807144904002293,0.0816643804298125,0.0823853537148951,0.0778823718722343,0.0765169292658398,0.0761973875181422,0.0803851149996179,0.0797402249598286,0.0849385817978783,0.0877922077922078,0.0968985020821679,0.0982858414959929,0.10348759408516,0.110960822233473,0.121465904839466,0.124559962868468,0.130995001446035,0.129198363139709,0.131006828191845,0.130213556174559,0.132293133114344,0.132758304276014,0.135084953582063,0.135374584665538,0.139215921513665,0.150195427161673,0.141959595550598,0.149277534379705,0.147560368586211,0.146805540726772,0.148239059704416,0.14903872229214,0.153595134199238,0.148663869818651,0.153189809129371,0.151090177458026,0.153876073355437,0.15182723248802,0.154504732839278,0.15607911575533,0.159105685276702,0.154461047427412,0.154887095728055,0.152399693111135,0.154804658865988,0.153640593309787,0.150099464349075,0.150838710157946,0.15153051914662,0.15008680457322,0.15028963888386,0.149790160539579,0.156120127491642,0.15396307019868,0.150217621285633,0.151940000151455,,,,,,,,,0,0,0.0243178488115125,0.0367069015092654,0.0453732910607818,0.0574972685617274,0.059247068504423,0.0580225664563014,0.0693443515582461,0.079231468120357,0.0805811245425308,0.0783276352732204,0.0924041702594654,0.115839971267685,0.130345978787156,0.13397655036022,0.145290816689439,0.147982564366352,0.15160025673384,0.1541457130674,0.155075066981228,0.152221744944602,0.150389282262848,0.152954451240081,0.152176263261024,0.150083710651172,0.146806935433992,0.141657760716936,0.136125501132051,0.130290089465592,0.124125127070054,0.117707611333781,,
,,,,,,,,Yoy Change (in bp),,,,,,,,,,,,,,,,,,,,,,,,127.172879674762,182.366584745899,107.187557176142,96.972614099017,100.657948612628,86.3307167577353,70.8403185248528,98.087233096744,139.981142372413,160.521513342767,124.086899744029,67.0135809803377,36.4613995767886,1.14086854596213,10.8282981197894,21.4423350828955,-23.7545628536989,-28.2700819837014,-21.4465829322517,18.9865057187895,66.8170244347813,102.594916477993,151.305549656509,127.818780529913,146.993273360888,123.885402772889,85.6926324562911,48.1357591221893,20.1078669652555,20.522920220543,18.6060968759137,-3.10833669614263,-41.9756113438949,-54.669929116703,-20.0023871527719,18.5785308759431,84.2165253203851,115.948202740656,165.1338708255,185.456165361643,185.490122872815,231.686144412657,245.674027572977,262.741213724754,275.07407360875,182.375409062351,95.4092335237952,56.5359330609074,12.9813166830914,35.5994113630539,40.7812539021829,51.6102849097927,69.2278839932123,174.371228856589,68.7464196853419,139.029497141668,83.4444707254548,-33.8988643490087,62.7946415381844,-2.38812087565043,60.3476561302796,18.5832909187925,49.5074942495535,20.5145516588595,2.80939156198062,31.6336266936895,13.1492370990677,49.8893829730435,52.2961192126589,26.3381493939185,3.82362888777299,-36.7942264419507,-43.0102641071439,-8.20454117625519,-47.876313789802,-15.609829531896,-32.7413971936777,-35.5378873656631,1.90174534784676,-10.4854961836617,45.8960834502201,38.7626562545934,-0.720175982270033,21.4983961187559,,,,,,,,,,,,,,121.239775009457,17.4979994269552,-12.2450204812156,113.217851019447,98.8711656211096,13.4965642217376,-22.5348926931038,140.76534986245,234.358010082197,145.060075194711,36.3057157306421,113.142663292187,26.9174767691335,36.176923674876,25.4545633355999,9.29353913827924,-28.5332203662642,-18.3246268175372,25.651689772333,-7.7818797905696,-20.9255260985192,-32.7677521717989,-51.491747170562,-55.3225958488529,-58.3541166645837,-61.6496239553881,-64.1751573627238,,
,,,,,,,,Seq Change (in bp),,,,,,,,,,,,,,,,,,,,,,,,,,,,,,,,,,,,,,,,,,,,34.0662479097655,32.1917176285448,47.3193265120528,14.2414884795498,53.2407407407408,9.08384704054521,9.12655619545524,-23.315384854552,25.212848583807,9.49890029583275,7.20973285082596,-45.0298184266083,-13.6544260639453,-3.19541747697535,41.8772748147571,-6.44890039789334,51.9835683804967,28.5362599432952,91.0629428996014,13.8733941382493,52.0175258916686,74.7322814831376,105.050826059921,30.9405802900263,64.3503857756646,-17.9663830632612,18.0846505213655,-7.93272017286156,20.7957693978486,4.65171161670136,23.2664930604945,2.89631083474823,38.4133684812682,109.795056480078,-82.3583161107527,73.1793882910747,-17.1716579349454,-7.54827859438534,14.3351897764404,7.99662587723987,45.5641190709846,-49.3126438058725,45.2593931072015,-20.9963167134541,27.8589589741057,-20.4884086741636,26.7750035125797,15.7438291605216,30.2656952137212,-46.446378492904,4.26048300643411,-24.8740261692021,24.049657548528,-11.6406555620152,-35.4112896071127,7.39245808870387,6.9180898867463,-14.4371457340006,2.02834310639721,-4.99478344280463,63.2996695206281,-21.5705729296273,-37.4544891304662,17.2237886582213,,,,,,,,,,,,,,,,,,,,,,,,,,,,,,,,,,,,,,,,,,
,,,,,,,,% of website search revenue,,,,,,,,,,,,,,,,,,,,,,,,,,,,,,,,,,,,,,,,,,,,,,,,0.0835416544508183,0.084667011394375,0.0861877543142534,0.0840247043396,0.0866964055165852,0.0882291749924778,0.0901767025807683,0.0856309175495971,0.0833242372199535,0.0837260217996549,0.0895211078983545,0.0894885349575935,0.0942779589572447,0.0979382733319683,0.109753886880077,0.112798125922945,0.116337441736177,0.124954159368364,0.13900205700561,0.144315120223531,0.147952282236161,0.146483130535697,0.152342035426191,0.152915091760214,0.152723085253985,0.155757659647911,0.15808883077226,0.161307911220665,0.164957000783803,0.180791580076465,0.171499173572028,0.183987146885859,0.177789720804022,0.177779418759439,0.178212199318495,0.180647181672621,0.182334288390661,0.177604127548139,0.182453464286366,0.181359604948995,0.18155860658366,0.18119428559374,0.184104066417071,0.187846888369642,0.188982462981896,0.183907386942421,0.18439260447348,0.183574151136066,0.183840267272277,0.183090261980202,0.178630712396403,0.179444791339501,0.178114497454241,0.176960224123108,0.176758299076065,0.177633949924692,0.183766659342148,0.181888071304342,0.17708926462311,0.179198291449887,,,,,,,,,,,,,,,,,0.0727098558843711,0.0846060247675857,0.0876431814423698,0.0866938464160531,0.104182045212738,0.13198964478396,0.150035002781373,0.15718962529434,0.17569261295069,0.178726661975628,0.180923774787141,0.183837384489745,0.185118791376822,0.181109893459781,0.177362490296572,0.180366113945902,0.179506875432806,0.177127335822152,0.173298473898262,0.166981514397627,0.160198970160878,0.153027186132155,0.145410623487419,0.137448030744455,,
,,,,,,,,Yoy Change (in bp),,,,,,,,,,,,,,,,,,,,,,,,,,,,,,,,,,,,,,,,,,,,,,,,,,,,31.5475106576686,35.621635981028,39.8894826651496,16.0621320999704,-33.7216829663167,-45.0315319282288,-6.55594682413885,38.5761740799645,109.537217372912,142.122515323134,202.327789817223,233.095909653519,220.594827789327,270.158860363954,292.481701255333,315.169943005851,316.148404999831,215.289711673329,133.399784205813,85.999715366834,47.7080301782412,92.7452911221466,57.4679534606878,83.9281946045123,122.339155298186,250.339204285533,134.103427997684,226.792356651943,128.327200202187,-30.1216131702539,67.1302574646607,-33.3996521323859,45.4456758663871,-1.75291211299888,42.4126496787122,7.12423276373914,-7.75681807000439,35.9015804560087,16.5060213070498,64.8728342064681,74.2385639823612,27.1310134868091,2.88538056408827,-42.7273723357588,-51.4219570961955,-8.17124962218863,-57.6189207707653,-41.2935979656504,-57.2576981803616,-61.3003785709393,-18.7241332033852,-18.1084141480889,56.5216188790768,49.2784718123371,3.30965547045065,15.6434152519525,,,,,,,,,,,,,,,,,,118.961688832146,30.3715667478413,-9.49335026316736,174.881987966848,278.075995712219,180.453579974132,71.5462251296697,185.029876563497,30.3404902493845,21.9711281151255,29.1360970260418,12.8140688707729,-40.0889791704129,-37.4740316320829,30.0362364932932,-8.59238513095995,-23.7953961065415,-38.2886192389006,-63.1695950063452,-67.825442367494,-71.7178402872218,-76.1656264473637,-79.6259274296382,,
,,,,,,,,TAC Contrib to Growth of Websites (ex YT),,,,,,,,,,,,,,,,,,,,,,,,,,,,,,,,,,,,,,,,,,,,,,,,,,,,,,,,0.0955477856816902,0.0834539340291719,0.164699427455904,0.188077478548755,0.148211306568483,0.157174802003967,0.204514333174995,0.241810769886209,0.223367954057377,0.265945589857819,0.272363496780047,0.280065595050727,0.265801307616684,0.23003750360288,0.21782353094826,0.19617707423333,0.188212797172715,0.225155268461587,0.189560730375989,0.210276843467012,0.301904040920716,-0.0678266379681448,0.374441020914214,0.311881518338279,0.219188640845872,0.173180209522236,0.19297503392475,0.171082646078259,0.200284274454064,0.175474814203138,0.27898326100434,0.143472022955524,0.134952766531714,0.255631768953069,0.198500111433029,0.238306868537666,0.23989477315853,0.203196735249107,0.186601977980967,0.149650814765547,0.131984161900572,0.176025347650062,0.139236981342245,0.154884389866136,0.147692736901881,0.141131848334923,0.163446985481643,0.163289770083765,0.24189850644802,0.235889628278767,0.179816829866684,0.191932515895379,,,,,,,,,,,,,,,,,,,0.0993598237935383,0.0787164654493605,0.188785818175544,0.262531536481789,0.228672909267033,0.203036118261955,0.473721707402051,0.18531856401702,0.20371879398474,0.220695382659143,0.194597631339204,0.15124016938899,0.153155552370081,0.20822033461166,0.171021960084772,0.15181231601731,0.130731364702199,0.101206535379085,0.0866099472213198,0.0732151615619092,0.0605435072445973,0.0495448337336748,,
,,,,,,,,TAC Contrib to Growth of Websites,,,,,,,,,,,,,,,,,,,,,,,,,,,,,,,,,,,,,,,,,,,,,,,,,,,,,,,,0.0464798359535202,0.0354464894342195,0.0681198910081744,0.088950937375349,0.126878130217028,0.135757171447632,0.168887408394404,0.189643799472296,0.188842603621299,0.227333728238256,0.228937242026581,0.233879944019357,0.232819091390456,0.199013569830714,0.174704852142119,0.157376934106469,0.140705689975372,0.153720468182815,0.157094374835904,0.163295157725538,0.198861994609165,-0.074532298959319,0.21130116975265,0.213688208469358,0.173047367671233,0.141996823409347,0.162561405431812,0.148334094020995,0.180169708241311,0.16402933230413,0.304259634888438,0.0731528895391368,0.176991150442478,0.218935512367491,0.165922131147541,0.19399819630242,0.193309702529886,0.173717110045065,0.15802781289507,0.123507616303005,0.111462010031581,0.146756677428823,0.117343346632246,0.140717660066338,0.132985361217328,0.127742421848273,0.151773397073308,0.141304211100039,0.202751670854334,0.195618959180906,0.149615871607513,0.17052714958327,,,,,,,,,,,,,,,,,,,0.0871721257992953,0.0643564356435644,0.156895344767238,0.221289503386005,0.191508923742564,0.154804020698269,0.266530084571428,0.154159686819614,0.197884435489674,0.187004040404041,0.162007728980064,0.130429111777749,0.137771075569486,0.176895015128637,0.144620086229936,0.128037651920562,0.110545599789567,0.08720157244171,0.0749594980045407,0.0637791547050443,0.0532373962480749,0.0440186943219689,,
,,,,,,,,,,,,,,,,,,,,,,,,,,,,,,,,,,,,,,,,,,,,,,,,,,,,,,,,,,,,,,,,,,,,,,,,,,,,,,,,,,,,,,,,,,,,,,,,,,,,,,,,,,,,,,,,,,,,,,,,,,,,,,,,,,,,,,,,,,,,,,,,,,,,,,,,,,,,,
,,,,,,,,Desktop Search,,,,,,,,,,,,,,,,,,,,,,,,0,0,0,0,0,0,0,0,0,0,0,0,0,0,0,0,0,0,0,0,0,0,0,0,6944.336526177,6956.65594651635,7323.33358237046,8131.99920049246,7443.96413100408,7525.38363315718,7783.69690081637,8531.54156464725,7785.50551611515,7781.08561853739,7949.05322010743,8713.63662681865,8139.3655157859,8293.13485699767,8303.85440945039,8905.7474875192,8604.53622030582,8759.10430761439,8908.94875013716,9666.79179645978,9238.05338782808,9312.41790764253,9468.52288352508,10067.1659067529,9539.75184294018,9111.3634752993,10033.7652044886,10347.5980030403,9148.1493110439,7873.6337744613,10471.854713704,10117.3413039109,11051.9038064643,14640.0019341547,14322.9897284393,12578.7535778797,13788.6497841792,15592.4803443825,12561.7834681305,8756.56203655029,11393.6985614064,14511.7984166739,14198.8878911062,10765.4172804693,13212.3407146173,15642.4893053755,15770.1262367725,12045.0233793143,14092.2469998282,17834.9838556209,19547.7373215536,16828.8466617464,20250.7553079315,23749.4116251373,24513.839006437,19854.8876491779,22840.1240262258,26297.1761730822,28832.3106290699,24422.1040812759,,,,,,,,,,,,,,,,,,,,32229.2809815786,33642.1022697532,35939.3810745172,38086.1600857485,39032.4785257684,37610.9791031201,52593.6490469381,50699.4756332425,50869.8021496558,56669.9796360796,68303.814838749,88368.8935886836,102391.714909654,119001.564001778,136982.295278614,157251.180137777,183473.560907243,212425.781678822,244641.020132877,281176.07723288,322788.697346552,,
,,,,,,,,TAC %,,,,,,,,,,,,,,,,,,,,,,,,,,,,,,,,,,,,,,,,,,,,,,,,0.04,0.04,0.04,0.04,0.04,0.04,0.04,0.04,0.04,0.04,0.04,0.04,0.04,0.04,0.04,0.04,0.04,0.04,0.04,0.04,0.04,0.04,0.04,0.04,0.04,0.04,0.04,0.04,0.04,0.04,0.04,0.04,0.04,0.04,0.04,0.04,0.04,0.04,0.04,0.04,0.04,0.04,0.04,0.04,0.04,0.04,0.04,0.04,0.04,0.04,0.04,0.04,0.04,0.04,0.04,0.04,0.04,0.04,0.04,0.04,,,,,,,,,,,,,,,,,,,,0.04,0.04,0.04,0.04,0.04,0.04,0.04,0.04,0.04,0.04,0.04,0.04,0.04,0.04,0.04,0.04,0.04,0.04,0.04,0.04,0.04,,
,,,,,,,,Desktop TAC,,,,,,,,,,,,,,,,,,,,,,,,,,,,,,,,,,,,,,,,,,,,,,,,277.77346104708,278.266237860654,292.933343294819,325.279968019698,297.758565240163,301.015345326287,311.347876032655,341.26166258589,311.420220644606,311.243424741496,317.962128804297,348.545465072746,325.574620631436,331.725394279907,332.154176378016,356.229899500768,344.181448812233,350.364172304576,356.357950005487,386.671671858391,369.522135513123,372.496716305701,378.740915341003,402.686636270114,381.590073717607,364.454539011972,401.350608179546,413.903920121612,365.925972441756,314.945350978452,418.874188548159,404.693652156437,442.076152258574,585.600077366186,572.919589137574,503.150143115189,551.545991367166,623.699213775301,502.471338725222,350.262481462012,455.747942456258,580.471936666956,567.955515644248,430.616691218771,528.493628584691,625.69957221502,630.8050494709,481.800935172573,563.689879993128,713.399354224834,781.909492862144,673.153866469854,810.03021231726,949.976465005491,980.553560257478,794.195505967115,913.604961049032,1051.88704692329,1153.2924251628,976.884163251035,,,,,,,,,,,,,,,,,,,,1289.17123926314,1345.68409079013,1437.57524298069,1523.44640342994,1561.29914103074,1504.4391641248,2103.74596187752,2027.9790253297,2034.79208598623,2266.79918544318,2732.15259354996,3534.75574354734,4095.66859638615,4760.06256007114,5479.29181114455,6290.04720551106,7338.94243628972,8497.03126715288,9785.64080531508,11247.0430893152,12911.5478938621,,
,,,,,,,,,,,,,,,,,,,,,,,,,,,,,,,,,,,,,,,,,,,,,,,,,,,,,,,,,,,,,,,,,,,,,,,,,,,,,,,,,,,,,,,,,,,,,,,,,,,,,,,,,,,,,,,,,,,,,,,,,,,,,,,,,,,,,,,,,,,,,,,,,,,,,,,,,,,,,
,,,,,,,,Mobile Search,,,,,,,,,,,,,,,,,,,,,,,,,,,,,,,,,,,,,,,,,,,,,,,,,,,,,,,2772.78668150681,3171.69049865215,3505.72796328138,3802.36524082672,4595.33083548684,4769.27202219807,5511.47853880221,5900.65391655953,6750.54099733017,6910.675160165,7638.90925477986,8364.17692672313,9568.89186371552,10376.3787529878,11229.1966045264,11241.4537895159,12860.5906648337,12611.4507363813,14110.6084532479,14357.5847799697,16425.5463971256,14938.2633972437,13004.3367505132,15499.0127699773,21353.2103162632,20390.7295372376,20741.9171170686,23217.521129426,30268.1756233031,25371.1652267079,24610.2846594019,26572.452932628,33370.6636246917,28484.207200025,27629.9665871105,29422.3485096524,36777.8083807727,32457.7541044284,32375.4133484468,33206.0625279937,41507.4345385401,36118.988767408,35859.0078247396,36606.3633308602,45757.7958352866,39434.711936256,39150.8647430507,39589.7819423253,50688.1983365387,42627.9377352944,42321.1060156193,42774.7798995854,54712.8412844599,,,,,,,,,,,,,,,,,,,,15075.1145382471,22931.94547489,32482.6532053835,45707.6198118637,57505.1903667244,64794.8232339974,94618.3434070353,109924.56644343,122314.330677561,139546.664519409,154342.155758294,168863.556958171,182436.664934959,195058.206010669,206714.727721868,217421.265346069,227212.530672811,236135.939360436,244246.306884107,251601.953240821,258261.939765262,,
,,,,,,,,TAC %,,,,,,,,,,,,,,,,,,,,,,,,,,,,,,,,,,,,,,,,,,,,,,,,,,,,,,,0.226031934441319,0.189671652896473,0.18077745389728,0.193047701813124,0.183328375058768,0.186910156354999,0.185118130922057,0.207916925983234,0.208838091799871,0.2113857933315,0.222366279142869,0.244452271623043,0.249697494983902,0.244061818171169,0.234790018961067,0.246966196422763,0.241304108388713,0.237990853631452,0.23050355849392,0.240614939404018,0.237728230493552,0.241480306755325,0.266035553784395,0.260346138282313,0.252209539998856,0.25247261712044,0.275026502803808,0.26347590598849,0.239096896703385,0.259689728606437,0.264786770243846,0.249796497207994,0.218452788474486,0.238182127149314,0.255352283710122,0.253647035872322,0.231123894721936,0.249627665206505,0.253437611529325,0.252967118488307,0.225237868162311,0.23996123422336,0.254258224149886,0.252659282952064,0.23072993233884,0.249039901878262,0.260042034967353,0.261438505984724,0.231546037987554,0.260797088320468,0.270053432733508,0.269494188057036,0.24133206264357,,,,,,,,,,,,,,,,,,,,0.18652122035975,0.19833973154132,0.233768612096035,0.241722357060963,0.236733776067051,0.254457115659578,0.255837939880932,0.245920724214656,0.243658496620963,0.244051614891161,0.24355779686918,0.249246391753778,0.259145931189594,0.264617554470821,0.267996609692339,0.269707361491212,0.269518775643469,0.268328889996756,0.266237029387797,0.263211559565589,0.259243456472224,,
,,,,,,,,Implied Mobile TAC,,,,,,,,,,,,,,,,,,,,,,,,,,,,,,,,,,,,,,,,,,,,,,,,402.22653895292,427.733762139346,462.066656705181,498.720031980302,547.241434759837,591.984654673713,615.652123967346,626.73833741411,601.579779355394,633.756575258504,734.037871195703,842.454534927254,891.425379368564,1020.27460572009,1226.84582362198,1409.77010049923,1460.81855118777,1698.63582769542,2044.64204999451,2389.32832814161,2532.47786448688,2636.5032836943,2776.259084659,3103.31336372989,3001.40992628239,3252.54546098803,3454.64939182045,3904.81607987839,3607.29642755824,3459.61592902155,4035.10812185184,5385.48335136356,5148.10085126143,5704.57692615381,6117.25741438243,7237.02686040481,6588.63101215283,6516.4777897447,6637.70566479478,7289.91452205799,6784.42906106374,7055.37506685304,7462.89148787575,8500.23031230123,8102.35337493531,8205.14743130498,8400.0419540491,9349.04606834743,8667.15712352687,9117.44764929517,9248.93751065786,10557.6931370501,9820.81679120274,10180.8705385145,10350.2934432625,11736.6514975529,11117.242042471,11428.9599565967,11527.5545783572,13203.962840269,,,,,,,,,,,,,,,,,,,,2811.82876073685,4548.31590920987,7593.42475701931,11048.5535965701,13613.4208589693,16487.5038297952,24206.9620522025,27032.7289887503,29802.9259280938,34056.5888286368,37591.23542053,42088.6322705327,47277.7194176939,51615.8254540089,55398.8462029355,58640.1158085689,61238.0430777903,63362.0944969271,65027.4111837649,66224.5425022648,66952.7179399679,,
,,,,,,,,,,,,,,,,,,,,,,,,,,,,,,,,,,,,,,,,,,,,,,,,,,,,,,,,,,,,,,,,,,,,,,,,,,,,,,,,,,,,,,,,,,,,,,,,,,,,,,,,,,,,,,,,,,,,,,,,,,,,,,,,,,,,,,,,,,,,,,,,,,,,,,,,,,,,,
,,,,,,,,TAC related to AdSense Arrangements,,,,,,,,,,,,,,,,,,,,697.7,761.2,780.3,915.6,1052,1060.9,1116.1,1314.9,1343.4,1320,1328.2,1293.4,1229,1235,1330,1471.4,1446,1463,1520,1736,1701,1755,1827,2011,2042,2093,2214,2442,2282,2307,2217,2487,2387,2400,2421,2655,2432,2432,2514,2864,2571,2623,2623,3082,2824,3042,3101,3674,3386,3411,3427,3930,3477,3621,3634,4182.28,3478.7776,2919.43872,3712.0176896,4675.82299648,4121.82299648,4638.82299648,4807.82299648,5686.82299648,4849.82299648,5073.82299648,4685.82299648,5284.82299648,4480.82299648,4901.15299648,4611.15299648,5055.15299648,4315.15299648,4556.15299648,4688.15299648,5017.15299648,4517.15299648,4874.15299648,4845.15299648,5366.15299648,4877.73630287349,5074.82504375823,4934.03338169861,5467.75964747851,4629.75177850288,4835.32453865253,5078.24924782884,5344.04859305301,,,,,,,,,0,0,3154.8,4543.9,5285,5265.4,6165,7294,8791,9293,9863,10242,10899,12641,14154,14914.28,14786.05700608,19255.29198592,19894.29198592,19048.28198592,18576.61198592,19602.61198592,20354.3543758088,19887.3741580372,20408.9298994393,21357.0714290805,22844.9203287804,25487.4996271961,28617.7490985265,32280.8529941039,36872.4823567878,42603.281867777,,
,,,,,,,,% of gross network revenue,,,,,,,,,,,,,,,,,,,,0.751507970702284,0.763796909492274,0.752459016393443,0.764381619777748,0.781923591496953,0.784631314251905,0.767237231044202,0.803857341456884,0.796749896210189,0.797438530779919,0.790642300136913,0.763786572025003,0.75030525030525,0.733372921615202,0.738478622987229,0.720103282993641,0.710216110019646,0.709161415414445,0.691223283310596,0.69607056936648,0.700865265760198,0.706521739130435,0.704046242774567,0.698263888888889,0.700995537246825,0.701642641635937,0.706670922438557,0.710710128055879,0.699570815450644,0.722518008142812,0.70425667090216,0.706132879045997,0.676587301587302,0.673589671625035,0.678531390134529,0.684278350515464,0.680089485458613,0.671637669152168,0.680563075257174,0.691453404152583,0.696370530877573,0.700774779588565,0.702840300107181,0.695554051004288,0.703430899327594,0.715091162282207,0.713011294012269,0.735060470623354,0.723755927853766,0.705953779586891,0.698409101571663,0.702664044341141,0.693320039880359,0.68984568489236,0.692058655494192,0.693348806366048,0.666049703235688,0.616435540540541,0.648954141538462,0.630930103424639,0.606150440658824,0.610612478146637,0.601053006185773,0.611157764264374,0.593323097195987,0.614338660428623,0.59525190504065,0.623577934687906,0.597761872529349,0.624350700188535,0.601271742923458,0.609274797695553,0.5821061643707,0.61205709248791,0.621111949719131,0.63077105814433,0.622540379889746,0.662789365852597,0.658845933706826,0.685507536596832,0.688469528134956,0.706627780816887,0.684706506848239,0.712818971476976,0.665532636573003,0.68567507500405,0.717561660416089,0.709320260016081,,,,,,,,,0,0,0.758396194460785,0.785063696259359,0.787078509033532,0.734742722832004,0.701205641492266,0.702291546312344,0.705254713196951,0.680805860805861,0.678382282137699,0.681301137497506,0.698743428644698,0.717586285195277,0.707346326836582,0.692174316610201,0.640366262714595,0.607403299136305,0.606903355275168,0.608338080797139,0.611898019892618,0.657982410912997,0.698422639616565,0.694888649241212,0.723786109561567,0.766615670114746,0.828035243884953,0.930982295889672,1.05163986569615,1.1916991708759,1.36577797246819,1.58169209489904,,
,,,,,,,,YoY Change in bp,,,,,,,,,,,,,,,,,,,,7515.07970702284,7637.96909492274,7524.59016393443,7643.81619777748,304.15620794669,208.344047596308,147.782146507589,394.757216791354,148.263047132368,128.072165280145,234.050690927115,-400.707694318806,-464.44645904939,-640.656091647173,-521.636771496836,-436.832890313623,-400.89140285604,-242.115062007569,-472.553396766336,-240.327136271611,-93.5084425944854,-26.3967628401018,128.229594639708,21.9331952240931,1.3027148662681,-48.7909749449789,26.2467966399083,124.462391669901,-14.2472179618081,208.753665068755,-24.1425153639718,-45.7724900988232,-229.835138633422,-489.283365177773,-257.25280767631,-218.545285305327,35.021838713114,-19.520024728672,20.3168512264462,71.7505363711935,162.810454189601,291.371104363974,222.772248500074,41.0064685170475,70.6036845002045,143.163826936419,101.709939050877,395.064196190659,203.250285261725,-91.3738269531672,-146.021924406057,-323.964262822132,-304.358879734071,-161.080946945301,-63.5044607747159,-93.1523797509304,-272.703366446707,-734.101443518199,-431.0451395573,-624.187029414086,-598.992625768646,-58.2306239390362,-479.011353526883,-197.72339160265,-128.273434628363,37.2618228198651,-58.0110114512289,124.201704235316,44.3877533336168,100.120397599116,60.1983788280769,-143.031369923532,-156.557081586489,-122.936077006254,198.402067956727,214.962604487773,404.342155190462,507.322733646876,377.339839876953,547.364784525021,659.291482452097,438.384149642902,258.605731414132,273.11434880144,-229.368915619529,-209.527058128369,328.551535678499,-34.9871146089531,,,,,,,,,,,,266.67501798574,20.1481277417315,-523.35786201528,-335.37081339738,10.8590482007787,29.6316688460785,-244.488523910906,-24.2357866816223,29.1885535980696,174.422911471925,188.428565505789,-102.399583586953,-151.720102263808,-518.080538956057,-329.629635782903,-4.99943861137053,14.3472552197066,35.599390954798,460.843910203784,404.402287035682,-35.3399037535329,288.974603203553,428.295605531794,614.195737702065,1029.47052004719,1206.57569806481,1400.59305179747,1740.78801592289,2159.14122430853,,
,,,,,,,,QoQ Change in bp,,,,,,,,,,,,,,,,,0,0,0,7515.07970702284,122.889387899902,-113.378930988312,119.226033843056,175.419717192044,27.0772275495201,-173.940832077031,366.201104126821,-71.0744524669427,6.88634569729785,-67.9623064300616,-268.5572811191,-134.813217197527,-169.323286900485,51.0570137202748,-183.753399935886,-98.8717297399433,-10.5469460520136,-179.381321038493,48.4728605588391,47.9469639371821,56.56473370237,-24.754963558683,-57.8235388567761,27.3164835793571,6.47104389112307,50.2828080262041,40.3920561732163,-111.393126052352,229.471926921686,-182.613372406523,18.7620814383649,-295.45577458695,-29.9762996226649,49.4171850949399,57.4696038093481,-41.888650568509,-84.5181630644509,89.2540610500581,108.903288954095,49.171267249899,44.0424871099221,20.6552051861575,-72.8624910289311,78.768483233056,116.602629546136,-20.7986826993845,220.491766110851,-113.045427695878,-178.021482668755,-75.446780152274,42.5494276947758,-93.4400446078176,-34.7435498799853,22.1297060183112,12.9015087185613,-272.991031303594,-496.141626951477,325.18600997921,-180.240381138225,-247.796627658154,44.6203748781326,-95.594719608636,101.047580786008,-178.346670683868,210.155632326361,-190.86755387973,283.260296472553,-258.160621585567,265.88827659186,-230.789572650769,80.030547720944,-271.686333248524,299.509281172096,90.5485723122113,96.5910842519901,-82.3067825458346,402.489859628509,-39.4343214577109,266.616028900057,29.6199153812415,181.582526819314,-219.212739686481,281.124646287365,-472.863349039727,201.424384310474,318.865854120387,-82.4140040000865,,,,,,,,,,,,,,,,,,na,na,na,na,na,na,na,na,na,na,na,na,na,na,na,na,na,na,na,na,na,na,na,,
,,,,,,,,Period-to-period addition,,,,,,,,,,,,,,,,0,0,0,0,697.7,63.5,19.0999999999999,135.3,136.4,8.90000000000009,55.1999999999998,198.8,28.5,-23.4000000000001,8.20000000000005,-34.8,-64.4000000000001,6,95,141.4,-25.4000000000001,17,57,216,-35,54,72,184,31,51,121,228,-160,25,-90,270,-100,13,21,234,-223,0,82,350,-293,52,0,459,-258,218,59,573,-288,25,16,503,-453,144,13,548.28,-703.5024,-559.33888,792.578969600001,963.80530688,-554,517,169,879,-837,224,-388,599,-804,420.33,-290,443.999999999999,-740,241,132,329,-500,357,-29,521,-488.416693606509,197.088740884736,-140.791662059617,533.726265779897,-838.00786897563,205.572760149655,242.924709176306,265.799345224168,,,,,,,0,0,0,0,3154.8,1389.1,741.1,-19.6000000000004,899.6,1129,1497,502,570,379,657,1742,1513,760.279999999999,-128.222993919997,4469.23497984,639,-846.010000000002,-471.670000000002,1026,751.742389888837,-466.980217771586,521.55574140204,948.141529641245,1487.84889969987,2642.57929841567,3130.2494713304,3663.10389557738,4591.62936268396,5730.79951098921,,
,,,,,,,,% change Y/Y,,,,,,,,,,,,,,,,,,,,NA,NA,NA,NA,0.507811380249391,0.393720441408303,0.430347302319621,0.43610747051114,0.276996197718631,0.244226600056556,0.190036735059583,-0.0163510533120389,-0.0851570641655501,-0.0643939393939395,0.00135521758771273,0.137621772073604,0.176566314076485,0.184615384615385,0.142857142857143,0.179828734538535,0.176348547717842,0.19958988380041,0.201973684210526,0.158410138248848,0.200470311581423,0.192592592592593,0.211822660098522,0.214321233217305,0.117531831537708,0.10224558050645,0.00135501355013545,0.0184275184275184,0.0460122699386503,0.0403120936280885,0.0920162381596752,0.0675512665862486,0.0188521156263093,0.0133333333333334,0.0384138785625774,0.0787193973634652,0.057154605263158,0.0785361842105263,0.0433571996817821,0.0761173184357542,0.0984052897705172,0.159740754860846,0.182234083110942,0.192083062946139,0.199008498583569,0.121301775147929,0.105127378265076,0.0696788241698421,0.0268753691671588,0.0615655233069481,0.0604026845637584,0.0641933842239184,0.000511245326430654,-0.193747937033969,0.0214688193725923,0.118008119131192,0.184848090455682,0.588943437894802,0.295204764231089,0.216218620927501,0.176620878825147,0.0937737870856645,-0.0253753102161459,-0.0706897331337423,-0.0760852510014943,-0.0340315379783235,-0.0159353010252612,-0.043458409137444,-0.0369731185833822,-0.0703915997414852,0.0166986434973593,-0.0075170820797037,0.046811781683008,0.069795724648773,0.0334886681637481,0.0695613628376204,0.0798253472207997,0.0411706500438431,0.018344185474263,0.0189347286715749,-0.050840084205562,-0.0471938447218528,0.0292287982211785,-0.0226255472810608,,,,,,,,,NA,NA,NA,0.440313173576772,0.163097779440569,-0.00370860927152328,0.170851217381396,0.183130575831306,0.205237181244859,0.0571038562165851,0.0613364898310556,0.0384264422589475,0.0641476274165203,0.159831177172218,0.119689897951111,0.0537148509255334,-0.00859733047254019,0.302260093952178,0.0331856821733607,-0.0425252630552904,-0.0247618131833962,0.0552307385640423,0.038349092989689,-0.0229425217400456,0.026225470354077,0.0464571897847175,0.0696653988652192,0.115674699687462,0.122815086497944,0.128001118570363,0.142240025798656,0.155422123618814,,
,,,,,,,,% change Q/Q,,,,,,,,,,,,,,,,,,,,NA,0.0910133295112512,0.0250919600630581,0.173394848135333,0.148973350808213,0.00846007604562749,0.0520312941841832,0.178120240121853,0.0216746520647959,-0.017418490397499,0.00621212121212134,-0.0262008733624454,-0.0497912478738211,0.00488201790073228,0.0769230769230769,0.106315789473684,-0.017262471115944,0.0117565698478561,0.0389610389610389,0.142105263157895,-0.0201612903225806,0.0317460317460319,0.0410256410256411,0.100711548987411,0.0154152163102934,0.0249755142017629,0.0578117534639273,0.102981029810298,-0.0655200655200655,0.0109553023663453,-0.0390117035110533,0.121786197564276,-0.0402090872537193,0.00544616673648934,0.00875000000000004,0.0966542750929369,-0.0839924670433145,0,0.033717105263158,0.139220365950676,-0.102304469273743,0.0202255931544146,0,0.174990468928708,-0.0837118754055808,0.0771954674220963,0.0193951347797501,0.184779103514995,-0.0783886771910725,0.00738334317779099,0.00469070653767223,0.146775605485848,-0.115267175572519,0.0414150129421915,0.00359016846175098,0.150875068794716,-0.168210258519277,-0.160786041625656,0.27148333827675,0.259644588866132,-0.118481816017641,0.125429937297529,0.0364316552125916,0.182827030163871,-0.147182354808314,0.0461872526404734,-0.0764709372536602,0.127832400082114,-0.152133761250946,0.0938064280446245,-0.0591697505073352,0.0962882819847735,-0.146385282604755,0.0558496999287375,0.0289718102315661,0.0701768906106568,-0.0996581129478803,0.0790320806663385,-0.00594975168422973,0.107530144121043,-0.0910180335758023,0.0404057801912396,-0.0277431558419503,0.108172406729067,-0.153263479560972,0.0444025446686325,0.0502395872778381,0.0523407442708348,,,,,,,,,,,,,,,,,,,,,,,,,,,58625.3940505777,65254.5020681138,72171.8075824584,77165.8613056093,83206.9709505392,90759.2672234218,98252.985079048,103391.555278622,108050.177675085,118102.737238683,130419.153457878,147197.339965371,165256.271343193,188233.198178005,,
,,,,,,,,,,,,,,,,,,,,,,,,,,,,,,,,,,,,,,,,,,,,,,,,,,,,,,,,,,,,,,,,,,,,,,,,,,,,,,,,,,,,,,,,,,,,,,,,,,,,,,,,,,,,,,,,,,,,,,,,,,,,,,,,,,,,,,,,,,,,,,15287,13326,15311,21136,34807.0794281028,59908.5799199205,90810.879330832,126102.045165127,165147.631957649,202439.320734567,235197.011982852,259885.916142066,265856.475696675,267863.935400176,,
,,,,,,,,,,,,,,,,,,,,,,,,,,,,,,,,,,,,,,,,,,,,,,,,,,,,,,,,,,,,,,,,,,,,,,,,,,,,,,,,,,,,,,,,,,,,,,,,17400,,,,19763.8540829987,,,,,,,,,,,,,,,,,,,,,,,,,,,,,,,,,,,,,,,,,,,,,,,,,,,,,,,,,
,,,,,,,,Other Cost of revenue (ex-SBC/ex-TAC),,,,,,,,,,,,,,,,83.408,102.795,123.926,146.48,179.136,201.51,221.279,296.673,341.037,404.696,437.448,509.669,614.718,664.212,667.461,694.506,653,641,652,681.664,735,727,739,832,849,1011,1096,1172,1205,1302,1567,1786,2075,2072,2304,2815,2634,2721,3178,3127,2851,3043,3240,3881,3619,3900,4192,5477,4841.92436412316,4942.16966067864,5327.98924731183,7480.81798483207,6782.65662650603,7053.60878243513,7309.34946236559,10071.9198266522,8705.32730923695,9589.73652694611,9620.02956989248,12037.7518959913,11015.4149933066,11294.1996007984,12406.3629032258,15027.3651137595,13786.8868808568,14652.7804391218,15446.0913978495,18841.3120260022,16882.4511378849,17078.6826347305,18462.5376344086,21488.7226435536,18038.6278447122,18399.379241517,19583.5188172043,22558.9761646804,19916.8540829987,21124.9401197605,21733.5215053763,24707.4918743229,21723.203480589,23316.375249501,25380.311827957,27881.9707475623,25405.7895895087,27767.0254554422,30426.6632832776,34414.5720504135,32451.0945488725,35719.1961987375,39082.8899220996,43414.6664736327,,,,,,14.228,37.01,99.354,228.953,456.609,898.598,1692.85,2640.897,2627.664,3033,4128,5860,9266,11660,13015,17188,22592.9012569457,31217.534697959,39952.8453020669,49743.3426110902,62727.0707438302,73912.3940505777,78580.5020681138,87482.8075824584,98301.8613056093,118014.050378642,150667.847143342,189063.86440988,229493.600443749,273197.809632734,320542.05797325,365616.165440731,407083.256107437,431112.747039868,456097.133578181,,
,,,,,,,,YoY % Change,,,,,,,,,,,,,,,,,,,,1.14770765394207,0.96030935356778,0.785573648790408,1.02534817039869,0.903788183279743,1.00831720510148,0.976906981683755,0.717948717948717,0.802496503311957,0.641261588945777,0.525806495857793,0.362660864207947,0.0622757101630345,-0.0349466736523881,-0.0231639002128964,-0.0184908409718564,0.125574272588055,0.134165366614665,0.133435582822086,0.220542672049573,0.155102040816327,0.390646492434663,0.483085250338295,0.408653846153846,0.419316843345112,0.287833827893175,0.429744525547445,0.523890784982935,0.721991701244813,0.591397849462366,0.470325462667518,0.576147816349384,0.269397590361446,0.313223938223938,0.379340277777778,0.110834813499112,0.0823842065299925,0.118338846012495,0.0195091252359976,0.241125679565078,0.269379165205191,0.281629970423924,0.293827160493827,0.411234217985055,0.337917757425576,0.267222989917601,0.270989801362554,0.365860504807754,0.400818376421359,0.42722918611146,0.371877667743687,0.346366112245186,0.283468674385977,0.359550383744904,0.316126642928228,0.195179479500735,0.265364827996582,0.177738258925356,0.289638749349964,0.248353118057177,0.251599407669549,0.297372187231925,0.245013669061163,0.253800109558164,0.224529604382722,0.165559171905137,0.195288643506222,0.140510948170588,0.068483936211893,0.0773301217097804,0.0607165279764428,0.0498053578558251,0.104122456234223,0.148133306154888,0.109786331467828,0.0952399476801749,0.0906945138053852,0.103736868238061,0.167795647920127,0.128482441252505,0.169523160440413,0.190880879138212,0.198829371740105,0.234294819472988,0.277311001673146,0.286389003246178,0.284494772175016,0.261519870421023,,,,,,,,1.68451769791948,1.3044165307889,0.994335081872699,0.967981358229908,0.883879109457176,0.560030126709395,-0.00501079746767863,0.154257165299673,0.361028684470821,0.419573643410853,0.581228668941979,0.258363911072739,0.116209262435678,0.320630042258932,0.314457834358023,0.381740854922819,0.279820642104677,0.245051315744886,0.261014388081053,0.178317322554835,0.0631573104551562,0.113288987472083,0.12367062765965,0.200527119336527,0.276694144976232,0.254838825897662,0.213841688680493,0.19043759435766,0.173296588300476,0.140618387965932,0.113417005554773,0.0590284433759403,0.0579532540150178,,
,,,,,,,,QoQ % Change,,,,,,,,,,,,,,,,,0.23243573757913,0.205564472980204,0.181995707115536,0.222938285090114,0.124899517684888,0.098104312441071,0.340719182570419,0.149538380641312,0.186663030697549,0.0809298831715664,0.165096194290521,0.206112202233214,0.0805149678389117,0.00489151054181503,0.0405192213477639,-0.0597633425773138,-0.0183767228177641,0.0171606864274572,0.0454969325153372,0.0782438268707169,-0.0108843537414965,0.0165061898211829,0.125845737483085,0.0204326923076923,0.190812720848057,0.0840751730959446,0.0693430656934306,0.0281569965870307,0.0804979253112033,0.203533026113671,0.139757498404595,0.161814109742441,-0.00144578313253008,0.111969111969112,0.221788194444444,-0.0642984014209591,0.0330296127562642,0.16795295847115,-0.0160478288231593,-0.0882635113527343,0.0673447913012979,0.0647387446598751,0.19783950617284,-0.0675083741303788,0.0776457584968224,0.074871794871795,0.306536259541985,-0.115953192601213,0.0207036064623942,0.0780668437392749,0.404060263185859,-0.0933268741121118,0.0399477919714009,0.0362567145157391,0.377950237365249,-0.13568341894452,0.101594022406342,0.00315890252680529,0.251321714609437,-0.0849275605210985,0.0253085887060309,0.0984720778574504,0.211262739207168,-0.0825479532514254,0.0628055895248767,0.0541406432740661,0.219810989116989,-0.10396626760461,0.011623400846416,0.0810282051183451,0.163909483575277,-0.160553740493106,0.0199988269568152,0.0643575829458096,0.151936808458658,-0.117120655760007,0.0606564687237963,0.0288086679614581,0.136837942632115,-0.1207847566606,0.0733396329107523,0.0885187580132192,0.098566910310758,-0.0888094023364593,0.0929408573433439,0.095784038232809,0.131066253634444,-0.0570536660652,0.100708518319565,0.0941704764196505,0.11083562551713,,,,,,,,,,,,,,,,,,na,na,na,na,na,na,na,na,na,na,na,na,na,na,na,na,na,na,na,na,na,na,na,,
,,,,,,,,Period-to-period addition,,,,,,,,,,,,,,,,83.408,19.3870000000001,21.131,22.554,32.656,22.374,19.7690000000002,75.3939999999999,44.3639999999999,63.6589999999999,32.7520000000002,72.2209999999998,105.049,49.4940000000001,3.24900000000002,27.0449999999998,-41.5059999999999,-12,11,29.6639999999998,53.3360000000002,-8,12,93,17,162,85,76,33,97,265,219,289,-3,232,511,-181,87,457,-51,-276,192,197,641,-262,281,292,1285,-635.075635876841,100.245296555484,385.819586633184,2152.82873752024,-698.161358326044,270.952155929106,255.740679930461,2762.57036428663,-1366.59251741527,884.409217709161,30.2930429463668,2417.72232609886,-1022.33690268477,278.784607491842,1112.16330242741,2621.00221053367,-1240.47823290272,865.893558264997,793.310958727703,3395.22062815271,-1958.8608881173,196.231496845667,1383.85499967806,3026.18500914503,-3450.09479884145,360.751396804786,1184.13957568734,2975.45734747609,-2642.12208168173,1208.08603676182,608.581385615864,2973.97036894652,-2984.28839373384,1593.17176891198,2063.93657845599,2501.65891960531,-2476.18115805365,2361.23586593353,2659.63782783545,3987.90876713591,-1963.47750154106,3268.10164986505,3363.69372336208,4331.77655153305,,,,,,,22.782,62.3440000000001,129.599,227.656,441.989,794.252,948.047,-13.2330000000002,405.336,1095,1732,3406,2394,1355,4173,5404.9012569457,8624.63344101327,8735.3106041079,9790.49730902338,12983.7281327399,11185.3233067475,4668.10801753617,8902.30551434452,10819.053723151,19712.1890730327,32653.7967647003,38396.0172665378,40429.7360338685,43704.2091889856,47344.2483405158,45074.1074674806,41467.0906667061,24029.4909324312,24984.3865383136,,
,,,,,,,,% of core Google Gross revenue,,,,,,,,,,,,,,,,0.0663803723947805,0.0742472887226029,0.078510899258516,0.0763277235652467,0.0794833511184667,0.0820483462683699,0.0822698521344417,0.0925512978014649,0.0930785205450589,0.104518999944473,0.103382583954865,0.105594136258077,0.118533147526929,0.123753635965935,0.120450081937911,0.121823837061631,0.118533309130514,0.116060112257831,0.109671993271657,0.102143937204159,0.108487084870849,0.106598240469208,0.101427395004117,0.0985781990521327,0.0990087463556851,0.112009749612231,0.112757201646091,0.110733182161754,0.113198684828558,0.118752280189712,0.135953496442825,0.138395970554049,0.160219288085862,0.158083466849775,0.16751490475498,0.179219456293372,0.170817120622568,0.170542149796302,0.192337953156207,0.172733801027454,0.165198748406536,0.17165905116489,0.173493975903614,0.181958835388438,0.178654292343387,0.181395348837209,0.186717740857868,0.210136586863106,0.19563330764134,0.190010367577034,0.191847517186801,0.231439469876932,0.217769749775445,0.215990715082069,0.216637506294179,0.256439551549349,0.239558802092434,0.246244261682059,0.237537459440788,0.261264284232042,0.26763077317978,0.294910818100593,0.268693021965777,0.264110603426473,0.24924769282382,0.236793478330992,0.237201563282801,0.250133581493557,0.248231185218345,0.245084058760573,0.267216720234016,0.282567886644667,0.258481204876441,0.246627248425245,0.255349494963091,0.261371523168583,0.247294529147353,0.249285361683232,0.246221977447958,0.256118461623142,0.24074299577309,0.241800879925965,0.247985381235779,0.244948261829798,0.23174299577309,0.236800879925965,0.247985381235779,0.255948261829798,0.25374299577309,0.261800879925965,0.269985381235779,0.273948261829799,,,,,,0.164626385578414,0.0842077959900616,0.0677752204396651,0.0717895863663344,0.0743837316895168,0.0847340907995791,0.102015874907934,0.121166797809645,0.111103655333702,0.103441219603697,0.108903838543728,0.116791230692576,0.166897818764747,0.176663989939546,0.173558788622331,0.190402339595888,0.203805883874843,0.228166663240917,0.246840391840124,0.272525941976202,0.243470738845081,0.261325977070025,0.255634469339395,0.24993802485146,0.244024519421326,0.243809219258531,0.265464527570678,0.286464527570679,0.301464527570679,0.313464527570679,0.323464527570679,0.326464527570679,0.323464527570679,0.306464527570679,0.291464527570679,,
,,,,,,,,YoY Change in bp,,,,,,,,,,,,,,,,,,,,131.029787236863,78.0105754576703,37.5895287592576,162.235742362182,135.951694265922,224.70653676103,211.127318204229,130.428384566123,254.546269818706,192.346360214625,170.67497983046,162.297008035537,0.00161603584236669,-76.9352370810449,-107.780886662537,-196.798998574718,-100.46224259665,-94.6187178862268,-82.4459826753937,-35.657381520264,-94.7833851516358,54.1150914302312,113.29806641973,121.549831096209,141.899384728729,67.4253057748046,231.962947967344,276.627883922952,470.206032573041,393.311866600631,315.614083121555,408.234857393236,105.97832536706,124.586829465272,248.230484012261,-64.8565526591838,-56.1837221603201,11.1690136858761,-188.43977252592,92.2503436098426,134.555439368514,97.3629767231959,132.237649542538,281.777514746679,169.790152979523,86.1501873982423,51.2977632893238,213.028830138257,221.364421341057,259.803475050356,247.899891073781,250.000816724169,217.890523169882,302.5354659999,208.999531466093,48.2473268269318,280.719710873462,486.665564185337,311.555625249886,28.4631919443135,-183.830803559603,-581.173397696012,-314.914586829753,-139.770219329165,-10.1650760547448,82.9058042958158,300.151569512142,324.343051511101,102.500196580957,15.4318966467168,-118.67225270925,-211.963634760841,-111.866757290879,26.5811325798759,-91.2751751513263,-52.5306154544108,-65.5153337426273,-74.8448175726696,17.6340378782067,-111.701997933433,-90,-50,0,110,220,250,220,180,,,,,,,,,,25.9414532318238,103.503591100624,172.817841083544,191.509229017111,-100.631424759429,-76.6243573000475,54.6261894003074,78.8739214884823,501.065880721712,97.6617117479917,-31.0520131721512,168.435509735567,134.035442789548,243.607793660738,186.737285992069,256.855501360786,-290.552031311211,178.552382249442,-56.9150773063076,-56.9644448793441,-59.13505430134,-2.15300162795584,216.55308312148,210,150,120,100,30,-30,-170,-150,,
,,,,,,,,QoQ Change in bp,,,,,,,,,,,,,,,,,78.669163278224,42.6361053591311,-21.8317569326924,31.5562755322001,25.6499514990316,2.21505866071836,102.814456670232,5.27222743594014,114.40479399414,-11.3641598960834,22.1155230321263,129.390112688523,52.2048843900591,-33.0355402802483,13.7375512372037,-32.9052793111721,-24.7319687268281,-63.8811898617403,-75.2805606749775,63.431476666896,-18.888444016405,-51.7084546509072,-28.4919595198478,4.30547303552423,130.010032565462,7.47452033859203,-20.2401948433693,24.6550266680441,55.5359536115378,172.012162531131,24.4247411122389,218.233175318133,-21.3582123608716,94.3143790520545,117.04551538392,-84.0233567080428,-2.74970826265986,217.958033599044,-196.041521287525,-75.3505262091792,64.6030275835363,18.3492473872474,84.6485948482381,-33.0454304505079,27.4105649382184,53.2239202065893,234.18846005238,-145.032792217665,-56.2294006430619,18.3714960976708,395.919526901312,-136.697201014864,-17.7903469337637,6.46791212109671,398.0204525517,-168.807494569151,66.8545958962538,-87.0680224127105,237.268247912539,63.6648894773795,272.800449208129,-262.177961348161,-45.8241853930336,-148.629106026537,-124.542144928281,4.08084951809828,129.320182107554,-19.0239627521163,-31.4712645777202,221.326614734424,153.511664106514,-240.86681768226,-118.539564511961,87.2224653784567,60.2202820549236,-140.769940212299,19.9083253587948,-30.6338423527455,98.9648417518391,-153.754658500516,10.5788415287525,61.8450130981307,-30.3711940598006,-132.052660567083,50.5788415287525,111.845013098131,79.6288059401992,-22.0526605670823,80.5788415287523,81.8450130981308,39.6288059401995,,,,,,0.154315043925933,,,,,,,,,,,,na,na,na,na,na,na,na,na,na,na,na,na,na,na,na,na,na,na,na,na,na,na,na,,
,,,,,,,,YoY Abs Growth,,,,,,,,,,,,,,,,,,,,95.728,98.715,97.3530000000002,150.193,161.901,203.186,216.169,212.996,273.681,259.516,230.013,184.837,38.2820000000002,-23.212,-15.461,-12.8420000000001,82,86,87,150.336,114,284,357,340,356,291,471,614,870,770,737,1029,559,649,874,312,217,322,62,754,768,857,952,1596,1222.92436412316,1042.16966067864,1135.98924731183,2003.81798483207,1940.73226238287,2111.43912175649,1981.36021505376,2591.10184182015,1922.67068273092,2536.12774451098,2310.68010752688,1965.83206933911,2310.08768406961,1704.46307385229,2786.33333333333,2989.61321776815,2771.4718875502,3358.58083832336,3039.72849462365,3813.94691224269,3095.56425702811,2425.90219560878,3016.44623655914,2647.41061755146,1156.17670682731,1320.69660678643,1120.9811827957,1070.25352112676,1878.22623828648,2725.56087824352,2150.00268817204,2148.51570964247,1806.34939759036,2191.43512974052,3646.79032258064,3174.47887323944,3682.58610891963,4450.65020594119,5046.35145532065,6532.60130285125,7045.30495936384,7952.17074329535,8656.22663882198,9000.09442321912,,,,,,,,,,,,,,,,,,,2394,1355,4173,5404.9012569457,8624.63344101327,8735.3106041079,9790.49730902338,12983.7281327399,11185.3233067475,4668.10801753617,8902.30551434452,10819.053723151,19712.1890730327,32653.7967647003,38396.0172665378,40429.7360338685,43704.2091889856,47344.2483405158,45074.1074674806,41467.0906667061,24029.4909324312,24984.3865383136,,
,,,,,,,,QoQ Abs Growth,,,,,,,,,,,,,,,,,,,,,22.374,19.7690000000002,75.3939999999999,44.3639999999999,63.6589999999999,32.7520000000002,72.2209999999998,105.049,49.4940000000001,3.24900000000002,27.0449999999998,-41.5059999999999,-12,11,29.6639999999998,53.3360000000002,-8,12,93,17,162,85,76,33,97,265,219,289,-3,232,511,-181,87,457,-51,-276,192,197,641,-262,281,292,1285,-635.075635876841,100.245296555484,385.819586633184,2152.82873752024,-698.161358326044,270.952155929106,255.740679930461,2762.57036428663,-1366.59251741527,884.409217709161,30.2930429463668,2417.72232609886,-1022.33690268477,278.784607491842,1112.16330242741,2621.00221053367,-1240.47823290272,865.893558264997,793.310958727703,3395.22062815271,-1958.8608881173,196.231496845667,1383.85499967806,3026.18500914503,-3450.09479884145,360.751396804786,1184.13957568734,2975.45734747609,-2642.12208168173,1208.08603676182,608.581385615864,2973.97036894652,-2984.28839373384,1593.17176891198,2063.93657845599,2501.65891960531,-2476.18115805365,2361.23586593353,2659.63782783545,3987.90876713591,-1963.47750154106,3268.10164986505,3363.69372336208,4331.77655153305,,,,,,,,,,,,,,,,,,,,,,,,,,,,0.113075709338808,0.106005030995779,0.0691967388712707,0.0782873351339208,0.0907651869381465,0.0825669717801814,0.0522993799673328,0.0450580551178401,0.0930360299251529,0.104285611893181,0.128648178297764,0.122685174759754,0.139038153578422,,
,,,,,,,,,,,,,,,,,,,,,,,,,,,,,,,,,,,,,,,,,,,,,,,,,,,,,,,,,,,,,,,,,,,,,,,,,,,,,,,,,,,,,,,,,,,,,,,,,,,,,,,,,,,,,,,,,,,,,,,,,,,,,,,,,,,,,,,,,,,,,,,,,,,,,,,,,,,,,
,,,,,,,,% of core Google Net revenue,,,,,,,,,,,,,,,,0.104953215991625,0.115474699363623,0.118187297578766,0.113533401591855,0.117001675315387,0.120607544570207,0.118688159504563,0.133043305119786,0.13432095128302,0.14856217775877,0.145319443461691,0.150487823386173,0.166156031811718,0.170607714144516,0.164960329356672,0.164672280097423,0.160324085440707,0.157493857493858,0.148654810761514,0.137649750220257,0.145142180094787,0.142885220125786,0.13482941069148,0.130591743839272,0.129876089949518,0.146182764603817,0.145938748335553,0.14413971221252,0.148125384142594,0.141414141414141,0.14875640782229,0.157453936348409,0.207728501351487,0.205270457697642,0.213689482470785,0.227089383672152,0.216114210699048,0.214894961301532,0.241214421252372,0.215953038674033,0.204916265363329,0.21205574912892,0.214441723476074,0.224672918837559,0.21974618981116,0.222539229671897,0.229459740544091,0.258154223227753,0.240640344124206,0.236252672722341,0.23924513908001,0.289136087227305,0.272856087638025,0.268842046820716,0.269141669576758,0.316329140284303,0.295306058863494,0.302458100263234,0.291436564872988,0.320374511523695,0.326799032643266,0.357377451533032,0.326423103723677,0.323642425778762,0.302330750424472,0.287585728231473,0.288065859713716,0.304392904875798,0.301359331998445,0.297170444828358,0.322399637383589,0.340426193995115,0.310657318305242,0.296443830723524,0.305748837913605,0.311915493676793,0.294658530957328,0.296054097396966,0.291533374094573,0.302709987311144,0.284015420869035,0.285309830151867,0.290160190098971,0.28676009449211,0.26992811685216,0.274776065003197,0.285882902767222,0.295504269978875,0.291750256051042,0.29985810274203,0.307738840774509,0.312442012305847,,,,,,0.164626385578414,0.107272874831888,0.105759425356119,0.116781593482963,0.113481009826874,0.123161128035639,0.145183320260245,0.166549280896538,0.15031402658965,0.137838574804581,0.141884924726748,0.149417374231877,0.214188298929752,0.222074088182078,0.214606074596841,0.23391717361423,0.253331927126758,0.283556036241714,0.303205977946595,0.332178128809476,0.295783349650967,0.316025645736839,0.306347178521192,0.296433316783315,0.286669567249743,0.282286458506155,0.303580825710336,0.324180427083235,0.337974110749532,0.348569786437705,0.357388603144667,0.358640856391352,0.35355016522598,0.333579036132508,0.316211807339807,,
,,,,,,,,YoY Change in bp,,,,,,,,,,,,,,,,,,,,120.484593237624,51.3284520658394,5.00861925797291,195.099035279309,173.192759676327,279.546331885638,266.312839571286,174.445182663873,318.350805286982,220.455363857458,196.408858949801,141.844567112495,-58.3194637101095,-131.138566506586,-163.055185951576,-270.225298771653,-151.819053459203,-146.086373680713,-138.254000700342,-70.5800638098553,-152.660901452686,32.9754447803107,111.093376440729,135.479683732483,182.492941930756,-47.6862318967583,28.1765948673712,133.142241358887,596.031172088929,638.563162835008,649.330746484949,696.354473237436,83.8570934756161,96.2450360389,275.249387815873,-111.363449981192,-111.97945335719,-28.3921217261229,-267.72697776298,87.1988016352618,148.299244478311,104.834805429774,150.180170680172,334.813043901933,208.941543130461,137.134430504433,97.8539853591912,309.818639995526,322.157435138185,325.893740983756,298.965304967477,271.930530569982,224.499712254693,336.160534425181,222.948952962305,40.4537123939203,314.929737797716,549.193512697974,349.86538850689,32.6791425506656,-244.682822187941,-697.917233015592,-383.572440099612,-192.495209029636,-9.71418426026993,95.8471659688504,343.337776698727,360.332891193164,92.9798630679724,-7.26614104833545,-166.507994699841,-285.107003183216,-159.987873479142,-3.89733326558395,-142.154638190315,-92.0550636564943,-106.431100882927,-107.44267245099,-13.7318399560232,-159.498928190343,-140.873040168755,-105.337651486694,-42.7728733174898,87.4417548676515,218.221391988826,250.820377388326,218.559380072871,169.377423269719,,,,,,,,,,,,,,,,,,647.709246978746,78.8578925232594,-74.6801358523722,193.110990173892,194.147535125285,302.24109114955,196.49941704881,289.721508628816,-363.947791585095,202.422960858724,-96.7846721564741,-99.1386173787667,-97.6374953357212,-43.8310874358772,212.943672041808,205.996013728986,137.936836662978,105.956756881725,88.1881670696216,12.5225324668538,-50.9069116537203,-199.711290934725,-173.672287927013,,
,,,,,,,,QoQ Change in bp,,,,,,,,,,,,,,,,,105.21483371998,27.125982151429,-46.5389598691064,34.682737235322,36.0586925481948,-19.1938506564375,143.55145615223,12.77646163234,142.412264757505,-32.4273429707891,51.6837992448163,156.68208425545,44.5168233279808,-56.473847878446,-2.88049259248996,-43.4819465671543,-28.3022794684959,-88.3904673234359,-110.050605412567,74.9242987452953,-22.5695996900058,-80.5580943430651,-42.3766685220797,-7.15653889753559,163.066746542991,-2.44016268264646,-17.9903612303262,39.8567193007376,-67.1124272845233,73.4226640814831,86.9752852611899,502.745650030779,-24.5804365384447,84.1902477314249,133.999012013677,-109.751729731041,-12.1924939751608,263.194599508398,-252.613825783388,-110.367733107039,71.3948376559059,23.8597434715401,102.311953614855,-49.2672902639896,27.9303986073692,69.2051087219378,286.944826836616,-175.138791035462,-43.8767140186591,29.9246635766962,498.909481472951,-162.799995892803,-40.1404081730877,2.99622756041673,471.874707075455,-210.230814208092,71.5204139974007,-110.215353902459,289.37946650707,64.2452111957037,305.784188897659,-309.543478093544,-27.8067794491538,-213.116753542903,-147.450221929992,4.80131482243629,163.270451620822,-30.3357287735367,-41.8888717008714,252.291925552313,180.265566115259,-297.688756898728,-142.134875817179,93.0500719008076,61.6665576318837,-172.569627194654,13.9556643963784,-45.2072330239234,111.766132165704,-186.945664421086,12.9440928283148,48.5035994710437,-34.000956068615,-168.319776399498,48.4794815103756,111.068377640248,96.2136721165263,-37.5401392783237,81.0784669098752,78.807380324793,47.0317153133742,,,,,,,,,,,,,,,,,,na,na,na,na,na,na,na,na,na,na,na,na,na,na,na,na,na,na,na,na,na,na,na,,
,,,,,,,,,,,,,,,,,,,,,,,,,,,,,,,,,,,,,,,,,,,,,,,,,,,,,,,,,,,,,,,,,,,,,,,,,,,,,,,,,,,,,,,,,,,,,,,,,,,,,,,,,,,,,,,,,,,,,,,,,,,,,,,,,,,,,,,,,,,,,,,,,,,,,,,,,,,,,
,,,,,,,,Cost of Revenue Sanity Check,,,,,,,,,,,,,,,,,,,,,,,,,,,,,,,,,,,,,,,,,,,,,,,,,,,,,,,,,,,,,,,,,,,,,,,,,,,,,,,,,,,,,,,,,,,,,,,,,,,,,,,,,,,,,,,,,,,,,,,,,,,,,,,,,,,,,,,,,,,,,,,,,,,,,
,,,,,,,,YouTube content acquisition cost,,,,,,,,,,,,,,,,,,,,,,,,,,,,,,,,,,,,,,,,,,,,,,,,183.845224239638,211.096443888541,264.938401494483,323.942376076367,286.311690103894,320.180340133224,410.100599960238,503.00741567789,375.6571119893,464.145964142294,591.822926560982,726.725136638405,602.903762158676,688.83548545278,879.448808776786,1086.48429832992,937.501938847787,1012.29578504213,1298.07984642496,1583.01483322048,1315.78239209439,1452.23564551327,1868.34681673844,2213.39857015731,1956.52875,2328.15,2515.7,3071.57125,2786.94093888715,2748.05551625623,3490.37978112531,4592.19435849439,4339.36924128573,4931.55664959848,5098.61468291122,5927.85209122396,5051.87221086147,5365.36934050263,5285.54084514379,5830.58797478495,5624.90003903764,6264.56760871535,6970.61017839306,8648.32774807077,6967.45126506502,7390.84590706914,8128.27262025218,10011.8172622563,8287.63553456983,8908.25455160926,9823.82468246101,11542.1616995004,9595.03390812575,10201.6054070365,10980.8881059075,13113.91109662,10908.2098734101,11577.3108246295,12599.3717112687,14561.4127930911,,,,,,,,,,,,,,,,296.689681185353,613.794664273838,983.82244569903,1519.60004587525,2158.35113933098,3257.67235471816,4830.89240353535,6849.76342450341,9871.95,13617.5705947631,20297.3926650194,21533.3703712928,27508.4055742168,32498.3870546426,38561.8764681405,43891.4385176898,49646.3052023994,55646.3991250431,61562.1113980937,65054.7372361268,70701.1989248471,76252.4930628052,81707.1764808168,87065.5184816651,92328.0682530965,,
,,,,,,,,YoY % Change,,,,,,,,,,,,,,,,,,,,,,,,,,,,,,,,,,,,,,,,,,,,,,,,,,,,0.557351795718625,0.516749094562099,0.547909240966628,0.552768186028589,0.312056492883633,0.449639175063548,0.44311646122528,0.444760283820102,0.604931047268043,0.484092373238008,0.485999898461464,0.495041582510332,0.554977755473101,0.46957554658604,0.476015242126986,0.457006636592724,0.403498315653104,0.434596159513623,0.43931578776456,0.398217201575038,0.486969852884037,0.603148915393243,0.346484484284157,0.387717192652606,0.424431375663228,0.180360164188834,0.387438796806181,0.495063596032287,0.557036670830374,0.7945622351607,0.460762152726947,0.290853920470275,0.164195054616883,0.0879666851113781,0.036662147241501,-0.0164079863907215,0.113428805056503,0.167592985896565,0.318807361936758,0.483268546066274,0.238680015059801,0.179785480611129,0.166077633411139,0.157659324889681,0.189478794939585,0.205309197840095,0.208599310262336,0.152853812365654,0.15775287995019,0.145185664367173,0.117781359180024,0.136174612524062,0.136859960877497,0.134851855438763,0.147390956883573,0.110379099401105,,,,,,,,,,,,,,,,,1.06881028629498,0.602852717631491,0.544587697219627,0.420341586057161,0.509333812906797,0.482927648183729,0.417908504749681,0.44121035840237,0.379420539484406,0.490529645047346,0.0608934224543791,0.277477937726349,0.181398426272399,0.186578164734846,0.138208057742017,0.131115927822465,0.120856806930191,0.106308986135067,0.0567333666554717,0.0867955498494386,0.0785176803558723,0.0715344928265993,0.0655798209121363,0.0604435586349799,,
,,,,,,,,QoQ % Change,,,,,,,,,,,,,,,,,,,,,,,,,,,,,,,,,,,,,,,,,,,,,,,,,0.148229140907038,0.255058572347957,0.222708275769195,-0.116164752596621,0.118292934588317,0.280842539518817,0.226546402825699,-0.253177785693205,0.235557505312221,0.275079333404582,0.227943535174152,-0.170382677352384,0.142529751326195,0.276718211168686,0.235415054846791,-0.137123343348025,0.0797799376140662,0.282312803832266,0.219504976970609,-0.168812341816428,0.10370503073968,0.286531440342179,0.184682924137839,-0.116052221059788,0.189939069385001,0.0805575242145051,0.220960865763008,-0.0926660291903841,-0.0139527257604712,0.270127099135308,0.315671831279589,-0.0550554043386667,0.136468545400225,0.0338753146689177,0.162639748222602,-0.147773572430959,0.062055633348592,-0.0148784716004958,0.103120408225004,-0.0352773916861954,0.113720699965923,0.112704118428774,0.240684463302533,-0.194358554852494,0.0607675067821485,0.0997756850102507,0.231727542862076,-0.172214662185905,0.0748849312268465,0.102777724361992,0.174915277153436,-0.1686969774006,0.0632172334896184,0.07638824163239,0.194248677351053,-0.168195529690483,0.0613392077145896,0.0882813722565723,0.155725311292114,,,,,,,,,,,,,,,,,,na,na,na,na,na,na,na,na,na,na,na,na,na,na,na,na,na,na,na,na,na,na,na,,
,,,,,,,,,,,,,,,,,,,,,,,,,,,,,,,,,,,,,,,,,,,,,,,,,,,,,,,,,,,,,,,,,,,,,,,,,,,,,,,,,,,,,,,,,,,,,,,,,,,,,,,,,,,,,,,,,,,,,,,,,,,,,,,,,,,,,,,,,,,,,,,,,,,,,,,,,,,,,
,,,,,,,,Other cost of revenue,,,,,,,,,,,,,,,,,,,,,,,,,,,,,,,,,,,,,,,,,,,,,,,,1891.15477576036,1860.90355611146,2039.06159850552,2491.05762392363,2347.68830989611,2400.81965986678,2767.89940003976,2623.99258432211,2475.3428880107,2578.85403585771,2648.17707343902,3154.27486336159,3016.09623784132,3211.16451454722,3312.55119122321,4390.51570167008,3904.42242527537,3929.87387563651,4029.90940088687,5897.80315161159,5466.87423441164,5601.37313692186,5441.00264562716,7858.52125649491,6748.79855923695,7261.58652694611,7104.32956989248,8966.18064599133,8228.47405441941,8546.14408454217,8915.9831221005,10435.1707552651,9447.51763957103,9721.22378952328,10347.4767149382,12913.4599347782,11830.5789270234,11713.3132942279,13176.9967892648,15658.1346687687,12413.7278056745,12134.8116328016,12612.9086388112,13910.6484166096,12949.4028179336,13734.0942126913,13605.2488851242,14695.6746120666,13435.5679460192,14408.1206978917,15556.487145496,16339.8090480619,15810.7556813829,17565.4200484056,19445.7751773701,21300.6609537936,21542.8846754624,24141.885374108,26483.5182108309,28853.2536805416,,,,,,,,,,,,,,,,3831.31031881465,5246.20533572616,8282.17755430097,10140.3999541248,10856.648860669,13930.3276452818,17762.0088534103,24367.7712734556,30080.8953020669,36125.7720163272,42429.6780788108,52379.0236792848,51072.096493897,54984.4205278157,59739.9848374688,74122.6118609522,101021.541940943,133417.465284837,167931.489045655,208143.072396607,249840.859048403,289363.672377925,325376.07962662,344047.228558203,363769.065325085,,
,,,,,,,,YoY % Change,,,,,,,,,,,,,,,,,,,,,,,,,,,,,,,,,,,,,,,,,,,,,,,,,,,,0.2414046380483,0.290136531784337,0.357437853799233,0.0533648676456917,0.0543745852362498,0.0741556639871945,-0.0432538576362368,0.202089854296017,0.218455936932923,0.24519048767303,0.250879793669317,0.391925527057903,0.294528462417313,0.223815801972585,0.216557622283494,0.343305331847045,0.40017488861392,0.425331528232473,0.350155079027271,0.332448888930372,0.234489448605959,0.296394000085591,0.305702281839931,0.140950104140899,0.219250209084587,0.176897645277565,0.25500696925515,0.163836773680277,0.14814941106813,0.137498232343934,0.16055364542912,0.237493878886715,0.252242057476654,0.204921679393035,0.273450248043729,0.212543713911915,0.04929166038689,0.0359845526185501,-0.0428085518631327,-0.111602453876231,0.0431518251926093,0.131792946465415,0.0786765586535205,0.0564334725417692,0.0375434400273857,0.0490768793895087,0.143418049669438,0.111878799673837,0.176783575127351,0.219133321875621,0.250010686570726,0.30360525579827,0.362546174869367,0.374398409350836,0.361916301575416,0.354570815578517,,,,,,,,,,,,,,,,,0.369297942263592,0.578698702069499,0.224363989740694,0.070633200838683,0.283114874954463,0.275060379461088,0.371904015731695,0.234454105978693,0.200954015947955,0.174498860803155,0.234490244823298,-0.0249513468099385,0.0766039442768169,0.086489304861316,0.240753777601608,0.362897763646684,0.320683318839388,0.25869194626905,0.239452312246337,0.200332329929012,0.158191952589571,0.124453795297636,0.0573832869122055,0.0573230508193028,,
,,,,,,,,QoQ % Change,,,,,,,,,,,,,,,,,,,,,,,,,,,,,,,,,,,,,,,,,,,,,,,,,-0.0159961627872264,0.0957373861793982,0.221668646866479,-0.0575535919565393,0.0226313475032895,0.152897673369335,-0.0519913461145248,-0.0566501968029809,0.0418168926609572,0.0268813343513854,0.191111763257334,-0.0438067801653184,0.0646757468340966,0.0315731804511079,0.325418219438538,-0.11071439198129,0.00651862108884038,0.0254551490495745,0.463507628810129,-0.0730660054468247,0.0246025236255876,-0.0286305674295495,0.444314911850056,-0.141212660885888,0.0759821119578859,-0.0216560054018619,0.262072734349096,-0.0822765702252214,0.038606189680108,0.043275544374132,0.170389245062489,-0.0946465696496383,0.0289712240182367,0.0644212024097093,0.247981540865471,-0.0838567675297008,-0.00991207898775226,0.124958964066826,0.188293123173956,-0.20720264142097,-0.0224683654450217,0.0393987991306992,0.102889810349145,-0.0691014228731586,0.0605967244814545,-0.00938142156095789,0.0801474295802593,-0.08574677238789,0.0723864265195207,0.0797027226300422,0.050353392461914,-0.0323781853951166,0.110979158895539,0.107048685643878,0.0953875975374883,0.0113716528418666,0.1206431143182,0.0969946133218866,0.089479632231851,,,,,,,,,,,,,,,,,,na,na,na,na,na,na,na,na,na,na,na,na,na,na,na,na,na,na,na,na,na,na,na,,
,,,,,,,,Other cost of revenue % of gross rev,,,,,,,,,,,,,,,,,,,,,,,,,,,,,,,,,,,,,,,,,,,,,,,,0.14602384184699,0.141977840551725,0.148252261051732,0.158595379380126,0.152249566141122,0.150474438098826,0.167517968894254,0.144947941463962,0.143431619423496,0.145476055500519,0.14180332387893,0.14788667370067,0.148891555405111,0.149356489048708,0.147545819394379,0.16845133907574,0.157754441425268,0.151090883338582,0.145106920671427,0.182464596467271,0.175524119771773,0.171521362553874,0.161262674737023,0.200084561984288,0.185717784177797,0.186462267023062,0.175419876290587,0.194599688464272,0.199919192750538,0.223154400724395,0.193099498020499,0.183401363057842,0.170797946985773,0.157097992720156,0.158903478530333,0.171436573976478,0.173950962741665,0.168089449583525,0.190716679054953,0.205898046875246,0.17788023278941,0.162656313774082,0.164459711301048,0.161170761402035,0.160784251330829,0.162069507595895,0.154135687736486,0.152335720408282,0.148896956202974,0.149418433420705,0.151998975489965,0.143548239871225,0.144220350803549,0.14980023446899,0.158488228758086,0.158417403504624,0.168449051446123,0.176945942423997,0.182948670757655,0.182065171425863,,,,,,,,,,,,,,,,0.101076647376722,0.104558153178399,0.149177354676795,0.153640095667107,0.144776552036552,0.154315043925933,0.160227403846559,0.178102246569962,0.18584859043518,0.197920154367996,0.164687828529329,0.185192209192906,0.166145391562285,0.157090265437251,0.14829852554754,0.153132411515743,0.177991764097486,0.20215058695532,0.22059607288177,0.238821350521159,0.252118726481404,0.258377455726284,0.258540773417238,0.244572381786568,0.232463155245041,,
,,,,,,,,YoY Change in bp,,,,,,,,,,,,,,,,,,,,,,,,,,,,,,,,,,,,,,,,,,,,,,,,1460.2384184699,1419.77840551725,1482.52261051732,1585.95379380126,62.2572429413273,84.965975471015,192.657078425226,-136.474379161633,-88.1794671762601,-49.9838259830707,-257.146450153242,29.387322367079,54.5993598161421,38.8043354818857,57.4249551544948,205.646653750696,88.6288602015706,17.3439428987393,-24.388987229525,140.132573915309,177.696783465053,204.304792152922,161.55754065596,176.199655170176,101.936644060237,149.409044691875,141.572015535639,-54.8487352001625,142.014085727418,366.921337013338,176.796217299121,-111.9832540643,-291.212457647657,-660.564080042389,-341.960194901657,-119.647890813639,31.530157558928,109.914568633681,318.132005246198,344.614728987676,39.2927004774435,-54.3313580944255,-262.569677539055,-447.272854732109,-170.959814585807,-5.86806178187016,-103.240235645613,-88.3504099375268,-118.872951278546,-126.510741751901,-21.3671224652109,-87.8748053705658,-46.7660539942585,3.81801048284947,64.892532681208,148.691636333985,242.287006425745,271.457079550072,244.604419995688,236.477679212392,,,,,,,,,,,,,,,,,34.8150580167686,446.19201498396,44.6274099031257,-88.6354363055511,95.3849188938091,59.1235992062622,178.748427234021,77.4634386521816,120.715639328161,-332.323258386667,205.043806635771,-190.468176306213,-90.5512612503392,-87.9173988971113,48.3388596820325,248.59352581743,241.588228578334,184.454859264502,182.252776393892,132.973759602449,62.5872924487991,1.6331769095379,-139.683916306691,-121.092265415271,,
,,,,,,,,QoQ Change in bp,,,,,,,,,,,,,,,,,,,,,,,,,,,,,,,,,,,,,,,,,,,,,,,,1460.2384184699,-40.4600129526467,62.7442050000671,103.43118328394,-63.4581323900332,-17.751280422959,170.435307954278,-225.700274302919,-15.1632204046601,20.4443607702304,-36.7273162158935,60.8334982174022,10.048817044403,4.64933643597398,-18.1066965432844,209.055196813603,-106.968976504722,-66.6355808668573,-59.8396266715487,373.576757958437,-69.4047669549783,-40.0275721789881,-102.58687816851,388.218872472653,-143.667778064918,7.44482845265015,-110.423907324747,191.798121736852,53.1950428626629,232.352079738571,-300.549027038964,-96.9813496265698,-126.034160720694,-136.999542656162,18.0548581017681,125.330954461448,25.1438876518739,-58.6151315814082,226.272294714284,151.813678202926,-280.178140858359,-152.239190153277,18.0339752696548,-32.8894989901282,-3.86510071205659,12.8525626506598,-79.3381985940877,-17.9996732820423,-34.3876420530762,5.21477217730548,25.805420692602,-84.5073561873971,6.72110932323111,55.7988366544135,86.8799428909606,-0.708252534620257,100.316479414991,84.9689097787412,60.0272833365767,-8.8349933179166,,,,,,,,,,,,,,,,,,na,na,na,na,na,na,na,na,na,na,na,na,na,na,na,na,na,na,na,na,na,na,na,,
,,,,,,,,,,,,,,,,,,,,,,,,,,,,,,,,,,,,,,,,,,,,,,,,,,,,,,,,,,,,,,,,,,,,,,,,,,,,,,,,,,,,,,,,,,,,,,,,,,,,,,,,,,,,,,,,,,,,,,,,,,,,,,,,,,,,,,,,,,,,,,37092.0236792848,36786.096493897,,,,,,,,,,,,,,
,,,,,,,,Other cost of revenue (ex. D&A),,,,,,,,,,,,,,,,,,,,,,,,,,,,,,,,,,,,,,,,,,,,,,,,1307.15477576036,1113.90355611146,1346.06159850552,1734.05762392363,1531.68830989611,1587.81965986678,1883.89940003976,1613.99258432211,1537.3428880107,1567.85403585771,1618.17707343902,2001.27486336159,1861.09623784132,1940.16451454722,1935.55119122321,2926.51570167008,2617.42242527537,2505.87387563651,2468.90940088687,4066.80315161159,3675.87423441164,3739.37313692186,3303.00264562716,5485.52125649491,4332.79855923695,4635.58652694611,4372.32956989248,5884.18064599133,5329.47405441941,5368.14408454217,5626.9831221005,6896.17075526509,6922.51763957103,6991.22378952328,7262.47671493824,9698.45993477821,8239.57892702341,8015.31329422791,9243.99678926482,11593.1346687687,9353.72780567454,8855.81163280162,8941.90863881124,10594.6484166096,9536.40281793364,10026.0942126913,9620.24888512417,10490.6746120666,8948.5679460192,9410.12069789174,9945.48714549598,10299.8090480619,8888.68666356775,9635.29466781869,10232.346440592,10559.204660871,9180.96831861543,10054.1210225145,10696.83437722,11181.0383026725,,,,,,,,,,,,,,,,,,,,,,,,,23220.7720163272,30874.6780788108,37092.0236792848,37746.096493897,39673.4205278157,38603.9848374688,39315.5324328494,41112.9620210224,42606.5859540049,41829.4438805281,42995.4404389584,47401.5383138354,54166.660395073,65490.163484554,78190.7528615282,95905.129924909,,
,,,,,,,,YoY % Change,,,,,,,,,,,,,,,,,,,,,,,,,,,,,,,,,,,,,,,,,,,,,,,,,,,,0.171772722174491,0.425455239060119,0.399564033422681,-0.0692393597219994,0.00369172897518344,-0.0125742390736894,-0.141049106228887,0.23995294823622,0.210592804217904,0.237465012797469,0.196130647871373,0.462325718094683,0.406387467803012,0.291578037247689,0.275558823802841,0.389639956242428,0.404387079026767,0.492243154485192,0.337838741446189,0.348853399585153,0.178712404977168,0.239669419768571,0.323743889724401,0.0726748417981993,0.23003042526814,0.15802909800902,0.286953106382344,0.171984881185317,0.298911969339753,0.302353975493104,0.290651945696121,0.406354378242972,0.190257555997213,0.146482151842898,0.272843570052455,0.195358309126613,0.135219152400744,0.10486157031179,-0.0326793872109946,-0.0861273745787613,0.0195296480776659,0.132148540237129,0.0758607892020591,-0.00981380414474664,-0.0616411537072444,-0.061437036370542,0.0338076763143542,-0.0181938312894741,-0.00669171679900893,0.023928914108126,0.0288431618179617,0.0251845069747123,0.0328824342797083,0.043467934208034,0.0453940784085856,0.0588901969204052,,,,,,,,,,,,,,,,,,,,,,,,,,0.329614625090928,0.201373617065858,0.0176337861818381,0.051060221133868,-0.0269559739523126,0.0184319727193032,0.0457180528139369,0.0363297573212733,-0.0182399517838801,0.0278750193705801,0.102478258854736,0.14271946274079,0.209049312010216,0.193931251675218,0.226553350813133,,
,,,,,,,,QoQ % Change,,,,,,,,,,,,,,,,,,,,,,,,,,,,,,,,,,,,,,,,,,,,,,,,,-0.147841115094034,0.208418440824897,0.288245371422002,-0.116702761912622,0.0366467182702965,0.186469375368377,-0.143270291243766,-0.0474907363614707,0.0198466770718198,0.0320967618352186,0.236746519408041,-0.0700446640721851,0.0424847867070042,-0.00237780007283728,0.511980522623432,-0.105618184866843,-0.0426177099125002,-0.0147511313753788,0.647206313099513,-0.0961268354100285,0.0172745035496003,-0.116696161446438,0.660768048053848,-0.210139135983317,0.0698827705856893,-0.0567904310540536,0.345777017018421,-0.0942708296948407,0.00725588111095066,0.0482176024864289,0.225553836865041,0.00382050927115163,0.00992502345671342,0.0387990620213656,0.335420451652447,-0.150423986650017,-0.0272180938834105,0.153292011170882,0.254125778389706,-0.193166639315162,-0.0532318433053886,0.00972209093638821,0.184830760921093,-0.0998849189763508,0.0513496969566774,-0.0404789062378287,0.0904785039697189,-0.146997855054393,0.0515783927279525,0.0568926228251438,0.0356263999321884,-0.1370047131854,0.0839953114008489,0.0619650766641728,0.0319436233103236,-0.130524635758112,0.0951046418631694,0.0639253648594755,0.0452660954051667,,,,,,,,,,,,,,,,,,,,,,,,,na,na,na,na,na,na,na,na,na,na,na,na,na,na,na,na,,
,,,,,,,,Other cost of revenue % of gross rev,,,,,,,,,,,,,,,,,,,,,,,,,,,,,,,,,,,,,,,,,,,,,,,,0.100930798838728,0.0849853937675638,0.0978669186058977,0.11040030711935,0.0993312782033791,0.099518624874132,0.114016788721162,0.0891560837608192,0.0890800143707672,0.0884444088598018,0.0866493747490773,0.0938288181987714,0.0918742280614762,0.0902402099789405,0.0862122485066685,0.112281909978134,0.105754441425268,0.0963427095592662,0.0888992294716574,0.125817626817176,0.118020748552355,0.1145044902141,0.0978957512041244,0.13966598575453,0.119232740560746,0.119032110901451,0.107961420526247,0.127708749777349,0.129485022824155,0.140171399444922,0.12186739267755,0.121202340245089,0.125149467396519,0.112980345661333,0.111527944883723,0.128754861397653,0.121150680434392,0.115022074969189,0.133792577856551,0.152444964611412,0.13403252476356,0.11870424686078,0.116593543593434,0.122751111303553,0.118407266267692,0.118313164814276,0.108989088742513,0.108746588148178,0.0991706889422967,0.0975870151604486,0.0971751426093445,0.0904857244971523,0.0810795849759434,0.0821710722794846,0.0833963392364928,0.0785309802863742,0.0717882227902927,0.073690844439256,0.073893944718676,0.0705527937276641,,,,,,,,,,,,,,,,,,,,,,,,,0.127218285603375,0.119837904023144,0.131143219672477,0.122793862254621,0.113346800815432,0.0958305236807752,0.0812232885527774,0.0724377048379711,0.0645563632945382,0.0549474735400236,0.0493325530062247,0.0478337111009868,0.0483662782651921,0.0520378681123327,0.0555833533121857,0.0612872595051655,,
,,,,,,,,YoY Change in bp,,,,,,,,,,,,,,,,,,,,,,,,,,,,,,,,,,,,,,,,,,,,,,,,1009.30798838728,849.853937675638,978.669186058977,1104.0030711935,-15.9952063534853,145.332311065682,161.498701152645,-212.44223358531,-102.51263832612,-110.742160143302,-273.674139720849,46.7273443795221,27.9421369070906,17.9580111913867,-4.37126242408784,184.530917793625,138.802133637913,61.024995803257,26.8698096498896,135.357168390424,122.66307127087,181.617806548338,89.9652173246693,138.483589373534,12.1199200839137,45.2762068735101,100.656693221226,-119.572359771811,102.522822634093,211.392885434708,139.059721513027,-65.0640953225919,-43.3555542763669,-271.910537835888,-103.394477938271,75.5252115256362,-39.9878696212695,20.4172930785575,222.646329728284,236.901032137593,128.818443291681,36.8217189159115,-171.990342631169,-296.938533078598,-156.252584958677,-3.91082046504274,-76.0445485092072,-140.045231553747,-192.365773253953,-207.261496538269,-118.139461331688,-182.608636510254,-180.911039663533,-154.15942880964,-137.788033728517,-119.547442107781,-92.9136218565065,-84.802278402286,-95.0239451781683,-79.7818655871017,,,,,,,,,,,,,,,,,,,,,,,,,1272.18285603375,-73.8038158023062,113.053156493334,-83.4935741785629,-94.4706143918961,-175.162771346563,-146.072351279979,-87.8558371480631,-78.8134154343288,-96.0888975451458,-56.1492053379884,-14.9884190523799,5.32567164205314,36.7158984714066,35.4548519985298,57.0390619297979,,
,,,,,,,,QoQ Change in bp,,,,,,,,,,,,,,,,,,,,,,,,,,,,,,,,,,,,,,,,,,,,,,,,1009.30798838728,-159.454050711639,128.815248383339,125.333885134525,-110.690289159711,1.87346670752833,144.981638470302,-248.60704960343,-0.760693900520165,-6.35605510965351,-17.9503411072456,71.7944344969414,-19.5459013729517,-16.3401808253574,-40.2796147227201,260.696614714654,-65.2746855286632,-94.1173186600139,-74.4348008760876,369.183973455189,-77.9687826482169,-35.162583382546,-166.087390099757,417.702345504053,-204.332451937837,-2.0062965929496,-110.70690375204,197.473292511016,17.7627304680672,106.863766207665,-183.040067673722,-6.65052432460275,39.4712715142921,-121.691217351856,-14.524007776104,172.269165139304,-76.0418096326136,-61.2860546520291,187.705028873622,186.523867548614,-184.124398478526,-153.282779027799,-21.1070326734575,61.5756771011843,-43.4384503586054,-0.941014534164147,-93.2407607176219,-2.42500594335601,-95.758992058811,-15.8367378184802,-4.11872551104101,-66.8941811219222,-94.0613952120897,10.9148730354128,12.2526695700818,-48.6535895011857,-67.4275749608154,19.0262164896332,2.03100279419957,-33.4115099101191,,,,,,,,,,,,,,,,,,,,,,,,,na,na,na,na,na,na,na,na,na,na,na,na,na,na,na,na,,
,,,,,,,,,,,,,,,,,,,,,,,,,,,,,,,,,,,,,,,,,,,,,,,,,,,,,,,,,,,,,,,,,,,,,,,,,,,,,,,,,,,,,,,,,,,,,,,,,,,,,,,,,,,,,,,,,,,,,,,,,,,,,,,,,,,,,,,,,,,,,,,,,,,,,,,,,,,,,
,,,,,,,,Other cost of revenue % of Licensing/Other Rev,,,,,,,,,,,,,,,,,,,,,,,,,,,,,,,,,,,,,,,,,,,,,,,,1.80281675477632,1.77906649723849,1.65777365732156,1.51248186030579,1.64981609971617,1.64778288254412,1.62530792721067,1.46264915514053,1.41448165029183,1.51341199287424,1.39819275260772,1.40127714942763,1.34827726322813,1.36239478767383,1.25952516776548,1.1979578995007,1.26903470851515,1.19557351460839,1.0475523948056,1.12632664381292,1.20069007670675,1.20759063524836,1.16499224344923,1.18458264342703,1.20192316282047,1.14499945237245,1.07902940004442,1.11381126037159,1.11997741315087,1.03226767538859,0.979778365065989,0.975158466990477,0.879739048288577,0.849534544221208,0.867640173984424,0.930163504629994,0.905032047660909,0.899501865629543,0.943100256889838,0.958446144871683,0.819117638117753,0.737319943662755,0.739890223430002,0.67386757819162,0.688505041361848,0.685881652651385,0.607458538425868,0.612626088547047,0.581903414873715,0.57175082134491,0.54832353972352,0.516886278883394,0.487417842925004,0.488410205613573,0.486193801034127,0.494990398385739,0.492164870047661,0.500654156518438,0.49813181579612,0.501693780732197,,,,,,,,,,,,,,,,,2.22863438221162,1.66576378807341,1.59015210194837,1.42869441514265,1.27930275004884,1.14986786129412,1.1889037506565,1.13124347719405,1.01972427855385,0.884117398654139,0.928656696971523,0.736939187248705,0.645228305711486,0.55175839402125,0.489482146605714,0.498454016512653,0.511317842975688,0.512962781218224,0.518709472565027,0.521496075459707,0.512669949710845,0.495382449227767,0.455576307337802,0.423472891011745,,
,,,,,,,,YoY Change in bp,,,,,,,,,,,,,,,,,,,,,,,,,,,,,,,,,,,,,,,,,,,,,,,,18028.1675477632,17790.6649723849,16577.7365732156,15124.8186030579,-1530.00655060155,-1312.83614694373,-324.65730110893,-498.327051652592,-2353.34449424339,-1343.70889669874,-2271.15174602947,-613.720057128993,-662.043870636997,-1510.1720520041,-1386.67584842237,-2033.19249926926,-792.425547129789,-1668.21273065445,-2119.72772959883,-716.312556877818,-683.446318083976,120.171206399713,1174.39848643632,582.559996141061,12.3308611371953,-625.911828759025,-859.628434048072,-707.713830554344,-819.457496696066,-1127.31776983861,-992.510349784334,-1386.52793381117,-2402.38364862288,-1827.33131167386,-1121.38191081565,-449.949623604827,252.929993723324,499.673214083354,754.600829054137,282.826402416886,-859.144095431568,-1621.81921966789,-2032.10033459836,-2845.78566680062,-1306.12596755904,-514.382910113694,-1324.31685004134,-612.414896445734,-1066.01626488134,-1141.30831306475,-591.349987023485,-957.398096636528,-944.855719487104,-833.406157313374,-621.297386893922,-218.958804976552,47.4702712265629,122.439509048654,119.380147619927,67.0338234645762,,,,,,,,,,,,,,,,,22286.3438221162,-5628.70594138219,-756.116861250353,-1614.57686805717,-1493.91665093811,-1294.34888754718,390.35889362373,-576.602734624512,-1115.19198640198,-1356.06879899709,445.392983173847,-1917.17509722818,-917.10881537219,-934.699116902362,-622.762474155362,89.718699069391,128.638264630347,16.4493824253675,57.4669134680295,27.8660289467936,-88.261257488621,-172.875004830777,-398.061418899652,-321.034163260567,,
,,,,,,,,QoQ Change in bp,,,,,,,,,,,,,,,,,,,,,,,,,,,,,,,,,,,,,,,,,,,,,,,,18028.1675477632,-237.502575378339,-1212.9283991693,-1452.9179701577,1373.34239410379,-20.3321717205229,-224.7495533345,-1626.58772070136,-481.675048487009,989.303425824126,-1152.19240266523,30.8439681991213,-529.998861995014,141.175244457026,-1028.69619908351,-615.672682647761,710.768090144454,-734.611939067638,-1480.21119802788,787.742490073247,743.634328938296,69.005585416051,-425.983917991277,195.903999777991,173.405193934431,-569.237104480169,-659.700523280324,347.818603271719,61.6615277927091,-877.097377622711,-524.893103226051,-46.19898075512,-954.194187019,-302.04504067369,181.056297632163,625.233306455699,-251.314569690848,-55.3018203136602,435.983912602946,153.458879818448,-1393.2850675393,-817.976944549979,25.70279767247,-660.226452383814,146.37463170228,-26.2338871046297,-784.231142255172,51.6755012117876,-307.226736733323,-101.525935288043,-234.272816213907,-314.372608401256,-294.684359583898,9.92362688568671,-22.164045794455,87.9659735161142,-28.2552833807831,84.8928647077779,-25.2234072231822,35.6196493607636,,,,,,,,,,,,,,,,,,na,na,na,na,na,na,na,na,na,na,na,na,na,na,na,na,na,na,na,na,na,na,na,,
,,,,,,,,,,,,,,,,,,,,,,,,,,,,,,,,,,,,,,,,,,,,,,,,,,,,,,,,,,,,,,,,,,,,,,,,,,,,,,,,,,,,,,,,,,,,,,,,,,,,,,,,,,,,,,,,,,,,,,,,,,,,,,,,,,,,,,,,,,,,,,,,,,,,,,,,,,,,,
,,,,,,,,Pixel Cost of Goods Sold,,,,,,,,,,,,,,,,,,,,,,,,,,,,,,,,,,,,,,,,,,,,,,,,,,,,,,,,,,,,,,,,,,,,,,,,,,,,,,,,,,,,,,,,,,,,,,,,,,,,,,,,,,,,,,,,,,,,,,,,,,,,,,,,529.704246858676,1853.96486400537,,,,,,,,,,,,,,,,,,,,
,,,,,,,,YoY % Change,,,,,,,,,,,,,,,,,,,,,,,,,,,,,,,,,,,,,,,,,,,,,,,,,,,,,,,,,,,,,,,,,,,,,,,,,,,,,,,,,,,,,,,,,,,,,,,,,,,,,,,,,,,,,,,,,,,,,,,,,,,,,,,,,2.5,,,,,,,,,,,,,,,,,,,,
,,,,,,,,QoQ % Change,,,,,,,,,,,,,,,,,,,,,,,,,,,,,,,,,,,,,,,,,,,,,,,,,,,,,,,,,,,,,,,,,,,,,,,,,,,,,,,,,,,,,,,,,,,,,,,,,,,,,,,,,,,,,,,,,,,,,,,,,,,,,,,,,,,,,,,,,,,,,,,,,,,,,
,,,,,,,,,,,,,,,,,,,,,,,,,,,,,,,,,,,,,,,,,,,,,,,,,,,,,,,,,,,,,,,,,,,,,,,,,,,,,,,,,,,,,,,,,,,,,,,,,,,,,,,,,,,,,,,,,,,,,,,,,,,,,,,,,,,,,,,,,,,,,,,,,,,,,,,,,,,,,
,,,,,,,,Other Cost of Revenue ex-Pixel,,,,,,,,,,,,,,,,,,,,,,,,,,,,,,,,,,,,,,,,,,,,,,,,,,,,,,,,,,,,,,,,,,,,,,,,,,,,,,,,,,,,,,,,,,,,,,,,,,,,,,,,,,,,,,,,,,,,,,,,,,,,,,,,13400.6233984232,15908.043989405,,,,,,,,,,,,,,,,,,,,
,,,,,,,,YoY % Change,,,,,,,,,,,,,,,,,,,,,,,,,,,,,,,,,,,,,,,,,,,,,,,,,,,,,,,,,,,,,,,,,,,,,,,,,,,,,,,,,,,,,,,,,,,,,,,,,,,,,,,,,,,,,,,,,,,,,,,,,,,,,,,,,0.187112234739531,,,,,,,,,,,,,,,,,,,,
,,,,,,,,QoQ % Change,,,,,,,,,,,,,,,,,,,,,,,,,,,,,,,,,,,,,,,,,,,,,,,,,,,,,,,,,,,,,,,,,,,,,,,,,,,,,,,,,,,,,,,,,,,,,,,,,,,,,,,,,,,,,,,,,,,,,,,,,,,,,,,,,,,,,,,,,,,,,,,,,,,,,
,,,,,,,,,,,,,,,,,,,,,,,,,,,,,,,,,,,,,,,,,,,,,,,,,,,,,,,,,,,,,,,,,,,,,,,,,,,,,,,,,,,,,,,,,,,,,,,,,,,,,,,,,,,,,,,,,,,,,,,,,,,,,,,,,,,,,,,,,,,,,,,,,,,,,,,,,,,,,
,,,,,,,,Research and development (ex-SBC),,,,,,,,,,,,,,,,79.412,95.772,151.721,157.073,173.513,211.988,250.918,304.685,287.597,375.123,418.057,469.411,479.269,494.929,535.308,551.267,473,526,562,556.685,627,696,750,827,989,987,1093,1032,1142,1238,1397,1487,1279,1365,1385,1467,1670,1791,1989,2182,2138,2206,2489,2771,2628,2624,2674,2715,2948.25769745649,3187.15834996673,3302.82795698925,3398.50866738895,3823.65662650602,3927.56819693945,4126.59139784946,4927.02762730228,4659.32730923695,4855.95409181637,5254.77311827957,5922.91657638137,5242.08165997323,5238.18629407851,5310.9064516129,5438.43499458288,5632.55354752343,5805.12840984697,5773.6623655914,6765.27085590466,6891.11780455154,7489.77045908184,7806.40215053764,7761.2036836403,8854.29451137885,7749.02062541584,8411.20107526882,9332.54875406284,9299.187416332,8976.27744510978,9549.14408602151,10261.3575297942,10827.5368139224,10858.8835662009,11994.3892473118,15097.7871072589,13418.0490282814,13831.5948406568,15020.0854884854,15754.4845275511,16524.4427539516,17257.4702890693,18303.9968598498,19075.0823112106,,,,,,16.5,31.748,91.228,225.632,483.978,941.104,1550.188,2060.773,2117.685,2900,4101,5264,5496,7632,9604,10641,12836.7526718014,16804.8438485972,20692.9710957143,21229.6094002475,23976.6151788665,29948.4940978113,34347.0649661263,38085.9664772574,48778.5967346941,58024.2138849748,71160.9922140812,83621.410810842,97360.5223958693,112378.497874192,128599.734462666,146171.053339922,165092.72845406,185305.310136012,206811.655175175,,
,,,,,,,,Period-to-period addition,,,,,,,,,,,,,,,,79.412,16.36,55.949,5.35199999999998,16.44,38.4750000000001,38.93,53.7669999999998,-17.0879999999998,87.526,42.934,51.354,9.85799999999989,15.6600000000001,40.379,15.9590000000001,-78.2670000000001,53,36,-5.31499999999994,70.3149999999999,69,54,77,162,-2,106,-61,110,96,159,90,-208,86,20,82,203,121,198,193,-44,68,283,282,-143,-4,50,41,233.257697456493,238.90065251024,115.669607022514,95.6807103997016,425.147959117075,103.91157043343,199.023200910008,800.436229452813,-267.700318065328,196.62678257942,398.819026463202,668.143458101796,-680.834916408139,-3.89536589471663,72.7201575343934,127.528542969979,194.118552940545,172.574862323546,-31.4660442555751,991.608490313261,125.84694864688,598.652654530297,316.631691455799,-45.1984668973309,1093.09082773854,-1105.27388596301,662.180449852984,921.34767879402,-33.3613377308429,-322.909971222216,572.866640911727,712.213443772644,566.179284128208,31.3467522785741,1135.5056811109,3103.39785994711,-1679.7380789775,413.545812375385,1188.49064782862,734.399039065711,769.958226400426,733.027535117722,1046.52657078046,771.085451360836,,,,,,,15.248,59.48,134.404,258.346,457.126,609.084,510.585,56.9119999999998,782.315,1201,1163,232,2136,1972,1037,2195.75267180142,3968.09117679579,3888.12724711703,536.638304533273,2747.00577861893,5971.87891894486,4398.57086831503,3738.90151113109,10692.6302574366,9245.61715028079,13136.7783291064,12460.4185967608,13739.1115850272,15017.9754783232,16221.2365884736,17571.3188772557,18921.6751141386,20212.5816819521,21506.3450391623,,
,,,,,,,,Abs. change Y/Y,,,,,,,,,,,,,,,,79.412,95.772,151.721,157.073,94.101,116.216,99.197,147.612,114.084,163.135,167.139,164.726,191.672,119.806,117.251,81.856,-6.26899999999995,31.071,26.692,5.41800000000001,154,170,188,270.315,362,291,343,205,153,251,304,455,137,127,-12,-20,391,426,604,715,468,415,500,589,490,418,185,-56,320.257697456493,563.158349966733,628.827956989248,683.508667388949,875.398929049532,740.409846972721,823.763440860215,1528.51895991333,835.670682730923,928.385894876913,1128.18172043011,995.88894907909,582.754350736279,382.232202262142,56.1333333333332,-484.481581798484,390.4718875502,566.942115768463,462.755913978494,1326.83586132178,1258.56425702811,1684.64204923486,2032.73978494624,995.932827735645,1963.17670682731,259.250166333999,604.798924731183,1571.34507042253,444.892904953147,1227.25681969394,1137.94301075269,928.808775731312,1528.34939759036,1882.60612109115,2445.24516129032,4836.42957746479,2590.51221435908,2972.71127445589,3025.69624117361,656.69742029221,3106.39372567014,3425.87544841247,3283.91137136432,3320.59778365944,,,,,,,,,,,,,,56.9119999999998,782.315,1201,1163,232,2136,1972,1037,2195.75267180142,3968.09117679579,3888.12724711703,536.638304533273,2747.00577861893,5971.87891894486,4398.57086831503,3738.90151113109,10692.6302574366,9245.61715028079,13136.7783291064,12460.4185967608,13739.1115850272,15017.9754783232,16221.2365884736,17571.3188772557,18921.6751141386,20212.5816819521,21506.3450391623,,
,,,,,,,,% change Y/Y,,,,,,,,,,,,,,,,NA,NA,NA,NA,1.18497204452728,1.21346531345278,0.653811931110393,0.939766859995033,0.657495403802597,0.769548276317527,0.66611004391873,0.54064361553736,0.666460359461329,0.319377910711953,0.280466539251824,0.174380233952762,-0.0130803369297825,0.0627787015915413,0.0498628826768888,0.00982826833458206,0.325581395348837,0.32319391634981,0.334519572953737,0.485579816233597,0.577352472089314,0.418103448275862,0.457333333333333,0.247883917775091,0.154701718907988,0.254305977710233,0.278133577310156,0.440891472868217,0.119964973730298,0.102584814216478,-0.00858983536148894,-0.0134498991257566,0.305707584050039,0.312087912087912,0.436101083032491,0.487389229720518,0.280239520958084,0.231714126186488,0.251382604323781,0.26993583868011,0.229186155285313,0.189483227561197,0.0743270389714745,-0.0202093107181522,0.121863659610538,0.214618273615371,0.235163783466435,0.251752732003296,0.296920764356776,0.232310342214547,0.249411550219265,0.449761677697199,0.218552753125884,0.236376772680957,0.273393125623741,0.202127737940933,0.125072636468571,0.078714130124564,0.0106823514678616,-0.0817978061231584,0.0744879444613984,0.108232522468581,0.0871331322053239,0.24397383854793,0.223444703438548,0.290198929342766,0.352071121626459,0.147212557922408,0.284885088676128,0.0346139000855015,0.0774747333109824,0.20246151685656,0.0502460025902014,0.158375732756304,0.135289003386038,0.0995235921298523,0.164353005178296,0.20973127586612,0.256069563854397,0.471324536097887,0.239252219491706,0.273758462951815,0.252259300476823,0.0434962697266061,0.231508598539381,0.24768477445149,0.218634665820098,0.210771591914191,,,,,,,0.924121212121212,1.87350384276175,1.47327574867365,1.14498829953198,0.944518139254263,0.647201584522009,0.32936972805879,0.0276168214548618,0.369419909004408,0.414137931034483,0.28358936844672,0.0440729483282676,0.388646288209607,0.258385744234801,0.107975843398584,0.206348338671311,0.309119547462539,0.231369436226067,0.0259333617222526,0.129395022151793,0.249070974964332,0.146871186709735,0.108856506802501,0.280749873153976,0.189542499563232,0.226401659747571,0.175101810824599,0.164301360761614,0.154251180137057,0.144344664640679,0.136635732186188,0.129448852435483,0.122431689579694,0.116058978684296,,
,,,,,,,,% change Q/Q,,,,,,,,,,,,,,,,NA,0.206014204402357,0.584189533475337,0.0352752750113694,0.104664710039281,0.221741310449362,0.183642470328509,0.214281159582014,-0.0560841524853531,0.304335580691036,0.114453126041325,0.122839708460808,0.021000786091506,0.032674760938012,0.0815854395276898,0.0298127433178657,-0.141976573965066,0.112050739957717,0.0684410646387832,-0.00945729537366535,0.126310211340345,0.110047846889952,0.0775862068965518,0.102666666666667,0.195888754534462,-0.00202224469160772,0.107396149949341,-0.0558096980786825,0.106589147286822,0.084063047285464,0.12843295638126,0.0644237652111668,-0.139878950907868,0.0672400312744332,0.0146520146520146,0.0592057761732852,0.138377641445126,0.0724550898203593,0.110552763819096,0.0970336852689795,-0.0201649862511457,0.0318054256314313,0.128286491387126,0.113298513459221,-0.051605918440996,-0.00152207001522076,0.0190548780487805,0.0153328347045625,0.0859144373688738,0.0810311299166093,0.0362923941396642,0.028969329206878,0.125098388948266,0.0271759680806858,0.0506733915059952,0.193970314063552,-0.0543330255714243,0.0422006803835426,0.082129900514365,0.127149820375223,-0.11494926656963,-0.000743095233418534,0.0138826978369593,0.0240125756557525,0.0356938260977473,0.0306388320798876,-0.00542038729103744,0.171746878761535,0.0186019083828761,0.086873083802876,0.0422752196727021,-0.00578992294090541,0.140840373773806,-0.124829130603528,0.0854534375197187,0.109538182543636,-0.00357472954173632,-0.0347245363240121,0.0638200684431631,0.0745840085097487,0.0551758656185879,0.00289509542357469,0.104569284143099,0.258737464322549,-0.11125723704038,0.030820114869438,0.0859257852417095,0.0488944646572558,0.0488723210876203,0.0443601969538385,0.0606419453865912,0.0421266162393323,,,,,,,,,,,,,,,,,,,,,,,,,,,,,,,,,,,,,,,,,,
,,,,,,,,% of net revenue,,,,,,,,,,,,,,,,0.0999250046557513,0.107585416678368,0.144695180801025,0.121743801121228,0.11332904435177,0.126878825658027,0.134585729357806,0.136636294574909,0.113273054320038,0.137706055427786,0.13887778793197,0.138601012938842,0.129544661471391,0.127126136465212,0.132299241434722,0.130709301046306,0.116130616253376,0.129238329238329,0.128134974920201,0.112412495307606,0.123815165876777,0.136792452830189,0.136836343732895,0.129806937686391,0.151292641884657,0.142712550607287,0.145539280958722,0.126921657852663,0.140381069452981,0.134462908656457,0.132618188722233,0.131094066825355,0.128040844929422,0.135228848821082,0.12845483212762,0.118344627299129,0.1370200196915,0.141446848839046,0.150967741935484,0.150690607734807,0.153669230216344,0.153728222996516,0.164736249917268,0.160414495773996,0.15957253020827,0.149728958630528,0.146368164650501,0.127969457013575,0.146526400151906,0.152357108368791,0.148308395015233,0.131353483066863,0.15381996244694,0.149695780650968,0.151947543922581,0.154743330003212,0.158055812925708,0.153155683208742,0.159192133002501,0.157633378835934,0.155519080902282,0.165749653326536,0.139734955445389,0.11712687359112,0.123515493783681,0.113935514707208,0.107677403312037,0.109297083199856,0.123009546501339,0.130322605472009,0.136318271758768,0.122953656886401,0.152486730812848,0.124849285859085,0.13132037088053,0.129038061418932,0.137576190083766,0.125797455610816,0.128092182135528,0.125719576209482,0.141562335772852,0.13287426509307,0.137125748797437,0.155277505191338,0.142562335772852,0.13687426509307,0.141125748797437,0.135277505191338,0.148562335772852,0.14487426509307,0.144125748797437,0.137277505191338,,,,,,0.190914771017981,0.0920210545842415,0.0971095361675222,0.115087657732146,0.120283025901791,0.128986966628962,0.132948247551519,0.129963516654001,0.12114096756606,0.131794219232867,0.140956898329553,0.134220658354369,0.127042833036684,0.145357584991906,0.158361639679451,0.144816886457355,0.143937215296653,0.152642255625673,0.157040943899234,0.141767954378644,0.11305937718437,0.128050137026143,0.133902509731183,0.129053349769439,0.142248977092223,0.138792370846019,0.143382368463557,0.143382368463557,0.143382368463557,0.143382368463557,0.143382368463557,0.143382368463557,0.143382368463557,0.143382368463557,0.143382368463557,,
,,,,,,,,Y/Y change in bp,,,,,,,,,,,,,,,,,,,,134.040396960192,192.934089796584,-101.094514432199,148.924934536811,-0.559900317329554,108.272297697592,42.9205857416423,19.6471836393378,162.716071513531,-105.799189625741,-65.785464972476,-78.917118925364,-134.140452180147,21.1219277311747,-41.6426651452154,-182.968057387001,76.8454962340136,75.5412359185945,87.0136881269482,173.944423787855,274.774760078793,59.2009777709876,87.0293722582624,-28.852798337288,-109.115724316756,-82.4964195083039,-129.210922364889,41.7240897269219,-123.402245235586,7.65940164624779,-41.6335659461267,-127.494395262261,89.7917476207746,62.1800001796413,225.129098078638,323.459804356779,166.492105248446,122.813741574697,137.68507981784,97.2388803918897,59.0329999192565,-39.9926436598785,-183.68085266767,-324.45038760421,-130.461300563645,26.2814973826289,19.4023036473254,33.8402605328844,72.9356229503397,-26.6132771782243,36.391489073479,233.898469363491,42.3585047876845,34.5990255777351,72.4458907992015,28.9004883272134,-25.3673202342583,125.93970117794,-194.571775571123,-405.065052448136,-320.035871186011,-518.141386193274,-320.575521333526,-78.297903912644,-5.05947282341643,163.870907648008,286.40868446732,136.565736865457,294.771843115088,-54.7331961292401,-49.9790087823859,60.844045325308,-149.105407290823,9.4816975173094,-32.2818874500147,-33.1848520944977,39.8614568908598,70.7680948225362,90.3356666190877,295.579289818553,10,40,40,-200,60,80,30,20,,,,,,,-988.937164337392,50.8848158328064,179.781215646238,51.9536816964494,87.0394072717076,39.6128092255724,-29.8473089751786,-88.2254908794152,106.532516668072,91.6267909668575,-67.3623997518344,-71.7782531768474,183.147519552212,130.040546875457,-135.447532220961,-8.7967116070195,87.0504032901975,43.9868827356091,-152.729895205901,-287.085771942741,149.907598417732,58.5237270504038,-48.4915996174379,131.956273227832,-34.5660624620386,45.8999761753809,0,0,0,0,0,0,0,0,,
,,,,,,,,,,,,,,,,,,,,,,,,,,,,,,,,,,,,,,,,,,,,,,,,,,,,,,,,,,,,,,,,,,,,,,,,,,,,,,,,,,,,,,,,,,,,,,,,,,,,,,,,,,,,,,,,,,,,,,,,,,,,,,,,,,,,,,,,,,,,,,,,,,,,,,,,,,,,,
,,,,,,,,R&D expense per Total Employee,,,,,,,,,,,,,,,,22806.4330844342,22895.5295242649,30411.1044297454,27653.6971830986,25554.1973490427,26692.0171241501,26756.0247387503,28544.5943413903,23500.3268507926,27210.430871899,26266.461422468,27932.8176138054,25019.2628941324,25246.3272801469,26601.7989365403,27260.755612699,23457.6472922039,26584.4536540989,28578.6931095856,28037.522034752,30405.8969012172,31919.2845677597,32146.0717500321,33893.4426229508,37581.6993464052,34308.9543937709,34861.0978215801,31786.1212923892,34525.5011034858,36081.7230625747,38678.775125976,39606.8612827616,33015.8238467694,33973.8165165016,32849.4853185333,33445.8073047285,36170.6735975742,36863.988144245,38573.4233185944,40708.9552238806,38578.8267561667,38601.5258626724,41499.933306656,44828.0324845504,40988.8481634563,39414.1945174615,38225.6658041828,37680.5962277768,39845.6278713441,42154.8336106491,42289.1890883503,42423.0266806759,44957.7498707352,44101.2396072161,43726.8617582489,49883.3425529991,45035.4953096101,45110.3997530458,46055.7172756238,49814.6878979753,42601.9249396433,41084.4585332986,40197.2922670348,40195.0835144077,40233.9622666769,40297.7203993376,38483.8987761711,43228.5677693588,42043.1088828447,43041.194726182,41794.8599710762,40798.1942430917,46427.8122991272,42624.3447420535,46118.8450291906,51136.6930448041,51406.5475349346,49984.2826402968,52679.4106329351,55974.1959808325,58300.641366378,58036.9292111881,63072.9266766149,79120.5696848283,69842.0207593246,71510.6754247587,76860.5336633172,80085.83025392,83490.5151270795,86712.2414283454,91078.2547636451,94421.7518622443,,,,,,,,,74687.8517047335,85207.3943661972,88167.8845793517,92245.6411782208,101907.477005242,106657.516998237,118852.459016393,126312.871531093,140208.821649265,125302.083808308,142388.059701493,155369.333807875,147682.955602126,160239.079662981,170139.45235542,174038.226525995,156906.52249612,153205.208810648,157429.765960929,188201.033227725,207753.34506449,255626.227516477,294958.386971202,352247.263706966,404378.407132076,461242.840000707,522715.899711965,588331.687349277,658646.998536343,733523.107430761,812553.463378449,895604.388333917,,
,,,,,,,,Y/Y % Change,,,,,,,,,,,,,,,,,,,,0.120481982186152,0.165817855221984,-0.120188982265968,0.0322162043068941,-0.0803731171907473,0.019422052119092,-0.0182973113929471,-0.0214323146536283,0.0646346773380533,-0.0721820099431245,0.0127667563848353,-0.0240599430533001,-0.0624165311558675,0.0530028134034457,0.0743143039973064,0.0284939432013052,0.296204027729691,0.20067483737204,0.124826514171498,0.208860133250741,0.236000354421407,0.0748660209140424,0.084459031033713,-0.0621748977819874,-0.0813214488985516,0.0516707285351048,0.109511103865256,0.246042602003314,-0.0437264401229496,-0.0584203404703673,-0.150710300118264,-0.15555521893159,0.0955556876438048,0.0850705609226934,0.174247418020632,0.217161686455249,0.0665775037917453,0.0471337423294662,0.0758685575788889,0.101183566073283,0.0624700544296466,0.0210527598748369,-0.078898138902504,-0.159441221499894,-0.0278910080018161,0.0695343169317688,0.106303531898792,0.125858689290145,0.128298191608308,0.0461727832813785,0.0339962222234858,0.175855342158352,0.00172930004500782,0.0228828068058327,0.0532591506394937,-0.00137630422321577,-0.0540367182205163,-0.0892464097367112,-0.127202991401237,-0.193107791887993,-0.0555834666231927,-0.0191492881261517,-0.0426245996740635,0.0754690372483928,0.0449656587182865,0.0680801370315116,0.086034973071782,-0.0562214676931732,0.10429065625239,-0.00968490737258698,0.103457340474567,0.253405793896455,0.10723605074756,0.172669819155765,0.142253467093375,0.0945994480282468,0.134109255766658,0.161103573874227,0.197297500461819,0.413518645483036,0.197963163396732,0.232158151657913,0.21859786303232,0.0121998687943827,0.195419522793987,0.212577575491947,0.184980775213035,0.179006967435698,,,,,,,,,,0.140846769874316,0.0347445222938181,0.0462499085503079,0.104740296707941,0.0466113000987265,0.114337389068956,0.0627703673650593,0.110012146424453,-0.106318116546522,0.136358274131526,0.0911682772670481,-0.049471655811138,0.0850208069689675,0.061785007210861,0.0229151682140718,-0.0984364433713417,-0.0235892914238998,0.0275745007828143,0.195460287188851,0.103890565856276,0.230431343654787,0.153865899586498,0.194226980029414,0.147995879021159,0.140621833079376,0.133276995066555,0.125528585745083,0.119516444038348,0.113681697572157,0.107740785732709,0.102209797506932,,
,,,,,,,,QoQ % Change,,,,,,,,,,,,,,,,,0.0039066363205853,0.328255124980424,-0.0906710656634293,-0.0759211262116176,0.0445257489235915,0.00239800590200678,0.0668473594304033,-0.176715332867189,0.157874571050116,-0.0346914554155751,0.0634404522381566,-0.104305793993122,0.00907558256113861,0.0536898552154665,0.0247711321227084,-0.139508543876293,0.133295821313424,0.0750152506963115,-0.0189361729298984,0.0844716185520853,0.0497728342452513,0.00710502084691211,0.0543572131147541,0.108819182650892,-0.0870834743918363,0.0160932747023459,-0.0882065316740363,0.0861816320996838,0.0450745654472704,0.0719769413145086,0.0239947142525283,-0.166411506050363,0.0290161673438267,-0.0330940504556557,0.0181531607089975,0.0814710874824804,0.0191678638441872,0.04637141178704,0.0553627788658517,-0.0523257955405441,0.000588382499270068,0.0750853076195726,0.0801952897924452,-0.0856424899401345,-0.0384166356594199,-0.0301548395909032,-0.0142592565737961,0.0574574677767796,0.0579538047878441,0.00318719032180703,0.0031648181299011,0.0597487588318115,-0.0190514486597237,-0.00848905500846753,0.140794023334841,-0.0971836888884984,0.0016632312561633,0.0209556449899151,0.081617893384565,-0.144791892967479,-0.0356196676205249,-0.0215937193268546,-5.49477962935585e-05,0.000967251436489125,0.00158468440761839,-0.0450105267789859,0.12328971710438,-0.0274230433179987,0.0237395822967936,-0.0289567880964907,-0.0238466100538252,0.137986941836005,-0.0819221791577988,0.0819836717323066,0.108802551591165,0.00527712047969287,-0.0276669989104261,0.0539195092992189,0.0625440814221545,0.0415628191665711,-0.00452331482140389,0.086772293673594,0.254429972632985,-0.117271007558012,0.0238918440115625,0.0748120222160038,0.041962974193376,0.0425129496986492,0.0385879317711975,0.0503505994468794,0.03671015773497,,,,,,,,,,,,,,,,,,na,na,na,na,na,na,na,na,na,na,na,na,na,na,na,na,na,na,na,na,na,na,na,,
,,,,,,,,,,,,,,,,,,,,,,,,,,,,,,,,,,,,,,,,,,,,,,,,,,,,,,,,,,,,,,,,,,,,,,,,,,,,,,,,,,,,,,,,,,,,,,,,,,,,,,,,,,,,,,,,,,,,,,,,,,,,,,,,,,,,,,,,,,,,,,,,,,,,,,,,,,,,,
,,,,,,,,R&D expense per R&D Employee,,,,,,,,,,,,,,,,,,,,,,,,,,,,,,,,,,,,,,,,,,,,,,,,,,,,,,,,,,,,,,,,,,,,,,,,,,,,,,,,,,,,,,,,,,,,,,,,,,,,,,,,,,,,,,,,,,,,224957.128614158,231236.502627807,254696.617050068,267827.91983414,284087.813620072,284520.354695687,305006.310475389,351564.509215602,266585.637597488,295595.116441672,366359.447004608,411552.965375386,393095.468892225,408801.780894272,431589.03419854,432069.549367812,399346.455207873,406324.232996158,419444.467653012,501429.203760245,553522.967475758,681072.008614982,785865.76590371,938502.100323689,1077396.5436243,1228902.02054213,1392686.3890712,1567508.34187774,1754851.36489941,1954345.847048,2164908.6042024,2386183.47425895,,
,,,,,,,,Y/Y % Change,,,,,,,,,,,,,,,,,,,,,,,,,,,,,,,,,,,,,,,,,,,,,,,,,,,,,,,,,,,,,,,,,,,,,,,,,,,,,,,,,,,,,,,,,,,,,,,,,,,,,,,,,,,,,,,,,,,,,0.0279136476018047,0.101455065076907,0.0515566438854218,0.0607102269098814,0.00152256117608052,0.0720017230458359,0.15264667366274,-0.241716297835967,0.108818611181088,0.239396142313807,0.123358408634701,-0.0448484108632897,0.0399554643718203,0.0557415705343052,0.00111336278542074,-0.075735710160133,0.017472992929543,0.032290061953993,0.195460287188851,0.103890565856276,0.230431343654787,0.153865899586498,0.194226980029414,0.147995879021159,0.140621833079377,0.133276995066555,0.125528585745083,0.119516444038348,0.113681697572157,0.107740785732709,0.102209797506932,,
,,,,,,,,QoQ % Change,,,,,,,,,,,,,,,,,,,,,,,,,,,,,,,,,,,,,,,,,,,,,,,,,,,,,,,,,,,,,,,,,,,,,,,,,,,,,,,,,,,,,,,,,,,,,,,,,,,,,,,,,,,,,,,,,,,,,,,,,,,,,,,,,,,,,,,,,,,,,,,,,,,,,
,,,,,,,,,,,,,,,,,,,,,,,,,,,,,,,,,,,,,,,,,,,,,,,,,,,,,,,,,,,,,,,,,,,,,,,,,,,,,,,,,,,,,,,,,,,,,,,,,,,,,,,,,,,,5497.51886427788,6431.39572998855,6865.07597894926,7166.98717034982,,,,,,,,,,,,,,,,,,,,,,,,,,,,,,,,,,,,,,,,,,,,,,
,,,,,,,,Sales and Marketing (ex-SBC),,,,,,,,,,,,,,,,82.952,97.024,104.996,154.769,175.014,182.112,192.299,240.704,275.302,319.219,350.902,384.205,404.322,441.959,444.304,449.639,375,412,436,529.922,553,573,586,826,948,1017,1100,1163,1172,1279,1471,1611,1317,1458,1473,1754,1582,1783,1887,2164,1860,1884,1973,2439,2145,2177,2268,2817,2318.5796519411,2579.8250166334,2751.38709677419,4008.8369447454,3206.01204819277,3397.90153027279,3492.91935483871,4732.63651137595,3456.47389558233,3774.95409181637,4190.48548387097,5306.88190682557,3983.27978580991,3373.85296074518,3733.28548387097,4788.47291440953,3909.38018741633,4673.79507651364,4897.40967741936,6959.27952329361,5095.43641231593,5872.77045908184,6134.44516129032,6351.41820151679,5677.09103078983,5866.6872920825,5966.97258064516,6796.27031419285,5573.33065595716,5863.27744510978,6293.52580645161,6415.64897074756,5278.51137884873,6151.21689953426,6188.17419354839,7062.03629469123,5789.61809051794,6595.65760488314,6571.68455097507,7643.48013844861,6230.24636451483,7060.15511024772,7143.28376751673,8369.33473642469,,,,,,20.076,43.849,120.328,246.3,439.741,790.129,1329.628,1740.224,1752.922,2538,4228,5533,6002,7416,8156,9407,11658.6287100941,14829.4694446802,16728.7953780952,15878.8911448356,20439.8644646429,23454.0702342049,24307.0212177103,24145.7828782661,24679.9387666226,26600.4403848248,28803.019978704,30911.1638921698,32914.0759187144,34973.3684428676,37086.2506537184,39317.6101528382,41684.6306531306,44190.6087133913,46855.1673517298,,
,,,,,,,,Period-to-period addition,,,,,,,,,,,,,,,,82.952,14.072,7.97199999999999,49.773,20.245,7.09799999999999,10.187,48.405,34.598,43.917,31.683,33.3030000000002,20.1169999999998,37.637,2.34499999999997,5.33500000000004,-74.639,37,24,93.922,23.078,20,13,240,122,69,83,63,9,107,192,140,-294,141,15,281,-172,201,104,277,-304,24,89,466,-294,32,91,549,-498.420348058902,261.245364692302,171.562080140794,1257.4498479712,-802.824896552625,191.889482080016,95.0178245659222,1239.71715653724,-1276.16261579362,318.480196234038,415.531392054601,1116.3964229546,-1323.60212101566,-609.42682506473,359.432523125791,1055.18743053857,-879.092726993203,764.414889097307,223.614600905716,2061.86984587425,-1863.84311097768,777.334046765906,261.674702208486,216.973040226471,-674.327170726967,189.596261292675,100.28528856266,829.297733547688,-1222.93965823569,289.946789152618,430.248361341833,122.123164295949,-1137.13759189883,872.705520685536,36.9572940141225,873.862101142838,-1272.41820417329,806.039514365205,-23.973053908072,1071.79558747354,-1413.23377393378,829.908745732892,83.1286572690133,1226.05096890795,,,,,,,23.773,76.479,125.972,193.441,350.388,539.499,410.596,12.6979999999999,785.078,1690,1305,469,1414,740,1251,2251.62871009409,3170.84073458613,1899.32593341502,-849.904233259649,4560.97331980735,3014.20576956195,852.950983505456,-161.238339444222,534.15588835649,1920.50161820215,2202.57959387921,2108.14391346579,2002.91202654467,2059.29252415319,2112.88221085079,2231.35949911978,2367.02050029241,2505.97806026073,2664.55863833844,,
,,,,,,,,Abs. change Y/Y,,,,,,,,,,,,,,,,82.952,97.024,104.996,154.769,92.062,85.088,87.303,85.935,100.288,137.107,158.603,143.501,129.02,122.74,93.402,65.4339999999999,-29.322,-29.959,-8.30399999999997,80.283,178,161,150,296.078,395,444,514,337,224,262,371,448,145,179,2,143,265,325,414,410,278,101,86,275,285,293,295,378,173.579651941098,402.8250166334,483.387096774194,1191.8369447454,887.432396251673,818.076513639388,741.532258064516,723.799566630552,250.461847389558,377.05256154358,697.566129032258,574.245395449621,526.805890227577,-401.101131071191,-457.2,-518.408992416034,-73.8995983935747,1299.94211576846,1164.12419354839,2170.80660888407,1186.0562248996,1198.9753825682,1237.03548387097,-607.861321776814,581.654618473896,-6.08316699933494,-167.472580645161,444.852112676056,-103.760374832665,-3.40984697272143,326.553225806451,-380.621343445288,-294.819277108433,287.939454424484,-105.351612903226,646.387323943663,511.106711669209,444.440705348879,383.510357426684,581.443843757386,440.628273996889,464.497505364576,571.599216541661,725.854597976075,,,,,,,23.773,76.479,125.972,193.441,350.388,539.499,410.596,12.6979999999999,785.078,1690,1305,469,1414,740,1251,2251.62871009409,3170.84073458613,1899.32593341502,-849.904233259649,4560.97331980735,3014.20576956195,852.950983505456,-161.238339444222,534.15588835649,1920.50161820215,2202.57959387921,2108.14391346579,2002.91202654467,2059.29252415319,2112.88221085079,2231.35949911978,2367.02050029241,2505.97806026073,2664.55863833844,,
,,,,,,,,% change Y/Y,,,,,,,,,,,,,,,,NA,NA,NA,NA,1.10982254797955,0.87697889182058,0.831488818621662,0.555246851759719,0.573028443438811,0.752871859075734,0.824772879734164,0.596172061951609,0.468648974580642,0.384500922564133,0.266176881294492,0.170310120898999,-0.0725214062059448,-0.0677868309051293,-0.0186899060102992,0.178549903366923,0.474666666666667,0.390776699029126,0.344036697247706,0.558719962560528,0.714285714285714,0.774869109947644,0.877133105802048,0.407990314769976,0.236286919831224,0.257620452310718,0.337272727272727,0.385210662080826,0.123720136518771,0.139953088350274,0.00135961930659412,0.0887647423960274,0.201214882308276,0.222908093278464,0.281059063136456,0.233751425313569,0.175726927939317,0.0566461020751543,0.0455749867514574,0.127079482439926,0.153225806451613,0.15552016985138,0.149518499746579,0.154981549815498,0.0809229146578545,0.185036755458613,0.213133640552995,0.423087307328859,0.382748289673258,0.317105427059915,0.269512152228202,0.180551011828824,0.0781225533855194,0.110966300283961,0.199708627130462,0.121337312525332,0.152411360867178,-0.10625324740789,-0.109104303489356,-0.0976861745781964,-0.0185524498321297,0.385298983356212,0.311822976993801,0.453340062204728,0.3033872808578,0.256531440283548,0.252589749551606,-0.0873454385245231,0.114152070874245,-0.00103582577281358,-0.0273003631529627,0.0700398082069009,-0.0182770320697551,-0.000581221872405391,0.054726785047694,-0.0560044444745561,-0.0528982210652278,0.0491089594719141,-0.0167396807676912,0.100751666260248,0.0968278128029128,0.0722524847697257,0.061974719106408,0.0823337376776834,0.0761066217335711,0.0704247450657054,0.0869791013412002,0.0949638888082989,,,,,,,1.18415022912931,1.7441446783279,1.04690512598896,0.785387738530248,0.796805392264992,0.682798631615851,0.308805169566225,0.00729676179618255,0.447868188088232,0.665878644602049,0.308656575212867,0.084764142418218,0.235588137287571,0.0997842502696871,0.153384011770476,0.239356724789421,0.271973729795581,0.128077807537232,-0.0508048675383117,0.287235001374183,0.147467013530151,0.03636686404484,-0.00663340596118556,0.0221221192557517,0.0778163040177173,0.0828023732695702,0.0731917665239437,0.0647957493134719,0.0625657098573533,0.0604140323029618,0.0601667588334669,0.0602025527770167,0.0601175546237573,0.0602969435343166,,
,,,,,,,,% change Q/Q,,,,,,,,,,,,,,,,NA,0.169640273893336,0.0821652374670183,0.474046630347823,0.130807849117071,0.0405567554595632,0.0559381040238975,0.251717377625469,0.143736705663387,0.159522996563773,0.0992516109630066,0.0949068400864064,0.0523600681927612,0.0930866982256717,0.00530592204254243,0.0120075443840255,-0.165997611417159,0.0986666666666667,0.058252427184466,0.215417431192661,0.0435498054430652,0.0361663652802893,0.0226876090750436,0.409556313993174,0.147699757869249,0.0727848101265822,0.0816125860373649,0.0572727272727274,0.00773860705073082,0.091296928327645,0.150117279124316,0.0951733514615907,-0.182495344506518,0.107061503416857,0.0102880658436213,0.190767141887305,-0.0980615735461802,0.127054361567636,0.058328659562535,0.146793852676206,-0.140480591497227,0.0129032258064516,0.0472399150743099,0.236188545362392,-0.120541205412054,0.0149184149184149,0.0418006430868168,0.242063492063492,-0.176933030904829,0.112674742260241,0.0665014406150217,0.457023967818077,-0.200263794117377,0.0598530133996797,0.0279636780876031,0.354922925666712,-0.269651517230634,0.0921402000579501,0.110075879586303,0.26641219191704,-0.249412393992276,-0.152996238736671,0.106534732635889,0.282643112908811,-0.183585193590179,0.195533525124478,0.0478443314790169,0.421012327267817,-0.2678212744206,0.15255494993266,0.0445572841696587,0.0353696274922495,-0.106169543451875,0.0333967273493407,0.0170940231803391,0.138981321321578,-0.1799427629713,0.0520239704139396,0.0733801811989432,0.0194045703555801,-0.17724435939118,0.165331749436501,0.00600812727265732,0.141214851717313,-0.180177239407536,0.139221534436842,-0.00363467228655456,0.163092975501162,-0.184894020568571,0.133206409053058,0.0117743386612503,0.171636884213291,,,,,,,,,,,,,,,,,,,,,,,,,,,,,,,,,,,,,,,,,,
,,,,,,,,% of net revenue,,,,,,,,,,,,,,,,0.104379426109453,0.108991850100259,0.100133898427933,0.119958021784338,0.114309414096816,0.108997474848739,0.103144059691918,0.107943950799543,0.108430541349232,0.117183935156208,0.116569017002237,0.113442595457218,0.109286760911796,0.113520404231776,0.109807965071347,0.106612584125587,0.0920697274736067,0.101228501228501,0.0994072047423621,0.107008190158523,0.109202211690363,0.112617924528302,0.106914796569969,0.129649976455815,0.14502065167508,0.14705031810295,0.14647137150466,0.143032837289386,0.144068838352797,0.138916042141849,0.139643060565787,0.142025919069029,0.131845029532486,0.144442242916584,0.136616583194213,0.141497257179735,0.129799803085002,0.140815037118939,0.143225806451613,0.149447513812155,0.133687917774743,0.131289198606272,0.130584419882189,0.141194859326155,0.130244702167709,0.124222539229672,0.124144726038645,0.132777149321267,0.115231830025401,0.123324490493494,0.12354679374828,0.154942872675971,0.128973048845151,0.129508005117688,0.128614749055111,0.148638081387436,0.117252074208159,0.119061190052872,0.12694978593326,0.141238140917272,0.118173666769808,0.106757363565015,0.0982262605275599,0.103128724035354,0.0857282616423914,0.091731174589579,0.0913355031223304,0.112431411730486,0.090955827498901,0.102186676046734,0.107121942536415,0.100619713915954,0.0977696247509701,0.0945218440086117,0.0931597099287312,0.0939697792460712,0.0824542579254829,0.0821705198669999,0.0844213310232413,0.0786029204585531,0.069012778532656,0.0752691029396163,0.0707462466394008,0.0726315300129714,0.061512778532656,0.0652691029396163,0.0617462466394008,0.0656315300129714,0.056012778532656,0.0592691029396163,0.0562462466394008,0.0602315300129714,,,,,,0.232291208664059,0.127095603580207,0.12808563454165,0.125629742675806,0.10928880670832,0.108294453063184,0.114032435095247,0.109747959045316,0.100274907338831,0.115342664970005,0.145322059531175,0.141079578775593,0.138739280183075,0.14124369107704,0.134485374138443,0.12802297254998,0.130727029928283,0.134699476303491,0.12695643386934,0.106036709058729,0.0963821760855701,0.100282067522393,0.094761259756851,0.0818173844979504,0.0719720590435467,0.0636275433886408,0.0580352394613255,0.0530021659267416,0.0484723997456162,0.0446220984916596,0.0413493424257965,0.0385674997698128,0.0362029335122267,0.0341930521932785,0.0324846530721726,,
,,,,,,,,Y/Y change in bp,,,,,,,,,,,,,,,,,,,,99.2998798736264,0.0562474848035677,30.1016126398462,-120.140709847944,-58.7887274758393,81.8646030746911,134.249573103188,54.9864465767436,8.56219562564445,-36.6353092443271,-67.6105193088933,-68.3001133163057,-172.170334381894,-122.919030032745,-104.007603289853,3.95606032935564,171.324842167567,113.894232998007,75.0759182760692,226.417862972928,358.18439984717,344.323935746478,395.565749346915,133.828608335709,-9.51813322283779,-81.3427596110108,-68.2831093887346,-10.0691822035692,-122.238088203108,55.2620077473551,-30.2647737157441,-5.28661889293958,-20.4522644748409,-36.2720579764556,66.0922325740032,79.502566324193,38.881146897414,-95.2583851266678,-126.413865694235,-82.5265448599979,-34.4321560703401,-70.6665937659988,-64.3969384354472,-84.1771000488795,-150.128721423078,-8.98048736177937,-5.97932290364783,221.65723354704,137.412188197501,61.8351462419432,50.6795530683128,-63.0479128853539,-117.20974636992,-104.46815064816,-16.6496312185155,-73.9994047016379,9.2159256164831,-123.03826487857,-287.235254056998,-381.094168819182,-324.454051274163,-150.261889754362,-68.9075740522949,93.0268769513225,52.2756585650956,104.555014571548,157.864394140843,-118.116978145313,68.137972520691,-76.6483203812209,-139.622326076835,-66.4993466988331,-153.153668254872,-123.513241416118,-87.3837890548994,-153.668587875181,-134.414793928268,-69.0141692738361,-136.750843838405,-59.7139044558166,-75,-100,-90,-70,-55,-60,-55,-54,,,,,,,-1051.95605083853,9.90030961442734,-24.5589186584314,-163.409359674861,-9.94353645136128,57.3798203206301,-42.8447604993147,-94.7305170648474,150.677576311745,299.793945611694,-42.4248075558134,-23.4029859251864,25.0441089396547,-67.5831693859752,-64.6240158846251,27.0405737830298,39.7244637520758,-77.4304243415053,-209.197248106115,-96.5453297315876,38.9989143682329,-55.2080776554235,-129.438752589006,-98.4532545440364,-83.4451565490592,-55.9230392731535,-50.3307353458381,-45.2976618112543,-38.5030125395662,-32.7275606586313,-27.8184265598366,-23.6456625758611,-20.0988131894819,-17.0839912110596,,
,,,,,,,,,,,,,,,,,,,,,,,,,,,,,,,,,,,,,,,,,,,,,,,,,,,,,,,,,,,,,,,,,,,,,,,,,,,,,,,,,,,,,,,,,,,,,,,,,,,,,,,,,,,,,,,,,,,,,,,,,,,,,,,,,,,,,,,,,,,,,,,,,,,,,,,,,,,,,
,,,,,,,,Advertising & Promotional Expenses,,,,,,,,,,,,,,,,,,,,,,,,,,,,,,,,,,,,,,,,,,,,,,,,,,,,,,,,,,,,,,,,,,,,,,,,,,,,,,,,,,,,,,,,,,,,,,,,,,,,,,,,,,,,,,,,,,,,,,,,,,,,,2389,3004,3186,3900,5100,6400,6800,5400,7900,9200,8700,9200,9752,10395.632,11047.4381264,11705.478778399,12367.8537796626,13032.7175970356,13698.2925141025,14362.8797611092,15024.8686457977,15682.7437650434,16335.0904050949,,
,,,,,,,,Abs. change Y/Y,,,,,,,,,,,,,,,,,,,,,,,,,,,,,,,,,,,,,,,,,,,,,,,,,,,,,,,,,,,,,,,,,,,,,,,,,,,,,,,,,,,,,,,,,,,,,,,,,,,,,,,,,,,,,,,,,,,,,,,,,,,,,,615,182,714,1200,1300,400,-1400,2500,1300,-500,500,552,643.632000000001,651.806126400001,658.040651999017,662.37500126357,664.863817373005,665.574917066859,664.587247006706,661.988884688512,657.875119245735,652.346640051541,,
,,,,,,,,% change Y/Y,,,,,,,,,,,,,,,,,,,,,,,,,,,,,,,,,,,,,,,,,,,,,,,,,,,,,,,,,,,,,,,,,,,,,,,,,,,,,,,,,,,,,,,,,,,,,,,,,,,,,,,,,,,,,,,,,,,,,,,,,,,,,,0.257429886982001,0.0605858854860186,0.224105461393597,0.307692307692308,0.254901960784314,0.0625,-0.205882352941177,0.462962962962963,0.164556962025316,-0.0543478260869565,0.0574712643678161,0.06,0.066,0.0627,0.059565,0.05658675,0.0537574125,0.051069541875,0.04851606478125,0.0460902615421875,0.0437857484650781,0.0415964610418242,,
,,,,,,,,,,,,,,,,,,,,,,,,,,,,,,,,,,,,,,,,,,,,,,,,,,,,,,,,,,,,,,,,,,,,,,,,,,,,,,,,,,,,,,,,,,,,,,,,,,,,,,,,,,,,,,,,,,,,,,,,,,,,,,,,,,,,,,,,,,,,,,,,,,,,,,,,,,,,,
,,,,,,,,Other S&M Expenses,,,,,,,,,,,,,,,,,,,,,,,,,,,,,,,,,,,,,,,,,,,,,,,,,,,,,,,,,,,,,,,,,,,,,,,,,,,,,,,,,,,,,,,,,,,,,,,,,,,,,,,,,,,,,,,,,,,,,,,,,,,,,3613,4412,4970,5507,6558.62871009409,8429.46944468022,9928.79537809523,10478.8911448356,12539.8644646429,14254.0702342049,15607.0212177103,14945.7828782661,14927.9387666226,16204.8083848248,17755.581852304,19205.6851137707,20546.2221390518,21940.650845832,23387.958139616,24954.730391729,26659.7620073329,28507.8649483479,30520.0769466348,,
,,,,,,,,Abs. change Y/Y,,,,,,,,,,,,,,,,,,,,,,,,,,,,,,,,,,,,,,,,,,,,,,,,,,,,,,,,,,,,,,,,,,,,,,,,,,,,,,,,,,,,,,,,,,,,,,,,,,,,,,,,,,,,,,,,,,,,,,,,,,,,,,799,558,537,1051.62871009409,1870.84073458613,1499.32593341502,550.095766740351,2060.97331980735,1714.20576956195,1352.95098350546,-661.238339444222,-17.8441116435097,1276.86961820215,1550.7734674792,1450.10326146677,1340.5370252811,1394.42870678018,1447.30729378393,1566.77225211308,1705.03161560389,1848.10294101499,2012.2119982869,,
,,,,,,,,% change Y/Y,,,,,,,,,,,,,,,,,,,,,,,,,,,,,,,,,,,,,,,,,,,,,,,,,,,,,,,,,,,,,,,,,,,,,,,,,,,,,,,,,,,,,,,,,,,,,,,,,,,,,,,,,,,,,,,,,,,,,,,,,,,,,,0.221145862164406,0.126473254759746,0.108048289738431,0.190962177246066,0.28524876422823,0.177867176962274,0.0554040793260746,0.196678569451795,0.136700502178096,0.0949168175317978,-0.0423680041322601,-0.00119392284692277,0.0855355610820903,0.0956983526526269,0.0816702754958496,0.0697989692812324,0.0678678881861115,0.0659646472638196,0.0669905531196922,0.0683249864390041,0.0693218094185035,0.0705844510605314,,
,,,,,,,,,,,,,,,,,,,,,,,,,,,,,,,,,,,,,,,,,,,,,,,,,,,,,,,,,,,,,,,,,,,,,,,,,,,,,,,,,,,,,,,,,,,,,,,,,,,,,,,,,,,,,,,,,,,,,,,,,,,,,,,,,,,,,,,,,,,,,,,,,,,,,,,,,,,,,
,,,,,,,,Sales & Marketing per Total Employee,,,,,,,,,,,,,,,,,,,,25775.2577319588,22930.2442709645,20505.3316272126,22550.4965336331,22495.6692269979,23155.3024807776,22047.1223925609,22862.5409104433,21106.8072666527,22544.3276882269,22079.4116185459,22235.1399465928,18597.5004959333,20822.8040028303,22171.3704551233,26689.5995970788,26817.3221473255,26278.376519147,25116.7973940251,33852.4590163934,36023.7118103055,35351.7797552837,35084.3619430358,35820.9874641944,35432.4757384285,37276.6751187666,40727.6150395925,42909.6526741956,33996.7474637962,36288.5161033401,34936.6728333571,39989.056586567,34264.6740307559,36699.3248806191,36595.2990458459,40373.1343283582,33562.4966166838,32967.032967033,32896.4919301054,39457.0809201799,33455.5096311316,32699.9624483665,32421.768901977,39096.2208374391,31335.5450851592,34121.9614400101,35228.5770575818,50041.6545343327,37695.6149111437,38153.804602313,37012.2425596439,47915.2434558317,33409.1175787735,35068.224474819,36727.7159924184,44633.5285143321,32371.7556222767,26462.0069392867,28256.563936626,35391.260333697,27925.1415223139,32444.2930285003,32643.3044326349,44468.2397654544,31087.5526967648,33748.8389387166,32843.3344288722,33387.3976340549,29768.031370974,32270.3621166487,32717.0734925522,37239.4292347089,30809.7551394851,32649.5831715304,34719.2614647381,34996.4214569234,28422.032096063,32876.0997928107,32540.7362662733,37008.8895015786,30135.4262467101,34100.1840806698,33628.5157659148,38854.6164012231,31478.6093599173,35474.601096612,35544.0302906739,41428.2483735506,,,,,,,,,81529.2949354518,77419.1901408451,74023.7024545625,79120.9759000298,86055.9786371279,88286.1747670612,104016.393442623,130224.535682385,147373.748135521,136838.265468971,138358.208955224,131944.219756042,130556.673559741,145532.751343079,150139.913989736,140697.527969918,117359.74711817,130606.162713373,123290.632769142,133187.697766109,131711.693995113,129336.226635691,135219.806754904,142575.091469676,149480.941497025,155929.54391739,162674.676182603,169666.107910158,177165.213803082,185208.882881213,193773.357776485,202907.778387949,,
,,,,,,,,Y/Y % Change,,,,,,,,,,,,,,,,,,,,,,,,-0.127237854964085,0.0098149067735005,0.0751897503233847,0.013837583413953,-0.0617390817019262,-0.0263859560054511,0.00146455512016819,-0.0274423112596345,-0.11888613654439,-0.0763617220794577,0.00416491336662839,0.200334230465169,0.441985290076459,0.26199989759185,0.132848212737394,0.26837642855079,0.343300110741971,0.345280205172705,0.396848546916326,0.0581502350197864,-0.0164124139952692,0.0544497441658574,0.160848103942129,0.197891395849621,-0.0405201229863602,-0.0265087755889731,-0.142187118018226,-0.0680638482395592,0.00788094705956954,0.0113206276087212,0.0474752195322177,0.00960457121462244,-0.0204927504473506,-0.101699198165827,-0.101073285700078,-0.0226896777626423,-0.00318769449049461,-0.00810113906621601,-0.0144308101039153,-0.0091456355697167,-0.0633666791911512,0.043486257633748,0.0865717155683499,0.279961424977734,0.202966624920679,0.118159771365761,0.050631210540995,-0.0424928211964333,-0.11371342110944,-0.0808721478671852,-0.0076873636275071,-0.0684899982721505,-0.0310502650676379,-0.245413552137835,-0.230647396030317,-0.207070076874324,-0.137360918939561,0.226070762619748,0.155246777557509,0.25647516777228,0.113246021400606,0.0402087944733569,0.00612774961707863,-0.249185535335891,-0.0424453265479495,-0.0438082277364459,-0.00384433975768972,0.115373819872832,0.0349947148176839,0.0117513727770069,0.0611970374624644,-0.0602320664919046,-0.07749892956345,0.00693781051017517,-0.0627468761303412,0.0575049665330021,0.0602840129395383,0.0372332574597765,0.0334282387079536,0.0498725285871062,0.0445715651144589,0.0403052667601684,0.0569610189784415,0.0662374824590066,,,,,,,,,,-0.0504126130105849,-0.043858475916699,0.0688600174869141,0.0876506218257542,0.0259156442731001,0.178173068626715,0.251961651162411,0.131689564975393,-0.0714881910777079,0.0111075910020042,-0.0463578507384211,-0.0105161575010035,0.114709400714669,0.0316572222000788,-0.0628905783205919,-0.165872003499144,0.112870178408488,-0.0560121344372266,0.0802742655680817,-0.0110821329278284,-0.0180353565227849,0.0454905811949002,0.0543950245994944,0.0484365814264089,0.0431399639029804,0.0432575642547024,0.0429779968930579,0.044199197973557,0.0454020792539505,0.0462422469270278,0.0471397137164775,,
,,,,,,,,QoQ % Change,,,,,,,,,,,,,,,,,,,,,-0.110377692071212,-0.105751714421221,0.0997382019272668,-0.00243131261227347,0.029322677495101,-0.0478585882925353,0.0369852583644894,-0.0767952105878393,0.0681069573153932,-0.0206223080195794,0.00705310135692527,-0.163598675762636,0.11965605310152,0.0647639219055094,0.20378664237742,0.00478548019359204,-0.0200969218782461,-0.0442028496043321,0.347801572203883,0.064138702386749,-0.0186524936286451,-0.007564479471728,0.0209958363317158,-0.0108459245059684,0.0520482789278516,0.0925763875085663,0.0535763666122346,-0.207713291880345,0.0674114087526907,-0.0372526467087658,0.144615481196766,-0.143148727287905,0.0710542539432273,-0.00283454355390966,0.103232802600669,-0.168692320400068,-0.0177419354838709,-0.00213974478680368,0.199431264707912,-0.15210378337894,-0.0225836399174739,-0.00850745767151051,0.205863287584382,-0.198501941774592,0.0889219047340126,0.0324311842247773,0.420484694926472,-0.246715256281517,0.0121549865216237,-0.0299200054769871,0.294578229855109,-0.302745532127577,0.0496603028240292,0.0473218003606364,0.215254673705974,-0.274721118858394,-0.182558794522816,0.0678163603182738,0.252496956568133,-0.210959393392227,0.161830925819135,0.00613394176781168,0.362246884570837,-0.300904356441032,0.0856061674558513,-0.0268306862789771,0.0165654070953398,-0.108405162413411,0.0840610087543323,0.0138427754324153,0.138226169378695,-0.172657697160166,0.0597157628717222,0.0633906498081229,0.00798288847436313,-0.187858903486823,0.156711796035325,-0.0102008306536046,0.137309531005797,-0.185724655547293,0.131564684086475,-0.0138318407208341,0.155406818180343,-0.189836053588568,0.126943083508096,0.0019571522135744,0.165547295418004,,,,,,,,,,,,,,,,,,na,na,na,na,na,na,na,na,na,na,na,na,na,na,na,na,na,na,na,na,na,na,na,,
,,,,,,,,,,,,,,,,,,,,,,,,,,,,,,,,,,,,,,,,,,,,,,,,,,,,,,,,,,,,,,,,,,,,,,,,,,,,,,,,,,,,,,,,,,,,,,,,,,,,,,,,,,,,,,,,,,,,,,,,,,,,,,,,,,,,,,,,,,,,,,,,,,,,,,,,,,,,,
,,,,,,,,Sales & Marketing per S&M Employee,,,,,,,,,,,,,,,,,,,,,,,,,,,,,,,,,,,,,,,,,,,,,,,,,,,,,,,,,,,,,,,,,,,,,,,,,,,,,,,,,,,,,,,,,,,,,,,,,,,,,,,,,,,,,,,,,,,,168352.699931647,189135.913978495,180973.202015575,200034.301188506,217473.631592102,238882.801853366,289131.920710868,354311.572948965,361492.225271136,391060.724524368,420861.472107145,427418.50959019,448161.522996446,523992.450299542,595093.420885923,583749.28827202,513048.132412756,579310.099501189,558604.394775197,603445.952308879,596758.484050632,585995.732032782,612653.018460685,645978.294470808,677267.274730636,706484.560515186,737045.361786626,768722.095055535,802698.995121542,839143.198515116,877947.065507988,919333.238834256,,
,,,,,,,,Y/Y % Change,,,,,,,,,,,,,,,,,,,,,,,,,,,,,,,,,,,,,,,,,,,,,,,,,,,,,,,,,,,,,,,,,,,,,,,,,,,,,,,,,,,,,,,,,,,,,,,,,,,,,,,,,,,,,,,,,,,,,0.123450435040754,-0.0431579163957612,0.105325534171025,0.0871816998383772,0.0984449015934932,0.210350508565897,0.225432225116633,0.0202664910502506,0.0817956713482697,0.0762049106798499,0.0155800374175745,0.0485309197913415,0.169204457348511,0.135690830174626,-0.0190627760545807,-0.121115618091029,0.129153509977354,-0.0357420054368481,0.0802742655680819,-0.0110821329278282,-0.018035356522785,0.0454905811949005,0.0543950245994942,0.0484365814264089,0.0431399639029806,0.0432575642547024,0.0429779968930579,0.0441991979735572,0.0454020792539502,0.0462422469270278,0.0471397137164775,,
,,,,,,,,QoQ % Change,,,,,,,,,,,,,,,,,,,,,,,,,,,,,,,,,,,,,,,,,,,,,,,,,,,,,,,,,,,,,,,,,,,,,,,,,,,,,,,,,,,,,,,,,,,,,,,,,,6311.1247311828,,,,0.0279829133082294,,,,,,,,,,,,,,,,,,,,,,,,,,,,,,,,,,,,,,,,,,,,,,,
,,,,,,,,,,,,,,,,,,,,,,,,,,,,,,,,,,,,,,,,,,,,,,,,,,,,,,,,,,,,,,,,,,,,,,,,,,,,,,,,,,,,,,,,,,,,,,,,,,,,,,,,,2727.52428476381,2811.1247311828,,,,,,,,,,,,,,,,,,,,,,,,,,,,,,,,,,,,,,,,,,,,,,,,,,,
,,,,,,,,General and Administrative (ex-SBC),,,,,,,,,,,,,,,,57.266,71.568,92.434,114.077,116.029,150.66,168.686,222.815,229.96,278.908,288.046,337.46,374.05,441.371,376.414,375.716,410,324,344,428.652,370,418,479,508,523,585,592,721,671,766,1053,1007,915,991,1003,1058,1348,1229,1142,1407,1414,1260,1267,1367,1241,1353,1508,1722,1435.23828647925,1338.84697272122,1285.79569892473,1473.83640303359,955.674698795181,1328.92149035263,1374.13978494624,1634.41603466956,1583.87148594378,1545.35528942116,2145.71182795699,2396.44962080173,2299.22356091031,1984.76114437791,2226.44516129032,2303.7269772481,2091.17938420348,2655.29607451763,2597.83655913979,3493.13759479957,2553.99464524766,2794.77644710579,2751.61505376344,4261.65547128927,2796.98661311914,2439.9128409847,3003.30752688172,4280.20476706392,2067.62784471218,2100.50499001996,2605.80860215054,3454.50162513543,2534.74832663989,4127.52428476381,6311.1247311828,4184.20585048754,2930.91752196711,2880.65284856977,2889.7881908341,4545.87923224996,3152.23370195842,3038.31585961824,3092.69297346319,4965.28921928063,,,,,,12.275,24.3,56.699,139.7,335.345,658.19,1134.374,1567.551,1506.652,1775,2421,3497,3967,5126,5308,5824,5533.71736115879,5293.1520087636,7671.38822412366,8814.15684382665,10837.4496126605,12362.0416174062,12520.4117480495,10228.4430620181,17157.603193074,13247.2377936209,14248.5317543205,15180.5484373833,16036.986943084,16809.3776072082,17483.5008609698,18179.4806236343,18907.5646290643,19671.8725560736,20484.0147698615,,
,,,,,,,,Period-to-period addition,,,,,,,,,,,,,,,,57.266,14.302,20.866,21.643,1.95200000000004,34.631,18.026,54.1290000000001,7.14499999999993,48.948,9.13800000000009,49.414,36.59,67.321,-64.957,-0.698000000000036,34.284,-86,20,84.6520000000001,-58.6520000000001,48,61,29,15,62,7,129,-50,95,287,-46,-92,76,12,55,290,-119,-87,265,7,-154,7,100,-126,112,155,214,-286.76171352075,-96.3913137580262,-53.051273796493,188.040704108855,-518.161704238405,373.246791557447,45.2182945936083,260.276249723319,-50.5445487257807,-38.5161965226173,600.356538535831,250.737792844745,-97.2260598914254,-314.462416532397,241.684016912412,77.2818159577814,-212.547593044624,564.116690314151,-57.4595153778464,895.301035659782,-939.142949551909,240.781801858131,-43.1613933423473,1510.04041752583,-1464.66885817013,-357.073772134446,563.394685897023,1276.8972401822,-2212.57692235174,32.8771453077779,505.303612130578,848.69302298489,-919.753298495535,1592.77595812391,2183.60044641899,-2126.91888069526,-1253.28832852043,-50.2646733973397,9.1353422643333,1656.09104141585,-1393.64553029154,-113.917842340183,54.3771138449465,1872.59624581745,,,,,,,12.025,32.399,83.001,195.645,322.845,476.184,433.177,-60.8989999999999,268.348,646,1076,470,1159,182,516,-290.282638841209,-240.56535239519,2378.23621536005,1142.76861970299,2023.29276883382,1524.5920047457,158.370130643323,-2291.96868603138,6929.16013105593,-3910.36539945309,1001.29396069954,932.01668306279,856.438505700764,772.390664124203,674.12325376154,695.979762664516,728.084005429966,764.307927009355,812.142213787931,,
,,,,,,,,Y/Y Absolute Change,,,,,,,,,,,,,,,,57.266,71.568,92.434,114.077,58.763,79.092,76.252,108.738,113.931,128.248,119.36,114.645,144.09,162.463,88.368,38.256,35.95,-117.371,-32.414,52.9360000000001,-40,94,135,79.3479999999999,153,167,113,213,148,181,461,286,244,225,-50,51,433,238,139,349,66,31,125,-40,-173,93,241,355,194.23828647925,-14.1530272787759,-222.204301075269,-248.163596966414,-479.56358768407,-9.92548236859602,88.3440860215053,160.57963163597,628.196787148594,216.43379906853,771.572043010753,762.033586132178,715.352074966533,439.405854956753,80.7333333333336,-92.7226435536295,-208.044176706828,670.534930139721,371.391397849462,1189.41061755146,462.815261044177,139.480372588157,153.778494623656,768.517876489707,242.991967871486,-354.863606121091,251.692473118279,18.5492957746483,-729.358768406961,-339.407850964737,-397.498924731183,-825.703141928494,467.120481927711,2027.01929474385,3705.31612903226,729.704225352112,396.169195327217,-1246.87143619404,-3421.33654034869,361.673381762417,221.316179991311,157.663011048468,202.904782629081,419.409987030674,,,,,,,,32.399,83.001,195.645,322.845,476.184,433.177,-60.8989999999999,268.348,646,1076,470,1159,182,516,-290.282638841209,-240.56535239519,2378.23621536005,1142.76861970299,2023.29276883382,1524.5920047457,158.370130643323,-2291.96868603138,6929.16013105593,-3910.36539945309,1001.29396069954,932.01668306279,856.438505700764,772.390664124203,674.12325376154,695.979762664516,728.084005429966,764.307927009355,812.142213787931,,
,,,,,,,,% change Y/Y,,,,,,,,,,,,,,,,NA,NA,NA,NA,1.02614116578773,1.10513078470825,0.824934547893632,0.953198278355848,0.981918313525067,0.851241205363069,0.707586877393501,0.514529991248345,0.626587232562185,0.582496737275374,0.306784333057914,0.113364546909263,0.0961101457024463,-0.265923678719264,-0.0861126313048931,0.14089365371717,-0.0975609756097561,0.290123456790123,0.392441860465116,0.185110532553213,0.413513513513514,0.399521531100479,0.235908141962422,0.419291338582677,0.282982791586998,0.309401709401709,0.778716216216216,0.396671289875173,0.363636363636364,0.293733681462141,-0.0474833808167141,0.0506454816285997,0.473224043715847,0.240161453077699,0.138584247258225,0.329867674858223,0.0489614243323442,0.0252237591537836,0.109457092819615,-0.0284292821606255,-0.122347949080622,0.0738095238095238,0.190213101815312,0.259692757863936,0.156517555583602,-0.010460478402643,-0.14735033227803,-0.14411358708851,-0.334135169192341,-0.00741345543652561,0.0687077162378009,0.108953498031023,0.657333282905325,0.162864247918136,0.561494581165147,0.466242113371241,0.451647801803995,0.284339697132911,0.0376254314682147,-0.0386916723593,-0.0904845358423776,0.337841624942677,0.166809137860923,0.516298428285223,0.221317819284289,0.0525291224307238,0.0591948304378995,0.220007902818899,0.0951419253457062,-0.126973878890593,0.0914708155757595,0.0043526033250727,-0.260765913210287,-0.139106547276402,-0.132353720414339,-0.192912065395156,0.225920966929489,0.965015224612527,1.42194485273182,0.211232850505174,0.156295278376763,-0.30208700183708,-0.542112014272848,0.0864377601594997,0.0755108863803076,0.0547316942847684,0.0702144133859566,0.0922615770465791,,,,,,,0.979633401221996,1.33329218106996,1.46388825199739,1.40046528274875,0.962724954897196,0.723474984426989,0.381864358668305,-0.0388497726708732,0.178108813448626,0.363943661971831,0.444444444444444,0.13440091507006,0.292160322661961,0.0355052672649239,0.0972117558402412,-0.0498424860647679,-0.0434726489798196,0.449304348604108,0.148965035573276,0.229550347773867,0.140678117014232,0.0128110012524414,-0.183058571247742,0.677440358130984,-0.227908604450742,0.0755851126324385,0.0654114191646575,0.0564168356125869,0.0481630786921166,0.0401039984652651,0.0398078032654332,0.0400497693252808,0.0404233935995373,0.0412844385542335,,
,,,,,,,,% change Q/Q,,,,,,,,,,,,,,,,NA,0.249746795655363,0.291554884864744,0.234145444317026,0.0171112494192522,0.298468486326694,0.1196468870304,0.32088614348553,0.0320669613805171,0.212854409462515,0.0327634919041409,0.171548988703193,0.108427665501096,0.179978612484962,-0.147170974078496,-0.0018543412306663,0.0912497737652909,-0.209756097560976,0.0617283950617285,0.246081395348837,-0.136828942825416,0.12972972972973,0.145933014354067,0.0605427974947808,0.0295275590551181,0.118546845124283,0.0119658119658119,0.217905405405405,-0.0693481276005548,0.141579731743666,0.37467362924282,-0.043684710351377,-0.0913604766633565,0.0830601092896175,0.012108980827447,0.0548354935194417,0.274102079395085,-0.0882789317507419,-0.0707892595606184,0.232049036777583,0.00497512437810954,-0.108910891089109,0.00555555555555554,0.0789265982636149,-0.0921726408193123,0.0902497985495567,0.114560236511456,0.141909814323608,-0.166528288920296,-0.0671604949966054,-0.0396245985369527,0.146244620561499,-0.351573419663049,0.39055841075211,0.0340263099978988,0.189410315147453,-0.0309251424690041,-0.0243177535958145,0.388490946156923,0.116855296959183,-0.0405708757853621,-0.136768960565059,0.121769824846185,0.0347108553587698,-0.0922624925365594,0.269760066771613,-0.0216395888689305,0.344633319024597,-0.26885369501335,0.0942765492113171,-0.0154435942048403,0.548783310172882,-0.343685421789159,-0.127663740133616,0.230907709666239,0.425163666641884,-0.516932493365147,0.0159009008279023,0.240562919170107,0.325692770483786,-0.266247753888226,0.628376372274925,0.529033942811543,-0.337011067169424,-0.299528362920863,-0.017149808215553,0.00317127496597469,0.573083884372108,-0.306573373178187,-0.0361387679693317,0.0178971233924898,0.605490510013518,,,,,,,,,,,,,,,,,,,,,,,,,,,,,,,,,,,,,,,,,,
,,,,,,,,% of net revenue,,,,,,,,,,,,,,,,0.0720584460360682,0.0803958683209859,0.0881536131594307,0.0884185544333289,0.0757836916374657,0.0901728582449869,0.0904786756727329,0.0999216107642592,0.0905721254791803,0.10238593876476,0.0956883661860755,0.0996403957860847,0.101104349798075,0.113369372127693,0.0930292218039139,0.0890849184731064,0.10066290203781,0.0796068796068796,0.0784313725490196,0.0865585401772922,0.0730647709320695,0.0821540880503145,0.0873928115307426,0.0797363051326323,0.0800061190148386,0.0845864661654135,0.0788282290279627,0.0886729799532653,0.0824830977258759,0.0831975670685348,0.0999620277197646,0.0887772194304858,0.0916007608369206,0.0981771349316426,0.0930254127249119,0.085350112939658,0.110600590744995,0.0970620755015006,0.0866793168880456,0.0971685082872928,0.101631567598649,0.0878048780487805,0.0838573035938844,0.0791362741692717,0.075353694820572,0.0772039942938659,0.0825442005583228,0.0811651583710407,0.0713303656120099,0.0640014806023818,0.0577366726055111,0.0569642640217055,0.038445357582878,0.0506506647235823,0.050597974259748,0.0513321618928881,0.0537288064704968,0.048740152949636,0.0650038422235448,0.063779465076961,0.0682120497496161,0.0628029346700602,0.0585798711103303,0.0496150710124075,0.0458571857419298,0.0521146998982872,0.0484490219906711,0.0564337716048914,0.0455899510049385,0.0486293338745765,0.0480497163022289,0.0675135128445935,0.0481690940157604,0.039310951729336,0.0468893151844892,0.0591809740482263,0.0305893782597633,0.029437390372363,0.0349543065923156,0.0423236866141732,0.0331400298961888,0.0505062746688669,0.0721518775715422,0.0430336605659465,0.0311400298961888,0.0285062746688669,0.0271518775715422,0.0390336605659465,0.0283400298961888,0.0255062746688669,0.0243518775715422,0.0357336605659465,,,,,,0.142029019045195,0.0704331493762463,0.0603544261757612,0.071256496353269,0.0833432745311483,0.0902109985352483,0.0972869325320585,0.098858263619766,0.0861871718718028,0.0806671514270133,0.0832130336151784,0.0891659654759173,0.0916992210073739,0.0976287972574041,0.0875243214721499,0.0792607411641421,0.0620490156325622,0.0480789151786544,0.0582189015855417,0.058859537251178,0.0511029306819908,0.0528561175016618,0.0488109990645496,0.0346588248158977,0.0500352955384038,0.0316870392106033,0.0287093837016287,0.0260294937435515,0.023617592781282,0.0214468819152394,0.0194932421358012,0.0178326483232786,0.0164211435826345,0.0152213645530869,0.0142015523779715,,
,,,,,,,,Y/Y change in bp,,,,,,,,,,,,,,,,,,,,37.2524560139742,97.7698992400107,23.2506251330218,115.030563309303,147.884338417147,122.130805197726,52.0969051334266,-2.81214978174543,105.322243188948,109.834333629335,-26.5914438216165,-105.554773129783,-4.41447760265168,-337.624925208134,-145.978492548943,-25.2637829581413,-275.981311057405,25.4720844343485,89.6143898172296,-68.2223504465999,69.4134808276911,24.3237811509907,-85.6458250277985,89.3667482063304,24.7697871103723,-13.8889909687871,211.337986918019,1.04239477220477,91.1766311104477,149.795678631077,-69.3661499485268,-34.2710649082781,189.998299080745,-11.1505943014201,-63.4609583686635,118.183953476349,-89.6902314634633,-92.5719745272007,-28.2201329416111,-180.322341180211,-262.778727780768,-106.008837549146,-13.1310303556159,20.2888420176899,-40.2332920856213,-132.025136914841,-248.075279528118,-242.008943493352,-328.850080291319,-133.508158787995,-71.3869834576304,-56.3210212881743,152.834488876188,-19.1051177394631,144.058679637967,124.47303184073,144.832432791192,140.627817204242,-64.2397111321449,-141.643940645535,-223.548640076863,-106.882347717729,-101.308491196592,68.187005924839,-2.67234736991286,-34.8536602371067,-3.99305688442202,110.797412397021,25.7914301082194,-93.1838214524054,-11.6040111773967,-83.3253879636713,-175.797157559971,-98.7356135697302,-119.350085921736,-168.572874340532,25.5065163642543,210.688842965039,371.975709792266,7.09973951773295,-20,-220,-450,-40,-28,-30,-28,-33,,,,,,,-715.958696689484,-100.787232004852,109.020701775078,120.867781778793,68.6772400410003,70.7593399681021,15.7133108770748,-126.710917479632,-55.2002044478954,25.4588218816512,59.5293186073891,25.3325553145656,59.2957625003021,-101.044757852542,-82.6358030800771,-172.1172553158,-139.701004539077,101.399864068873,6.40635665636283,-77.5660656918719,17.5318681967102,-40.4511843711221,-141.521742486518,153.76470722506,-183.482563278004,-29.7765550897467,-26.7988995807721,-24.1190096226949,-21.7071086604254,-19.5363977943828,-16.6059381252254,-14.1150474064416,-11.9977902954754,-10.1981217511541,,
,,,,,,,,,,,,,,,,,,,,,,,,,,,,,,,,,,,,,,,,,,,,,,,,,,,,,,,,,,,,,,,,,,,,,,,,,,,,,,,,,,,,,,,,,,,,,,,,,,,,,,,,,,,,,,,,,,,,,,,,,,,,,,,,,,,,,,,,,,,,,,,,,,,,,,,,,,,,,
,,,,,,,,G&A  per Total Employee,,,,,,,,,,,,,,,,16446.2952326249,17109.2517332058,18527.5606333935,20083.9788732394,17088.2179675994,18970.0327373458,17987.4173597782,20874.554993442,18790.6520673313,20231.249093283,18097.8889168133,20080.9282951503,19526.5191062852,22514.3338094267,18705.6601898325,18579.5668084265,20333.2672088871,16375.2147983423,17493.0078820239,21589.1211281793,17942.8737694583,19169.9151570741,20530.6244910205,20819.6721311475,19873.8410092719,20335.0945494994,18881.765700252,22207.1641974928,20285.9993348853,22325.2018303168,29154.4382302453,26821.8623481781,23619.6081468288,24665.2396834088,23789.1940610028,24121.107108659,29196.4479098982,25296.3938745266,22147.2345046932,26250,25514.7151698876,22048.0156785889,21125.116713352,22114.7312906461,19355.8449660766,20322.9440480661,21557.33135105,23899.0742925347,19397.2089750142,17708.2106277442,16463.2424543185,18397.6582578153,11236.6219729004,14921.9777038854,14560.8844248955,16547.5294840546,15309.1706467661,14355.9007247938,18806.1967812806,20155.3387396171,18685.5825442942,15566.9982617603,16851.5615329155,17026.6810832744,14937.529084635,18432.3879221805,17315.6781343468,22320.3680178886,15582.0692668216,16060.6413685438,14731.929466179,22402.1755905321,14666.100083997,13421.0103575655,16467.2171272321,23452.9197875307,11429.988914631,11696.6343509926,14375.3681112079,18843.7982420942,13648.2983789483,22060.1715887175,33187.276084614,21927.5015747172,15255.6606390126,14893.2522415974,14787.5764549898,23108.3734864272,15926.8073057721,15266.3845825457,15388.8290464407,24578.2062136453,,,,,,,,,46242.9659053294,59039.6126760563,61662.9192430204,67502.1719726272,77517.1100781327,75882.7499370436,72745.9016393443,74568.0229155758,93144.0443213296,90442.7522684784,95634.328358209,85870.5147701168,80829.3894771904,69076.4868450729,53590.142944423,64520.2081104438,65144.8019144474,69248.8793141244,64983.3448143137,68604.2440523911,55794.6524005068,89915.1199720891,67340.574388069,70530.3027141891,73410.4571661264,75974.7916368634,78186.9228167342,79985.3717061371,81916.7685674471,84008.1552381543,86260.0654284792,88706.6713094365,,
,,,,,,,,Y/Y % Change,,,,,,,,,,,,,,,,,,,,,,,,0.0996261929102145,0.0664846694467931,0.00614160192235813,-0.0380188559009324,0.0391613359832959,0.112849419510218,0.033582440240012,-0.0747655419439143,0.041315510368779,-0.272676023330256,-0.0648280945714908,0.161981942355508,-0.117560715396689,0.170666485487245,0.173647472720694,-0.0356405891867195,0.107617501222152,0.0607816666311851,-0.0803121595979568,0.066643319722097,0.0207387351756039,0.0978656517171861,0.544052536879867,0.207802225878363,0.164330519631379,0.104815977516241,-0.184028384524882,-0.100692308552639,0.236110596263985,0.0255888124023504,-0.0690212351078021,0.0882585066162571,-0.126102077601106,-0.128412698349419,-0.046151034844761,-0.157534046070624,-0.241385026750355,-0.0782415821754913,0.0204597514684879,0.0806857193260699,0.00213702935780424,-0.128659185113033,-0.236304244425104,-0.230193687311052,-0.420709340845146,-0.157341302429136,-0.115551844340605,-0.10056327538179,0.362435319412501,-0.037935787757154,0.291555940731641,0.218027063135862,0.220548322011244,0.0843623510766387,-0.103935701146696,-0.155227242606104,-0.20058531494934,0.184068219976547,0.0275414596163586,0.310905390705552,0.0431490495204816,-0.128672777702482,-0.149214408359948,0.00366515339612139,-0.0587835394092982,-0.164354022383456,0.11779092922193,0.0469036675814067,-0.220652467311131,-0.128483322837229,-0.127031118850369,-0.196526555635391,0.194078006626731,0.886027290136271,1.30862095689496,0.163645529049156,0.117770158259703,-0.324880489632526,-0.554420302007086,0.0538534637740735,0.0439932876484674,0.0250537850897392,0.0406593056868372,0.0636060659172508,,,,,,,,,,0.276726341405628,0.0444329908015806,0.0946963394093237,0.148364679429377,-0.0210838631553965,-0.0413380946302264,0.0250477516281971,0.249115112342259,-0.0290012321510571,0.057401792399234,-0.102095280593394,-0.0587061263860121,-0.145403827842026,-0.224191249554761,0.203956633915982,0.0096805918997418,0.0629993073747732,-0.0615971629008099,0.0557204195694128,-0.18671718971354,0.611536520142786,-0.251065066598671,0.0473671089845229,0.0408357024016834,0.0349314603086315,0.0291166468799822,0.0230019141899018,0.0241468761113703,0.0255306295314268,0.0268058521692451,0.0283631350011653,,
,,,,,,,,QoQ % Change,,,,,,,,,,,,,,,,,0.0403103854821836,0.0828971904969378,0.0840055672002891,-0.149161723608048,0.110123523313807,-0.0517982963536541,0.160508736519327,-0.0998298132231051,0.0766656218629231,-0.105448762290118,0.109572966628981,-0.0276087430180664,0.153013175921339,-0.169166614114935,-0.00674092120387204,0.0943886592482499,-0.19465894830787,0.0682612776349534,0.234157171469902,-0.168892811202106,0.0683860012270927,0.070981500063882,0.0140788528012594,-0.0454296838066242,0.0232090787086567,-0.0714689988635066,0.176116924128366,-0.0865110396591955,0.100522654160043,0.305898081093925,-0.0800075742720818,-0.119389703808799,0.0442696394487157,-0.0355174177770228,0.0139522611318841,0.210410773368577,-0.133579743926637,-0.124490446561421,0.185249562171629,-0.0280108506709492,-0.13587059342877,-0.0418585952899678,0.0468454016478235,-0.124753327920221,0.0499641882689426,0.0607386065751316,0.108628610070078,-0.188369861627934,-0.0870742976190887,-0.070304572246,0.117499077649153,-0.389236292171744,0.327977192778492,-0.0241987547599618,0.136437114751247,-0.0748364786708358,-0.0622679009834956,0.30999768957727,0.0717392237264811,-0.0729214335869235,-0.166897889061863,0.0825183667111125,0.0103918886102543,-0.122698721402114,0.233964989640778,-0.060584108393784,0.28902650215094,-0.301890127692636,0.030713000534613,-0.0827309365718904,0.520654551188435,-0.345326973948219,-0.0848957609248841,0.226972984038375,0.424218773963099,-0.512641111717438,0.0233285822368801,0.229017483135043,0.310839353560794,-0.275714046414483,0.61633128000367,0.504397912371064,-0.339279863800481,-0.3042681772463,-0.0237556672235137,-0.00709554803029977,0.562688352399336,-0.310777657496024,-0.0414661087151548,0.00802052792741859,0.597145964743177,,,,,,,,,,,,,,,,,,na,na,na,na,na,na,na,na,na,na,na,na,na,na,na,na,na,na,na,na,na,na,na,,
,,,,,,,,,,,,,,,,,,,,,,,,,,,,,,,,,,,,,,,,,,,,,,,,,,,,,,,,,,,,,,,,,,,,,,,,,,,,,,,,,,,,,,,,,,,,,,,,,,,,,,,,,,,,,,,,,,,,,,,,,,,,,,,,,,,,,,,,,,,,,,,,,,,,,,,,,,,,,
,,,,,,,,G&A  per G&A Employee,,,,,,,,,,,,,,,,,,,,,,,,,,,,,,,,,,,,,,,,,,,,,,,,,,,,,,,,,,,,,,,,,,,,,,,,,,,,,,,,,,,,,,,,,,,,,,,,,,,,,,,,,,,,,,,,,,,,251711.711711712,265725.039619651,251890.547263682,259582.151029748,315656.665324205,296935.750886874,290317.304546941,272973.277708874,185921.633260673,287151.646760767,338416.84822077,273664.67312848,242737.060414187,209139.416400279,151604.16378264,181147.651559827,172185.067929658,174212.255703934,160866.234502653,169829.768583692,138119.631464044,222584.83025297,166701.555021654,174597.725746255,181727.546514839,188075.555092907,193551.684617304,198003.743858182,202784.915730713,207962.142288796,213536.744731789,219593.316250326,,
,,,,,,,,Y/Y % Change,,,,,,,,,,,,,,,,,,,,,,,,,,,,,,,,,,,,,,,,,,,,,,,,,,,,,,,,,,,,,,,,,,,,,,,,,,,,,,,,,,,,,,,,,,,,,,,,,,,,,,,,,,,,,,,,,,,,,0.0556721330630385,-0.0520631867277992,0.0305354998415841,0.21601837442217,-0.0593078382111857,-0.0222891528560141,-0.0597416225847586,-0.318901707811272,0.544476786938311,0.178530062558592,-0.191338508802753,-0.113012806368959,-0.138411678697021,-0.275104777511284,0.194872535424182,-0.0494766758111027,0.0117733076314339,-0.0766078204277525,0.0557204195694125,-0.18671718971354,0.611536520142786,-0.251065066598671,0.0473671089845225,0.0408357024016837,0.0349314603086313,0.0291166468799824,0.0230019141899018,0.0241468761113701,0.025530629531427,0.0268058521692449,0.0283631350011653,,
,,,,,,,,QoQ % Change,,,,,,,,,,,,,,,,,,,,,,,,,,,,,,,,,,,,,,,,,,,,,,,,,,,,,,,,,,,,,,,,,,,,,,,,,,,,,,,,,,,,,,,,,,,,,,,,,,,,,,,,,,,,,,,,,,,,,,,,,,,,,,,,,,,,,,,,,,,,,,,,,,,,,
,,,,,,,,,,,,,,,,,,,,,,,,,,,,,,,,,,,,,,,,,,,,,,,,,,,,,,,,,,,,,,,,,,,,,,,,,,,,,,,,,,,,,,,,,,,,,,,,,,,,,,,,,,,,,,,,,,,,,,,,,,,,,,,,,,,,,,,,,,,,,,,,,,,,,,,,,,,,,
,,,,,,,,Stock-Based compensation,,,,,,,,,,,,,,,,48.908,47.338,46.308,58.155,114.664,109.149,99.86,134.427,183.866,241.524,197.956,245.3,281.049,272.776,280.039,286.172,278,293,318,275.054,291,309,380,396,432,435,571,536,556,635,762,708,655,743,856,873,839,880,1255,1201,1203,1132,1432,1436,1494,1503,1860,1846,2009,2003,1820,1847,2457,2413,2230,2253,2769,2760,2621,2644,3190,3329,3117,3223,3745,3803,3874,3954,4504,4782,4976,5100,5284,5774,5743,5659,5264,5865,5846,5810,5516,5998,6368,7071,6468.12034504245,6801.01981428092,7116.33267104654,7395.2503105156,7033.92893565446,7231.13459003057,7672.24194284182,8240.83584816282,,,,,,12.383,21.635,229.361,278.746,200.709,458.1,868.646,1120.036,1164.054,1376,1974,2661,3127,4175,5203,6703,7679,9353,10794,12859,15376,19362,22460,22785,24953,27780.7231408855,30178.1413166897,32452.6812574949,35909.8403131577,39368.8494728617,43029.1292282223,46668.93314469,50241.5177173762,53907.9036343431,57619.8835175213,,
,,,,,,,,Period-to-period addition,,,,,,,,,,,,,,,,48.908,-1.57,-1.03,11.847,56.509,-5.515,-9.289,34.567,49.439,57.658,-43.568,47.3440000000001,35.7489999999999,-8.27300000000003,7.26299999999998,6.13299999999998,-8.17199999999997,15,25,-42.946,15.946,18,71,16,36,3,136,-35,20,79,127,-54,-53,88,113,17,-34,41,375,-54,2,-71,300,4,58,9,357,-14,163,-6,-183,27,610,-44,-183,22.9999999999995,516.000000000001,-9,-139,22.9999999999991,546.000000000001,139,-212,106,522,58,71,79.9999999999996,550.000000000001,278,194,124,184,490,-31,-84,-395.000000000001,601.000000000001,-19,-36,-294.000000000001,482.000000000001,370,703,-602.879654957554,332.899469238469,315.312856765628,278.917639469057,-361.321374861139,197.205654376111,441.107352811251,568.593905321001,,,,,,,9.252,207.726,49.385,-78.037,257.391,410.546,251.39,44.018,211.946,598,687,466,1048,1028,1500,976,1674,1441,2065,2517,3986,3098,324.999999999996,2168,2827.7231408855,2397.41817580418,2274.53994080519,3457.1590556628,3459.00915970403,3660.27975536064,3639.8039164677,3572.58457268612,3666.38591696697,3711.97988317816,,
,,,,,,,,% of net revenue,,,,,,,,,,,,,,,,0.0615414814852098,0.0531771128797623,0.0441635925978202,0.0450746516218891,0.074892149530879,0.0653277399746587,0.0535622431777332,0.0602839233005277,0.0724175266279134,0.0886624316054749,0.0657606292631412,0.0724286999535547,0.0759665189316915,0.0700645122844582,0.0692105241695214,0.067853403339985,0.0682543579671004,0.071990171990172,0.0725034199726402,0.0555421943906127,0.0574644549763033,0.0607311320754717,0.0693304141580004,0.0621566473081149,0.0660853602569986,0.0628976286871024,0.0760319573901465,0.0659205509777395,0.0683466502765827,0.0689692625176496,0.0723371938484906,0.0624173499074319,0.0655721293422765,0.0736080840103032,0.079391578556854,0.0704259438528558,0.0688382015096817,0.0694992892118149,0.0952561669829222,0.0829419889502762,0.0864658952059225,0.0788850174216028,0.0947779469190549,0.0831307166840338,0.0907158904608659,0.0857631954350927,0.101811812359735,0.0870098039215686,0.0998459321107301,0.0957502748697356,0.0817242927705433,0.0713871603602211,0.0988414192614048,0.0919693562526203,0.0821120848368805,0.0707600502512563,0.0939312731096713,0.087049769759667,0.0794025871731952,0.0703678075264811,0.0946390957367906,0.105338100813214,0.0820112084615992,0.0694133356305996,0.0821235910705671,0.0746403407195148,0.0722491607609101,0.0638792852757763,0.0803984220203138,0.0832071827530407,0.0868927461320854,0.0807946390380685,0.0909998966693073,0.0930285014581017,0.0896629248567548,0.0782451191858857,0.0778778867634223,0.0821946605003153,0.0784182215723886,0.0711826613249041,0.07211777318725,0.0733942708906917,0.0728021035783697,0.0727237198012979,0.068721640717336,0.0673013198902304,0.0668636525180243,0.0635000790106788,0.0632382542576927,0.060704453895731,0.0604112655522089,0.0593067630047535,,,,,,0.143278643000949,0.0627086908129667,0.244148072137053,0.142179408249737,0.0498821968058932,0.0627868220863235,0.0744973922147744,0.0706355417792647,0.0665890478797092,0.0625340847118706,0.0678490410393896,0.0678497666947143,0.0722821941240378,0.0795162365489001,0.0857929624377535,0.0912233427237714,0.0861038538734961,0.0849554467586495,0.081916702082448,0.0858703563963699,0.0725040198801345,0.0827856901586704,0.0875606218909352,0.0772064055733639,0.0727683648770815,0.0664507482373456,0.0608059730926386,0.0556453455708641,0.0528842474192303,0.0502302396622484,0.0479753592606219,0.0457785725357805,0.043634555397912,0.0417119341929487,0.0399478228745793,,
,,,,,,,,Y/Y change in bp,,,,,,,,,,,,,,,,,,,,133.506680456692,121.506270948964,93.9865057991297,152.092716786385,-24.746229029656,233.346916308162,121.98386085408,121.447766530271,35.4899230377811,-185.979193210167,34.4989490638024,-45.7529661356973,-77.1216096459113,19.2565970571382,32.928958031188,-123.112089493722,-107.899029907971,-112.590399147003,-31.7300581463985,66.1445291750216,86.2090528069531,21.6649661163067,67.015432321461,37.6390366962461,22.6129001958404,60.7163383054725,-36.9476354165586,-35.0320107030761,-27.7452093430616,46.3882149265353,70.5438470836341,80.0859394542387,32.6607216740515,-41.0879479848827,158.645884260682,125.160450974205,176.276936962409,93.8572820978791,-4.78220063867343,1.88727733757568,42.4999525494335,68.7817801348994,70.3386544068022,38.7908723753481,91.3004164986421,99.8707943464292,-200.875195891917,-156.226435613475,-10.045128493253,-37.809186171153,3.87792066337156,-6.27110108964796,-49.1014615173348,-49.1958649295339,-27.0949766368529,-3.92242724775213,7.07822627119284,182.88331053547,26.0862128840397,-9.54471895881492,-125.155046662235,-306.977600936991,-97.6204770068907,-55.3405035482331,-17.2516905025324,85.6684203352583,146.435853711752,169.153537622923,106.014746489935,98.2131870506107,27.7017872466942,-25.495198521828,-131.220099058851,-108.338409577864,-112.447032843661,-70.6245786098161,-57.601135761723,-88.0038960962359,-56.161179940189,15.4105847639381,-33.9613246991394,-60.9295100046131,-59.3845106034545,-92.2364079061916,-54.833864596433,-65.9686599449942,-64.5238696581537,-41.9331600592528,,,,,,,-805.699521879821,1814.39381324086,-1019.68663887315,-922.972114438443,129.046252804303,117.105701284509,-38.6185043550967,-40.4649389955558,-40.5496316783859,53.1495632751899,0.00725655324732011,44.3242742932352,72.3404242486229,62.767258888534,54.303802860179,-51.1948885027534,-11.4840711484657,-30.3874467620155,39.5365431392197,-133.663365162355,102.81670278536,47.7493173226476,-103.542163175713,-44.3804069628242,-63.1761663973586,-56.4477514470702,-51.6062752177449,-27.6109815163382,-26.5400775698185,-22.5488040162654,-21.9678672484137,-21.4401713786846,-19.2262120496336,-17.6411131836935,,
,,,,,,,,SBC per Core Google employee ($'000),,,,,,,,,,,,,,,,,,,,,,,,,,,,,,,,,,,,,,,,,,,,,,,,,,,,,,,,,,,,,,,,,,,,,,,,,,,,,,,,,,,,,,,,,,,,,,,,,,,,,,,,,,,,,,,,,,,,,,,,,,,60.8001971232328,70.8768378435969,71.2917787606584,77.8917910447761,84.1718704500599,93.0287427310452,95.8556984146798,94.6937866377783,90.7829334140742,95.0399479678643,98.2492012779553,101.779913159582,123.06714446965,124.288823551873,130.767215176606,141.219617430284,149.381948899563,156.935447833526,170.12189666225,183.119760115228,196.854218321574,210.290286881638,223.22796735619,236.38315474827,249.524720886116,,
,,,,,,,,% change Y/Y,,,,,,,,,,,,,,,,NA,NA,NA,NA,1.34448352007851,1.3057374625037,1.15643085428004,1.31152953314418,0.603519849298821,1.21279168842591,0.982335269377128,0.824782223809206,0.528553403021766,0.129395008363558,0.41465275111641,0.166620464737056,-0.010848642051742,0.0741414200662816,0.135556118969144,-0.0388507610807486,0.0467625899280575,0.0546075085324231,0.194968553459119,0.439717291877231,0.484536082474227,0.407766990291262,0.502631578947368,0.353535353535354,0.287037037037037,0.459770114942529,0.334500875656742,0.32089552238806,0.178057553956835,0.17007874015748,0.123359580052493,0.233050847457627,0.280916030534351,0.184387617765814,0.466121495327103,0.375715922107675,0.433849821215733,0.286363636363636,0.141035856573705,0.195670274771024,0.241895261845386,0.32773851590106,0.298882681564246,0.285515320334262,0.34471218206158,0.332667997338656,-0.021505376344086,0.000541711809317391,0.222996515679442,0.204692960559161,0.225274725274725,0.219815917704385,0.126984126984127,0.143804392871944,0.175336322869955,0.173546382600976,0.152040447815096,0.206159420289855,0.189240747806181,0.218986384266263,0.173981191222571,0.14238510063082,0.242861726018607,0.226807322370462,0.202670226969292,0.257428346042598,0.284460505937016,0.289833080424886,0.173179396092362,0.207444583856127,0.154139871382637,0.109607843137255,-0.00378501135503428,0.0157603048146866,0.0179348772418597,0.0266831595688284,0.0478723404255319,0.0226768968456947,0.0892918234690387,0.217039586919105,0.172610649935179,0.133881262801086,0.117514552614093,0.0458563584380709,0.0874765094693519,0.0632426882283879,0.078117381169805,0.114341706114376,,,,,,,0.747153355406606,9.60138664201525,0.215315594194305,-0.27995738055434,1.28240886058921,0.896192970967038,0.289404429422343,0.0393005224832059,0.182075745626921,0.434593023255814,0.348024316109423,0.175122134535889,0.3351455068756,0.24622754491018,0.288295214299443,0.145606444875429,0.217997135043625,0.154068213407463,0.191309987029831,0.195738393343184,0.25923517169615,0.160004131804566,0.0144701691896703,0.0951503181917928,0.113321970940789,0.0862979038971035,0.0753704450163497,0.106529227222616,0.0963248271097608,0.0929740087498314,0.0845892998940909,0.0765516657860992,0.0729752221577282,0.0688578043834998,,
,,,,,,,,% change Q/Q,,,,,,,,,,,,,,,,NA,-0.0321010877566043,-0.0217584181841227,0.255830526043016,0.971696328776546,-0.048097048768576,-0.085103848867145,0.346154616463048,0.367775818845916,0.313587068843614,-0.180387870356569,0.239164258724161,0.145735833673053,-0.0294361481449855,0.0266262427779569,0.0219005209988608,-0.0285562528828816,0.0539568345323742,0.0853242320819112,-0.135050314465409,0.0579740705461473,0.0618556701030928,0.229773462783172,0.0421052631578946,0.0909090909090908,0.00694444444444442,0.31264367816092,-0.0612959719789843,0.0373134328358209,0.142086330935252,0.2,-0.0708661417322835,-0.0748587570621468,0.134351145038168,0.152086137281292,0.0198598130841121,-0.0389461626575028,0.0488676996424315,0.426136363636364,-0.0430278884462152,0.00166527893422153,-0.059019118869493,0.265017667844523,0.0027932960893855,0.0403899721448469,0.00602409638554224,0.2375249500998,-0.00752688172043015,0.0882990249187432,-0.00298656047784973,-0.09136295556665,0.0148351648351648,0.330265295073092,-0.0179080179080179,-0.0758392043099876,0.0103139013452913,0.229027962716378,-0.00325027085590468,-0.0503623188405795,0.00877527661197974,0.206505295007565,0.0435736677115988,-0.063682787623911,0.0340070580686556,0.16196090598821,0.0154873164218958,0.0186694714698923,0.020650490449148,0.139099645928174,0.0617229129662522,0.0405687996654121,0.02491961414791,0.0360784313725491,0.0927327781983347,-0.0053688950467613,-0.0146265018283127,-0.069800318077399,0.114171732522796,-0.00323955669224207,-0.00615805679096815,-0.0506024096385543,0.087382160986222,0.0616872290763588,0.110395728643216,-0.0852608761077009,0.0514677296463142,0.0463625846381932,0.0391940135968993,-0.0488585726905499,0.0280363444356808,0.061001126077697,0.07411052852048,,,,,,,,,,,,,,,,,,,,,,,,,,,,,,,,,,,,,,,,,,
,,,,,,,,,,,,,,,,,,,,,,,,,,,,,,,,,,,,,,,,,,,,,,,,,,,,,,,,,,,,,,,,,,,,,,,,,,,,,,,,,,,,,,,,,,,,,,,,,,,,,,,,,,,,,,,,,,,,,,,,,,,,,,,,,,,,,,,,,,,6602.38822412366,,,,,,,,,,,,,,,,,,
,,,,,,,,Operating Expense Roll-up for Model,,,,,,,,,,,,,,,,,,,,,,,,,,,,,,,,,,,,,,,,,,,,,,,,,,,,,,,,,,,,,,,,,,,,,,,,,,,,,,,,,,,,,,,,,,,,,,,,,,,,,,,,,,,,,,,,,,,,,,,,,,,,,,,,,,,,,,,,,,,,,,,,,,,,,
,,,,,,,,GAAP Operating Expenses,,,,,,,,,,,,,,,,,,,,,,,,,,,,,,,,,,,,,,,,,,,,,,,,,,,,,,,,,,,,,,,,,,,,,,,,,,,,,,,,,,,,,,,,,,,,,,,,,,,,,,,,,,,,,,,,,,,,,,,,,,,,,,,,,,,,,,,,,,,,,,,,,,,,,
,,,,,,,,Cost of Revenues - Core Google,,,,,,,,,,,,,,,,546.781,598.119,655.154,777.034,904.119,989.032,1048.728,1283.148,1470.426,1560.255,1662.579,1955.825,2110.536,2147.575,2173.39,2190.005,2102,2108,2226,2408.115,2452,2467,2552,2946,2936,3172,3378,3702,3789,3984,4440,4963,5136,5195,5409,6253,5961,6114,6695,6921,6356,6583,7037,8188,7648,8130,8699,10661,9795,10373,11148,14267,13467,13883,14281,17918,16012,17296,17568,21020,18982,18553,21117,26080,24103,26227,27621,32988,29599,30104,31158,35342,30612,31916,33229,37575,33712,35507,36474,40613,36361,39039,41369,45766,41957.7577708387,45126.5631398739,47934.9888932759,53759.2264285698,50246.3498727245,54262.2069428115,58182.566082816,64439.519190998,,,,,,14.228,131.51,625.854,1457.653,2577.088,4225.027,6649.085,8621.506,8844.115,10417,13188,17176,21993,25691,28164,35138,45583,59549,71896,84732,110939,126203,133332,146306,162535,188778.536232558,227130.64208935,271442.794622448,317918.858646171,367759.197111394,422023.797150426,474137.71466527,522837.668675667,554749.325038299,588497.053169111,,
,,,,,,,,Cost of Revenues - Motorola,,,,,,,,,,,,,,,,,,,,,,,,,,,,,,,,,,,,,,,,,,,,0,693,1515,1250,808,868,1004,1185,,,,,,,,,,,,,,,,,,,,,,,,,,,,,,,,,,,,,,,,,,,,,,,,,,,,,,,,,,,,,,,,,,,,,,,,,3458,3865,,,,,,,,,,,,,,,,,,,,,,,,
,,,,,,,,Research and development,,,,,,,,,,,,,,,,108.711,123.134,177.793,189.872,246.599,282.552,312.632,386.806,408.384,532.106,548.712,630.783,673.069,682.21,704.571,733.342,642,708,758,735.027,818,898,994,1051,1226,1234,1404,1298,1441,1538,1879,1935,1617,1766,1821,1933,2126,2238,2655,2813,2753,2789,3230,3510,3367,3363,3596,3622,3942,4172,4205,4306,5039,5114,5232,6034,6029,6213,6554,7222,6820,6875,6856,7022,7485,7675,7694,8708,9119,9841,10273,10267,11468,10588,11258,12113,11903,11860,12447,13116,13556,13808,15151,18572,16617.4740182322,17175.5427067603,18547.6439415526,19388.0121719919,20003.7422743322,20812.8984075208,22107.1189411939,23124.0737057305,,,,,,0,0,0,0,599.51,1228.589,2119.985,2793.192,2843.027,3761,5162,6793,7137,9832,12282,13948,16625,21419,26018,27573,31562,39500,45427,49326,61087,71728.672838537,86047.8333287774,99630.2797652405,115074.803788688,131799.104359548,149825.952585318,169192.782392968,189876.809215394,211898.014696879,235235.474984722,,
,,,,,,,,Sales and marketing,,,,,,,,,,,,,,,,89.488,104.546,111.487,162.631,190.943,196.397,206.972,255.206,302.552,355.604,380.82,422.29,446.898,484.552,508.801,505.993,434,469,498,582.941,607,629,661,902,1026,1091,1204,1268,1269,1413,1710,1751,1435,1583,1628,1908,1729,1941,2084,2377,2065,2080,2223,2679,2387,2415,2565,3118,2644,2897,3042,4310,3604,3780,3849,5100,3905,4212,4609,5738,4500,3901,4231,5314,4516,5276,5516,7604,5825,6630,6929,7183,6533,6781,6884,7719,6426,6792,7227,7363,6172,7101,7205,8215,6837.33236327582,7672.59886622636,7708.00218715831,8849.31456069411,7369.61102477479,8205.20503202235,8368.36756161567,9713.04632380118,,,,,,0,0,0,0,468.152,849.518,1461.266,1946.244,1983.941,2799,4589,6143,6554,8131,9047,10485,12893,16333,18464,17946,22912,26567,27917,27808,28693,31067.2479773546,33656.229942214,36130.1624503873,38689.0503602149,41304.6162990089,44006.1400034339,46822.8480979907,49764.4070651055,52860.0086040149,56121.5230841442,,
,,,,,,,,General and administrative,,,,,,,,,,,,,,,,68.766,82.998,104.851,129.917,139.395,172.638,190.01,249.744,261.4,319.405,321.398,377.047,409.305,474.91,411.964,411.36,447,364,389,467.294,410,461,532,559,591,648,676,809,757,942,1202,1126,1015,1098,1135,1184,1489,1404,1365,1593,1637,1450,1477,1572,1513,1624,1824,2024,1801,1700,1595,1776,1403,1764,1753,2003,2088,2043,2591,2829,2880,2585,2756,2831,2773,3341,3256,4140,3374,3657,3597,5096,3759,3481,3979,5206,3026,3158,3599,4405,3539,5209,7393,5341,4108.5137293644,4106.91789825049,4098.79954785061,5755.71974892152,4432.84191514317,4342.13320752129,4396.14913149438,6313.46496475472,,,,,,0,0,0,0,386.532,751.787,1279.25,1707.539,1667.294,1962,2724,4027,4432,5851,6136,6985,6872,6923,9551,11052,13510,15724,16425,14188,21482,18069.950924387,19484.5892189136,20811.2498832139,22267.5226626603,23640.0686027739,24949.2685809245,26276.7724081919,27624.7175880858,29025.1616888627,30481.3508560985,,
,,,,,,,,Total GAAP Operating Expenses,,,,,,,,,,,,,,,,813.746,908.797,1049.285,1259.454,1481.056,1640.619,1758.342,2174.904,2442.762,2767.37,2913.509,3385.945,3639.808,3789.247,3798.726,3840.7,3625,3649,3871,4193.377,4287,4455,4739,5458,5779,6145,6662,7077,7256,8570,10746,11025,9203,9642,9993,11278,11305,11697,12799,13704,12811,12902,13967,15949,14915,15532,16684,19425,18182,19142,19990,24659,23513,24541,25115,31055,29731,29764,31322,36809,33182,31914,34960,41247,38877,42519,44087,53440,47917,50232,51957,57888,52372,52766,55350,62613,55067,57317,59747,65497,59628,65157,71118,77894,69521.0778817111,74081.6226111111,78289.4345698374,87752.2729101774,82052.5450869747,87622.4435898759,93054.2017171199,103590.104185284,,,,,,14.228,131.51,625.854,1457.653,4031.282,7054.921,11509.586,15068.481,15338.377,18939,25663,37597,43981,49505,55629,66556,81973,104224,127626,141303,178923,207994,223101,237628,273797,309644.407972837,366319.294579255,428014.486721289,493950.235457735,564502.986372725,640805.158320103,716430.117564421,790103.602544252,848532.510028056,910335.402094076,,
,,,,,,,,,,,,,,,,,,,,,,,,,,,,,,,,,,,,,,,,,,,,,,,,,,,,,,,,,,,,,,,,,,,,,,,,,,,,,,,,,,,,,,,,,,,,,,,,,,,,,,,,,,,,,,,,,,,,,,,,,,,,,,,,,,,,,,,,,,5293.1520087636,0.224535615597175,,,,,,,,,,,,,,,,,,
,,,,,,,,Stock-Based Compensation Allocation,,,,,,,,,,,,,,,,,,,,,,,,,,,,,,,,,,,,,,,,,,,,,,,,,,,,,,,,,,,,,,,,,,,,,,,,,,,,,,,,,,,,,,,,0.161311914323963,0.169660678642715,0.174731182795699,0.182015167930661,0.161311914323963,0.169660678642715,0.174731182795699,0.182015167930661,,,,,,,,,,,,,,,,,,,,,,,,,,,,,,,,,,,,,,,,,,,,,,,,,,,,,,
,,,,,,,,Cost of Revenues - Core Google,,,,,,,,,,,,,,,,1.573,1.024,1.328,1.654,2.283,2.322,2.149,10.875,4.389,7.659,4.031,6.256,9.418,9.363,10.729,12.099,13,14,15,5.051,6,8,8,45,49,51,72,77,74,82,103,101,99,110,133,127,95,100,169,171,160,163,231,252,241,255,325,336,324.075635876841,339.830339321357,318.010752688172,336.182015167931,396.343373493976,409.39121756487,389.650537634409,410.080173347779,446.672690763052,468.263473053892,457.970430107527,481.248104008667,514.585006693441,564.800399201597,544.637096774194,586.63488624052,604.11311914324,645.219560878243,676.908602150538,719.687973997833,726.548862115127,811.317365269461,869.462365591398,928.277356446371,852.372155287818,979.620758483034,1003.4811827957,1030.02383531961,849.145917001339,995.059880239521,1021.47849462366,1057.50812567714,889.796519410978,1017.624750499,1112.68817204301,1287.0292524377,1043.38487493657,1153.86563715345,1243.44522477964,1346.04772715777,1134.65654182913,1226.83920190139,1340.57990936752,1499.95712079237,,,,,,0,0,0,0,5.579,17.629,22.335,41.609,47.051,67,249,360,469,535,806,1157,1318.0987430543,1605.46530204103,1854.15469793314,2210.65738890975,2645.92925616985,3335.60594942236,3865.49793188616,3923.19241754166,4307.13869439069,4786.74346402742,5202.03277389042,5594.11229904817,6190.04875926231,6786.30413579924,7417.25403590005,8044.67436193346,8660.50758504619,9292.51005006363,9932.37188932262,,
,,,,,,,,Cost of Revenues - Motorola,,,,,,,,,,,,,,,,,,,,,,,,,,,,,,,,,,,,,,,,,,,,,4,8,4,53,104,30,4,48,35,35,,,,,,,,,,,,,,,,,,,,,,,,,,,,,,,,,,,,,,,,,,,,,,,,,,,,,,,,,,,,,,,,,,,,,,16,191,,,,,,,,,,,,,,,,,,,,,,,,
,,,,,,,,Research and development,,,,,,,,,,,,,,,,29.299,27.362,26.072,32.799,73.086,70.564,61.714,82.121,120.787,156.983,130.655,161.372,193.8,187.281,169.263,182.075,169,182,196,178.342,191,202,244,224,237,247,311,266,299,289,378,364,338,401,436,466,456,447,666,631,615,583,741,739,739,739,922,907,993.742302543507,984.841650033267,902.172043010753,907.491332611051,1215.34337349398,1186.43180306055,1105.40860215054,1106.97237269772,1369.67269076305,1357.04590818363,1299.22688172043,1299.08342361863,1577.91834002677,1636.81370592149,1545.0935483871,1583.56500541712,1852.44645247657,1869.87159015303,1920.3376344086,1942.72914409534,2227.88219544846,2351.22954091816,2466.59784946237,2505.7963163597,2613.70548862115,2838.97937458417,2846.79892473118,2780.45124593716,2603.81258366801,2883.72255489022,2897.85591397849,2854.64247020585,2728.46318607764,2949.11643379907,3156.61075268817,3474.21289274106,3199.42498995072,3343.94786610352,3527.55845306716,3633.52764444076,3479.29952038062,3555.42811845149,3803.12208134417,4048.99139451987,,,,,,0,0,0,0,115.532,287.485,569.797,732.419,725.342,861,1061,1330,1641,2200,2678,3307,3788.24732819858,4614.15615140278,5325.02890428575,6343.39059975248,7585.38482113354,9551.50590218869,11079.9350338737,11240.0335227426,12308.4032653059,13704.4589535622,14886.8411146962,16008.8689543985,17714.2813928187,19420.6064853556,21226.2181226521,23021.7290530465,24784.0807613334,26592.7045608668,28423.8198095472,,
,,,,,,,,Sales and marketing,,,,,,,,,,,,,,,,6.536,7.522,6.491,7.862,15.929,14.285,14.673,14.502,27.25,36.385,29.918,38.085,42.576,42.593,64.497,56.354,59,57,62,53.019,54,56,75,76,78,74,104,105,97,118,155,130,118,125,155,154,147,158,197,213,205,196,250,240,242,238,297,301,325.420348058902,317.1749833666,290.612903225806,301.163055254605,397.987951807229,382.098469727212,356.08064516129,367.363488624052,448.526104417671,437.045908183633,418.514516129032,431.118093174431,516.720214190094,527.147039254824,497.714516129032,525.527085590466,606.619812583668,602.204923486361,618.590322580645,644.720476706392,729.56358768407,757.229540918164,794.554838709678,831.581798483207,855.908969210174,914.312707917498,917.027419354839,922.729685807151,852.669344042838,928.72255489022,933.474193548387,947.351029252438,893.488621151272,949.783100465735,1016.82580645161,1152.96370530878,1047.71427275788,1076.94126134322,1136.31763618324,1205.8344222455,1139.36466025996,1145.04992177463,1225.08379409894,1343.7115873765,,,,,,0,0,0,0,28.411,59.389,131.638,206.02,231.019,261,361,500,552,715,891,1078,1234.37128990591,1503.53055531978,1735.20462190477,2067.10885516442,2472.13553535707,3112.92976579512,3609.97878228966,3662.21712173388,4013.0612333774,4466.80759252984,4853.20996351003,5218.99855821756,5774.97444150042,6331.24785614124,6919.88934971546,7505.23794515247,8079.77641197493,8669.39989062358,9266.35573241447,,
,,,,,,,,General and administrative,,,,,,,,,,,,,,,,11.5,11.43,12.417,15.84,23.366,21.978,21.324,26.929,31.44,40.497,33.352,39.587,35.255,33.539,35.55,35.644,37,40,45,38.642,40,43,53,51,68,63,84,88,86,142,118,109,100,107,132,126,141,175,223,186,223,190,210,205,272,271,316,302,365.76171352075,361.153027278776,309.204301075269,302.163596966414,447.325301204819,435.078509647372,378.860215053763,368.583965330444,504.128514056225,497.644710578842,445.288172043011,432.550379198266,580.776439089692,600.238855622089,529.554838709677,527.273022751896,681.820615796519,685.703925482369,658.163440860215,646.862405200433,820.005354752343,862.223552894211,845.384946236559,834.344528710726,962.013386880857,1041.0871590153,975.692473118279,925.795232936078,958.372155287818,1057.49500998004,993.191397849462,950.498374864572,1004.25167336011,1081.47571523619,1081.8752688172,1156.79414951246,1177.59620739729,1226.26504968072,1209.01135701651,1209.84051667157,1280.60821318475,1303.81734790305,1303.45615803119,1348.17574547409,,,,,,0,0,0,0,51.187,93.597,144.876,139.988,160.642,187,303,455,465,725,828,1161,1338.28263884121,1629.8479912364,1879.61177587634,2237.84315617335,2672.55038733954,3361.95838259384,3904.58825195052,3959.55693798189,4324.39680692596,4822.71313076609,5236.05746459308,5630.70144583064,6230.53571957625,6830.69099556562,7465.76771995473,8097.2917845576,8717.15295902158,9353.28913278908,9997.33608623699,,
,,,,,,,,Total Stock-Based Compensation,,,,,,,,,,,,,,,,48.908,47.338,46.308,58.155,114.664,109.149,99.86,134.427,183.866,241.524,197.956,245.3,281.049,272.776,280.039,286.172,278,293,318,275.054,291,309,380,396,432,435,571,536,556,635,762,708,655,743,856,873,839,880,1255,1201,1203,1132,1432,1436,1494,1503,1860,1846,2009,2003,1820,1847,2457,2413,2230,2253,2769,2760,2621,2644,3190,3329,3117,3223,3745,3803,3874,3954,4504,4782,4976,5100,5284,5774,5743,5659,5264,5865,5846,5810,5516,5998,6368,7071,6468.12034504245,6801.01981428092,7116.33267104654,7395.2503105156,7033.92893565446,7231.13459003057,7672.24194284182,8240.83584816282,,,,,,0,0,0,0,200.709,458.1,868.646,1120.036,1164.054,1376,1974,2661,3127,4175,5203,6703,7679,9353,10794,12859,15376,19362,22460,22785,24953,27780.7231408855,30178.1413166897,32452.6812574949,35909.8403131577,39368.8494728617,43029.1292282223,46668.93314469,50241.5177173762,53907.9036343431,57619.8835175213,,
,,,,,,,,SBC % of Gross Revenue,,,,,,,,,,,,,,,,,,,,0.0508768699348421,0.0444419381015647,0.037127189810806,0.0419363855475811,0.0501821657431241,0.0623773077633307,0.0467831668892512,0.0508216933423582,0.0541933416286753,0.0508226617469181,0.050535867257878,0.0501976528634757,0.0504628789253948,0.0530508781459352,0.0534903280067283,0.0412154646625798,0.0429520295202952,0.0453079178885631,0.0521548174581389,0.0469194312796209,0.0503790087463557,0.048194105916242,0.0587448559670782,0.0506424792139078,0.0522310944105214,0.0579168186793141,0.0661114003123373,0.0548624564122433,0.0505752451548143,0.0566872663462272,0.062236440308274,0.0555803145094544,0.0544098573281453,0.0551551237856471,0.0759547297706228,0.0663425951499752,0.0697068026422529,0.0638573926778361,0.0766800535475234,0.0673261756294247,0.0737522831613763,0.069906976744186,0.082847089216516,0.0708256599140577,0.0811717171717172,0.0770088427527874,0.065533630995247,0.0571419732079324,0.0788865343864381,0.0738892121137888,0.0660936573799644,0.0573632752826153,0.0761991249071246,0.0708709942481512,0.0647176473493173,0.0573846988605534,0.0775043125440365,0.0869258688670131,0.0675069846013904,0.0566452247882175,0.0677043786383194,0.0614576599870718,0.0594919991400227,0.0524925323597743,0.066224581317728,0.0686230896175648,0.0720199154750188,0.0670629076372817,0.0757161075845071,0.0773953139241864,0.0748829749781597,0.0655659830842313,0.0653596394293448,0.069210072927238,0.0662301173698283,0.0602266012916066,0.0611299510162466,0.0622018500850375,0.0622203114923886,0.0621200407632568,0.059,0.058,0.058,0.055,0.055,0.053,0.053,0.052,,,,,,,,,,,,,,,,,,0.0563230605738576,0.0632566173239799,0.0693835095814053,0.0742533676001418,0.0692706688917956,0.068360388542527,0.0666884966359194,0.0704498512548828,0.0596808688193078,0.0684566321118952,0.0730658373292908,0.065096652172174,0.061943321848097,0.0573931357976888,0.0531714375660686,0.0491714375660686,0.0471714375660686,0.0451714375660686,0.0434214375660686,0.0416714375660686,0.0399214375660686,0.0383214375660686,0.0368214375660686,,
,,,,,,,,YoY % Growth in SBC,,,,,,,,,,,,,,,,,,,,1.34448352007851,1.3057374625037,1.15643085428004,1.31152953314418,0.603519849298821,1.21279168842591,0.982335269377128,0.824782223809206,0.528553403021766,0.129395008363558,0.41465275111641,0.166620464737056,-0.010848642051742,0.0741414200662816,0.135556118969144,-0.0388507610807486,0.0467625899280575,0.0546075085324231,0.194968553459119,0.439717291877231,0.484536082474227,0.407766990291262,0.502631578947368,0.353535353535354,0.287037037037037,0.459770114942529,0.334500875656742,0.32089552238806,0.178057553956835,0.17007874015748,0.123359580052493,0.233050847457627,0.280916030534351,0.184387617765814,0.466121495327103,0.375715922107675,0.433849821215733,0.286363636363636,0.141035856573705,0.195670274771024,0.241895261845386,0.32773851590106,0.298882681564246,0.285515320334262,0.34471218206158,0.332667997338656,-0.021505376344086,0.000541711809317391,0.222996515679442,0.204692960559161,0.225274725274725,0.219815917704385,0.126984126984127,0.143804392871944,0.175336322869955,0.173546382600976,0.152040447815096,0.206159420289855,0.189240747806181,0.218986384266263,0.173981191222571,0.14238510063082,0.242861726018607,0.226807322370462,0.202670226969292,0.257428346042598,0.284460505937016,0.289833080424886,0.173179396092362,0.207444583856127,0.154139871382637,0.109607843137255,-0.00378501135503428,0.0157603048146866,0.0179348772418597,0.0266831595688284,0.0478723404255319,0.0226768968456947,0.0892918234690387,0.217039586919105,0.172610649935179,0.133881262801086,0.117514552614093,0.0458563584380709,0.0874765094693519,0.0632426882283879,0.078117381169805,0.114341706114376,,,,,,,,,,,,,,,,,,0.175122134535889,0.3351455068756,0.24622754491018,0.288295214299443,0.145606444875429,0.217997135043625,0.154068213407463,0.191309987029831,0.195738393343184,0.25923517169615,0.160004131804566,0.0144701691896703,0.0951503181917928,0.113321970940789,0.0862979038971035,0.0753704450163497,0.106529227222616,0.0963248271097608,0.0929740087498314,0.0845892998940909,0.0765516657860992,0.0729752221577282,0.0688578043834998,,
,,,,,,,,Q/Q % Growth in SBC,,,,,,,,,,,,,,,,,-0.0321010877566043,-0.0217584181841227,0.255830526043016,0.971696328776546,-0.048097048768576,-0.085103848867145,0.346154616463048,0.367775818845916,0.313587068843614,-0.180387870356569,0.239164258724161,0.145735833673053,-0.0294361481449855,0.0266262427779569,0.0219005209988608,-0.0285562528828816,0.0539568345323742,0.0853242320819112,-0.135050314465409,0.0579740705461473,0.0618556701030928,0.229773462783172,0.0421052631578946,0.0909090909090908,0.00694444444444442,0.31264367816092,-0.0612959719789843,0.0373134328358209,0.142086330935252,0.2,-0.0708661417322835,-0.0748587570621468,0.134351145038168,0.152086137281292,0.0198598130841121,-0.0389461626575028,0.0488676996424315,0.426136363636364,-0.0430278884462152,0.00166527893422153,-0.059019118869493,0.265017667844523,0.0027932960893855,0.0403899721448469,0.00602409638554224,0.2375249500998,-0.00752688172043015,0.0882990249187432,-0.00298656047784973,-0.09136295556665,0.0148351648351648,0.330265295073092,-0.0179080179080179,-0.0758392043099876,0.0103139013452913,0.229027962716378,-0.00325027085590468,-0.0503623188405795,0.00877527661197974,0.206505295007565,0.0435736677115988,-0.063682787623911,0.0340070580686556,0.16196090598821,0.0154873164218958,0.0186694714698923,0.020650490449148,0.139099645928174,0.0617229129662522,0.0405687996654121,0.02491961414791,0.0360784313725491,0.0927327781983347,-0.0053688950467613,-0.0146265018283127,-0.069800318077399,0.114171732522796,-0.00323955669224207,-0.00615805679096815,-0.0506024096385543,0.087382160986222,0.061687229076359,0.110395728643216,-0.0852608761077009,0.0514677296463142,0.0463625846381932,0.0391940135968993,-0.0488585726905499,0.0280363444356808,0.061001126077697,0.07411052852048,,,,,,,,,,,,,,,,,,,,,,,,,,,,,,,,,,,,,,,,,,
,,,,,,,,,,,,,,,,,,,,,,,,,,,,,,,,,,,,,,,,,,,,,,,,,,,,,,,,,,,,,,,,,,,,,,,,,,,,,,,,,,,,,,,,,,,,,,,,,,,,,,,,,,,,,,,,,,,,,,,,,,,,,,,,,,,,,,,,,,,,,,,,,,,,,,,,,,,,,
,,,,,,,,Operating expenses ex-SBC/ex-TAC,,,,,,,,,,,,,,,,,,,,,,,,,,,,,,,,,,,,,,,,,,,,,,,,,,,,,,,,,,,,,,,,,,,,,,,,,,,,,,,,,,,,,,,,,,,,,,,,,,,,,,,,,,,,,,,,,,,,,,,,,,,,,,,,,,,,,,,,,,,,,,,,,,,,,
,,,,,,,,Cost of Revenues - Core Google,,,,,,,,,,,,,,,,83.408,102.795,123.926,146.48,179.136,201.51,221.279,296.673,341.037,404.696,437.448,509.669,614.718,664.212,667.461,694.506,653,641,652,681.664,735,727,739,832,849,1011,1096,1172,1205,1302,1567,1786,2075,2072,2304,2815,2634,2721,3178,3127,2851,3043,3240,3881,3619,3900,4192,5477,4841.92436412316,4942.16966067864,5327.98924731183,7480.81798483207,6782.65662650603,7053.60878243513,7309.34946236559,10071.9198266522,8705.32730923695,9589.73652694611,9620.02956989248,12037.7518959913,11015.4149933066,11294.1996007984,12406.3629032258,15027.3651137595,13786.8868808568,14652.7804391218,15446.0913978495,18841.3120260022,16882.4511378849,17078.6826347305,18462.5376344086,21488.7226435536,18038.6278447122,18399.379241517,19583.5188172043,22558.9761646804,19916.8540829987,21124.9401197605,21733.5215053763,24707.4918743229,21723.203480589,23316.375249501,25380.311827957,27881.9707475623,25405.7895895087,27767.0254554422,30426.6632832776,34414.5720504135,32451.0945488725,35719.1961987375,39082.8899220996,43414.6664736327,,,,,,0,0,0,0,456.609,898.598,1692.85,2640.897,2627.664,3033,4128,5860,9266,11660,13015,17188,22592.9012569457,31217.534697959,39952.8453020669,49743.3426110902,62727.0707438302,73912.3940505777,78580.5020681138,87482.8075824584,98301.8613056093,118014.050378642,150667.847143342,189063.86440988,229493.600443749,273197.809632734,320542.05797325,365616.165440731,407083.256107437,431112.747039868,456097.133578181,,
,,,,,,,,Cost of Revenues - Motorola,,,,,,,,,,,,,,,,,,,,,,,,,,,,,,,,,,,,,,,,,,,,,689,1507,1246,755,764,974,1181,,,378,,,,,,,,,,,,,,,,,,,,,,,,,,,,,,,,,,,,,,,,,,,,,,,,,,,,,,,,,,,,,,,,,,,,,,3442,3674,,,,,,,,,,,,,,,,,,,,,,,,
,,,,,,,,Research and development,,,,,,,,,,,,,,,,79.412,95.772,151.721,157.073,173.513,211.988,250.918,304.685,287.597,375.123,418.057,469.411,479.269,494.929,535.308,551.267,473,526,562,556.685,627,696,750,827,989,987,1093,1032,1142,1238,1397,1487,1279,1365,1385,1467,1670,1791,1989,2182,2138,2206,2489,2771,2628,2624,2674,2715,2948.25769745649,3187.15834996673,3302.82795698925,3398.50866738895,3823.65662650602,3927.56819693945,4126.59139784946,4927.02762730228,4659.32730923695,4855.95409181637,5254.77311827957,5922.91657638137,5242.08165997323,5238.18629407851,5310.9064516129,5438.43499458288,5632.55354752343,5805.12840984697,5773.6623655914,6765.27085590466,6891.11780455154,7489.77045908184,7806.40215053764,7761.2036836403,8854.29451137885,7749.02062541584,8411.20107526882,9332.54875406284,9299.187416332,8976.27744510978,9549.14408602151,10261.3575297942,10827.5368139224,10858.8835662009,11994.3892473118,15097.7871072589,13418.0490282814,13831.5948406568,15020.0854884854,15754.4845275511,16524.4427539516,17257.4702890693,18303.9968598498,19075.0823112106,,,,,,0,0,0,0,483.978,941.104,1550.188,2060.773,2117.685,2900,4101,5264,5496,7632,9604,10641,12836.7526718014,16804.8438485972,20692.9710957143,21229.6094002475,23976.6151788665,29948.4940978113,34347.0649661263,38085.9664772574,48778.5967346941,58024.2138849748,71160.9922140812,83621.410810842,97360.5223958693,112378.497874192,128599.734462666,146171.053339922,165092.72845406,185305.310136012,206811.655175175,,
,,,,,,,,Sales and marketing,,,,,,,,,,,,,,,,82.952,97.024,104.996,154.769,175.014,182.112,192.299,240.704,275.302,319.219,350.902,384.205,404.322,441.959,444.304,449.639,375,412,436,529.922,553,573,586,826,948,1017,1100,1163,1172,1279,1471,1611,1317,1458,1473,1754,1582,1783,1887,2164,1860,1884,1973,2439,2145,2177,2268,2817,2318.5796519411,2579.8250166334,2751.38709677419,4008.8369447454,3206.01204819277,3397.90153027279,3492.91935483871,4732.63651137595,3456.47389558233,3774.95409181637,4190.48548387097,5306.88190682557,3983.27978580991,3373.85296074518,3733.28548387097,4788.47291440953,3909.38018741633,4673.79507651364,4897.40967741936,6959.27952329361,5095.43641231593,5872.77045908184,6134.44516129032,6351.41820151679,5677.09103078983,5866.6872920825,5966.97258064516,6796.27031419285,5573.33065595716,5863.27744510978,6293.52580645161,6415.64897074756,5278.51137884873,6151.21689953426,6188.17419354839,7062.03629469123,5789.61809051794,6595.65760488314,6571.68455097507,7643.48013844861,6230.24636451483,7060.15511024772,7143.28376751673,8369.33473642469,,,,,,0,0,0,0,439.741,790.129,1329.628,1740.224,1752.922,2538,4228,5533,6002,7416,8156,9407,11658.6287100941,14829.4694446802,16728.7953780952,15878.8911448356,20439.8644646429,23454.0702342049,24307.0212177103,24145.7828782661,24679.9387666226,26600.4403848248,28803.019978704,30911.1638921698,32914.0759187144,34973.3684428676,37086.2506537184,39317.6101528382,41684.6306531306,44190.6087133913,46855.1673517298,,
,,,,,,,,General and administrative,,,,,,,,,,,,,,,,57.266,71.568,92.434,114.077,116.029,150.66,168.686,222.815,229.96,278.908,288.046,337.46,374.05,441.371,376.414,375.716,410,324,344,428.652,370,418,479,508,523,585,592,721,671,766,1053,1007,915,991,1003,1058,1348,1229,1142,1407,1414,1260,1267,1367,1241,1353,1508,1722,1435.23828647925,1338.84697272122,1285.79569892473,1473.83640303359,955.674698795181,1328.92149035263,1374.13978494624,1634.41603466956,1583.87148594378,1545.35528942116,2145.71182795699,2396.44962080173,2299.22356091031,1984.76114437791,2226.44516129032,2303.7269772481,2091.17938420348,2655.29607451763,2597.83655913979,3493.13759479957,2553.99464524766,2794.77644710579,2751.61505376344,4261.65547128927,2796.98661311914,2439.9128409847,3003.30752688172,4280.20476706392,2067.62784471218,2100.50499001996,2605.80860215054,3454.50162513543,2534.74832663989,4127.52428476381,6311.1247311828,4184.20585048754,2930.91752196711,2880.65284856977,2889.7881908341,4545.87923224996,3152.23370195842,3038.31585961824,3092.69297346319,4965.28921928063,,,,,,0,0,0,0,335.345,658.19,1134.374,1567.551,1506.652,1775,2421,3497,3967,5126,5308,5824,5533.71736115879,5293.1520087636,7671.38822412366,8814.15684382665,10837.4496126605,12362.0416174062,12520.4117480495,10228.4430620181,17157.603193074,13247.2377936209,14248.5317543205,15180.5484373833,16036.986943084,16809.3776072082,17483.5008609698,18179.4806236343,18907.5646290643,19671.8725560736,20484.0147698615,,
,,,,,,,,Total adjusted Operating Expenses,,,,,,,,,,,,,,,,303.038,367.159,473.077,572.399,643.692,746.27,833.182,1064.877,1133.896,1377.946,1494.453,1700.745,1872.359,2042.471,2023.487,2071.128,1911,1903,1994,2196.923,2285,2414,2554,2993,3309,3600,3881,4088,4190,5274,6995,7137,5586,5886,6165,7094,7234,7524,8574,8880,8263,8393,8969,10458,9633,10054,10642,12731,11544,12048,12668,16362,14768,15708,16303,21366,20102,19766,21211,25664,22540,21891,23677,27558,25420,27787,28715,36059,31423,33236,35155,39863,35367,34455,36965,42968,36857,38065,40182,44839,40364,44454,49874,54226,47544.3742302751,51074.9307495519,54908.2215135722,62358.4159486633,58358.0173692973,63075.1374576728,67622.8635229293,75824.3727405486,,,,,,0,0,0,0,1715.673,3288.021,5707.04,8009.445,8004.923,10246,14878,23596,28405,31834,36083,43060,52622,68145,86743,95666,117981,139677,149755,159943,188918,215885.942442063,264880.391090448,318776.987550275,375805.185701416,437359.053557002,503711.543950604,569284.309557125,632768.179843692,680280.538445345,730247.970874948,,
,,,,,,,,R&D + S&M+ G&A,,,,,,,,,,,,,,,,,,,,,,,,,,,,,,,,,,,,,,,,,,2785,2916,2985,3283,3921,4105,3511,3814,3861,4279,4600,4803,5018,5753,5412,5350,5729,6577,6014,6154,6450,7254,6702.07563587684,7105.83033932136,7340.01075268817,8881.18201516793,7985.34337349398,8654.39121756487,8993.65053763441,11294.0801733478,9699.67269076305,10176.2634730539,11590.9704301075,13626.2481040087,11524.5850066934,10596.8003992016,11270.6370967742,12530.6348862405,11633.1131191432,13134.2195608782,13268.9086021505,17217.6879739978,14540.5488621151,16157.3173652695,16692.4623655914,18374.2773564464,17328.3721552878,16055.620758483,17381.4811827957,20409.0238353196,16940.1459170013,16940.0598802395,18448.4784946237,20131.5081256771,18640.796519411,21137.624750499,24493.688172043,26344.0292524377,22138.5846407665,23307.9052941097,24481.5582302946,27943.8438982497,25906.9228204248,27355.9412589353,28539.9736008297,32409.7062669159,,,,,,,,,,,,,,,,,,15465,20174,23068,25872,30029.0987430543,36927.465302041,45093.1546979331,45922.6573889098,55253.9292561699,65764.6059494224,71174.4979318862,72460.1924175417,90616.1386943907,97871.8920634205,114212.543947106,129713.123140395,146311.585257668,164161.243924268,183169.485977354,203668.144116394,225684.923736255,249167.791405477,274150.837296766,,
,,,,,,,,Sequential Abs Change,,,,,,,,,,,,,,,,,,,,,,,,,,,,,,,,,,,,,,,,,,,131,69,298,638,184,-594,303,47,418,321,203,215,735,-341,-62,379,848,-563,140,296,804,-551.924364123159,403.754703444516,234.180413366815,1541.17126247976,-895.838641673955,669.047844070893,339.259320069541,2300.42963571337,-1594.40748258473,476.590782290841,1414.70695705364,2035.27767390114,-2101.66309731523,-927.784607491843,673.836697572597,1259.99778946633,-897.521767097283,1501.106441735,134.689041272295,3948.7793718473,-2677.13911188271,1616.76850315433,535.14500032194,1681.81499085497,-1045.90520115855,-1272.75139680478,1325.86042431266,3027.54265252391,-3468.87791831827,-0.08603676182247,1508.41861438414,1683.02963105348,-1490.71160626616,2496.82823108802,3356.06342154401,1850.34108039469,-4205.44461167122,1169.32065334325,1173.65293618488,3462.2856679551,-2036.9210778249,1449.01843851044,1184.03234189442,3869.73266608624,,,,,,,,,,,,,,,,,,,4709,2894,2804,4157.0987430543,6898.36655898673,8165.68939589211,829.502690976617,9331.2718672601,10510.6766932525,5409.89198246381,1285.69448565549,18155.946276849,7255.75336902986,16340.6518836851,15500.5791932894,16598.4621172727,17849.6586666006,19008.2420530859,20498.65813904,22016.779619861,23482.8676692222,24983.0458912887,,
,,,,,,,,Sequential %  Change,,,,,,,,,,,,,,,,,,,,,,,,,,,,,,,,,,,,,,,,,,,,0.0236625514403293,0.0998324958123953,0.19433445019799,0.046926804386636,-0.144701583434836,0.0863001993733978,0.0123230204509701,0.108262108262108,0.0750175274596869,0.0441304347826086,0.0447636893608161,0.14647269828617,-0.0592734225621415,-0.0114560236511456,0.0708411214953271,0.148018851457497,-0.0856013379960469,0.0232790156301963,0.0480987975300617,0.124651162790698,-0.0760855202816596,0.0602432328998466,0.032956094106404,0.209968529257989,-0.100869303223825,0.0837844802380929,0.039200830138229,0.25578374722112,-0.141171964260292,0.0491347283032237,0.139020276037437,0.175591654398023,-0.154236373892014,-0.0805048170457322,0.0635886939630728,0.111794726300517,-0.0716262005273829,0.129037380309215,0.0102548187692462,0.297596395471991,-0.155487723782991,0.111190335281412,0.0331209066594338,0.100752959870183,-0.0569222495594696,-0.0734489879025595,0.082579206637784,0.174182086134328,-0.169967850805048,-5.07886781164757e-06,0.0890444676729685,0.0912286415133887,-0.0740486801564958,0.133944288726506,0.158772021982497,0.0755435876948356,-0.159635588442951,0.0528182208717192,0.0503542862979403,0.141424235965124,-0.0728933744849785,0.0559317078510011,0.0432824566585761,0.135589917503419,,,,,,,,,,,,,,,,,,,,,,,,,,,,,,,,,,,,,,,,,,
,,,,,,,,,,,,,,,,,,,,,,,,,,,,,,,,,,,,,,,,,,,,,,,,,,,,,,,,,,,,,,,,,,,,,,,,,,,,,,,,,,,,,,,,,,,,,,,,,,,,,,,,,,,,,,,,,,,,,,,,,,,,,,,,,,,,,,,,,,,,,,,,,,,,,,,,,,,,,
,,,,,,,,Headcount,,,,,,,,,,,,,,,,,,,,,,,,,,,,,,,,,,,,,,,,,,,,,,,,,,,,,,,,,,,,,,,,,,,,,,,,,,,,,,,,,,,,,,,,,,,,,,,,,,,,,,,,,,,,,,,,,,,,,,,,,,,,,,,,,,,,,,,,,,,,,,,,,,,,,
,,,,,,,,Research and Development,,,,,,,,,,,,,,,1003,,,,2093,,,,3695,,,,5788,,,,7254,,,,7443,,,,9508,,,,0,0.0236625514403293,,,,,,,,,,,,,,,,,,,,,,,,,,,,,,,,,,,,,,,,,,,,,,,,,,,,,,,,,,,,,,,,,,,,,0,0,0,1003,2093,3695,5788,7254,7443,9508,11665,19746,18593,20832,23336,27069.76,31400.9216,38937.142784,47892.68562432,53160.8810429952,59008.5779577247,71400.3793288469,68498.3337798354,68806.479071576,71620.3222532805,73834.7646665199,75824.0095462096,77614.3299379304,79225.618290479,80691.8906912983,82040.861300052,83295.4039661929,84474.6740723654,85594.9806732293,86670.4750100587,,
,,,,,,,,Sales and Marketing,,,,,,,,,,,,,,,1463,,,,2325,,,,4366,,,,6647,,,,8002,,,,7338,,,,8778,,,,,,,,,,,,,,,,,,,,,,,,,,,,,,,,,,,,,,,,,,,,,,,,,,,,,,,,,,,,,,,,,,,,,,,,,,0,0,0,1463,2325,4366,6647,8002,7338,8778,11933,15306,15348,17621,19082,20990.2,22249.612,24919.56544,28657.500256,30950.10027648,35283.1143151872,41986.9060350728,40280.3616872528,40461.5661504654,42116.2432036996,43418.4433656419,44588.2163924714,45641.0121166179,46588.5282683498,47450.7679664259,48244.0284886558,48981.7607743297,49675.2291228631,50334.0240539699,50966.4671878323,,
,,,,,,,,General and Administrative,,,,,,,,,,,,,,,555,,,,861,,,,1649,,,,2844,,,,3109,,,,2941,,,,3346,,,,0,,,,,,,,,,,,,,,,,,,,,,,,,,,,,,,,,,,,,,,,,,,,,,,,,,,,,,,,,,,,,,,,,,,,,,0,0,0,555,861,1649,2844,3109,2941,3346,4651,6214,6563,7510,8452,9719.8,10594.582,12713.4984,15129.063096,17549.71319136,20006.6730381504,24208.074376162,23224.1449467409,23328.620640165,24282.6453339531,25033.4450796313,25707.8923087999,26314.8948150517,26861.1970706782,27358.3321232984,27815.6963717089,28241.0451227308,28640.8729486913,29020.7093833538,29385.3523606297,,
,,,,,,,,Operations,,,,,,,,,,,,,,,0,,,,401,,,,964,,,,1526,,,,1857,,,,2133,,,,2768,,,,0,,,,,,,,,,,,,,,,,,,,,,,,,,,,,,,,,,,,,,,,,,,,,,,,,,,,,,,,,,,,,,,,,,,,,,0,0,0,0,401,964,1526,1857,2133,2768,4218,12595,7252,7637,10944,14273.24,15864.8844,22200.793376,27219.75102368,33640.3054891648,42201.6346889377,52638.6402599184,50499.1595861709,50726.3341377936,52800.7892090669,54433.3468882069,55899.8817525191,57219.7631304001,58407.6563704929,59488.6392189775,60483.1434395832,61408.0323647466,62277.4279544001,63103.353764571,63896.2425423351,,
,,,,,,,,Total headcount,,,,,,,,,,,,,2292,2668,3021,3482,4183,4989,5680,6790,7942,9378,10674,12238,13786,15916,16805,19156,19604,20123,20222,20164,19786,19665,19855,20621,21805,23331,24400,26316,28768,31353,32467,33077,54604,53546,53861,53891,44777,46421,47756,49829,52069,55030,53600,55419,57148,59976,61814,64115,66575,69953,72053,73992,75606,78101,80110,85050,89058,94372,98771,103459,107646,114096,118899,123048,127498,132121,135301,139995,144056,150028,156500,163906,174014,186779,190234,190711,181798,182381,182502,180895,179582,181269,183323,185719,187103,190167,190820,192120,193420,195420,196720,197920,199020,200970,202020,,,,,,0,0,0,3021,5680,10674,16805,20222,19855,24400,32467,53861,47756,53600,61814,72053,80110,98771,118899,135301,156500,190234,182502,183323,190820,196720,202020,206790,211083,214989.63,218583.7296,221926.242228,225068.20409832,228053.067875124,230918.537100856,,
,,,,,,,,Period-to-period addition,,,,,,,,,,,,,2292,376,353,461,701,806,691,1110,1152,1436,1296,1564,1548,2130,889,2351,448,519,99,-58,-378,-121,190,766,1184,1526,1069,1916,2452,2585,1114,610,21527,-1058,315,30,-9114,1644,1335,2073,2240,2961,-1430,1819,1729,2828,1838,2301,2460,3378,2100,1939,1614,2495,2009,4940,4008,5314,4399,4688,4187,6450,4803,4149,4450,4623,3180,4694,4061,5972,6472,7406,10108,12765,3455,477,-8913,583,121,-1607,-1313,1687,2054,2396,1384,3064,653,1300,1300,2000,1300,1200,1100,1950,1050,,,,,,,,,3021,2659,4994,6131,3417,-367,4545,8067,21394,-6105,5844,8214,10239,8057,18661,20128,16402,21199,33734,-7732,821,7497,5900,5300,4770,4293,3906.63,3594.09959999999,3342.512628,3141.96187032,2984.86377680401,2865.46922573185,,
,,,,,,,,% change Y/Y,,,,,,,,,,,,,NA,NA,NA,NA,0.825043630017452,0.869940029985008,0.880172128434293,0.950028719126939,0.898637341620846,0.879735417919423,0.879225352112676,0.802356406480118,0.735834802316797,0.697163574322884,0.574386359377928,0.565288445824481,0.422022341505876,0.264325207338527,0.20333234156501,0.0526205888494467,0.00928381962864711,-0.0227600258410774,-0.018148551082979,0.0226641539377108,0.102041847771151,0.186422578184592,0.228909594560564,0.276174773289365,0.319330428800734,0.343834383438344,0.330614754098361,0.256915944672443,0.898081201334817,0.707842949637993,0.65894600671451,0.629259001723252,-0.179968500476156,-0.13306316064692,-0.113347319953213,-0.075374366777384,0.16285146392121,0.185454858792357,0.122372057961303,0.112183668145056,0.0975436440108317,0.0898782482282392,0.153246268656716,0.156913693859507,0.164957653811157,0.166349873282647,0.165642087552982,0.154051314045075,0.135651520841157,0.116478206795992,0.11182046549068,0.149448589036653,0.177922387112134,0.20833279983611,0.232942204468855,0.216449147560259,0.208717914168295,0.209002670283559,0.203784511648156,0.18934070501358,0.184419300299129,0.157980998457439,0.137949015551014,0.137726740784084,0.129868703822805,0.135534850629347,0.156680290611304,0.170798957105611,0.207960793024935,0.244960940624417,0.215552715654952,0.163538857637914,0.0447320330548118,-0.0235465443117266,-0.0406446797102515,-0.0514705496798821,-0.012189353018185,-0.00609712634539783,0.00449858083747023,0.0266674037425025,0.0418805893686449,0.0490872680932757,0.0408950322654549,0.0344660481695465,0.0337621523973426,0.0276230891795106,0.0309191908604969,0.0301894649177596,0.0289525385172165,0.0284003684372121,0.0269418462789752,,,,,,NA,NA,NA,NA,0.880172128434293,0.879225352112676,0.574386359377928,0.20333234156501,-0.018148551082979,0.228909594560564,0.330614754098361,0.65894600671451,-0.113347319953213,0.122372057961303,0.153246268656716,0.165642087552982,0.11182046549068,0.232942204468855,0.203784511648156,0.137949015551014,0.156680290611304,0.215552715654952,-0.0406446797102515,0.00449858083747023,0.0408950322654549,0.0309191908604969,0.0269418462789752,0.0236115236115235,0.0207601914986217,0.0185075539005983,0.0167175486557187,0.0152916808314905,0.0141576851785381,0.0132620411166566,0.0125649229472367,,
,,,,,,,,,,,,,,,,,,,,,,,,,,,,,,,,,,,,,,,,,,,,,,,,,,,,,,,,,,,,,,,,,,0.635627530364372,,,,,,,,,,,,,,,,,,,,,,,,,,,,,,,,,,,,,,,,,,,,,,,,,,,,,,,,,,,,,,,,,,,,,,,,,,,,,,,,,,,,,,,,,,,
,,,,,,,,Core Google,,,,,,,,,,,,,2292,2668,3021,3482,4183,4989,5680,6790,7942,9378,10674,12238,13786,15916,16805,19156,19604,20123,20222,20164,19786,19665,19855,20621,21805,23331,24400,26316,28768,31353,32467,33077,34311,36118,37544,38739,40178,42162,43862,46170,48584,51564,53600,55419,57148,59976,61814,64115,66575,69953,72053,73992,75606,78101,80110,85050,89058,94372,98771,103459,107646,114096,118899,123048,127498,132121,135301,139995,144056,150028,156500,163906,174014,186779,190234,190711,181798,182381,182502,180895,179582,181269,183323,185719,187103,190167,190820,192120,193420,195420,196720,197920,199020,200970,202020,,,,,,,,,3021,5680,10674,16805,20222,19855,24400,32467,37544,43862,53600,61814,72053,80110,98771,118899,135301,156500,190234,182502,183323,190820,196720,202020,206790,211083,214989.63,218583.7296,221926.242228,225068.20409832,228053.067875124,230918.537100856,,
,,,,,,,,Period-to-period addition,,,,,,,,,,,,,2292,376,353,461,701,806,691,1110,1152,1436,1296,1564,1548,2130,889,2351,448,519,99,-58,-378,-121,190,766,1184,1526,1069,1916,2452,2585,1114,610,1234,1807,1426,1195,1439,1984,1700,2308,2414,2980,2036,1819,1729,2828,1838,2301,2460,3378,2100,1939,1614,2495,2009,4940,4008,5314,4399,4688,4187,6450,4803,4149,4450,4623,3180,4694,4061,5972,6472,7406,10108,12765,3455,477,-8913,583,121,-1607,-1313,1687,2054,2396,1384,3064,653,1300,1300,2000,1300,1200,1100,1950,1050,,,,,,,,,3021,2659,4994,6131,3417,-367,4545,8067,5077,6318,9738,8214,10239,8057,18661,20128,16402,21199,33734,-7732,821,7497,5900,5300,4770,4293,3906.63,3594.0996,3342.512628,3141.96187032,2984.863776804,2865.46922573184,,
,,,,,,,,% change Y/Y,,,,,,,,,,,,,,,,,,,,,,,,,,,,,,,,,,,,,,,,,,,,0.256915944672443,0.19267936596218,0.151979076962332,0.156374164536298,0.171176346101521,0.170994724723849,0.167340384295919,0.168282548476454,0.191822194687524,0.209218975558763,0.222997011526968,0.222014500022799,0.200324886289799,0.17627202371151,0.163137072376076,0.153246268656716,0.156913693859507,0.164957653811157,0.166349873282647,0.165642087552982,0.154051314045075,0.135651520841157,0.116478206795992,0.11182046549068,0.149448589036653,0.177922387112134,0.20833279983611,0.232942204468855,0.216449147560259,0.208717914168295,0.209002670283559,0.203784511648156,0.18934070501358,0.184419300299129,0.157980998457439,0.137949015551014,0.137726740784084,0.129868703822805,0.135534850629347,0.156680290611304,0.170798957105611,0.207960793024935,0.244960940624417,0.215552715654952,0.163538857637914,0.0447320330548118,-0.0235465443117266,-0.0406446797102515,-0.0514705496798821,-0.012189353018185,-0.00609712634539783,0.00449858083747023,0.0266674037425025,0.0418805893686449,0.0490872680932757,0.0408950322654549,0.0344660481695465,0.0337621523973426,0.0276230891795106,0.0309191908604969,0.0301894649177596,0.0289525385172165,0.0284003684372121,0.0269418462789752,,,,,,,,,NA,0.880172128434293,0.879225352112676,0.574386359377928,0.20333234156501,-0.018148551082979,0.228909594560564,0.330614754098361,0.156374164536298,0.168282548476454,0.222014500022799,0.153246268656716,0.165642087552982,0.11182046549068,0.232942204468855,0.203784511648156,0.137949015551014,0.156680290611304,0.215552715654952,-0.0406446797102515,0.00449858083747023,0.0408950322654549,0.0309191908604969,0.0269418462789752,0.0236115236115235,0.0207601914986217,0.0185075539005983,0.0167175486557187,0.0152916808314905,0.0141576851785381,0.0132620411166566,0.0125649229472367,,
,,,,,,,,% of total employees,,,,,,,,,,,,,,,,,,,,,,,,,,,,,,,,,,,,,,,,,,,,1,0.628360559665959,0.674522840174803,0.697053526670504,0.718839880499527,0.897291019943274,0.908252730445273,0.918460507580199,0.926568865520079,0.933069580748622,0.937016172996547,1,1,1,1,1,1,1,1,1,1,1,1,1,1,1,1,1,1,1,1,1,1,1,1,1,1,1,1,1,1,1,1,1,1,1,1,1,1,1,1,1,1,1,1,1,1,1,1,1,1,1,1,1,,,,,,,,,1,1,1,1,1,1,1,1,0.697053526670504,0.918460507580199,1,1,1,1,1,1,1,1,1,1,1,1,1,1,1,1,1,1,1,1,1,1,,
,,,,,,,,Annualized revenue per employee ($m),,,,,,,,,,,,,1.22201047120419,1.2082263868066,1.3657742469381,1.44344170017231,1.32392541238346,1.2655490078172,1.35147394366197,1.32769072164948,1.23696348526819,1.14722670078908,1.20123590031853,1.19757182546168,1.1234542289279,1.06342070872078,1.14886736090449,1.08290728753393,1.09512589267496,1.10150395070318,1.12766373256849,1.0928387224757,1.11654705347215,1.209255021612,1.34445993452531,1.31419426797924,1.25108919972483,1.24915348677725,1.38360655737705,1.30338957288342,1.25500556173526,1.24007272031385,1.30397018511104,1.28729933186202,1.27819066771589,1.27648264023479,1.37492009375666,1.33725702780144,1.30489322514809,1.30487168540392,1.43240162327299,1.33593242365172,1.3136011855755,1.28174695524009,1.35097014925373,1.24563777765748,1.2407783299503,1.24549819927971,1.3802051315236,1.26379162442486,1.29177619226436,1.2837762497677,1.44693489514663,1.33798248459293,1.37608126339179,1.42236335002113,1.613930845088,1.46483245149912,1.46677446158683,1.43008519476116,1.59058833058286,1.40496235223615,1.44711368745704,1.41982190436124,1.55005508877282,1.33798192575255,1.20149335675854,1.39790040947313,1.68211617061219,1.58045644487303,1.71822069195313,1.73615591756206,1.92523961661342,1.65975620172538,1.60182514050594,1.47965242345232,1.59904118086147,1.46372259596982,1.64147020319255,1.68203924750933,1.89170529638031,1.7809005224025,1.88753884019557,1.94777926727681,2.10489682145721,1.9434522046748,2.06149553988979,2.15276046843038,2.38608112357195,2.28251422841037,2.42496044494237,2.51141932003097,2.73401985674724,2.58467293880152,2.74216665056155,2.88121176176368,3.13785986466032,,,,,,,,,1.05568454154254,1.0807323943662,0.993527918306165,0.987443379946445,1.07781376718425,1.19116408964996,1.20168032786885,1.16749314688761,1.22629448114213,1.27773471341936,1.23136194029851,1.21313941825476,1.25285553689645,1.38378479590563,1.38521428354477,1.36129824472872,1.34904398341476,1.6462428115016,1.48677944005803,1.68433222649615,1.90929670581433,2.11107850330154,2.46056632849065,2.8094397243623,3.19159771610626,3.60645987148422,4.05388382531315,4.53357210990648,5.04638906560951,5.59168158678544,6.16843129490459,6.77661540069951,,
,,,,,,,,% change Y/Y,,,,,,,,,,,,,,,,,,,,,,,,,,,,,,,,,,,,,,,,,,,,-0.0123449207789827,0.0184741061613896,0.0293611167510608,0.0544106832009976,0.0388081425220348,0.0208909031388211,0.0222400558176887,0.0418071783061069,-0.000990538185390077,0.00667331262020987,-0.0177218422489335,-0.0568496102602795,-0.0675892316075559,-0.0554375684377061,-0.0282807427879461,0.0216399912951599,0.0145739372175426,0.0411015094985594,0.0307331239098749,0.0483477144802109,0.0587049785219387,0.0652629082594034,0.107952690570886,0.115413589444501,0.0948068964780078,0.0659068621946746,0.00542888337211211,-0.0144631441775732,-0.0408716363442763,-0.0134040881162641,-0.00717669858936787,-0.0254831756468289,-0.0476741788682046,-0.169731191700715,-0.0154396088838814,0.0851976699382466,0.181224061740669,0.430070904918402,0.241973967384707,0.144534277863071,0.0501752244483515,-0.0677419099841501,-0.147742199600326,-0.169432642532959,-0.118109879964164,0.0247499316149429,0.136779976735896,0.183024751971165,0.216692648802438,0.149907464981346,0.15798681282911,0.112698064272922,0.0912749927508683,0.0921605934615917,0.105238414124899,0.13358578874193,0.174463783014565,0.17631127403361,0.166604160964592,0.145820160822705,0.132379770794064,0.130808816399776,0.147244404302885,0.147709244655432,,,,,,,,,NA,0.023726645449466,-0.0806901657751957,-0.00612417451750458,0.0915195636257256,0.105166890530477,0.00882853866252842,-0.0284494804386733,0.0503654641667703,0.0419476994052233,-0.0362929586508255,-0.01479867246776,0.0327382970531309,0.104504673646184,0.00103302742114608,-0.0172652268317972,-0.00900189312769206,0.220303290137775,-0.0968650373623264,0.132872960921764,0.133563008401356,0.10568383471921,0.165549421607268,0.141785812409151,0.136026407126677,0.129985728866886,0.124061814015081,0.118328078766854,0.113115429350392,0.108055981036425,0.103144232940973,0.0985962356908008,,
,,,,,,,,Annualized EBIT per employee ($m),,,,,,,,,,,,,0.428828970331588,0.419929535232384,0.479748427672956,0.56482251579552,0.500153956490557,0.461398276207657,0.505488732394366,0.522746980854197,0.465636363636364,0.439834079761143,0.436582724376991,0.459249877430953,0.390581459451618,0.380949484795175,0.401317227015769,0.381558571726874,0.377625178534993,0.402068081300005,0.424562555632479,0.428883158103551,0.43808753664207,0.486549707602339,0.555072273986402,0.539062121138645,0.490529695024077,0.501821610732502,0.553770491803279,0.490652074783402,0.461067853170189,0.462985998150097,0.498105768934611,0.477068657979865,0.45851184751246,0.391937538069661,0.448114212657149,0.454632282712512,0.418935735974912,0.438024761633699,0.483516483516484,0.429196447909898,0.423019924254899,0.386238460941742,0.417910447761194,0.407802378245728,0.416952474277315,0.409497132186208,0.4410651308765,0.426483662169539,0.448877206158468,0.436121395794319,0.471042149528819,0.463671748297113,0.469327831124514,0.491773472810848,0.474897016602172,0.474544385655497,0.472905297671181,0.460094095706354,0.424173087242207,0.362539750045912,0.443676495178641,0.413616603561913,0.40067620417329,0.363012808009882,0.304694975607461,0.433844733236957,0.557985528562243,0.576649166041644,0.643194313322597,0.664009384914816,0.660421725239617,0.600295291203495,0.557081614123002,0.473522183971432,0.489081867594646,0.476092097466848,0.607531435989395,0.594053108602322,0.643412126990389,0.679642886757511,0.741499704870199,0.758364640396317,0.802561598926485,0.777992558650434,0.796759004398647,0.790799665557115,0.901477832512315,0.969731435641918,1.03357169927325,1.05459602868329,1.10008283764065,1.06853275789368,1.12642332828549,1.18181464230748,1.24994246366792,,,,,,,,,0.304183382985766,0.390490669014085,0.37036218849541,0.354242546861053,0.329208189100979,0.477272223621254,0.481885245901639,0.422459728339545,0.410638184530151,0.422461356071315,0.385652985074627,0.397369527938655,0.422175343150181,0.422231931094745,0.373358576910227,0.378682747542031,0.399723579278793,0.601214057507987,0.495200647623453,0.584941534887289,0.737359742094555,0.807001362540614,1.02774971181745,1.14553935181222,1.27873052976362,1.43650589534888,1.61128165468816,1.79880301164932,2.02844410472634,2.30440212502872,2.68404665672542,3.08390398271524,,
,,,,,,,,% change Y/Y,,,,,,,,,,,,,,,,,,,,,,-0.0467366211762976,-0.13631561615822,-0.121468139939301,-0.161187806722414,-0.133879109590476,-0.0807762089339333,-0.169170008577214,-0.0331717765989595,0.0554367372781333,0.0579225785784585,0.12402967691826,0.16011209406545,0.21011771446562,0.307398089215615,0.256897387909302,0.119707031119796,0.0313881662891564,-0.00234524807692849,-0.0898042070791177,-0.0600612810044902,-0.0773892788828221,-0.100519481793628,-0.0276844173328585,-0.00554366486441227,-0.153457038364696,-0.100363335249836,-0.047029656826251,-0.08631426156654,0.117588184563855,0.0790027851368793,-0.055948149240203,0.00974896130663749,-0.118226879454963,-0.135685210312076,-0.0498468003832628,-0.01434317777885,0.0602184235815233,0.0554058488830547,0.0458096492820215,0.0765668363918131,0.0650169720749216,0.0679650612886746,0.0871969771090335,0.045559508670677,0.127606848811368,0.00818369879894809,0.0234489968351848,0.00762253228856036,-0.0644186375556676,-0.106810376958964,-0.236025625832388,-0.0618068831888255,-0.101017362705094,-0.0553945636242118,0.00130484440371159,-0.313249678721929,0.0489055069376982,0.392609600346811,0.588509147109614,1.11094492792433,0.530523097423768,0.18358217450786,0.0410060857699095,-0.133882867767839,-0.286874260019415,-0.259440068515014,-0.206903494924372,0.0905609170853987,0.254541241595055,0.315550973408101,0.427544986303491,0.220512488646172,0.276594010560074,0.247352303849991,0.144707866159148,0.074523697265829,0.0427696960446997,0.123250643586912,0.246453355960228,0.297219979400594,0.333581783877371,0.220310470169686,0.101885242264376,0.089835692170684,0.120632555181375,0.13622576491482,,,,,,,,,NA,0.283734388056157,-0.0515466363626449,-0.0435239939040267,-0.0706701043731308,0.449758054089168,0.00966539021563917,-0.123318815148419,-0.0279826525852711,0.0287921873478261,-0.087128373915635,0.0303810506270568,0.0624250564460895,0.000134038961492555,-0.115750019326585,0.0142602071067059,0.0555632171608935,0.504074537190766,-0.176332220713461,0.181221263935168,0.26056998540313,0.0944472778622749,0.273541482732906,0.11460926589459,0.11626940422491,0.123384373730736,0.121667276065608,0.116380247001226,0.127663280297973,0.136044182661672,0.164747518487887,0.148975549656672,,
,,,,,,,,,,,,,,,,,,,,,,,,,,,,,,,,,,,,,,,,,,,,,,,,,,,,,,,,,,,,,,,,,,,,,,,,,,,,,,,,,,,,,,,,,,,,,,,,,,,,,,,,,,,,,,,,,,,,,,,,,,,,,,,,,,,,,,,,,,,,,,,,,,,,,,,,,,,,,
,,,,,,,,Non-GAAP Opex per Employee (ex. SBC & D&A),,,,,,,,,,,,,,0,0,49727.7426766226,49580.9227826919,56421.9282421327,59896.8309859155,54298.6745213549,54715.3110047847,51434.527617829,57092.2803072887,50871.8744892956,56950.021761207,53379.617994471,56481.6423683428,51006.3165587805,54557.3862477046,52007.3547681757,52573.7810305608,46468.9545725055,48064.2878803194,52428.1718789728,61356.2830521279,62363.6099122254,65168.5393258427,66778.1063820668,77090.1639344262,82041.3436692507,77933.8153503893,77249.386023666,77956.0784796871,78816.0957765215,81897.933607298,94523.5062849549,92558.0652034946,75556.9322904567,76335.3078799343,75138.7505336559,80297.2960649309,81957.9813731861,82125.8027334102,80172.2131719805,88488.8059701493,80730.4354102384,75925.6666899979,78348.0058690143,87747.1123046559,75785.6975746705,73345.8505444987,72520.1206524381,80357.514607303,73184.6096318094,75150.5216427447,73994.0686122863,88006.2665730612,72831.7856965782,76269.2988565302,72644.963947298,90320.844917514,70401.5377179661,70139.7494849218,77644.8817671744,88682.3951758103,70099.351526993,58187.5825440524,60411.5704299407,66456.5294139771,65060.2744322529,72223.4378358294,67880.053071097,89474.0445622865,66803.8318433439,71599.51133397,68313.1527933622,75219.3475217173,74816.7234993672,70279.21516454,75174.9424709575,93659.3781729494,74778.9928798548,73682.5510365155,79790.1378317509,86876.7591937571,76210.8159068861,86260.6412002961,99295.2939891938,106404.094185293,79203.1835464883,79504.6009384902,78129.8203536818,87446.0533007683,,,,,,,,,,,,,,,177533.539441634,190803.153823267,205534.12125408,208372.148073533,251885.245901639,288107.92496997,327775.410185382,289179.699968082,310652.985074627,306338.369948555,285970.049824435,298665.569130624,291213.669012575,287951.578212879,244031.140855646,279226.38502345,265344.817169498,316974.597165435,311740.438556764,364113.503272145,320581.601440208,268804.890739457,188124.395810063,95742.1492613854,-4588.07261252827,-88157.6812349036,-142069.12868856,-151958.347661006,-73178.9510515834,27225.6267319255,,
,,,,,,,,% change Y/Y,,,,,,,,,,,,,,,,,,,,,,-0.0883947213377831,-0.0468230227286356,-0.0631101967454398,0.0408425121850613,0.037816822020696,-0.0106956305766611,0.00264275831851246,-0.04201289902109,-0.0257076254542959,-0.0691881675872142,-0.0889568644120016,-0.119014102653393,0.00809149230282658,0.167050987191923,0.342048911707698,0.355861954890772,0.273706558684135,0.256434713767307,0.315532307778863,0.195880959687009,0.156807076584179,0.0112324906455952,-0.0393124703775181,0.0508651891234377,0.223614984538477,0.18731043183005,-0.0413514962134889,-0.0679214417550087,-0.205078678449155,-0.132465702600931,0.0847182235790414,0.0758560489804221,0.0669889052263382,0.102014766457322,-0.0149777476504478,-0.0754955913616897,-0.022753610394327,-0.00838177956366093,-0.0612499834844289,-0.0339781823191956,-0.0743846017768407,-0.084214710926286,-0.0343216203861988,0.0246049515391626,0.0203246760566258,0.0951840285645558,-0.00482101273759938,0.0148871516701374,-0.0182326055356855,0.026300153779746,-0.0333679581705811,-0.0803671918256215,0.0688267644196732,-0.0181403278855514,-0.00429232372996746,-0.170405041772195,-0.221950384172255,-0.250623201118678,-0.0718847890169112,0.24121736422287,0.123626692502846,0.346354456834881,0.0267991093844313,-0.00863883692822309,0.00638036805615938,-0.159316560576916,0.119946587417525,-0.0184400164865883,0.100446098547834,0.245150101121365,-0.000504307295850603,0.0484259231411093,0.0613927355192381,-0.0724179373331693,0.0191473965065527,0.170706496814249,0.244455727079609,0.224770527500749,0.0392643433086746,-0.0783212386065902,-0.213156865599446,-0.178170220137502,,,,,,,,,,,,,NA,NA,NA,0.074744267609195,0.0772050520949854,0.0138080567943513,0.208823963425048,0.143806275507201,0.137682728510671,-0.117750474922667,0.0742558523607129,-0.0138888577717514,-0.0664896144989643,0.0443945766837595,-0.0249506501192648,-0.011201709077587,-0.152527163177288,0.144224397117509,-0.0497143844511163,0.194576176564082,-0.0165128646127403,0.16800215255309,-0.119555856733498,-0.161508678190341,-0.300145189722737,-0.491069997332776,NM,NM,NM,NM,NM,-1.3720417734976,,
,,,,,,,,,,,,,,,,,,,,,,,,,,,,,,,,,,,,,,,,,,,,,,,,,,,,,,,,,,,,,,,,,,,,,,,,,,,,,,,,,,,,,,,,,,,,,,,,,,,,,,,,,,,,,,,,,,,,,,,,,,,,,,,,,,,,,,,,,,,,,,,,,,,,,,,,,,,,,
,,,,,,,,"Non-GAAP Opex per Employee (Average) (ex. SBC, D&A)",,,,,,,,,,,,,,,,67547.2858680609,68979.5172863666,76134.1037941561,79842.3469865967,74507.7786688051,73956.0141189248,70658.545034642,76621.1849192101,69209.0607541899,74796.3418383031,71173.9950171706,72801.9314813117,69944.717888824,71117.5954592363,68267.2238024517,68242.5083653489,62298.8164215322,63178.9737171464,68033.7634027021,76683.1477732794,76588.5957110386,79526.7053222081,80423.6086494151,90549.1190211812,97010.8052685543,94001.888025561,92646.4962325976,91382.0119084926,91083.8520688393,97435.7452365406,111346.178420821,111455.024300182,92051.9643957369,96658.5146419656,93781.8800097158,99483.8649679159,102185.889461525,101378.305929037,100211.686703679,109410.064280552,99285.4456562618,95054.5008750344,97827.9430347324,108005.58338123,95514.1389195499,94177.0602188385,94486.1127387789,102164.697266313,91780.9666318853,94999.0018492407,95506.5254372042,112270.095191459,96698.2728686604,99414.0558453933,98060.8465096703,116950.44783759,95927.1393043866,96409.4973880665,104544.654870142,116966.013038981,95265.368090478,84589.6593775323,86824.4396348048,93714.3158471668,84513.49179896,92477.8970035539,90238.9018249924,112340.066643164,90763.2744837183,95628.0620577028,92532.074433769,97472.9113131185,90975.7164697677,86202.5924661312,95455.7027329731,111866.126047635,93232.1726211352,93986.911121872,102249.839931848,110433.076566009,101022.628965868,105882.296380037,129846.996432491,138293.586145657,115624.29958096,120910.438834413,125920.986679841,142519.732229559,131293.953073306,137834.137446139,142703.435590038,160846.20594514,,,,,,,,,,,,,,,,,,,,344533.592111876,328266.114875212,327663.081603994,341315.906127996,351845.95670449,318824.999125962,324563.173232236,326270.893246249,319268.854802789,339452.975698991,424779.502459705,451443.773873255,517455.513972542,577322.689572153,641073.874014378,709402.649624468,781741.727026772,859482.311239031,942562.292761325,1030563.17185708,1123449.66048679,,
,,,,,,,,% change Y/Y,,,,,,,,,,,,,,,,,,,,0.103046224748987,0.0721445586796208,-0.0719199213839616,-0.0403440303167362,-0.0711163050259295,0.0113625339249224,0.00729494192494107,-0.0498459197926185,0.0106294916679608,-0.0491835066883298,-0.0408403548798629,-0.0626277768074498,-0.109313493542783,-0.111626689440593,-0.00341980216487525,0.123685948979805,0.229374811759144,0.258752724889942,0.182113183617018,0.180821623140691,0.266648178725808,0.182016627555557,0.151981337177555,0.00919824396211522,-0.0610958045684448,0.0365296621494022,0.201839065141504,0.219660433957066,0.0106288030744022,-0.0079768527729549,-0.15774495955059,-0.107407982793347,0.110089177697735,0.0488295449661558,0.0685612902332158,0.0997769770589192,-0.0283839952908088,-0.0623782869130739,-0.0237870825984075,-0.0128368528851321,-0.0379844871701395,-0.00923092171458051,-0.034160283782795,-0.0540794830420995,-0.0390850226981476,0.00872762038326891,0.0107996050302801,0.0989128162226547,0.0535765357157052,0.0464747408942154,0.0267449900493508,0.0416883288301244,-0.00797463637557616,-0.0302226725564785,0.0661202568736996,0.000133092276934921,-0.00689868601010546,-0.12260034883241,-0.169499007456174,-0.198790200569331,-0.112862381230779,0.0932529777761089,0.0393260492615828,0.198750325685272,0.073950117924666,0.0340639780555112,0.0254122397591212,-0.132340631212808,0.00234061614962378,-0.0985638461007832,0.0315958365474314,0.147663741039603,0.0248028401306126,0.0903026049802291,0.0711758124905422,-0.0128103969651728,0.0835597425836132,0.126564274920579,0.269899263598236,0.252284102245356,0.144538612433314,0.141932532332285,-0.0302356608971847,0.0305592341748324,0.135522148450933,0.139968879237165,0.133277616009058,0.128589027139494,,,,,,,,,,,,,,,,,,,,,-0.0472159394877851,-0.0018370256444129,0.041667265220017,0.0308513327021589,-0.0938506097606278,0.0179978800972476,0.00526159513726032,-0.0214608124365381,0.0632198242721469,0.251364792384018,0.0627720293920706,0.146223613924113,0.115695309032475,0.11042556544845,0.106584870137068,0.101971817331945,0.0994453558311816,0.0966628171818045,0.0933634623107515,0.090131775679823,,
,,,,,,,,,,,,,,,,,,,,,,,,,,,,,,,,,,,,,,,,,,,,,,,,,,,,,,,,,,,,,,,,,,,,,,,,,,,,,,,,,,,,,,,,,,,,,,,,,,,,,,,,,,,,,,,,,,,,,,,,,,,,,,,,,,,,,,,,,,,,,,,,,,,,,,,,,,,,,
,,,,,,,,SBC Per Employee (Average),,,,,,,,,,,,,,,,15041.6730739659,12351.7286366601,10097.6886175316,10901.6777579904,18390.376904571,14817.9473255498,11531.1778290993,13407.8396169958,16049.7555865922,18561.6354134645,13329.4727627769,14993.4292961707,15630.7666638859,14075.128998968,14098.1700103204,14186.2436485314,13767.1470311494,14668.3354192741,16121.2643532483,13919.7368421053,14378.8911947821,14566.5393862254,16838.0007089685,16592.9898807903,17036.0438520388,15794.0599811197,18995.0266961627,16797.2422438107,16965.7024289027,18846.0853564433,21638.8135569155,19222.9371996416,17172.895664827,18829.9099053436,20791.8387175128,20296.6613968195,18637.8176648303,18574.4137450662,25062.9068977913,22840.5157658514,22069.5475100671,20112.4663533718,24452.7167787985,23581.574841941,23727.6560601609,23000.9947203306,27247.158092113,25998.9014548681,27512.0681981581,26778.4328667496,23681.4198442491,23348.5661553242,29752.9668200533,27718.4276426126,24314.4523796544,23329.8644009879,27384.6610295208,26148.1253404704,23640.0862263351,22695.7660035623,26369.4114826801,26573.9624659743,24012.1100535785,24104.2247833013,27207.0789259561,26776.8816163295,26346.2140068824,25798.6219855935,28114.3299438837,28302.5568181818,27583.6837189192,27054.7699946686,27741.5374922889,31000.5932742565,31539.4352777068,31018.1619861709,28971.0702069637,32540.2175450861,32401.1849766247,31871.2423750384,29893.6164447407,32176.212777143,33758.3163251783,37119.3767766354,33781.3774744996,35280.4887393314,36602.8838136331,37717.3984317621,35647.3187495158,36434.3960801661,38362.1687684283,40898.4632281835,,,,,,,,,,,,,,,,,,,,90162.3719826018,100144.172947777,100931.238211655,104572.313437425,99177.654247255,101172.30527144,105386.890380773,111682.154043157,120514.251373626,124567.757807695,133387.501570255,143369.578061029,151367.514253346,158766.572527555,171869.636531471,184798.772326031,198486.038293126,211885.932802049,224797.055669449,237940.29090518,251082.563247183,,
,,,,,,,,% change Y/Y,,,,,,,,,,,,,,,,,,,,0.222628414680881,0.199665873614637,0.141962112901646,0.229887721380177,-0.127274244031237,0.252645525433852,0.155950672197558,0.118258401388166,-0.0261056263720502,-0.24170857333196,0.0576689912064741,-0.0538359591854948,-0.119227653563678,0.0421457181919669,0.143500492719758,-0.0187862843067509,0.0444350715691899,-0.00693984901074096,0.0444590659898025,0.192047670800699,0.184795379647977,0.0842698847232788,0.128104638102633,0.0123095574991532,-0.00412897640714083,0.193238811234853,0.139183108454742,0.144410309777171,0.012212476128977,-0.000858292361185953,-0.0391414638873323,0.055856406647258,0.0853043091040064,-0.0135686342399818,0.205420417035124,0.125333635877207,0.184127235653371,0.0828049072996524,-0.0243463426441769,0.0324449361689791,0.0751310623535659,0.143618804188803,0.114279380021173,0.102509125413784,0.159493720256309,0.164229338441616,-0.130866427823752,-0.101940280213171,0.081451478156964,0.0351026805989927,0.026731190087784,-0.000800980848757127,-0.0795989793171221,-0.0566519256571452,-0.0277351980949215,-0.027179686367946,-0.0370736576124242,0.0162855699962876,0.0157369911294556,0.0620582173572781,0.0317666339965974,0.0076360140349776,0.0972052830049404,0.07029461505296,0.0333461383486524,0.0569773293138791,0.0469695460498996,0.0486905079572311,-0.0132598732510745,0.0953283646211567,0.143409110947517,0.146495127930613,0.0443210011347275,0.0496643485887145,0.0273229273552331,0.0275026092535022,0.0318437058481609,-0.0111863040693803,0.0418852381335013,0.164666765726942,0.130053218450353,0.0964773568502011,0.0842627179938247,0.0161107676652352,0.0552357960069778,0.0327066710827142,0.0480641078378636,0.0843394541693132,,,,,,,,,,,,,,,,,,,,,0.110709165538601,0.00785932162312153,0.0360748098436567,-0.0515878344165921,0.0201118995939549,0.04165749804777,0.0597347890201372,0.0790824407546475,0.0336350795683209,0.0708027816971388,0.0748351710112492,0.0557854483530209,0.0488814149502685,0.0825303701863427,0.0752264102926235,0.074065784067799,0.0675105142112533,0.0609343088361705,0.0584671146896909,0.0552334885865997,,
,,,,,,,,,,,,,,,,,,,,,,,,,,,,,,,,,,,,,,,,,,,,,,,,,,,,,,,,,,,,,,,,,,,,,,,,,,,,,,,,,,,,,,,,,,,,,,,,,,,,,,,,,,,,,,,,,,,,,,,,,,,,,,,,,,,,,,,,,,,,,,,,,,,,,,,,,,,,,
,,,,,,,,Total Per Employee (Average),,,,,,,,,,,,,,,,82588.9589420268,81331.2459230268,86231.7924116877,90744.0247445871,92898.1555733761,88773.9614444746,82189.7228637413,90029.0245362059,85258.8163407821,93357.9772517676,84503.4677799475,87795.3607774824,85575.4845527099,85192.7244582043,82365.3938127722,82428.7520138803,76065.9634526816,77847.3091364205,84155.0277559504,90602.8846153846,90967.4869058207,94093.2447084335,97261.6093583836,107142.108901971,114046.849120593,109795.948006681,111641.52292876,108179.254152303,108049.554497742,116281.830592984,132984.991977736,130677.961499824,109224.860060564,115488.424547309,114573.718727229,119780.526364735,120823.707126355,119952.719674103,125274.59360147,132250.580046404,121354.993166329,115166.967228406,122280.659813531,131587.158223171,119241.794979711,117178.054939169,121733.270830892,128163.598721181,119293.034830043,121777.43471599,119187.945281453,135618.661346783,126451.239688714,127132.483488006,122375.298889325,140280.312238577,123311.800333907,122557.622728537,128184.741096477,139661.779042543,121634.779573158,111163.621843507,110836.549688383,117818.540630468,111720.570724916,119254.778619883,116585.115831875,138138.688628757,118877.604427602,123930.618875885,120115.758152688,124527.681307787,118717.253962057,117203.185740388,126995.13801068,142884.288033806,122203.242828099,126527.128666958,134651.024908473,142304.318941047,130916.245410609,138058.50915718,163605.31275767,175412.962922292,149405.67705546,156190.927573744,162523.870493474,180237.130661322,166941.271822822,174268.533526305,181065.604358466,201744.669173323,,,,,,,,,,,,,,,,,,,,,,,,,419997.304397402,429950.063613009,437953.047289406,439783.106176415,464020.733506686,558167.00402996,594813.351934283,668823.028225888,736089.262099708,812943.510545849,894201.421950499,980227.765319897,1071368.24404108,1167359.34843077,1268503.46276226,1374532.22373397,,
,,,,,,,,% change Y/Y,,,,,,,,,,,,,,,,,,,,0.124825361203377,0.0915111460175069,-0.0468744697854446,-0.00787930897261524,-0.0822334866116908,0.0516369409757629,0.0281512680124498,-0.0248104849544961,0.00371419901798808,-0.087461757783625,-0.0253016121509121,-0.0611263364724222,-0.111124361722672,-0.0862211575988215,0.0217279838089082,0.0991660361438917,0.195902645240389,0.208689751158173,0.155743298433009,0.182546332346889,0.253710012223011,0.16688449151589,0.147847785629277,0.00968008993812886,-0.0525862368762997,0.0590721488730037,0.191178590985324,0.207976173655669,0.010877467920023,-0.00682312999054724,-0.138446248532994,-0.0833915299107479,0.106192372866028,0.0386557799562455,0.0933972903482112,0.104107521148276,0.00439720028965951,-0.0398969899031848,-0.0238989702689703,-0.00501640010198756,-0.017413360023198,0.0174623658081949,-0.004476496802306,-0.026017428662635,0.000429713846066271,0.039251204324982,-0.0209090377023912,0.0581683309456729,0.0600052204964741,0.0439740645260323,0.0267422481388084,0.0343732259668492,-0.0248272722555717,-0.0359849869518253,0.047472343355881,-0.00440926589172641,-0.0135998400494378,-0.0929685206955087,-0.135337414263972,-0.156400974997041,-0.0815080101516451,0.0727860125659392,0.051865257080391,0.172469866708179,0.0640619149745343,0.0392088292822645,0.0302838170689366,-0.0985314646901646,-0.00134887026296959,-0.0542838662190042,0.0572729170909192,0.147409849225796,0.0293637929593331,0.0795536645840282,0.0602848819074398,-0.00405901237105621,0.0712992747235557,0.0911376130298045,0.215032064322408,0.232660851249084,0.141230995334921,0.13133865146929,-0.00661006813267584,0.0275017744336619,0.117368999043141,0.115740435333711,0.114086218896303,0.119329121769119,,,,,,,,,,,,,,,,,,,,,,,,,NA,0.0236971978424654,0.0186137515811595,0.00417866458136684,0.0551126839341294,0.202892378993056,0.0656548087574806,0.12442504199163,0.100574039820742,0.104408870504255,0.0999551756678512,0.0962046595517048,0.0929788789357946,0.0895967422252741,0.086643512528898,0.0835857087380962,,
,,,,,,,,,,,,,,,,,,,,,,,,,,,,,,,,,,,,,,,,,,,,,,,,,,,,,,,,,,,,,,,,,,,,,,,,,,,,,,,,,,,,,,,,,,,,,,,,,,,,,,,,,,,,,,,,,,,,,,,,,,,,,,,,,,,,,,,,,,,,,,,,,,,,,,,,,,,,,
,,,,,,,,Opex ex SBC ex D&A ex COGs,,,,,,,,,,,,,,,,,,,,,,,,,,,,,,,,,,,,,,,,,,,,,,,,,,,,,,,,,,,,,,,,,,,,,,,,9699.67269076305,10176.2634730539,11590.9704301075,13626.2481040087,11524.5850066934,10596.8003992016,11270.6370967742,12530.6348862405,11633.1131191432,13134.2195608782,13268.9086021505,17217.6879739978,14540.5488621151,16157.3173652695,16692.4623655914,18374.2773564464,15451.3721552878,15990.620758483,17316.4811827957,19443.0238353196,16377.1459170013,16940.0598802395,17841.4784946237,20131.5081256771,18640.796519411,19737.624750499,24493.688172043,26344.0292524377,22138.5846407665,23307.9052941097,24481.5582302946,27943.8438982497,25906.9228204248,27355.9412589353,28539.9736008297,32409.7062669159,,,,,,,,,,,,,,,,,,,,,,,,45093.1546979331,45922.6573889098,55253.9292561699,65764.6059494224,68201.4979318862,71290.1924175417,89216.1386943907,97871.8920634205,114212.543947106,129713.123140395,146311.585257668,164161.243924268,183169.485977354,203668.144116394,225684.923736255,249167.791405477,274150.837296766,,
,,,,,,,,Y/Y % Growth,,,,,,,,,,,,,,,,,,,,,,,,,,,,,,,,,,,,,,,,,,,,,,,,,,,,,,,,,,,,,,,,,,,,,,,,,,,,0.188141638806869,0.0413252788964496,-0.027636455054813,-0.0804046139043829,0.0094170950525998,0.239451444406542,0.177298895192737,0.374047534726593,0.249927574261052,0.23016958033775,0.25801321465776,0.0671744884792442,0.0626402278077556,-0.0103170967690925,0.0373832693785552,0.0581653611807642,0.0599153105892087,0.0593747507427318,0.0303177825960135,0.0354103505806978,0.138220091210136,0.165144922157142,0.372850808268156,0.308596906301156,0.187641559077864,0.180887041310301,-0.000495227246431695,0.0607277888466504,0.17021585800563,0.173676523640609,0.165774389536733,0.159815606790801,,,,,,,,,,,,,,,,,,,,,,,,,0.018395312914637,0.203195381056358,0.190224963812485,0.0370547644478849,0.0452877807572527,0.25145038425283,0.0970200402718626,0.16695959932088,0.135716959430201,0.12796285923443,0.121997575483621,0.11579007077855,0.11191087876708,0.10810124339955,0.104051556836226,0.10026595231417,,
,,,,,,,,,,,,,,,,,,,,,,,,,,,,,,,,,,,,,,,,,,,,,,,,,,,,,,,,,,,,,,,,,,,,,,,,,,,,,,,,,,,,,,,,,,,,,,,,,,,,,,,,,,,,,,,,,,,,,,,,,,,,,,,,,,,,,,,,,,,,,,,,,,,,,,,,,,,,,
,,,,,,,,Opex ex SBC ex D&A ex TAC (includes COGS ex TAC/D&A),,,,,,,,,,,,,,,,,,,,,,,,,,,,,,,,,,,,,,,,,,,,,,,,,,,,,,,,,,,,,,,,,,,,,,,,17686,17140,18479,22582,19641,18713,20388,24019,22895,25057,25630,32844,27832,29538,31222,35798,29749,31090,33208,38449,32728,34357,35590,40634,35877,38056,44263,48186,40622.30521246,43144.805368965,45694.7927767941,51616.9596557407,45996.1010124503,48987.3731060793,51836.1796893184,58152.1573626795,,,,,,,,,,,,,,,,,,,,,,,,75887,82761,106426,124390,132496,143309,166382,181078.86301396,204971.811170527,227966.108219443,249703.14053629,272211.421599354,301272.223216037,334087.297574272,372882.263701626,414424.062748671,462384.035474772,,
,,,,,,,,Y/Y % Growth,,,,,,,,,,,,,,,,,,,,,,,,,,,,,,,,,,,,,,,,,,,,,,,,,,,,,,,,,,,,,,,,,,,,,,,,,,,,0.11053940970259,0.0917736289381563,0.103306455977055,0.0636347533433708,0.165673845527214,0.33901565756426,0.257112026682362,0.367417461176569,0.215636601878139,0.178832262441633,0.218181818181818,0.0899403239556695,0.0688775510204083,0.052542487643036,0.063608993658318,0.0740544164478461,0.100137819758647,0.105082019942104,0.0717297036858591,0.0568285260995085,0.0962173062820826,0.107663649329103,0.243692048328182,0.185854210759463,0.132265942315689,0.133718871372845,0.0323473957208982,0.0712024167961787,0.132286825473954,0.13541764036597,0.134400148010807,0.126609504909342,,,,,,,,,,,,,,,,,,,,,,,,,0.090582049626418,0.285943862447288,0.168793339973315,0.0651660101294316,0.0816100108682527,0.161001751460132,0.0883320492238331,0.131947747842473,0.112182728530341,0.0953520349433794,0.0901401600905885,0.106758200834995,0.108921672260189,0.116122242327183,0.111407280771836,0.115726805070164,,
,,,,,,,,,,,,,,,,,,,,,,,,,,,,,,,,,,,,,,,,,,,,,,,,,,,,,,,,,,,,,,,,,,,,,,,,,,,,,,,,,,,,,,,,,,,,,,,,,,,,,,,,,,,,,,,,,,,,,,,,,,,,,,,,,,,,,,,,,,,,,,,,,,,,,,,,,,,,,
,,,,,,,,,,,,,,,,,,,,,,,,,,,,,,,,,,,,,,,,,,,,,,,,,,,,,,,,,,,,,,,,,,,,,,,,,,,,,,,,,,,,,,,,,,,,,,,,,,,,,,,,,,,,,,,,,,,,,,,,,,,,,,,,,,,,,,,,,,,,,,,,,,,,,,,,,,,,,
,,,,,,,,,,,,,,,,,,,,,,,,,,,,,,,,,,,,,,,,,,,,,,,,,,,,,,,,,,,,,,,,,,,,,,,,,,,,,,,,,,,,,,,,,,,,,,,,,,,,,,,,,,,,,,,,,,,,,,,,,,,,,,,,,,,,,,,,,,,,,,,,,,,,,,,,,,,,,
,,,,,,,,Motorola,,,,,,,,,,,,,,,,,,,,,,,,,,,,,,,,,,,,,,,,,,,,,20293,17428,16317,15152,4599,4259,3894,3659,3485,3466,0,0,0,0,0,0,0,0,0,0,0,0,0,0,0,0,0,0,0,0,0,0,0,0,0,0,0,0,0,0,0,0,0,0,0,0,0,0,0,0,0,0,0,0,0,,,,,,,,,,,,,,,,,,,,,,,,0,16317,3894,0,0,0,0,0,0,0,0,0,0,,0,0,0,0,0,0,,,,,,,
,,,,,,,,Period-to-period addition,,,,,,,,,,,,,,,,,,,,,,,,,,,,,,,,,,,,,,,,,,,,,,-2865,-1111,-1165,-10553,-340,-365,-235,-174,-19,-3466,0,0,0,0,0,0,0,0,0,0,0,0,0,0,0,0,0,0,0,0,0,0,0,0,0,0,0,0,0,0,0,0,0,0,0,0,0,0,0,0,0,0,0,0,,,,,,,,,,,,,,,,,,,,,,,,0,16317,-12423,-3894,0,0,0,0,0,0,0,0,0,,0,0,0,0,0,0,,,,,,,
,,,,,,,,% change Y/Y,,,,,,,,,,,,,,,,,,,,,,,,,,,,,,,,,,,,,,,,,,,,,NA,NA,NA,NA,-0.773370127630217,-0.75562313518476,-0.761353189924619,-0.758513727560718,-0.242226570993694,-0.186193942239962,NM,NM,NM,NM,NA,NA,NA,NA,NA,NA,NA,NA,NA,NA,NA,NA,NA,NA,NA,NA,NA,NA,NA,NA,NA,NA,NA,NA,NA,NA,NA,NA,NA,NA,NA,NA,NA,NA,NA,NA,NA,NA,NA,NA,NA,,,,,,,,,,,,,,,,,,,,,,,,NA,NA,-0.761353189924619,NM,NA,NA,NA,NA,NA,NA,NA,NA,NA,,NA,NA,NA,NA,NA,NA,,,,,,,
,,,,,,,,,,,,,,,,,,,,,,,,,,,,,,,,,,,,,,,,,,,,,,,,,,,,,,,,,,,,,,,,,,,,,,,,,,,,,,,,,,,,,,,,,,,,,,,,,,,,,,,,,,,,,,,,,,,,,,,,,,,,,,,,,,,,,,,,,,,,,,,,,,,,,,,,,,,,,
,,,,,,,,,,,,,,,,,,,,,,,,,,,,,,,,,,,,,,,,,,,,,,,,,,,,,,,,,,,,,,,,,,,,,,,,,,,,,,,,,,,,,,,,,,,,,,,,,,,,,,,,,,,,,,,,,,,,,,,,,,,,,,,,,,,,,,,,,,,,,,,,,,,,,,,,,,,,,
,,,,,,,,,,,,,,,,,,,,,,,,,,,,,,,,,,,,,,,,,,,,,,,,,,,,,,,,,,,,,,,,,,,,,,,,,,,,,,,,,,,,,,,,,,,,,,,,,,,,,,,,,,,,,,,,,,,,,,,,,,,,,,,,,,,,,,,,,,,,,,,,,,,,,,,,,,,,,
,,,,,,,,,,,,,,,,,,,,,,,,,,,,,,,,,,,,,,,,,,,,,,,,,,,,,,,,,,,,,,,,,,,,,,,,,,,,,,,,,,,,,,,,,,,,,,,,,,,,,,,,,,,,,,,,,,,,,,,,,,,,,,,,,,,,,,,,,,,,,,,,,,,,,,,,,,,,,
,,,,,,,,,,,,,,,,,,,,,,,,,,,,,,,,,,,,,,,,,,,,,,,,,,,,,,,,,,,,,,,,,,,,,,,,,,,,,,,,,,,,,,,,,,,,,,,,,,,,,,,,,,,,,,,,,,,,,,,,,,,,,,,,,,,,,,,,,,,,,,,,,,,,,,,,,,,,,
,,,,,,,,,,,,,,,,,,,,,,,,,,,,,,,,,,,,,,,,,,,,,,,,,,,,,,,,,,,,,,,,,,,,,,,,,,,,,,,,,,,,,,,,,,,,,,,,,,,,,,,,,,,,,,,,,,,,,,,,,,,,,,,,,,,,,,,,,,,,,,,,,,,,,,,,,,,,,
,,,,,,,,,,,,,,,,,,,,,,,,,,,,,,,,,,,,,,,,,,,,,,,,,,,,,,,,,,,,,,,,,,,,,,,,,,,,,,,,,,,,,,,,,,,,,,,,,,,,,,,,,,,,,,,,,,,,,,,,,,,,,,,,,,,,,,,,,,,,,,,,,,,,,,,,,,,,,
,,,,,,,,,,,,,,,,,,,,,,,,,,,,,,,,,,,,,,,,,,,,,,,,,,,,,,,,,,,,,,,,,,,,,,,,,,,,,,,,,,,,,,,,,,,,,,,,,,,,,,,,,,,,,,,,,,,,,,,,,,,,,,,,,,,,,,,,,,,,,,,,,,,,,,,,,,,,,
,,,,,,,,,,,,,,,,,,,,,,,,,,,,,,,,,,,,,,,,,,,,,,,,,,,,,,,,,,,,,,,,,,,,,,,,,,,,,,,,,,,,,,,,,,,,,,,,,,,,,,,,,,,,,,,,,,,,,,,,,,,,,,,,,,,,,,,,,,,,,,,,,,,,,,,,,,,,,
,,,,,,,,,,,,,,,,,,,,,,,,,,,,,,,,,,,,,,,,,,,,,,,,,,,,,,,,,,,,,,,,,,,,,,,,,,,,,,,,,,,,,,,,,,,,,,,,,,,,,,,,,,,,,,,,,,,,,,,,,,,,,,,,,,,,,,,,,,,,,,,,,,,,,,,,,,,,,
,,,,,,,,,,,,,,,,,,,,,,,,,,,,,,,,,,,,,,,,,,,,,,,,,,,,,,,,,,,,,,,,,,,,,,,,,,,,,,,,,,,,,,,,,,,,,,,,,,,,,,,,,,,,,,,,,,,,,,,,,,,,,,,,,,,,,,,,,,,,,,,,,,,,,,,,,,,,,
,,,,,,,,,,,,,,,,,,,,,,,,,,,,,,,,,,,,,,,,,,,,,,,,,,,,,,,,,,,,,,,,,,,,,,,,,,,,,,,,,,,,,,,,,,,,,,,,,,,,,,,,,,,,,,,,,,,,,,,,,,,,,,,,,,,,,,,,,,,,,,,,,,,,,,,,,,,,,
,,,,,,,,,,,,,,,,,,,,,,,,,,,,,,,,,,,,,,,,,,,,,,,,,,,,,,,,,,,,,,,,,,,,,,,,,,,,,,,,,,,,,,,,,,,,,,,,,,,,,,,,,,,,,,,,,,,,,,,,,,,,,,,,,,,,,,,,,,,,,,,,,,,,,,,,,,,,,
,,,,,,,,,,,,,,,,,,,,,,,,,,,,,,,,,,,,,,,,,,,,,,,,,,,,,,,,,,,,,,,,,,,,,,,,,,,,,,,,,,,,,,,,,,,,,,,,,,,,,,,,,,,,,,,,,,,,,,,,,,,,,,,,,,,,,,,,,,,,,,,,,,,,,,,,,,,,,
,,,,,,,,,,,,,,,,,,,,,,,,,,,,,,,,,,,,,,,,,,,,,,,,,,,,,,,,,,,,,,,,,,,,,,,,,,,,,,,,,,,,,,,,,,,,,,,,,,,,,,,,,,,,,,,,,,,,,,,,,,,,,,,,,,,,,,,,,,,,,,,,,,,,,,,,,,,,,
,,,,,,,,,,,,,,,,,,,,,,,,,,,,,,,,,,,,,,,,,,,,,,,,,,,,,,,,,,,,,,,,,,,,,,,,,,,,,,,,,,,,,,,,,,,,,,,,,,,,,,,,,,,,,,,,,,,,,,,,,,,,,,,,,,,,,,,,,,,,,,,,,,,,,,,,,,,,,
,,,,,,,,,,,,,,,,,,,,,,,,,,,,,,,,,,,,,,,,,,,,,,,,,,,,,,,,,,,,,,,,,,,,,,,,,,,,,,,,,,,,,,,,,,,,,,,,,,,,,,,,,,,,,,,,,,,,,,,,,,,,,,,,,,,,,,,,,,,,,,,,,,,,,,,,,,,,,
,,,,,,,,,,,,,,,,,,,,,,,,,,,,,,,,,,,,,,,,,,,,,,,,,,,,,,,,,,,,,,,,,,,,,,,,,,,,,,,,,,,,,,,,,,,,,,,,,,,,,,,,,,,,,,,,,,,,,,,,,,,,,,,,,,,,,,,,,,,,,,,,,,,,,,,,,,,,,
,,,,,,,,,,,,,,,,,,,,,,,,,,,,,,,,,,,,,,,,,,,,,,,,,,,,,,,,,,,,,,,,,,,,,,,,,,,,,,,,,,,,,,,,,,,,,,,,,,,,,,,,,,,,,,,,,,,,,,,,,,,,,,,,,,,,,,,,,,,,,,,,,,,,,,,,,,,,,
,,,,,,,,,,,,,,,,,,,,,,,,,,,,,,,,,,,,,,,,,,,,,,,,,,,,,,,,,,,,,,,,,,,,,,,,,,,,,,,,,,,,,,,,,,,,,,,,,,,,,,,,,,,,,,,,,,,,,,,,,,,,,,,,,,,,,,,,,,,,,,,,,,,,,,,,,,,,,
,,,,,,,,,,,,,,,,,,,,,,,,,,,,,,,,,,,,,,,,,,,,,,,,,,,,,,,,,,,,,,,,,,,,,,,,,,,,,,,,,,,,,,,,,,,,,,,,,,,,,,,,,,,,,,,,,,,,,,,,,,,,,,,,,,,,,,,,,,,,,,,,,,,,,,,,,,,,,
,,,,,,,,,,,,,,,,,,,,,,,,,,,,,,,,,,,,,,,,,,,,,,,,,,,,,,,,,,,,,,,,,,,,,,,,,,,,,,,,,,,,,,,,,,,,,,,,,,,,,,,,,,,,,,,,,,,,,,,,,,,,,,,,,,,,,,,,,,,,,,,,,,,,,,,,,,,,,
,,,,,,,,,,,,,,,,,,,,,,,,,,,,,,,,,,,,,,,,,,,,,,,,,,,,,,,,,,,,,,,,,,,,,,,,,,,,,,,,,,,,,,,,,,,,,,,,,,,,,,,,,,,,,,,,,,,,,,,,,,,,,,,,,,,,,,,,,,,,,,,,,,,,,,,,,,,,,
,,,,,,,,TAC related to AdSense Arrangements,,,,,,,,,,,,,,,,,,,,,,,,,,,,,,,,,,,,,,,,,,,,,,,,2282,2307,2217,2487,2387,2400,2421,2655,2432,2432,2514,2864,2571,2623,2623,3082,2824,3042,3101,3674,3386,3411,3427,3930,3477,3621,3634,4182.28,3478.7776,2919.43872,3712.0176896,4675.82299648,4121.82299648,4638.82299648,4807.82299648,5686.82299648,4849.82299648,5073.82299648,4685.82299648,,,,,,,,,,,,,,,,,,,,,,,,,,,,,,,,,,,,,7294,8791,9293,9863,10242,10899,12641,14154,14914.28,14786.05700608,19255.29198592,19894.29198592,19048.28198592,18576.61198592,19602.61198592,,,,,,,,,,,,0.113862218640258
,,,,,,,,Google Search Network (incl. FX adjustment),,,,,,,,,,,,,,,,,,,,,,,,,,,,,,,,,,,,,,,,,,,,,,,,1294.5481618888,1423.4278171836,1377.054771262,1581.5825445344,1254.8774155547,1103.9152265718,1081.1278175785,1361.0130581524,1140.537441691,1036.2403975705,1178.667449063,1291.1009172065,908.2707807573,858.4787807623,766.6480704952,1072.15756100995,871.933626456,1310.1524620648,977.6169926096,1453.0047017384,1483.51995860135,1601.1252778053,1134.69429086095,1532.31659363562,1423.33172168312,1667.29629545744,1159.52698760371,1594.05502735994,1334.58578573099,1191.13072705519,1112.5837900777,1865.82801039478,1556.92210310521,2102.28217667744,992.779484887894,2297.174594417,2091.13452176666,2345.5883886809,1349.44822548297,,,,,,,,,,,,,,,,,,,,,,,,,,,,,,,,,,,,,,5945.816084272,5676.6132948688,4800.9335178574,4646.546205531,3605.55519302475,4612.7077828688,5483.31545154406,5770.6549555889,6257.37078768628,8700.26413503835,9358.57809561584,8966.81965144761,8534.94233410779,8360.20171915669,,,,,,,,,,,,
,,,,,,,,TAC % of gross revenue,,,,,,,,,,,,,,,,,,,,,,,,,,,,,,,,,,,,,,,,,,,,,,,,0.574232794019288,0.621205581129806,0.601094302615198,0.608744744857615,0.528865375117076,0.492717121043406,0.491246787248747,0.531727736249217,0.505069084319149,0.471714031864952,0.505558668293389,0.508908333033689,0.455196560216483,0.441952566159362,0.417163654840656,0.450459802814412,0.431073160839283,0.526840234554183,0.447946304536486,0.531864725126193,0.542010915790155,0.536399336868108,0.4418972248145,0.487008724190384,0.487539189683948,0.512159365475707,0.425354099062607,0.470090415812507,0.439724601272577,0.400727542072796,0.36269855950504,0.410644449366601,0.372224145197427,0.419726695060204,0.241781704737315,0.392936331045277,0.390208981659874,0.428411152350404,0.302056489573071,,,,,,,,,,,,,,,,,,,,,,,,,,,,,,,,,,,,,,0.621833387850084,0.601666976334661,0.512174637442554,0.49837714720184,0.442089709766352,0.489470906202407,0.479470906202407,0.469470906202407,0.459470906202407,0.454470906202407,0.449470906202407,0.444470906202407,0.439470906202407,0.434470906202406,,,,,,,,,,,,
,,,,,,,,Abs change Y/Y in bp,,,,,,,,,,,,,,,,,,,,,,,,,,,,,,,,,,,,,,,,,,,,,,,,,,,,-453.674189022124,-1284.884600864,-1098.47515366451,-770.170086083974,-237.962907979266,-210.030891784535,143.118810446421,-228.194032155287,-498.725241026668,-297.614657055904,-883.950134527328,-584.48530219277,-241.233993771994,848.876683948212,307.826496958292,814.049223117808,1109.37754950872,95.5910231392465,-60.4907972198565,-448.560009358088,-544.717261062074,-242.399713924009,-165.43125751893,-169.183083778764,-478.145884113707,-1114.31823402911,-626.555395575672,-594.459664459066,-675.004560751504,189.991529874074,-1209.16854767724,-177.081183213234,179.848364624471,86.8445729020073,602.747848357556,,,,,,,,,,,,,,,,,,,,,,,,,,,,,,,,,,,,,0,6218.33387850084,-201.664115154224,-894.923388921077,-137.974902407141,-562.874374354871,473.811964360542,-100,-100,-100,-50,-50,-50,-50,-50,,,,,,,,,,,,
,,,,,,,,Abs change Q/Q in bp,,,,,,,,,,,,,,,,,,,,,,,,,,,,,,,,,,,,,,,,,,,,,,,,,,,,-798.793697405389,-361.482540736703,-14.7033379465861,404.809490004704,-266.58651930068,-333.550524541972,338.446364284369,33.4966474029963,-537.117728172061,-132.439940571208,-247.889113187055,332.961479737554,-193.866419751285,957.670737148998,-788.939300176976,839.184205897071,101.461906639626,-56.1157892204744,-945.021120536079,451.114993758839,5.30465493563947,246.201757917591,-868.052664131001,447.363167499005,-303.658145399303,-389.970591997809,-380.289825677565,479.458898615612,-384.203041691742,475.025498627769,-1779.44990322888,1511.54626307962,-27.2734938540364,382.021706905305,-1263.54662777333,,,,,,,,,,,,,,,,,,,,,,,,,,,,,,,,,,,,,,,,,,,,,,,,,,,,,,,,,,,,,,,
,,,,,,,,,,,,,,,,,,,,,,,,,,,,,,,,,,,,,,,,,,,,,,,,,,,,,,,,,,,,,,,,,,,,,,,,,,,,,,,,,,,,,,,,,,,,,,,,,,,,,,,,,,,,,,,,,,,,,,,,,,,,,,,,,,,,,,,,,,,,,,,,,,,,,,,,,,,,,
,,,,,,,,Google Display Network,,,,,,,,,,,,,,,,,,,,,,,,,,,,,,,,,,,,,,,,,,,,,,,,987.4518381112,883.5721828164,839.945228738,905.4174554656,1132.1225844453,1296.0847734282,1339.8721824215,1293.9869418476,1291.462558309,1395.7596024295,1335.332550937,1572.8990827935,1662.7292192427,1764.5212192377,1856.3519295048,2009.84243899005,1952.066373544,1731.8475379352,2123.3830073904,2220.9952982616,1902.48004139865,1809.8747221947,2292.30570913905,2397.68340636438,2053.66827831688,1953.70370454256,2474.47301239629,2588.22497264006,2144.191814269,1728.30799294481,2599.4338995223,2809.99498608522,2564.90089337479,2536.54081980256,3815.04351159211,3389.64840206301,2758.68847471334,2728.2346077991,3336.37477099703,,,,,,,,,,,,,,,,,,,,,,,,,,,,,,,,,,,,,,2845.183915728,3616.3867051312,5062.0664821426,5595.453794469,7293.44480697525,8028.2922171312,8402.34387909677,9070.06996789579,9281.92869282134,12306.1336268325,11719.5052512097,10915.0997930146,10719.2893605922,10338.7461483192,,,,,,,,,,,,
,,,,,,,,TAC % of gross revenue,,,,,,,,,,,,,,,,,,,,,,,,,,,,,,,,,,,,,,,,,,,,,,,,0.98,0.98,0.98,0.98,0.98,0.98,0.98,0.98,0.98,0.98,0.98,0.98,0.98,0.98,0.98,0.98,0.98,0.98,0.98,0.98,0.98,0.98,0.98,0.98,0.98,0.98,0.98,0.98,0.98,0.98,0.98,0.98,0.98,0.98,0.98,0.98,0.98,0.98,0.98,,,,,,,,,,,,,,,,,,,,,,,,,,,,,,,,,,,,,,0.98,0.98,0.98,0.98,0.98,0.98,0.98,0.98,0.98,0.98,0.98,0.98,0.98,0.98,,,,,,,,,,,,
,,,,,,,,Abs change Y/Y in bp,,,,,,,,,,,,,,,,,,,,,,,,,,,,,,,,,,,,,,,,,,,,,,,,,,,,0,0,0,0,0,0,0,0,0,0,0,0,0,0,0,0,0,0,0,0,0,0,0,0,0,0,0,0,0,0,0,0,0,0,0,,,,,,,,,,,,,,,,,,,,,,,,,,,,,,,,,,,,,0,9800,0,0,0,0,0,0,0,0,0,0,0,0,0,,,,,,,,,,,,
,,,,,,,,,,,,,,,,,,,,,,,,,,,,,,,,,,,,,,,,,,,,,,,,,,,,,,,,,,,,,,,,,,,,,,,,,,,,,,,,,,,,,,,,,,,,,,,,,,,,,,,,,,,,,,,,,,,,,,,,,,,,,,,,,,,,,,,,,,,,,,,,,,,,,,,,,,,,,
,,,,,,,,Check,,,,,,,,,,,,,,,,,,,,,,,,,,,,,,,,,,,,,,,,,,,,,,,,0,0,0,0,0,0,0,0,0,0,0,0,0,0,0,0,0,0,0,0,0,0,0,0,0,0,0,0,0,0,0,0,0,0,0,0,0,0,0,,,,,,,,,,,,,,,,,,,,,,,,,,,,,,,,,,,,,,0,0,0,0,0,0,268.34066935917,73.555076515313,-753.242474427616,-1751.10577595081,-1183.79136090549,-833.637458542213,-677.619708779945,903.66411844408,,,,,,,,,,,,
,,,,,,,,,,,,,,,,,,,,,,,,,,,,,,,,,,,,,,,,,,,,,,,,,,,,,,,,,,,,,,,,,,,,,,,,,,,,,,,,,,,,,,,,,,,,,,,,,,,,,,,,,,,,,,,,,,,,,,,,,,,,,,,,,,,,,,,,,,,,,,,,,,,,,,,,,,,,,
