,,,,,,,,,,,,,,,,,,,,,,,,,,,,,,,,,,,,,,,,,,,,,,,,,,,,,,,,,,,,,,,,,,,,,,,,,,,,,,,,,,,,,,,,,,,,,,,,,,,,,,,,,,,,,,,,,,,,,,,,,,,,,,,,,,,,,,,,,,,,,,,,,,,,,,,,,,,,
,,,,,,,,,300.784424583054,,,,,,,,,,,,,,,,,,,,,,,,,,,,,,,,,,,,,,,,,,,,,,,,,,,,,,,,,,,,,,,,,,,,,,,,,,,,,,,,,,,,,,,,,,,,,,,,,,,,,,,,,,,,,,,,,,,,,,,,,,,,,,,,,,,,,,,,,,,,,,,,,,,
,,,,,,,,,,,,,,,,,,,,,,,,,,,,,,,,,,,,,,,,,,,,,,,,,,,,,,,,,,,,,,,,,,,,,,,,,,,,,,,,,,,,,,,,,,,,,,,,,,,,,,,,,,,,,,,,,,,,,,,,,,,,,,,,,,,,,,,,,,,,,,,,,,,,,,,,,,,,
,,,,,,,,,,,,,2002-Q1,2002-Q2,2002-Q3,2002-Q4,2003-Q1,2003-Q2,2003-Q3,2003-Q4,2004-Q1,2004-Q2,2004-Q3,2004-Q4,2005-Q1,2005-Q2,2005-Q3,2005-Q4,2006-Q1,2006-Q2,2006-Q3,2006-Q4,2007-Q1,2007-Q2,2007-Q3,2007-Q4,2008-Q1,2008-Q2,2008-Q3,2008-Q4,2009-Q1,2009-Q2,2009-Q3,2009-Q4,2010-Q1,2010-Q2,2010-Q3,2010-Q4,2011-Q1,2011-Q2,2011-Q3,2011-Q4,2012-Q1,2012-Q2,2012-Q3,2012-Q4,2013-Q1,2013-Q2,2013-Q3,2013-Q4,2014-Q1,2014-Q2,2014-Q3,2014-Q4,2015-Q1,2015-Q2,2015-Q3,2015-Q4,2016-Q1,2016-Q2,2016-Q3,2016-Q4,2017-Q1,2017-Q2,2017-Q3,2017-Q4,2018-Q1,2018-Q2,2018-Q3,2018-Q4,2019-Q1,2019-Q2,2019-Q3,2019-Q4,2020-Q1,2020-Q2,2020-Q3,2020-Q4,2021-Q1,2021-Q2,2021-Q3,2021-Q4,2022-Q1,2022-Q2,2022-Q3,2022-Q4,2023-Q1,2023-Q2,2023-Q3,2023-Q4,2024-Q1,2024-Q2,2024-Q3,2024-Q4,2025-Q1,2025-Q2,2025-Q3,2025-Q4,2026-Q1,2026-Q2,2026-Q3,2026-Q4,2027-Q1,2027-Q2,2027-Q3,2027-Q4,2028-Q1,2028-Q2,2028-Q3,2028-Q4,,2001-FY,2002-FY,2003-FY,2004-FY,2005-FY,2006-FY,2007-FY,2008-FY,2009-FY,2010-FY,2011-FY,2012-FY,2013-FY,2014-FY,2015-FY,2016-FY,2017-FY,2018-FY,2019-FY,2020-FY,2021-FY,2022-FY,2023-FY,2024-FY,2025-FY,2026-FY,2027-FY,2028-FY,2029-FY,2030-FY,2031-FY,2032-FY,2033-FY,2034-FY,2035-FY
,,,,,,,,,Period-End Date,,,,2002-03-31 00:00:00,2002-06-30 00:00:00,2002-09-30 00:00:00,2002-12-31 00:00:00,2003-03-31 00:00:00,2003-06-30 00:00:00,2003-09-30 00:00:00,2003-12-31 00:00:00,2004-03-31 00:00:00,2004-06-30 00:00:00,2004-09-30 00:00:00,2004-12-31 00:00:00,2005-03-31 00:00:00,2005-06-30 00:00:00,2005-09-30 00:00:00,2005-12-31 00:00:00,2006-03-31 00:00:00,2006-06-30 00:00:00,2006-09-30 00:00:00,2006-12-31 00:00:00,2007-03-31 00:00:00,2007-06-30 00:00:00,2007-09-30 00:00:00,2007-12-31 00:00:00,2008-03-31 00:00:00,2008-06-30 00:00:00,2008-09-30 00:00:00,2008-12-31 00:00:00,2009-03-31 00:00:00,2009-06-30 00:00:00,2009-09-30 00:00:00,2009-12-31 00:00:00,2010-03-31 00:00:00,2010-06-30 00:00:00,2010-09-30 00:00:00,2010-12-31 00:00:00,2011-03-31 00:00:00,2011-06-30 00:00:00,2011-09-30 00:00:00,2011-12-31 00:00:00,2012-03-31 00:00:00,2012-06-30 00:00:00,2012-09-30 00:00:00,2012-12-31 00:00:00,2013-03-31 00:00:00,2013-06-30 00:00:00,2013-09-30 00:00:00,2013-12-31 00:00:00,2014-03-31 00:00:00,2014-06-30 00:00:00,2014-09-30 00:00:00,2014-12-31 00:00:00,2015-03-31 00:00:00,2015-06-30 00:00:00,2015-09-30 00:00:00,2015-12-31 00:00:00,2016-03-31 00:00:00,2016-06-30 00:00:00,2016-09-30 00:00:00,2016-12-31 00:00:00,2017-03-31 00:00:00,2017-06-30 00:00:00,2017-09-30 00:00:00,2017-12-31 00:00:00,2018-03-31 00:00:00,2018-06-30 00:00:00,2018-09-30 00:00:00,2018-12-31 00:00:00,2019-03-31 00:00:00,2019-06-30 00:00:00,2019-09-30 00:00:00,2019-12-31 00:00:00,2020-03-31 00:00:00,2020-06-30 00:00:00,2020-09-30 00:00:00,2020-12-31 00:00:00,2021-03-31 00:00:00,2021-06-30 00:00:00,2021-09-30 00:00:00,2021-12-31 00:00:00,2022-03-31 00:00:00,2022-06-30 00:00:00,2022-09-30 00:00:00,2022-12-31 00:00:00,2023-03-31 00:00:00,2023-06-30 00:00:00,2023-09-30 00:00:00,2023-12-31 00:00:00,2024-03-31 00:00:00,2024-06-30 00:00:00,2024-09-30 00:00:00,2024-12-31 00:00:00,2025-03-31 00:00:00,2025-06-30 00:00:00,2025-09-30 00:00:00,2025-12-31 00:00:00,2026-03-31 00:00:00,2026-06-30 00:00:00,2026-09-30 00:00:00,2026-12-31 00:00:00,2027-03-31 00:00:00,2027-06-30 00:00:00,2027-09-30 00:00:00,2027-12-31 00:00:00,2028-03-31 00:00:00,2028-06-30 00:00:00,2028-09-30 00:00:00,2028-12-31 00:00:00,,2001-12-31 00:00:00,2002-12-31 00:00:00,2003-12-31 00:00:00,2004-12-31 00:00:00,2005-12-31 00:00:00,2006-12-31 00:00:00,2007-12-31 00:00:00,2008-12-31 00:00:00,2009-12-31 00:00:00,2010-12-31 00:00:00,2011-12-31 00:00:00,2012-12-31 00:00:00,2013-12-31 00:00:00,2014-12-31 00:00:00,2015-12-31 00:00:00,2016-12-31 00:00:00,2017-12-31 00:00:00,2018-12-31 00:00:00,2019-12-31 00:00:00,2020-12-31 00:00:00,2021-12-31 00:00:00,2022-12-31 00:00:00,2023-12-31 00:00:00,2024-12-31 00:00:00,2025-12-31 00:00:00,2026-12-31 00:00:00,2027-12-31 00:00:00,2028-12-31 00:00:00,2029-12-31 00:00:00,2030-12-31 00:00:00,2031-12-31 00:00:00,2032-12-31 00:00:00,2033-12-31 00:00:00,2034-12-31 00:00:00,2035-12-31 00:00:00
,,,,,,,,,Morgan Stanley | Foreign Currency Analysis,,,,2002-12-31 00:00:00,,,,2003-12-31 00:00:00,,,,2004-12-31 00:00:00,,,,2005-12-31 00:00:00,,,,2006-12-31 00:00:00,,,,2007-12-31 00:00:00,,,,2008-12-31 00:00:00,,,,2009-12-31 00:00:00,,,,2010-12-31 00:00:00,,,,2011-12-31 00:00:00,,,,2012-12-31 00:00:00,,,,2013-12-31 00:00:00,,,,2014-12-31 00:00:00,,,,2015-12-31 00:00:00,,,,2016-12-31 00:00:00,,,,2017-12-31 00:00:00,,,,2018-12-31 00:00:00,,,,2019-12-31 00:00:00,,,,2020-12-31 00:00:00,,,,2021-12-31 00:00:00,,,,2022-12-31 00:00:00,,,,2023-12-31 00:00:00,,,,2024-12-31 00:00:00,,,,2025-12-31 00:00:00,,,,2026-12-31 00:00:00,,,,2027-12-31 00:00:00,,,,2028-12-31 00:00:00,,,,,,,,,,,,,,,,,,,,,,,,,,,,,,,,,,,,,,,
,,,,,,,,,(USD millions),,,,1,2,3,4,1,2,3,4,1,2,3,4,1,2,3,4,1,2,3,4,1,2,3,4,1,2,3,4,1,2,3,4,1,2,3,4,1,2,3,4,1,2,3,4,1,2,3,4,1,2,3,4,1,2,3,4,1,2,3,4,1,2,3,4,1,2,3,4,1,2,3,4,1,2,3,4,1,2,3,4,1,2,3,4,1,2,3,4,1,2,3,4,1,2,3,4,1,2,3,4,1,2,3,4,1,2,3,4,,2001-12-31 00:00:00,2002-12-31 00:00:00,2003-12-31 00:00:00,2004-12-31 00:00:00,2005-12-31 00:00:00,2006-12-31 00:00:00,2007-12-31 00:00:00,2008-12-31 00:00:00,2009-12-31 00:00:00,2010-12-31 00:00:00,2011-12-31 00:00:00,2012-12-31 00:00:00,2013-12-31 00:00:00,2014-12-31 00:00:00,2015-12-31 00:00:00,2016-12-31 00:00:00,2017-12-31 00:00:00,2018-12-31 00:00:00,2019-12-31 00:00:00,2020-12-31 00:00:00,2021-12-31 00:00:00,2022-12-31 00:00:00,2023-12-31 00:00:00,2024-12-31 00:00:00,2025-12-31 00:00:00,2026-12-31 00:00:00,2027-12-31 00:00:00,2028-12-31 00:00:00,2029-12-31 00:00:00,2030-12-31 00:00:00,2031-12-31 00:00:00,2032-12-31 00:00:00,2033-12-31 00:00:00,2034-12-31 00:00:00,2035-12-31 00:00:00
,,,,,,,,,Foreign Exchange Rates,,,,,,,,,,,,,,,,,,,,,,,,,,,,,,,,,,,,,,,,,,,,,,,,,,,,,,,,,,,,,,,,,,,,,,,,,,,,,,,,,,,,,,,,,,,,,,,,,,,,,,,,,,,,,,,,,,,,,,,,,,,,,,,,,,,,,,,,,,,,,,,,,,,
,,,,,,,,,(Headwind) Tailwind Calculation,,,,,,,,,,,,,,,,,,,,,,,,,,,,,,,,,,,,,,,,,,,,,,,,,,,,,,,,,,,,,,,,,,,,,,,,,,,,,,,,,,,,,,,,,,,,,,,,,,,,,,,,,,,,,,,,,,,,,,,,,,,,,,,,,,,,,,,,,,,,,,,,,,,
,,,,,,,,,Revenue by Geography (US $),,,,,,,,,,,,,,,,,,,,,,,,,,,,,,,,,,,,,,,,,,,,,,,,,,,,,,,,,,,,,,,,,,,,,,,,,,,,,,,,,,,,,,,,,,,,,,,,,,,,,,,,,,,,,,,,,,,,,,,,,,,,,,,,,,,,,,,,,,,,,,,,,,,
,,,,,,,,,United States,,,,,,,,,,,,,,,,,,,,,,,,,,,,,,,,,,,,,,,,,,,,4874,5005,5416,5992,5836,5896,6098,6948,6656,6630,6975,7878,7388,7388,8748,10293,9381,10035,10649,12716,11769,12322,12930,15428,14144,14933,15523,18669,16532,17863,18711,21737,18870,17999,21442,26703,25032,28208,29824,34790,31733,32727,33372,36982,32864,35073,36354,41995,38737,41196,43139,47375,43964,46063,48758,55444,52317.16,56196.86,58997.18,65978.36,62780.592,66874.2634,71976.5596,80493.5992,,,,,,,,,,,,,,,,,21287,24778,28139,33817,42781,52449,63269,74843,85014,117854,134814,146286,170447,194229,233489.56,243952.992,,,,,,,,
,,,,,,,,,EMEA,,,,,,,,,,,,,,,,,,,,,,,,,,,,,,,,,,,,,,,,,,,,,,,,,,,,,,,,,,,,7130,7485,7392,8297,7933,8557,9258,10488,10691,10888,10909,12249,11668,12313,12565,14099,12845,11363,13924,17238,17031,19084,19839,23153,20317,20533,19450,21762,21078,22289,22661,25010,23788,24683,25472,28184,25923,28262,29911,33056,32179.9466225182,34085.7483971879,35308.0993879826,38477.060716649,36492.0594699356,38857.7531727942,40604.31429618,44248.6198241463,,,,,,,,,,,,,,,,,,,,,30304,36236,44737,50645,55370,79107,82062,91038,102127,117152,140050.855124338,144362.967971755,,,,,,,,
,,,,,,,,,APAC,,,,,,,,,,,,,,,,,,,,,,,,,,,,,,,,,,,,,,,,,,,,,,,,,,,,,,,,,,,,2799,2904,3248,3608,3560,3719,4217,4696,4819,5090,5401,6031,6096,6536,6814,7482,7238,6945,8458,9909,10455,11231,11705,12732,11841,11710,11494,11979,11681,12728,13126,13979,13289,13823,14547,15156,14854,16480,17819,18527,18829.60264828,20174.4092305166,21397.3492202646,22115.6630071724,21465.7470190392,22998.8265227889,24392.9781111017,24990.6991981048,,,,,,,,,,,,,,,,,,,,,12559,16192,21341,26928,32550,46123,47024,51514,56815,67680,82517.0241062336,85153.1684769928,,,,,,,,
,,,,,,,,,Other Americas,,,,,,,,,,,,,,,,,,,,,,,,,,,,,,,,,,,,,,,,,,,,,,,,,,,,,,,,,,,,947,1076,1162,1443,1271,1409,1558,1909,1731,1849,1827,2201,1906,2124,2290,2666,2157,1839,2371,3050,2905,3364,3688,4447,3842,4340,4138,4656,4080,4511,4553,5176,4653,4938,5093,5734,5233,5735,6065,6869,6352.44911975177,6851.9446874837,6892.76227186557,7788.01283100775,7051.21852292447,7605.6586031069,7685.42993313011,8644.6942424186,,,,,,,,,,,,,,,,,,,,,4628,6147,7608,8986,9417,14404,16976,18320,20418,23902,27885.1689101088,28583.9383132815,,,,,,,,
,,,,,,,,,United Kingdom,,,,,,,,,,,,,,,,,,,,,,,,,,,,,,,,,,,,,,,,,,,,1150,1175,1216,1305,1387,1321,1389,1503,1583,1616,1627,1657,1675,1675,1792,1922,1921,1914,1890,2062,2025,1989.4335876184,2167.73981469484,2443.98085046957,0,0,0,0,0,0,0,0,0,0,0,0,0,0,0,0,0,0,0,0,0,0,0,0,0,0,0,0,0,0,0,0,0,0,0,0,0,0,0,0,,,,,,,,,,,,,,,,,4846,5600,6483,7064,7787,8626.15425278281,,,,,,,,,,,,,,,,,,
,,,,,,,,,Europe ex-UK,,,,,,,,,,,,,,,,,,,,,,,,,,,,,,,,,,,,,,,,,,,,2680.18,2936.54434148121,3163.41094568801,3446.25831848121,3093.12,3121.7,3263.92846354923,3704.12425763359,3662.31000000001,3931.59,4112.86259683485,4299.4625,3796.76,4032.8925,4201.875,4799.025,4507.1825,4730,4883.0925,5603.76,5259.375,5978.2792801012,6389.41485455752,7313.69924529044,0,0,0,0,0,0,0,0,0,0,0,0,0,0,0,0,0,0,0,0,0,0,0,0,0,0,0,0,0,0,0,0,0,0,0,0,0,0,0,0,,,,,,,,,,,,,,,,,12226.3936056504,13182.8727211828,16006.2250968349,16830.5525,19724.035,24940.7683799492,,,,,,,,,,,,,,,,,,
,,,,,,,,,Other International,,,,,,,,,,,,,,,,,,,,,,,,,,,,,,,,,,,,,,,,,,,,1940.82,2690.45565851879,3508.58905431199,3675.74168151879,2634.88,2768.3,3003.07153645077,3551.87574236641,3518.68999999999,3777.41,3808.13740316515,4268.5375,4398.24,4631.1075,3933.125,4314.975,4447.8175,4821,5028.9075,5682.24,5696.625,5720.28713228041,6284.84533074764,7137.31990423999,17002,17724,18217,20607,19807,21081,21788,24338,22289,20298,24731,30195,30282,33672,35294,40535,36278,36958,35720,39066,36923,39531,40339,44315,41802,43546,45129,49094,46270,50365,53588,58384,57311.99839055,61062.1023151882,63698.2108801128,68480.7365548291,65109.0250118993,69562.23829869,72782.7223404118,77984.0132646697,,,,,,,,,,,,,,,,,11815.6063943496,11958.1272788172,15372.7749031652,17277.4475,19979.965,24839.077367268,,,,,,,,,,,,,,,,,,
,,,,,,,,,Rest of World,,,,,,,,,,,,,,,,,,,,,,,,,,,,,,,,,,,,,,,,,,,,4621,5627,6672,7122,5728,5890,6267,7256,7181,7709,7921,8568,8195,8664,8135,9114,8955,9551,9912,11286,10956,11698.5664123816,12674.2601853052,14451.0191495304,17002,17724,18217,20607,19807,21081,21788,24338,22289,20298,24731,30195,30282,33672,35294,40535,36278,36958,35720,39066,36923,39531,40339,44315,41802,43546,45129,49094,46270,50365,53588,58384,57311.99839055,61062.1023151882,63698.2108801128,68480.7365548291,65109.0250118993,69562.23829869,72782.7223404118,77984.0132646697,,,,,,,,,,,,,,,,,24042,25141,31379,34108,39704,49779.8457472172,,,,,,,,,,,,,,,,,,
,,,,,,,,,"Total Revenue, reported",,,,,,,,,,,,,,,,,,,,,,,,,,,,,,,,,,,,,,,,,,,,10645,11807,13304,14419,12951,13107,13754,15707,15420,15955,16523,18103,17258,17727,18675,21329,20257,21500,22451,26064,24750,26010,27772,32323,31146,32657,33740,39276,36339,38944,40499,46075,41159,38297,46173,56898,55314,61880,65118,75325,68011,69685,69092,76048,69787,74604,76693,86310,80539,84742,88268,96469,90234,96428,102346,113828,109629.15839055,117258.962315188,122695.390880113,134459.096554829,127889.617011899,136436.50169869,144759.281940412,158477.61246467,,,,,,,,,,,,,,,,,50175,55519,66001,74989,90272,110855,136955,161402,182351,257488,280876,307158,349807,402963,483942.60814068,502053.066762029,,,,,,,,
,,,,,,,,,,,,,,,,,,,,,,,,,,,,,,,,,,,,,,,,,,,,,,,,,,,,,,,,,,,,,,,,,,,,,,,,,,,,,,,,,,,,,,,,,,,,,,,,,,,,,,,,,,,,,,,,,,,,,,,,,,,,,,,,,,,,,,,,,,,,,,,,,,,,,,,,,,,,
,,,,,,,,,% of total revenue,,,,,,,,,,,,,,,,,,,,,,,,,,,,,,,,,,,,,,,,,,,,,,,,,,,,,,,,,,,,,,,,,,,,,,,,,,,,,,,,,,,,,,,,,,,,,,,,,,,,,,,,,,,,,,,,,,,,,,,,,,,,,,,,,,,,,,,,,,,,,,,,,,,
,,,,,,,,,United States,,,,,,,,,,,,,,,,,,,,,,,,,,,,,,,,,,,,,,,,,,,,0.457867543447628,0.423901075633099,0.407095610342754,0.415562799084541,0.450621573623658,0.449835965514611,0.443361931074597,0.442350544343286,0.431647211413748,0.415543716703228,0.422138836772983,0.435176490084516,0.428091319967551,0.416765386134146,0.468433734939759,0.482582399549909,0.463099175593622,0.466744186046512,0.474321856487462,0.487875997544506,0.475515151515152,0.473740868896578,0.465576839982716,0.477307180645361,0.454119309060554,0.457267967051474,0.460077059869591,0.475328444851818,0.454938220644487,0.458684264585045,0.462011407689079,0.471774281063483,0.458465949124128,0.469984594093532,0.464383947328525,0.469313508383423,0.452543659832954,0.455850032320621,0.457999324303572,0.461865250580816,0.466586287512314,0.469641960249695,0.483008163029005,0.486298127498422,0.470918652471091,0.470122245456008,0.474019793201466,0.486560074151315,0.480971951476924,0.486134384366666,0.488727511669008,0.491090402098083,0.487222111399251,0.477693201144896,0.476403572196275,0.487085778543065,0.477219389148478,0.47925428377018,0.480842675318153,0.490694655032846,0.49089670816794,0.490149355688457,0.497215505874284,0.507917793233697,,,,,,,,,,,,,,,,,0.424255107125062,0.446297663862822,0.426342025120832,0.450959474056195,0.473912176533144,0.473131568264851,0.461969259975905,0.463705530290827,0.466210769340448,0.457706766917293,0.479976929321124,0.476256519446018,0.487260117722058,0.482002069668927,0.482473657149291,0.485910769499656,,,,,,,,
,,,,,,,,,EMEA,,,,,,,,,,,,,,,,,,,,,,,,,,,,,,,,,,,,,,,,,,,,,,,,,,,,,,,,,,,,0.35197709433776,0.348139534883721,0.329250367466928,0.318331798649478,0.320525252525253,0.328988850442138,0.333357338326372,0.324474832162856,0.343254350478392,0.333404783048045,0.323325429756965,0.311869844179652,0.321087536806186,0.316171939194741,0.310254574187017,0.306001085187195,0.312082412109138,0.296707313888816,0.301561518636433,0.302963197300432,0.307896735003797,0.308403361344538,0.304662305353359,0.307374709591769,0.298731087618179,0.294654516753964,0.281508713020321,0.286161371765201,0.302033329989826,0.298764141332904,0.295476771022127,0.289769435754837,0.295360011919691,0.291272332491563,0.288575701273395,0.292156029398045,0.287286388722654,0.293089144231966,0.292253727551639,0.290403064272411,0.293534558642494,0.290687788158713,0.287770381060871,0.286161826923766,0.285340282679401,0.284804672422697,0.280495411084549,0.279210540441546,,,,,,,,,,,,,,,,,,,,,0.335696561503013,0.326877452528077,0.326654740608229,0.313781737524938,0.303645167835658,0.307225967812092,0.29216451387801,0.296388178071221,0.291952419477026,0.290726443867055,0.289395586932129,0.287545236806974,,,,,,,,
,,,,,,,,,APAC,,,,,,,,,,,,,,,,,,,,,,,,,,,,,,,,,,,,,,,,,,,,,,,,,,,,,,,,,,,,0.138174458211976,0.13506976744186,0.144670616008196,0.138428483732351,0.143838383838384,0.142983467896963,0.151843583465361,0.145283544225474,0.154722917870674,0.155862449092078,0.160077059869591,0.153554333435177,0.167753653099975,0.167830731306491,0.168251067927603,0.16238741182854,0.175854612599917,0.181345797320939,0.183180646698287,0.174153748813667,0.189011823408179,0.181496444731739,0.179750606591112,0.169027547295055,0.174104189028245,0.168041902848533,0.166357899612111,0.157518935409215,0.167380744264691,0.170607474130073,0.171149909378952,0.161962692619627,0.165000807062417,0.163118642467726,0.164804912312503,0.157107464574112,0.164616441696035,0.170904716472394,0.174105485314521,0.162763116280704,0.171757248935545,0.172050040629632,0.174394075170862,0.164478741668134,0.167845893361632,0.168567987572564,0.168507178152091,0.157692299937167,,,,,,,,,,,,,,,,,,,,,0.139123980857852,0.146064679085292,0.155824905991019,0.166838081312499,0.178501900181518,0.179126794258373,0.167419074609436,0.167711731421614,0.162418133427862,0.167955866915821,0.170509937992991,0.169609896073705,,,,,,,,
,,,,,,,,,Other Americas,,,,,,,,,,,,,,,,,,,,,,,,,,,,,,,,,,,,,,,,,,,,,,,,,,,,,,,,,,,,0.0467492718566422,0.050046511627907,0.0517571600374148,0.0553637200736648,0.0513535353535354,0.0541714725105729,0.0560996687310961,0.059060111994555,0.0555769601232903,0.05661879535781,0.054149377593361,0.0560393115388532,0.0524505352376235,0.0545398520953164,0.0565446060396553,0.0578621812262615,0.0524065210525037,0.048019427109173,0.0513503562688151,0.0536046961228866,0.0525183497848646,0.0543632837750485,0.0566356460579256,0.059037504148689,0.0564908617723604,0.0622802611752888,0.0598911596132693,0.0612244897959184,0.0584636107011335,0.0604659267599593,0.0593665653971027,0.0599698760282702,0.0577732527098673,0.0582709872318331,0.0576992794670775,0.059438783443386,0.0579936609260368,0.0594744265151201,0.0592597658921697,0.0603454334610114,0.0579448863150203,0.0584342940803612,0.056177841909323,0.0579210557749954,0.0551351914852353,0.0557450426272541,0.0530911028993202,0.0545483624341313,,,,,,,,,,,,,,,,,,,,,0.0512672811059908,0.0554508141265617,0.0555510934248476,0.0556746508717364,0.0516421626423765,0.0559404710122413,0.0604394821914297,0.0596435710611477,0.0583693293730543,0.0593156195481967,0.057620817925589,0.0569340976196648,,,,,,,,
,,,,,,,,,United Kingdom,,,,,,,,,,,,,,,,,,,,,,,,,,,,,,,,,,,,,,,,,,,,0.108031939877877,0.09951723553824,0.0914010823812387,0.0905055829114363,0.107095977144622,0.10078583962768,0.100988803257234,0.0956898198255555,0.102658884565499,0.101284863679097,0.0984688010651819,0.0915317903109982,0.0970564375941592,0.0944886331584589,0.0959571619812584,0.090112054010971,0.0948314163005381,0.0890232558139535,0.0841833325909759,0.0791129527317373,0.0818181818181818,0.0764872582706035,0.0780548687417125,0.0756112010169096,0,0,0,0,0,0,0,0,0,0,0,0,0,0,0,0,0,0,0,0,0,0,0,0,0,0,0,0,0,0,0,0,0,0,0,0,0,0,0,0,,,,,,,,,,,,,,,,,0.0965819631290483,0.100866370071507,0.0982257844578112,0.0942004827374682,0.0862615207373272,0.0778147512767381,0,0,0,0,0,0,0,0,0,0,,,,,,,,
,,,,,,,,,Europe ex-UK,,,,,,,,,,,,,,,,,,,,,,,,,,,,,,,,,,,,,,,,,,,,0.251778299671207,0.248712148850784,0.237778934582683,0.239008136381247,0.238832522585128,0.238170443274586,0.237307580598315,0.235826335877863,0.237503891050584,0.246417424005014,0.248917424005014,0.2375,0.22,0.2275,0.225,0.225,0.2225,0.22,0.2175,0.215,0.2125,0.2105,0.2085,0.2065,0.2045,0.2025,0.2005,0.1985,0.1965,0.1945,0.1925,0.1905,0.1885,0.1865,0.1845,0.1825,0.1805,0.1785,0.1765,0.1745,0.1725,0.1705,0.1685,0.1665,0.1645,0.1625,0.1605,0.1585,0.1565,0.1545,0.1525,0.1505,0.1485,0.1465,0.1445,0.1425,0.1405,0.1385,0.1365,0.1345,0.1325,0.1305,0.1285,0.1265,,,,,,,,,,,,,,,,,0.24367500957948,0.237447949732214,0.242514887605261,0.224440284575071,0.218495602180078,0.224985507013208,0,0,0,0,0,0,0,0,0,0,,,,,,,,
,,,,,,,,,Other International,,,,,,,,,,,,,,,,,,,,,,,,,,,,,,,,,,,,,,,,,,,,0.182322217003288,0.227869539977877,0.263724372693325,0.254923481622775,0.203449926646591,0.211207751583124,0.218341685069854,0.226133299953296,0.228190012970168,0.236753995612661,0.230474938156821,0.235791719604485,0.254852242438289,0.261245980707396,0.210609103078983,0.20230554643912,0.21956940810584,0.224232558139535,0.223994810921563,0.218011049723757,0.230166666666667,0.219926456450612,0.22630150261946,0.220812421626705,0.545880690939447,0.542732032948526,0.539922940130409,0.524671555148182,0.545061779355513,0.541315735414955,0.537988592310921,0.528225718936517,0.541534050875872,0.530015405906468,0.535616052671475,0.530686491616577,0.547456340167046,0.544149967679379,0.542000675696428,0.538134749419184,0.533413712487686,0.530358039750305,0.516991836970995,0.513701872501578,0.529081347528909,0.529877754543992,0.525980206798534,0.513439925848685,0.519028048523076,0.513865615633334,0.511272488330992,0.508909597901917,0.512777888600749,0.522306798855104,0.523596427803725,0.512914221456935,0.522780610851522,0.52074571622982,0.519157324681847,0.509305344967154,0.50910329183206,0.509850644311543,0.502784494125716,0.492082206766303,,,,,,,,,,,,,,,,,0.235487920166409,0.215388016333457,0.232917302816096,0.230399758631266,0.221330700549451,0.224068173445204,0,0,0,0,0,0,0,0,0,0,,,,,,,,
,,,,,,,,,Rest of World,,,,,,,,,,,,,,,,,,,,,,,,,,,,,,,,,,,,,,,,,,,,0.434100516674495,0.476581688828661,0.501503307276007,0.493931618004022,0.44228244923172,0.44937819485771,0.455649265668169,0.461959635831158,0.465693904020752,0.483171419617675,0.479392362161835,0.473291719604485,0.47485224243829,0.488745980707396,0.435609103078983,0.42730554643912,0.44206940810584,0.444232558139535,0.441494810921563,0.433011049723757,0.442666666666667,0.449771872832818,0.456368291275571,0.44708161833773,0.545880690939447,0.542732032948526,0.539922940130409,0.524671555148182,0.545061779355513,0.541315735414955,0.537988592310921,0.528225718936517,0.541534050875872,0.530015405906468,0.535616052671475,0.530686491616577,0.547456340167046,0.544149967679379,0.542000675696428,0.538134749419184,0.533413712487686,0.530358039750305,0.516991836970995,0.513701872501578,0.529081347528909,0.529877754543992,0.525980206798534,0.513439925848685,0.519028048523076,0.513865615633334,0.511272488330992,0.508909597901917,0.512777888600749,0.522306798855104,0.523596427803725,0.512914221456935,0.522780610851522,0.52074571622982,0.519157324681847,0.509305344967154,0.50910329183206,0.509850644311543,0.502784494125716,0.492082206766303,,,,,,,,,,,,,,,,,0.479162929745889,0.452835966065671,0.475432190421357,0.454840043206337,0.439826302729529,0.449053680458411,0,0,0,0,0,0,0,0,0,0,,,,,,,,
,,,,,,,,,"Total Revenue, reported",,,,,,,,,,,,,,,,,,,,,,,,,,,,,,,,,,,,,,,,,,,,1,1,1,1,1,1,1,1,1,1,1,1,1,1,1,1,1,1,1,1,1,1,1,1,1,1,1,1,1,1,1,1,1,1,1,1,1,1,1,1,1,1,1,1,1,1,1,1,1,1,1,1,1,1,1,1,1,1,1,1,1,1,1,1,,,,,,,,,,,,,,,,,1,1,1,1,1,1,1,1,1,1,1,1,1,1,1,1,,,,,,,,
,,,,,,,,,,,,,,,,,,,,,,,,,,,,,,,,,,,,,,,,,,,,,,,,,,,,,,,,,,,,,,,,,,,,,,,,,,,,,,,,,,,,,,,,,,,,,,,,,,,,,,,,,,,,,,,,,,,,,,,,,,,,,,,,,,,,,,,,,,,,,,,,,,,,,,,,,,,,
,,,,,,,,,,,,,,,,,,,,,,,,,,,,,,,,,,,,,,,,,,,,,,,,,,,,,,,,,,,,,,,,,,,,,,,,,,,,,,,,,,,,,,,,,,,,,,,,,,,,,,,,,,,,,,,,,,,,,,,,,,,,,,,,,,,,,,,,,,,,,,,,,,,,,,,,,,,,
,,,,,,,,,Organic y/y growth (local currency),,,,,,,,,,,,,,,,,,,,,,,,,,,,,,,,,,,,,,,,,,,,,,,,,,,,,,,,,,,,,,,,,,,,,,,,,,,,,,,,,,,,,,,,,,,,,,,,,,,,,,,,,,,,,,,,,,,,,,,,,,,,,,,,,,,,,,,,,,,,,,,,,,,
,,,,,,,,,United States,,,,,,,,,,,,,,,,,,,,,,,,,,,,,,,,,,,,,,,,,,,,,,,,,,,,0.141036779611932,0.140141739379788,0.164989859625403,0.16076732240819,0.119796954314721,0.156654210980167,0.1575,0.165,0,0,0,0,0,0,0,0,,,,,,,,,,,,,,,,,,,,,,,,,,,,,,,,,,,,,,,,,,,,,,,,,,,,,,,,,0.212243735763098,0.202001221402734,0.152225739633408,0.180720439590258,0.228985923585177,0.225988172319488,,,,,,,,,,,,,,,,,,
,,,,,,,,,EMEA,,,,,,,,,,,,,,,,,,,,,,,,,,,,,,,,,,,,,,,,,,,,,,,,,,,,,,,,,,,,,,,,,,,,,,,,,,,,,,,,,,,,,,,,,,,,,,,,,,,,,,,,,,,,,,,,,,,,,,,,,,,,,,,,,,,,,,,,,,,,,,,,,,,
,,,,,,,,,APAC,,,,,,,,,,,,,,,,,,,,,,,,,,,,,,,,,,,,,,,,,,,,,,,,,,,,,,,,,,,,,,,,,,,,,,,,,,,,,,,,,,,,,,,,,,,,,,,,,,,,,,,,,,,,,,,,,,,,,,,,,,,,,,,,,,,,,,,,,,,,,,,,,,,
,,,,,,,,,Other Americas,,,,,,,,,,,,,,,,,,,,,,,,,,,,,,,,,,,,,,,,,,,,,,,,,,,,,,,,,,,,,,,,,,,,,,,,,,,,,,,,,,,,,,,,,,,,,,,,,,,,,,,,,,,,,,,,,,,,,,,,,,,,,,,,,,,,,,,,,,,,,,,,,,,
,,,,,,,,,United Kingdom,,,,,,,,,,,,,,,,,,,,,,,,,,,,,,,,,,,,,,,,,,,,,,,,,,,,0.0489009872791846,0.126174704148137,0.104565551292497,0.152593701542504,0.133734606430285,0.104658318257479,0.105,0.09,0,0,0,0,0,0,0,0,,,,,,,,,,,,,,,,,,,,,,,,,,,,,,,,,,,,,,,,,,,,,,,,,,,,,,,,,0.215143558872203,0.166878659634548,0.106101900837176,0.151497886178958,0.221284627166488,0.185220894087544,,,,,,,,,,,,,,,,,,
,,,,,,,,,Europe ex-UK,,,,,,,,,,,,,,,,,,,,,,,,,,,,,,,,,,,,,,,,,,,,,,,,,,,,0.123697398725077,0.198086062779476,0.260526278481917,0.233766778613552,0.200385303444296,0.17252257259378,0.1725,0.18,0,0,0,0,0,0,0,0,,,,,,,,,,,,,,,,,,,,,,,,,,,,,,,,,,,,,,,,,,,,,,,,,,,,,,,,,0.232051775550962,0.156847424105702,0.200473483302237,0.204068676233198,0.240508859654728,0.217848717109465,,,,,,,,,,,,,,,,,,
,,,,,,,,,Other International,,,,,,,,,,,,,,,,,,,,,,,,,,,,,,,,,,,,,,,,,,,,,,,,,,,,,,,,,,,,,,,,,,,,,,,,,,,,,,,,,,,,,,,,,,,,,,,,,,,,,,,,,,,,,,,,,,,,,,,,,,,,,,,,,,,,,,,,,,,,,,,,,,,
,,,,,,,,,Rest of World,,,,,,,,,,,,,,,,,,,,,,,,,,,,,,,,,,,,,,,,,,,,,,,,,,,,0.369321247214932,0.346454295250922,0.229474798223959,0.175841449002594,0.343206024131843,0.368451441598554,0.394699087454211,0.273042964753822,0.233555503899033,0.249690730040723,0.253714125704327,0.295817163932041,0.283315377316998,0.180909131813908,0.248672661544691,0.188690790374493,,,,,,,,,,,,,,,,,,,,,,,,,,,,,,,,,,,,,,,,,,,,,,,,,,,,,,,,,0.358892904374088,0.297009450116679,0.270716043405701,0.342897348694106,0.258858548837507,0.222975174736747,,,,,,,,,,,,,,,,,,
,,,,,,,,,Total Revenue,,,,,,,,,,,,,,,,,,,,,,,,,,,,,,,,,,,,,,,,,,,,,,,,,,,,0.205868689996903,0.210908812729498,0.194800466064667,0.182564951604687,0.171359979236958,0.180638284531946,0.209107975534427,0.243664717348928,0.230306248893609,0.247971719981456,0.225841535700691,0.242034576368052,0.236409796893668,0.231024180748763,0.239953459232077,0.235885148973992,,,,,,,,,,,,,,,,,,,,,,,,,,,,,,,,,,,,,,,,,,,,,,,,,,,,,,,,,0.241118829402287,0.222682932151976,0.18647339541368,0.202798158866153,0.236679395018277,0.235855259492049,,,,,,,,,,,,,,,,,,
,,,,,,,,,,,,,,,,,,,,,,,,,,,,,,,,,,,,,,,,,,,,,,,,,,,,,,,,,,,,,,,,,,,,,,,,,,,,,,,,,,,,,,,,,,,,,,,,,,,,,,,,,,,,,,,,,,,,,,,,,,,,,,,,,,,,,,,,,,,,,,,,,,,,,,,,,,,,
,,,,,,,,,Currency Rate,,,,,,,,,,,,2004-02-28 00:00:00,2004-05-31 00:00:00,2004-08-31 00:00:00,2004-11-30 00:00:00,2005-02-28 00:00:00,2005-05-31 00:00:00,2005-08-31 00:00:00,2005-11-30 00:00:00,2006-02-28 00:00:00,2006-05-31 00:00:00,2006-08-31 00:00:00,2006-11-30 00:00:00,2007-02-28 00:00:00,2007-05-31 00:00:00,2007-08-31 00:00:00,2007-11-30 00:00:00,2008-02-28 00:00:00,2008-05-31 00:00:00,2008-08-31 00:00:00,2008-11-30 00:00:00,2009-02-28 00:00:00,2009-05-31 00:00:00,2009-08-31 00:00:00,2009-11-30 00:00:00,2010-02-28 00:00:00,2010-05-31 00:00:00,2010-08-31 00:00:00,2010-11-30 00:00:00,2011-02-28 00:00:00,2011-05-31 00:00:00,2011-08-31 00:00:00,2011-11-30 00:00:00,2012-02-29 00:00:00,2012-05-31 00:00:00,2012-08-31 00:00:00,2012-11-30 00:00:00,2013-02-28 00:00:00,2013-05-31 00:00:00,2013-08-31 00:00:00,2013-11-30 00:00:00,2014-02-28 00:00:00,2014-05-31 00:00:00,2014-08-31 00:00:00,2014-11-30 00:00:00,2015-02-28 00:00:00,2015-05-31 00:00:00,2015-08-31 00:00:00,2015-11-30 00:00:00,2016-02-29 00:00:00,2016-05-31 00:00:00,2016-08-31 00:00:00,2016-11-30 00:00:00,2017-02-28 00:00:00,2017-05-31 00:00:00,2017-08-31 00:00:00,2017-11-30 00:00:00,2018-02-28 00:00:00,2018-05-31 00:00:00,2018-08-31 00:00:00,2018-11-30 00:00:00,2019-02-28 00:00:00,2019-05-31 00:00:00,2019-08-31 00:00:00,2019-11-30 00:00:00,2020-02-29 00:00:00,2020-05-31 00:00:00,2020-08-31 00:00:00,2020-11-30 00:00:00,2021-02-28 00:00:00,2021-05-31 00:00:00,2021-08-31 00:00:00,2021-11-30 00:00:00,2022-02-28 00:00:00,2022-05-31 00:00:00,2022-08-31 00:00:00,2022-11-30 00:00:00,2023-02-28 00:00:00,2023-05-31 00:00:00,2023-08-31 00:00:00,2023-11-30 00:00:00,2024-02-29 00:00:00,2024-05-31 00:00:00,2024-08-31 00:00:00,2024-11-30 00:00:00,2025-02-28 00:00:00,2025-05-31 00:00:00,2025-08-31 00:00:00,2025-11-30 00:00:00,2026-02-28 00:00:00,2026-05-31 00:00:00,2026-08-31 00:00:00,2026-11-30 00:00:00,2027-02-28 00:00:00,2027-05-31 00:00:00,2027-08-31 00:00:00,2027-11-30 00:00:00,,,,,,,,,,,,,,,,,,,,,,,,,,,,,,,,,,,,,,,,
,,,,,,,,,,,,,,,,,,,,,,,,,,,,,,,,,,,,,,,,,,,,,,,,,,,,,,,,,,,,,,,,,,,,,,,,,,,,,,,,,,,,,,,,,,,,,,,,,,,,,,,,,,,,,,,,,,,,,,,,,,,,,,,,,,,,,,,,,,,,,,,,,,,,,,,,,,,,
,,,,,,,,,United States ($),,,,,,,,,,,,,,,,,,,,,,,,,,,,,,,,,,,,,,,,,,,,1,1,1,1,1,1,1,1,1,1,1,1,1,1,1,1,1,1,1,1,1,1,1,1,1,1,1,1,1,1,1,1,1,1,1,1,1,1,1,1,1,1,1,1,1,1,1,1,1,1,1,1,1,1,1,1,1,1,1,1,1,1,1,1,,,,,,,,,,,,,,,,,1,1,1,1,1,1,1,1,1,1,1,1,1,1,1,1,,,,,,,,
,,,,,,,,,EMEA,,,,,,,,,,,,,,,,,,,,,,,,,,,,,,,,,,,,,,,,,,,,,,,,,,,,,,,,1.16351362194951,1.13412337054108,1.14950676125,1.09648893305412,1.08999321972268,1.12319349673012,1.08620326315644,1.03195710691037,1.03016603627127,1.08288808504727,1.12440681299634,1.13980336728224,1.16439209015253,1.11437157818102,1.09722434243414,1.0748784149792,1.09242684282365,1.05732072339342,1.03234891087861,1.06195059624354,1.05938152527417,1.05150521807639,1.12452021555528,1.12202311168537,1.14573677990672,1.16287967099458,1.12453467225514,1.07789704021177,1.07326782175722,1.01995862221102,0.950740869154166,0.984136129459221,0.994174952098828,1.00855825757512,1.02697306419755,1.01946973588704,1.02380011979744,1.02803200428934,1.05207400980618,1.00552565098245,0.992045529018691,1.07627835125188,1.09964154434484,1.08658060160724,1.10945242792599,1.10945242792599,1.10945242792599,1.10945242792599,1.10945242792599,1.10945242792599,1.10945242792599,1.10945242792599,,,,,,,,,,,,,,,,,,,,1.09648893305412,1.03195710691037,1.13980336728224,1.0748784149792,1.06195059624354,1.12202311168537,1.07789704021177,0.984136129459221,1.01946973588704,1.00552565098245,1.08658060160724,1.10945242792599,1.10945242792599,,,,,,,,
,,,,,,,,,APAC,,,,,,,,,,,,,,,,,,,,,,,,,,,,,,,,,,,,,,,,,,,,,,,,,,,,,,,,0.0572565312908549,0.0560038518616014,0.0522933029173252,0.0531813457402866,0.0526810380637517,0.0535212084038563,0.055496370030007,0.0542287732968784,0.054483596610569,0.0550528918870979,0.0580714904934262,0.0558909973158096,0.0572817123766408,0.0555994452400468,0.0532019477697462,0.0536202180390041,0.0524681079584225,0.0515246632261816,0.0501556225561028,0.0507265478798055,0.0489577617515859,0.0503806180590984,0.0540673533764879,0.0538975580419548,0.0564453145167139,0.0561747532809626,0.0535759416507042,0.0521498972508085,0.0527560975609756,0.0519522613707099,0.0495685039852519,0.0491684038504171,0.0486880215974942,0.0469958683097561,0.0468279819658537,0.0477232121653659,0.0469730683321951,0.0476546852853659,0.0486807390914634,0.0468483424195122,0.0449633617365854,0.046559991397561,0.0470529518804878,0.0469182981926829,0.0495631236926829,0.0495631236926829,0.0495631236926829,0.0495631236926829,0.0495631236926829,0.0495631236926829,0.0495631236926829,0.0495631236926829,,,,,,,,,,,,,,,,,,,,0.0531813457402866,0.0542287732968784,0.0558909973158096,0.0536202180390041,0.0507265478798055,0.0538975580419548,0.0521498972508085,0.0491684038504171,0.0477232121653659,0.0468483424195122,0.0469182981926829,0.0495631236926829,0.0495631236926829,,,,,,,,
,,,,,,,,,Other Americas,,,,,,,,,,,,,,,,,,,,,,,,,,,,,,,,,,,,,,,,,,,,,,,,,,,,,,,,0.370350134821908,0.357314140495994,0.328813313450445,0.321857287351185,0.311323527532465,0.327921754863598,0.33697067709352,0.325708677703158,0.337951412547214,0.330186985057529,0.349483093277351,0.338923788675313,0.339635016007913,0.321976699733493,0.311380119902739,0.31162023372116,0.317062668029513,0.307270724996919,0.303733055555556,0.303733055555556,0.299100277777778,0.281012361111111,0.287792638888889,0.291280138888889,0.293399305555556,0.309222638888889,0.299869361111111,0.290700833333333,0.298355555555556,0.305145083333333,0.290448722222222,0.286515138888889,0.282943,0.285539656122222,0.289460474555556,0.288754519277778,0.288293432111111,0.283610489055556,0.279220430977778,0.268041512522222,0.263263315555556,0.274586971122222,0.278713426966667,0.276880391483333,0.28281495025,0.28281495025,0.28281495025,0.28281495025,0.28281495025,0.28281495025,0.28281495025,0.28281495025,,,,,,,,,,,,,,,,,,,,0.321857287351185,0.325708677703157,0.338923788675313,0.31162023372116,0.303733055555556,0.291280138888889,0.290700833333333,0.286515138888889,0.288754519277778,0.268041512522222,0.276880391483333,0.28281495025,0.28281495025,,,,,,,,
,,,,,,,,,Other International,,,,,,,,,,,,,,,,,,,,,,,,,,,,,,,,,,,,,,,,,,,,0.339310480670719,0.309363931959712,0.321479150633886,0.319152814421962,0.315725877649311,0.302473271948253,0.285203058662162,0.287024204556256,0.130581611790578,0.134609287672565,0.134553717433537,0.123696711463561,0.113613379926444,0.110239703815792,0.102066904813287,0.101543015230248,0.09923668616812,0.10291330676661,0.106161745301439,0.103095156090009,0.105507803479165,0.104577028657775,0.110525578994533,0.106677903974305,0,0,0,0,0,0,0,0,0,0,0,0,0,0,0,0,0,0,0,0,0,0,0,0,0,0,0,0,0,0,0,0,0,0,0,0,0,0,0,0,,,,,,,,,,,,,,,,,0.323434790412389,0.297606603203995,0.13086033209006,0.106865750946443,0.102851723581544,0.106677903974305,0,0,0,0,0,0,0,0,0,0,,,,,,,,
,,,,,,,,,Rest of World,,,,,,,,,,,,,,,,,,,,,,,,,,,,,,,,,,,,,,,,,,,,0.918376343881702,0.793178982890711,0.76669929948191,0.794063994682534,0.851202525718683,0.829042225815678,0.823408426173186,0.835559877362436,0.768371132777384,0.761878897959557,0.748625278888008,0.687199826942272,0.580638682950053,0.569251247107063,0.628105909272435,0.60419611876022,0.596165819466117,0.603268412304662,0.602544382142605,0.578617560361234,0.564954915890334,0.577418008385269,0.597977028249676,0.603415499531533,0.456909919035161,0.4355337328549,0.432064860762639,0.428366285430747,0.410512128853668,0.400396559937157,0.392450700660914,0.399554475357466,0.38755808551752,0.391814554229481,0.411168455279811,0.410265766020864,0.397263551525659,0.401087867248753,0.384554594387148,0.367655313494511,0.362874529597828,0.345109786751177,0.327846859232923,0.337309554968515,0.328887232204859,0.326945693632845,0.331188650729443,0.33682489672797,0.326295419836969,0.326398955091168,0.330161027343836,0.31235036763963,0.301183062458934,0.31842228622059,0.323029801233485,0.322428913221088,0.317023616713801,0.31373200951671,0.310147603327516,0.311514892917984,0.307004496941179,0.301927244218479,0.301478271050458,0.303240795843013,,,,,,,,,,,,,,,,,0.812779730755114,0.834803263767496,0.741518784141805,0.595547989522443,0.595149043568654,0.603415499531533,0.456909919035161,0.4355337328549,0.432064860762639,0.428366285430747,0.410512128853668,0.400396559937157,0.392450700660914,0.322428913221088,0.311514892917984,0.307004496941179,,,,,,,,
,,,,,,,,,Consolidated,,,,,,,,,,,,,,,,,,,,,,,,,,,,,,,,,,,,,,,,,,,,1.02911074636706,0.955087538259171,0.936774699078721,0.952824858078161,0.989659764320641,0.975190875872003,0.974766935366247,0.98509011381816,0.961513855672788,0.953551900342853,0.944556089727768,0.903765801493752,0.853799890153881,0.839169527694229,0.889624425077979,0.876404391091033,0.868585144035957,0.881412684672695,0.857424019326199,0.841920010436471,0.830901212728127,0.855757343737934,0.868829771332891,0.875281606040044,0.881540635088724,0.855700579885292,0.840215042992907,0.836247208842391,0.831134688170977,0.818385329855253,0.8079155824714,0.822544325855355,0.813364544106304,0.804604248831652,0.828178318564,0.834245662861281,0.831389952715451,0.841491907766342,0.827216253012515,0.819160561163675,0.813244171241495,0.797912047530695,0.776291424512398,0.793206570135735,0.79588393054035,0.796726553585675,0.802665357199693,0.807017196954887,0.807767810556638,0.809871294889543,0.816464149457519,0.808153069460674,0.794892600951847,0.817426926833477,0.822486581957379,0.826977150494111,0.82778252382911,0.826811985529589,0.824641671955027,0.832710609418703,0.831380200782603,0.830246878468482,0.831778520463183,0.840931420604295,,,,,,,,,,,,,,,,,0.96678085407531,0.98085945106824,0.940314177439282,0.876404391091033,0.841920010436471,0.875281606040044,0.836247208842391,0.822544325855355,0.834245662861281,0.819160561163675,0.793206570135735,0.807017196954887,0.808153069460674,0.826977150494111,0.832710609418703,0.831380200782603,,,,,,,,
,,,,,,,,,,,,,,,,,,,,,,,,,,,,,,,,,,,,,,,,,,,,,,,,,,,,,,,,,,,,,,,,,,,,,,,,,,,,,,,,,,,,,,,,,,,,,,,,,,,,,,,,,,,,,,,,,,,,,,,,,,,,,,,,,,,,,,,,,,,,,,,,,,,,,,,,,,,,
,,,,,,,,,Foreign Exchange (Headwind) Tailwind,,,,,,,,,,,,,,,,,,,,,,,,,,,,,,,,,,,,,,,,,,,,,,,,,,,,,,,,,,,,,,,,,,,,,,,,,,,,,,,,,,,,,,,,,,,,,,,,,,,,,,,,,,,,,,,,,,,,,,,,,,,,,,,,,,,,,,,,,,,,,,,,,,,
,,,,,,,,,United States ($),,,,,,,,,,,,,,,,,,,,,,,,,,,,,,,,,,,,,,,,,,,,,,,,0,0,0,0,0,0,0,0,0,0,0,0,0,0,0,0,0,0,0,0,0,0,0,0,0,0,0,0,0,0,0,0,0,0,0,0,0,0,0,0,0,0,0,0,0,0,0,0,0,0,0,0,0,0,0,0,0,0,0,0,,,,,,,,,,,,,,,,,,0,0,0,0,0,0,0,0,0,0,0,0,0,0,0,,,,,,,,
,,,,,,,,,EMEA,,,,,,,,,,,,,,,,,,,,,,,,,,,,,,,,,,,,,,,,,,,,,,,,,,,,,,,,,,,,-0.0631882608332902,-0.00963728823060295,-0.0550701398439166,-0.0588531486259483,-0.054887665692661,-0.0358846554936283,0.0351716397250477,0.104506533895338,0.130295553488729,0.0290736351876757,-0.0241749429548298,-0.0569615375482225,-0.0618049950162857,-0.0511955400735542,-0.0591268613414142,-0.0120272382024821,-0.0302494558482864,-0.00550022825464513,0.0892830938313507,0.0565680886232569,0.0815147825144476,0.105919068211508,1.28558825898129e-05,-0.0393272393536621,-0.0632509660337537,-0.122902697801335,-0.154547305111051,-0.086985034056807,-0.0736935069281156,-0.0111772814971526,0.0801818850084872,0.0359031696633634,0.0297987468262713,0.0193084996012423,0.024441678641528,-0.0136777820995959,-0.0310163968187788,0.0469307830507668,0.0452131067731916,0.0806095304934256,0.118348297001487,0.0308229526641703,0.00892189243995278,0.0210493600612081,0,0,0,0,,,,,,,,,,,,,,,,,,,,,-0.0588531486259483,0.104506533895338,-0.0569615375482225,-0.0120272382024821,0.0565680886232569,-0.0393272393536621,-0.086985034056807,0.0359031696633634,-0.0136777820995959,0.0806095304934256,0.0210493600612081,0,,,,,,,,
,,,,,,,,,APAC,,,,,,,,,,,,,,,,,,,,,,,,,,,,,,,,,,,,,,,,,,,,,,,,,,,,,,,,,,,,-0.0799121624022301,-0.0443298697361088,0.0612519564454712,0.0196953939771842,0.0342164583893709,0.0286182530051258,0.0464016017989433,0.0306520674888089,0.0513570311092326,0.00992778642890801,-0.0838542748309725,-0.0406287127777397,-0.0840338778032292,-0.0732881775397688,-0.0572596557334268,-0.053966027461763,-0.0669043795064676,-0.0222038359001214,0.0779918705227827,0.0625118462557879,0.152939033510566,0.115007227880123,-0.00908888072182679,-0.0324256024695196,-0.0653591354273687,-0.0751670753075411,-0.074799201693538,-0.0571716064185567,-0.0771110099411643,-0.0954028357993321,-0.055287567690436,-0.0293926906687453,-0.0352233097388234,0.0140186148124215,0.0395651712465588,-0.0183321638707417,-0.0427842307723449,-0.0229713800699689,-0.0334380135009301,0.00149323902528509,0.10230022352521,0.0645002759875784,0.0533478073505533,0.0563708745176197,0,0,0,0,,,,,,,,,,,,,,,,,,,,,0.0196953939771842,0.0306520674888089,-0.0406287127777397,-0.053966027461763,0.0625118462557879,-0.0324256024695194,-0.0571716064185568,-0.0293926906687453,-0.0183321638707417,0.00149323902528509,0.0563708745176197,0,,,,,,,,
,,,,,,,,,Other Americas,,,,,,,,,,,,,,,,,,,,,,,,,,,,,,,,,,,,,,,,,,,,,,,,,,,,,,,,,,,,-0.159380547594043,-0.0822592287884142,0.0248084956094827,0.011966143080582,0.0855312324956619,0.00690783749578561,0.0371320623258815,0.0405734077008508,0.00498179145934019,-0.0248655631372201,-0.109026657104622,-0.0805595708134528,-0.0664606030429861,-0.0456740340178208,-0.0245586145627156,-0.02531022479324,-0.0566524919611895,-0.0854567706899878,-0.0524816656438996,-0.0409995436416663,-0.0190604043051338,0.100388031566424,0.0419632769929352,-0.00198882614436191,0.0168925076036404,-0.0131864716315959,-0.0314158100513585,-0.0143986324237498,-0.0516583494711754,-0.0642495268052366,-0.00340248584709058,0.0078159234362738,0.0189099292476262,-0.00675621415555971,-0.035376310335636,-0.0717322340352011,-0.0868216676747207,-0.0318165874731302,-0.00181578407187344,0.0329757837804259,0.0742664607607226,0.0299649291230042,0.0147159156556311,0.0214336549254117,0,0,0,0,,,,,,,,,,,,,,,,,,,,,0.011966143080582,0.0405734077008511,-0.0805595708134528,-0.0253102247932397,-0.0409995436416663,-0.00198882614436202,-0.0143986324237497,0.0078159234362738,-0.0717322340352012,0.0329757837804259,0.0214336549254117,0,,,,,,,,
,,,,,,,,,Other International,,,,,,,,,,,,,,,,,,,,,,,,,,,,,,,,,,,,,,,,,,,,,,,,-0.069507440426798,-0.0222736372912306,-0.11284119638924,-0.100668420937778,-0.586408270481966,-0.554971297776043,-0.528217831657539,-0.569037351205978,-0.129943501473594,-0.181039393923928,-0.241441212029663,-0.179096889247851,-0.126540498730275,-0.0664587874929747,0.0401191796267688,0.0152855502295342,0.0631935381278335,0.0161662465568102,0.0411055195136678,0.0347518546959491,-1,-1,-1,-1,,,,,,,,,,,,,,,,,,,,,,,,,,,,,,,,,,,,,,,,,,,,,,,,,,,,,,-0.0798559337895051,-0.560290898517593,-0.183360234231285,-0.037561401378353,0.0372009360613854,-1,,,,,,,,,,,,,,,,,
,,,,,,,,,Rest of World,,,,,,,,,,,,,,,,,,,,,,,,,,,,,,,,,,,,,,,,,,,,,,,,-0.0731441076531821,0.0452145653106755,0.0739652778209101,0.0522576051272692,-0.0973110281496908,-0.0810131568268927,-0.0908214500946216,-0.17755765258677,-0.244325224906285,-0.252832374499916,-0.160987576848312,-0.120785403208528,0.0267414779138975,0.0597577350431364,-0.0406962054527389,-0.0423348604944223,-0.0523527222740356,-0.0428505842376803,-0.00758011198558939,0.042857218427345,-0.191245343329567,-0.245721944016163,-0.277455754400256,-0.290097311449055,-0.101546909464056,-0.0806761228055087,-0.0916856789320981,-0.0672597518833892,-0.0559156276338192,-0.0214337648380969,0.0476945373963518,0.0268080858156221,0.025042610052062,0.0236676073391615,-0.0647273898347852,-0.103860609525452,-0.0865647547975711,-0.139565629051697,-0.147463418671667,-0.0825386099756429,-0.0936612923222721,-0.052632796332224,0.0101931478140103,-0.00143683519605564,-0.00788055027406764,-0.00167226102782414,-0.00310283393873267,-0.0726624703995872,-0.0769620284298875,-0.0244384019806382,-0.0215992364929398,0.0322667959625578,0.0525944391611559,-0.0147297375430262,-0.039879286235444,-0.0338493846413207,-0.0316037015679718,-0.037626907488388,-0.0279522787990188,-0.0265608395074377,,,,,,,,,,,,,,,,,,0.0270965578729683,-0.111744267990394,-0.196853805650118,-0.000669880447599747,0.0138897240148641,-0.242793863614895,-0.0467842462807542,-0.00796464620437698,-0.00856023173318032,-0.0416796493662555,-0.0246413399398415,-0.0198449738866127,-0.178421868840863,-0.0338493846413207,-0.0144789096102453,,,,,,,,
,,,,,,,,,Y/Y change in weighted FX rate,,,,,,,,,,,,,,,,,,,,,,,,,,,,,,,,,,,,,,,,,,,,,,,,-0.0383350209738722,0.0210486859136223,0.0405564286961313,0.0338627350729255,-0.0284399847933328,-0.022189477018846,-0.0309928912670064,-0.0825552009746591,-0.112025390880652,-0.119954008384334,-0.0581560642583127,-0.0302748901955526,0.0173170013870707,0.0503392408617802,-0.0361955054785702,-0.0393475671791566,-0.0433854200323165,-0.0291070702531214,0.0133023472046594,0.0396256119227736,0.0609451780607362,-6.63317154777632e-05,-0.03293479261891,-0.0445963869551111,-0.0571793799530005,-0.043607835389151,-0.0384418974533644,-0.0163861628979359,-0.0213805828556838,-0.016839354911259,0.0250802639931964,0.0142257829008277,0.022161537209558,0.0458457173054379,-0.00116166474045476,-0.0180823255896438,-0.0218258368587315,-0.0517888048992956,-0.0615616875450181,-0.0316836433031767,-0.0213468984040093,-0.00148574513781186,0.0339742677227961,0.0174111351810777,0.0149316747835571,0.0164984350586905,0.0171912144133974,0.00140749479697955,-0.0159392457046765,0.00932942307205043,0.00737623630365314,0.0232927173635547,0.0413765618624182,0.0114812203856161,0.00262021295535231,0.00693303185120242,0.00434616200502913,0.00415438213162012,0.00865448442744388,0.0098723507213756,,,,,,,,,,,,,,,,,,0.0142832071772017,-0.0410443885134611,-0.0679664179075674,-0.0393475671791566,0.0396256119227736,-0.0445963869551111,-0.0163861628979359,0.0142257829008277,-0.0180823255896438,-0.0316836433031767,0.0174111351810777,0.00140749479697955,0.0232927173635547,0.00693303185120242,-0.00159768426275864,,,,,,,,
,,,,,,,,,,,,,,,,,,,,,,,,,,,,,,,,,,,,,,,,,,,,,,,,,,,,,,,,,,,,,,,,,,,,,,,,,,,,,,,,,,,,,,,,,,,,,,,,,,,,,,,,,,,,,,,,,,,,,,,,,,,,,,,,,,,,,,,,,,,,,,,,,,,,,,,,,,,,
,,,,,,,,,Weighted Currency Tailwind Y/Y,,,,,,,,,,,,,,,,,,,,,,,,,,,,,,,,,,,,,,,,,,,,,,,,,,,,,,,,,,,,,,,,,,,,,,,,,,,,,,,,,,,,,,,,,,,,,,,,,,,,,,,,,,,,,,,,,,,,,,,,,,,,,,,,,,,,,,,,,,,,,,,,,,,
,,,,,,,,,United States,,,,,,,,,,,,,,,,,,,,,,,,,,,,,,,,,,,,,,,,,,,,,,,,,,,,,,,,,,,,0,0,0,0,0,0,0,0,0,0,0,0,0,0,0,0,0,0,0,0,0,0,0,0,0,0,0,0,0,0,0,0,0,0,0,0,0,0,0,0,0,0,0,0,0,0,0,0,,,,,,,,,,,,,,,,,,,,,0,0,0,0,0,0,0,0,0,0,0,0,,,,,,,,
,,,,,,,,,Europe,,,,,,,,,,,,,,,,,,,,,,,,,,,,,,,,,,,,,,,,,,,,,,,,,,,,,,,,,,,,-0.0616014454991911,-0.011593152040346,-0.0432921202124599,-0.0546295982601211,-0.0602238411058908,-0.0387272603584751,0.0250367598372014,0.0889485802438017,0.118672147968038,0.0103611948239042,-0.0587414669286955,-0.0719679772386042,-0.0804513267512389,-0.0652509740347543,-0.0430873621466842,-0.0195985308206181,-0.0393750119874366,-0.0170841646747258,0.0638329283150156,0.0304917044766126,0.0604966225890651,0.0786563082973538,-0.0111600217986354,-0.0743258001580298,-0.0999067385481867,-0.155772800059904,-0.189420138384324,-0.104331630936718,-0.0902160997745279,-0.0294972618676402,0.0422061636820871,-0.000355298388775301,-0.0113418874605512,-0.0169824272818238,0.000536522301990985,-0.107930806960943,-0.123016916748706,-0.0519986051242559,-0.0522695798561052,0.0796316908416641,0.119696904090157,0.038740081244614,0.0201545172463426,0.0268244911785984,0,0,0,0,,,,,,,,,,,,,,,,,,,,,-0.056166412302644,0.0889485802438017,-0.0719679772386042,-0.0195985308206181,0.0304917044766126,-0.0743258001580298,-0.104331630936718,-0.000355298388775301,-0.107930806960943,0.0796316908416641,0.0268244911785984,0,,,,,,,,
,,,,,,,,,APAC,,,,,,,,,,,,,,,,,,,,,,,,,,,,,,,,,,,,,,,,,,,,,,,,,,,,,,,,,,,,-0.0329849166115052,0.0151147380152129,0.0863226133190862,0.0283136886637427,0.0382026144620633,0.0319821121549055,-0.00501169724374489,0.0439198549306741,0.0401564481603214,-0.00269320215273303,-0.043077628000106,-0.0413416281515003,-0.0609322117911248,-0.0303673954227221,-0.0015512946349029,-0.00072011229827589,-0.00852451265969769,-0.0274605615903073,0.00143478496637979,0.0185588315433593,0.0215914809719945,0.0265998537375622,-0.0111433571559438,-0.0507684525904598,-0.071804810024379,-0.100007025450282,-0.134093681817435,-0.110552649264664,-0.0928742368039649,-0.0780000448796716,-0.0470940051409091,-0.048343001231198,-0.0498034302818749,-0.0595775389388102,-0.000612743967036627,-0.0287206147642354,-0.0348340341306803,0.035312597025732,-0.0225076203489069,-0.0276323992448976,-0.0117289732259023,-0.0523525992977163,-0.0351707876255206,0.00150447263563096,0,0,0,0,,,,,,,,,,,,,,,,,,,,,0.0283136886637427,0.0439198549306741,-0.0413416281515003,-0.00072011229827589,0.0185588315433593,-0.0507684525904598,-0.110552649264664,-0.048343001231198,-0.0287206147642354,-0.0276323992448976,0.00150447263563096,0,,,,,,,,
,,,,,,,,,Other Americas,,,,,,,,,,,,,,,,,,,,,,,,,,,,,,,,,,,,,,,,,,,,,,,,,,,,,,,,,,,,-0.212526540855264,-0.135368855707324,-0.026583708425527,-0.0455472151984455,0.0735627913621805,0.00907120682483418,0.02271238523434,0.0419366251346567,-0.0138568443065188,-0.0891181668645417,-0.168737411362446,-0.144388288047562,-0.111730110709537,-0.0710116648043446,-0.0640963893053889,-0.058015187111111,-0.100374896724389,-0.160162662458444,-0.118990849584591,-0.100442611208905,-0.10548460572902,0.0423997638091615,0.0298166047324463,-0.0505593481875681,0.0153083723455076,0.00197546443818913,-0.0467654440294382,0.00264164528736932,-0.0426422447647643,-0.0703474610315305,-0.00497569186766577,-0.0151736052319865,-0.0452282391229619,-0.0791848676361067,-0.150837249271795,-0.177767527654552,-0.137175891816594,-0.0917244847949689,-0.00692922584275783,0.0359008276098313,0.0768771373307992,0.0471439700493796,0.0247833132851018,0.0284110124243065,0,0,0,0,,,,,,,,,,,,,,,,,,,,,-0.0455472151984455,0.0419366251346567,-0.144388288047562,-0.0580151871111111,-0.100442611208905,-0.0505593481875681,0.00264164528736933,-0.0151736052319865,-0.177767527654552,0.0359008276098313,0.0284110124243065,0,,,,,,,,
,,,,,,,,,Total,,,,,,,,,,,,,,,,,,,,,,,,,,,,,,,,,,,,,,,,,,,,,,,,,,,,,,,,,,,,,,,,-0.0124797801148098,-0.00870869169961948,0.0086938456064858,0.0367166880349142,0.0431018608552567,-0.00180402813571722,-0.0355890733474363,-0.037885644060289,-0.0432524974172328,-0.0305087183824385,-0.017650346154186,-0.0094738982616409,-0.0193375608079367,-0.0187455075301942,0.0133175713842408,0.00653238670733012,0.0171488122129872,0.0301976860076572,-0.0038755872160904,-0.034069716893653,-0.0435289462225721,-0.0660843819781069,-0.0844611878230329,-0.0505993917679733,-0.0455290444413559,-0.0261800356510878,0.00374894308427291,-0.00864560700143564,-0.0144059694303776,-0.020026100144821,-0.00890103062027026,-0.0465874137298388,-0.0500070192056448,-0.0147304883943366,-0.0191929083985978,0.0210575239428269,0.0369148961154738,0.00521085170222453,0.00123545908711962,0.00974926195015853,0,0,0,0,,,,,,,,,,,,,,,,,,,,,,0.0381200143444888,-0.0375697088347438,-0.00973697151196254,0.00707195254516304,-0.0342419294023718,-0.0517085530658739,-0.00911443095420661,-0.0474088894305424,0.0208561693323041,0.00973649073860488,0,,,,,,,,
,,,,,,,,,,,,,,,,,,,,,,,,,,,,,,,,,,,,,,,,,,,,,,,,,,,,,,,,,,,,,,,,,,,,,,,,,,,,,,,,,,,,,,,,,,,,,,,,,,,,,,,,,,,,,,,,,,,,,,,,,,,,,,,,,,,,,,,,,,,,,,,,,,,,,,,,,,,,
,,,,,,,,,Weighted Currency Tailwind Q/Q,,,,,,,,,,,,,,,,,,,,,,,,,,,,,,,,,,,,,,,,,,,,,,,,,,,,,,,,,,,,,,,,,,,,,,,,,,,,,,,,,,,,,,,,,,,,,,,,,,,,,,,,,,,,,,,,,,,,,,,,,,,,,,,,,,,,,,,,,,,,,,,,,,,
,,,,,,,,,United States,,,,,,,,,,,,,,,,,,,,,,,,,,,,,,,,,,,,,,,,,,,,,,,,,,,,,,,,,,,,0,0,0,0,0,0,0,0,0,0,0,0,0,0,0,0,0,0,0,0,0,0,0,0,0,0,0,0,0,0,0,0,0,0,0,0,0,0,0,0,0,0,0,0,0,0,0,0,,,,,,,,,,,,,,,,,,,,,,,,,,,,,,,,,,,,,,,,
,,,,,,,,,Europe,,,,,,,,,,,,,,,,,,,,,,,,,,,,,,,,,,,,,,,,,,,,,,,,,,,,,,,,,,,,-0.00146628255542043,0.0277300044441222,-0.0255609737810285,-0.056350304703888,-0.0056847973106424,0.0504988660108008,0.0386014339764365,0.00287124574583116,0.0224999952977827,-0.052448352980048,-0.0388336892264667,0.00343250245596912,0.0121965121025825,-0.0357813050431528,-0.0208630316523728,0.0263743911919538,-0.00839033578093852,-0.0135647784671892,0.0571082998696442,-0.00745115938356286,0.0234297992812022,0.00229056653281386,-0.0281518500054452,-0.0724907608056921,-0.00700695670644925,-0.058976155124273,-0.0703757574806856,0.02965249118979,0.00835391308898551,0.0041985583547531,-0.00499617009729375,-0.0128120802012283,-0.00440813619153995,0.000648224344843731,0.0154227537540417,-0.134432155773123,-0.0101472233486456,0.0782953365621769,0.0186499308216888,-0.00672929757918771,0.0268244911785984,0,0,0,0,0,0,0,,,,,,,,,,,,,,,,,,,,,,,,,,,,,,,,,,,,,,,,
,,,,,,,,,APAC,,,,,,,,,,,,,,,,,,,,,,,,,,,,,,,,,,,,,,,,,,,,,,,,,,,,,,,,,,,,0.0177046612963397,0.0245193867470455,0.045969029992226,-0.0547069360648815,0.0251058364308009,0.0189648362439687,0.00716297370440068,-0.00749577699487202,0.0218648207290274,-0.0234524546222266,-0.0343173233754988,-0.00490694442546351,0.000943023911633662,0.00832326807082216,-0.0059047545288079,-0.00376689772549554,-0.00672087147316926,-0.0111712661538692,0.0237934017745414,0.0124878071414718,-0.00352685343865484,-0.00641129374588484,-0.0129389540894659,-0.0287403088370987,-0.0249329115724462,-0.0293978505911826,-0.0524302227920769,-0.000909857234904248,-0.00853218194242108,-0.0168508208191071,-0.0229084774017374,-0.00133534604883032,-0.00978805015123021,-0.0269935771332657,0.0397402554870456,-0.0296727178097992,-0.0151968188878999,0.0426316952777578,-0.0179631528965711,-0.0367423321810604,0.00150447263563096,0,0,0,0,0,0,0,,,,,,,,,,,,,,,,,,,,,,,,,,,,,,,,,,,,,,,,
,,,,,,,,,Other Americas,,,,,,,,,,,,,,,,,,,,,,,,,,,,,,,,,,,,,,,,,,,,,,,,,,,,,,,,,,,,-0.0745209570657685,0.0524455286058429,0.0235965480211402,-0.0498748487689735,0.0427392798227949,-0.004293596693478,0.0375243130504113,-0.0316861061388974,-0.0154566835226021,-0.0833925735118806,-0.0587474067276037,4.36294248490495e-05,0.0254649108471603,-0.0403700728959244,-0.0507978978802222,0.00275337034712063,-0.0205769062224306,-0.103943226894071,-0.00306506483250012,0.0245618208142062,-0.0277120718502036,0.0449783532760122,-0.0130023825569854,-0.0530362391445461,0.0391294279800201,0.0302587417576525,-0.0607832167492236,-0.0122768884073707,-0.0103379420145435,-0.00249724500273832,-0.00697067582216311,-0.0112203101321491,-0.0611287737916471,-0.0259548700464084,-0.0639322620561703,-0.0424209834777506,-0.0111536103373462,0.0247688096516302,0.0199034247239301,-0.00392171436512542,0.0284110124243065,0,0,0,0,0,0,0,,,,,,,,,,,,,,,,,,,,,,,,,,,,,,,,,,,,,,,,
,,,,,,,,,Total,,,,,,,,,,,,,,,,,,,,,,,,,,,,,,,,,,,,,,,,,,,,,,,,,,,,,,,,,,,,,,,,0.00403191664135293,0.0186935418058505,0.0157563755029244,-0.00195861485801788,0.00956440738737156,-0.0262664632788566,-0.0216223271984076,0.000326688601346709,0.00537556580940511,-0.012210104406379,-0.0103578142829074,0.00770467918517196,-0.00484946145473043,-0.011645150373995,0.0211121010135517,0.00130179989812925,0.00499865496401651,0.00185563652554402,-0.0117373515482289,-0.0302550319193994,-0.00405800640607574,-0.0210269575021268,-0.0333326038306345,0.00746079561097851,0.000413651787483245,-0.00169839632879585,-0.00582252230847772,-0.00468032771841833,-0.00652852708098745,-0.00576199972851367,0.00724920195977288,-0.0461317234635919,-0.0060150631974788,0.030947496423345,0.00357984948291801,-0.00859610375246599,0.00974926195015853,0,0,0,0,0,0,0,,,,,,,,,,,,,,,,,,,,,,,,,,,,,,,,,,,,,,,,
,,,,,,,,,,,,,,,,,,,,,,,,,,,,,,,,,,,,,,,,,,,,,,,,,,,,,,,,,,,,,,,,,,,,,,,,,,,,,,,,,,,,,,,,,,,,,,,,,,,,,,,,,,,,,,,,,,,,,,,,,,,,,,,,,,,,,,,,,,,,,,,,,,,,,,,,,,,,
,,,,,,,,,EMEA Currency,,,,,,,,,,,,,,,,,,,,,,,,,,,,,,,,,,,,,,,,,,,,,,,,,,,,,,,,,,,,,,,,,,,,,,,,,,,,,,,,,,,,,,,,,,,,,,,,,,,,,,,,,,,,,,,,,,,,,,,,,,,,,,,,,,,,,,,,,,,,,,,,,,,
,,,,,,,,,United Kingdom (£),,,,,,,,,,,,,,,,,,,,,,,,,,,,,,,,,,,,,,,,,,,,1.5974494,1.5391493,1.5883494,1.6026497,1.5179492,1.5161,1.5468998,1.6380492,1.67585,1.6773491,1.6607495,1.5660496,1.5453997,1.5259495,1.5379992,1.5052996,1.3935996,1.4554997,1.3096991,1.2493992,1.2443991,1.2909499,1.2885495,1.3536492,1.3778496,1.3306494,1.2997494,1.2758999,1.3300992,1.2603999,1.2068,1.29375,1.2752,1.2494,1.33715,1.3323,1.3924,1.4212,1.3756,1.3299,1.3421,1.2604,1.16235,1.20575,1.2022,1.2394,1.26715,1.22435,1.2649499,1.2732,1.31425,1.27105,1.25915,1.34855,1.35105,1.3249999,1.3664501,1.3664501,1.3664501,1.3664501,1.3664501,1.3664501,1.3664501,1.3664501,,,,,,,,,,,,,,,,,1.58489043879781,1.55474955,1.64499955,1.5052996,1.2493992,1.3536492,1.2758999,1.29375,1.3323,1.3299,1.20575,1.22435,1.27105,1.3249999,1.3664501,1.3664501,,,,,,,,
,,,,,,,,,Europe ex-UK (€),,,,,,,,,,,,,,,,,,,,,,,,,,,,,,,,,,,,,,,,,,,,1.3376999,1.2364493,1.2605,1.3005991,1.3073493,1.2959996,1.3185998,1.3615494,1.3811493,1.3645497,1.3171998,1.2466498,1.1216498,1.0963498,1.1204997,1.0561495,1.0865498,1.1132498,1.1137496,1.0607996,1.0625992,1.1244994,1.1889,1.1923495,1.2196494,1.1672993,1.1634999,1.1322499,1.1386996,1.1143494,1.0968,1.1079,1.1134,1.1135,1.19365,1.193,1.2049,1.2227,1.1809,1.1338,1.1221,1.0735,1.0059,1.0407,1.0578,1.0661,1.08535,1.0911,1.08215,1.0856,1.1069,1.0562,1.0400001,1.13525,1.1705,1.16055,1.1796,1.1796,1.1796,1.1796,1.1796,1.1796,1.1796,1.1796,,,,,,,,,,,,,,,,,1.28568346612022,1.320874525,1.32738715,1.0561495,1.0607996,1.1923495,1.1322499,1.1079,1.193,1.1338,1.0407,1.0911,1.0562,1.16055,1.1796,1.1796,,,,,,,,
,,,,,,,,,Turkey,,,,,,,,,,,,,,,,,,,,,,,,,,,,,,,,,,,,,,,,,,,,0.57165,0.5359,0.5499,0.5595,0.5559,0.53315,0.4901,0.4951,0.45265,0.47685,0.46215,0.45055,0.3986,0.37555,0.3431,0.3433,0.3372,0.33905,0.3381,0.29095,0.2742,0.2835,0.2896,0.25515,0.26325,0.22105,0.15295,0.19185,0.1874,0.17125,0.1715,0.174,0.1602,0.14665,0.13605,0.12765,0.13465,0.1178,0.12025,0.0742,0.0722,0.061,0.05495,0.05375,0.05295,0.048312098,0.037512824,0.034659643,0.032031007,0.031046981,0.029352628,0.0010243278,0.0010461619,0.0010579043,0.0010384108,0.0010765537,0.0011654333,0.0011654333,0.0011654333,0.0011654333,0.0011654333,0.0011654333,0.0011654333,0.0011654333,,,,,,,,,,,,,,,,,1.28568346612022,0.5185625,0.46055,0.3433,0.29095,0.25515,0.19185,0.174,0.12765,0.0742,0.05375,0.034659643,0.0010243278,0.0010765537,0.0011654333,0.0011654333,,,,,,,,
,,,,,,,,,,,,,,,,,,,,,,,,,,,,,,,,,,,,,,,,,,,,,,,,,,,,,,,,,,,,,,,,,,,,,,,,,,,,,,,,,,,,,,,,,,,,,,,,,,,,,,,,,,,,,,,,,,,,,,,,,,,,,,,,,,,,,,,,,,,,,,,,,,,,,,,,,,,,
,,,,,,,,,EMEA Basket Weights,,,,,,,,,,,,,,,,,,,,,,,,,,,,,,,,,,,,,,,,,,,,,,,,,,,,,,,,,,,,,,,,,,,,,,,,,,,,,,,,,,,,,,,,,,,,,,,,,,,,,,,,,,,,,,,,,,,,,,,,,,,,,,,,,,,,,,,,,,,,,,,,,,,
,,,,,,,,,United Kingdom (£),,,,,,,,,,,,,,,,,,,,,,,,,,,,,,,,,,,,,,,,,,,,,,,,,,,,,,,,0.269424964936886,0.255711422845691,0.255681818181818,0.248523562733518,0.255262826169167,0.255262826169167,0.255262826169167,0.255262826169167,0.255262826169167,0.255262826169167,0.255262826169167,0.255262826169167,0.255262826169167,0.255262826169167,0.255262826169167,0.255262826169167,0.255262826169167,0.255262826169167,0.255262826169167,0.255262826169167,0.255262826169167,0.255262826169167,0.255262826169167,0.255262826169167,0.255262826169167,0.255262826169167,0.255262826169167,0.255262826169167,0.255262826169167,0.255262826169167,0.255262826169167,0.255262826169167,0.255262826169167,0.255262826169167,0.255262826169167,0.255262826169167,0.255262826169167,0.255262826169167,0.255262826169167,0.255262826169167,0.255262826169167,0.255262826169167,0.255262826169167,0.255262826169167,0.255262826169167,0.255262826169167,0.255262826169167,0.255262826169167,0.255262826169167,0.255262826169167,0.255262826169167,0.255262826169167,,,,,,,,,,,,,,,,,,,,0.257335442174479,0.255262826169167,0.255262826169167,0.255262826169167,0.255262826169167,0.255262826169167,0.255262826169167,0.255262826169167,0.255262826169167,0.255262826169167,0.255262826169167,0.255262826169167,0.255262826169167,,,,,,,,
,,,,,,,,,Europe ex-UK (€),,,,,,,,,,,,,,,,,,,,,,,,,,,,,,,,,,,,,,,,,,,,,,,,,,,,,,,,0.630575035063114,0.644288577154309,0.644318181818182,0.651476437266482,0.644737173830833,0.644737173830833,0.644737173830833,0.644737173830833,0.644737173830833,0.644737173830833,0.644737173830833,0.644737173830833,0.644737173830833,0.644737173830833,0.644737173830833,0.644737173830833,0.644737173830833,0.644737173830833,0.644737173830833,0.644737173830833,0.644737173830833,0.644737173830833,0.644737173830833,0.644737173830833,0.644737173830833,0.644737173830833,0.644737173830833,0.644737173830833,0.644737173830833,0.644737173830833,0.644737173830833,0.644737173830833,0.644737173830833,0.644737173830833,0.644737173830833,0.644737173830833,0.644737173830833,0.644737173830833,0.644737173830833,0.644737173830833,0.644737173830833,0.644737173830833,0.644737173830833,0.644737173830833,0.644737173830833,0.644737173830833,0.644737173830833,0.644737173830833,0.644737173830833,0.644737173830833,0.644737173830833,0.644737173830833,,,,,,,,,,,,,,,,,,,,0.642664557825522,0.644737173830833,0.644737173830833,0.644737173830833,0.644737173830833,0.644737173830833,0.644737173830833,0.644737173830833,0.644737173830833,0.644737173830833,0.644737173830833,0.644737173830833,0.644737173830833,,,,,,,,
,,,,,,,,,Turkey,,,,,,,,,,,,,,,,,,,,,,,,,,,,,,,,,,,,,,,,,,,,,,,,,,,,,,,,0.1,0.1,0.1,0.1,0.1,0.1,0.1,0.1,0.1,0.1,0.1,0.1,0.1,0.1,0.1,0.1,0.1,0.1,0.1,0.1,0.1,0.1,0.1,0.1,0.1,0.1,0.1,0.1,0.1,0.1,0.1,0.1,0.1,0.1,0.1,0.1,0.1,0.1,0.1,0.1,0.1,0.1,0.1,0.1,0.1,0.1,0.1,0.1,0.1,0.1,0.1,0.1,,,,,,,,,,,,,,,,,,,,0.1,0.1,0.1,0.1,0.1,0.1,0.1,0.1,0.1,0.1,0.1,0.1,0.1,,,,,,,,
,,,,,,,,,,,,,,,,,,,,,,,,,,,,,,,,,,,,,,,,,,,,,,,,,,,,,,,,,,,,,,,,,,,,,,,,,,,,,,,,,,,,,,,,,,,,,,,,,,,,,,,,,,,,,,,,,,,,,,,,,,,,,,,,,,,,,,,,,,,,,,,,,,,,,,,,,,,,
,,,,,,,,,Foreign Exchange (Headwind) Tailwind (Y/Y),,,,,,,,,,,,,,,,,,,,,,,,,,,,,,,,,,,,,,,,,,,,,,,,,,,,,,,,,,,,,,,,,,,,,,,,,,,,,,,,,,,,,,,,,,,,,,,,,,,,,,,,,,,,,,,,,,,,,,,,,,,,,,,,,,,,,,,,,,,,,,,,,,,
,,,,,,,,,United Kingdom (£),,,,,,,,,,,,,,,,,,,,,,,,,,,,,,,,,,,,,,,,,,,,,,,,-0.0497669597547189,-0.0149753503445053,-0.0260960214421335,0.0220881082122937,0.104022453452329,0.106357826000923,0.073598626103643,-0.0439544795113602,-0.0778412745770803,-0.0902612342296544,-0.0739125918749336,-0.0387918747911943,-0.0982270800233752,-0.046167845004045,-0.148439674090858,-0.169999646581983,-0.107061239110574,-0.113053819248468,-0.0161484420352735,0.0834401046518998,0.107240916519467,0.0307521616446929,0.00869186631945462,-0.0574368159786155,-0.0346557418168136,-0.0527933954654022,-0.0715133240300014,0.013990204090462,-0.0412745154647113,-0.00872730948328371,0.108012926748426,0.0297971014492755,0.0919071518193226,0.137506002881383,0.0287551882735668,-0.0018013960819635,-0.0361246768170066,-0.11314382212215,-0.15502326257633,-0.0933528836754644,-0.104239624469116,-0.0166613773405268,0.0901621714629846,0.0154260833506117,0.0521958908667444,0.0272712602872358,0.037170027226453,0.0381426879568751,-0.00458508277679615,0.0591815896952559,0.0280007608902417,0.0424451437787654,0.0852162967080967,0.0132735901523859,0.0113986158913437,0.031283172172315,0,0,0,0,,,,,,,,,,,,,,,,,,-0.0190176481982415,0.0580479344727902,-0.0849240049944087,-0.169999646581983,0.0834401046518998,-0.0574368159786155,0.013990204090462,0.0297971014492755,-0.0018013960819635,-0.0933528836754644,0.0154260833506117,0.0381426879568751,0.0424451437787654,0.031283172172315,0,,,,,,,,
,,,,,,,,,Europe ex-UK (€),,,,,,,,,,,,,,,,,,,,,,,,,,,,,,,,,,,,,,,,,,,,,,,,-0.0226886463847384,0.0481623468103383,0.0460926616422055,0.0468632494056009,0.0564501009791338,0.0528936120042012,-0.001061732301188,-0.0843888587516546,-0.18788663904764,-0.196548282557975,-0.149332014778623,-0.152809794699361,-0.0312931897282021,0.0154147882363822,-0.00602418724431619,0.00440288046341908,-0.0220428000630989,0.0101051893294748,0.0674751308552659,0.124010133487984,0.147798153810016,0.0380612919846823,-0.0213643704264448,-0.0504043487249335,-0.0663713686900513,-0.0453610312282377,-0.0573269494909281,-0.0215057647609418,-0.0222179756627648,-0.000762238486420985,0.088302334062728,0.0768119866413937,0.0821807077420516,0.0980691513246519,-0.0106815230595233,-0.049622799664711,-0.0687193958004814,-0.122025026580519,-0.14819205690575,-0.0821132474863291,-0.0573032706532395,-0.00689333954354898,0.0789839944328463,0.04842894205823,0.0230194743807901,0.0182909670762592,0.0198553462016862,-0.0319860691045734,-0.0389501455435937,0.0457350773765661,0.0574577649290813,0.0987975762166256,0.134230660170129,0.03906628495926,0.00777445536095667,0.0164146309939253,0,0,0,0,,,,,,,,,,,,,,,,,,0.0273714796893023,0.00493054024188999,-0.204339517675759,0.00440288046341908,0.124010133487984,-0.0504043487249335,-0.0215057647609418,0.0768119866413937,-0.049622799664711,-0.0821132474863291,0.04842894205823,-0.0319860691045734,0.0987975762166256,0.0164146309939253,0,,,,,,,,
,,,,,,,,,Turkey,,,,,,,,,,,,,,,,,,,,,,,,,,,,,,,,,,,,,,,,,,,,,,,,-0.0275518236683286,-0.00513155439447666,-0.108747044917258,-0.115102770330652,-0.185734844396474,-0.105598799587358,-0.0570291777188329,-0.0899818218541708,-0.119407931072573,-0.212435776449617,-0.257600346207941,-0.238042392631229,-0.154039136979428,-0.0971907868459592,-0.014573010784028,-0.152490533061462,-0.186832740213523,-0.16384014157204,-0.143448683821355,-0.123045196769204,-0.0399343544857769,-0.220282186948854,-0.47185773480663,-0.24808935920047,-0.288129154795821,-0.225288396290432,0.121281464530893,-0.093041438623925,-0.145144076840982,-0.143649635036496,-0.206705539358601,-0.266379310344827,-0.159488139825219,-0.19672690078418,-0.116133774347666,-0.418723070896984,-0.463795024136651,-0.482173174872666,-0.543035343035343,-0.275606469002696,-0.266620498614959,-0.207998393442623,-0.317328043676069,-0.35516943255814,-0.395070689329556,-0.357366326753187,-0.217530836921262,-0.970446094900631,-0.967339088028047,-0.965925694997527,-0.964622901908476,0.0509855341229635,0.114008548772422,0.101643409522014,0.122323939620042,0.0825593744185726,0,0,0,0,,,,,,,,,,,,,,,,,,-0.596663942825013,-0.111871760877425,-0.254586906959071,-0.152490533061462,-0.123045196769204,-0.24808935920047,-0.093041438623925,-0.266379310344827,-0.418723070896984,-0.275606469002696,-0.35516943255814,-0.970446094900631,0.0509855341229635,0.0825593744185726,0,,,,,,,,
,,,,,,,,,,,,,,,,,,,,,,,,,,,,,,,,,,,,,,,,,,,,,,,,,,,,,,,,,,,,,,,,,,,,,,,,,,,,,,,,,,,,,,,,,,,,,,,,,,,,,,,,,,,,,,,,,,,,,,,,,,,,,,,,,,,,,,,,,,,,,,,,,,,,,,,,,,,,
,,,,,,,,,Foreign Exchange (Headwind) Tailwind (Q/Q),,,,,,,,,,,,,,,,,,,,,,,,,,,,,,,,,,,,,,,,,,,,,,,,,,,,,,,,,,,,,,,,,,,,,,,,,,,,,,,,,,,,,,,,,,,,,,,,,,,,,,,,,,,,,,,,,,,,,,,,,,,,,,,,,,,,,,,,,,,,,,,,,,,
,,,,,,,,,United Kingdom (£),,,,,,,,,,,,,,,,,,,,,,,,,,,,,,,,,,,,,,,,,,,,,,,,,,,,,,,,-0.0131859808271717,-0.012585870179734,0.00789652606459113,-0.0212611293946057,-0.0742044972309832,0.0444174209005228,-0.100172195157443,-0.0460410333946171,-0.0040020035229732,0.0374082559204678,-0.00185940600793255,0.0505216912505107,0.0178778962821387,-0.0342564239231916,-0.0232217442100074,-0.0183493064124516,0.0424792728645875,-0.0524015802731106,-0.0425261061985167,0.072050049718263,-0.0143381642512078,-0.0202321204516938,0.0702337121818473,-0.00362711737650978,0.0451099602191698,0.020683711577133,-0.0320855614973262,-0.0332218668217504,0.00917362207684791,-0.0608747485284257,-0.0777927642018407,0.0373381511592894,-0.00294422558573515,0.0309432706704376,0.0223898660642246,-0.033776585250365,0.0331603708090007,0.006522076486982,0.0322415959786364,-0.0328704584363705,-0.00936233822430277,0.0710002779652941,0.00185384301657354,-0.0192813737463455,0.031283172172315,0,0,0,0,0,0,0,,,,,,,,,,,,,,,,,,,,,,,,,,,,,,,,,,,,,,,,
,,,,,,,,,Europe ex-UK (€),,,,,,,,,,,,,,,,,,,,,,,,,,,,,,,,,,,,,,,,,,,,,,,,,,,,,,,,-0.100268736256164,-0.0225560598325787,0.0220275499662608,-0.0574299127433948,0.0287840878587737,0.024573194896359,0.000448955840818499,-0.0475421046166931,0.00169645614496838,0.058253572937002,0.057270461860629,0.0029014214820422,0.0228958874893646,-0.0429222529031703,-0.00325486359839344,-0.0268586185525241,0.00569635731475904,-0.0213842175759085,-0.0157485614476035,0.0101203501094094,0.00496434696272208,8.98149811388027e-05,0.0719802424786711,-0.000544548234407083,0.00997485331098069,0.0147730102083159,-0.0341866361331479,-0.0398848336014905,-0.0103192802963484,-0.0433116478032263,-0.062971588262692,0.0345958842827319,0.0164312481983282,0.00784647381357528,0.0180564674983585,0.00529783019302532,-0.00820273118870862,0.00318809776833162,0.019620486366986,-0.045803595627428,-0.0153379094868396,0.0915864335013044,0.0310504294208325,-0.00850064075181556,0.0164146309939253,0,0,0,0,0,0,0,,,,,,,,,,,,,,,,,,,,,,,,,,,,,,,,,,,,,,,,
,,,,,,,,,Turkey,,,,,,,,,,,,,,,,,,,,,,,,,,,,,,,,,,,,,,,,,,,,,,,,,,,,,,,,-0.115303517922539,-0.0578273958855996,-0.0864066036479829,0.000582920431360989,-0.0177687154092631,0.00548635824436539,-0.00280194661554345,-0.139455782312925,-0.0575700292146416,0.0339168490153172,0.0215167548500883,-0.118957182320442,0.0317460317460316,-0.160303893637227,-0.308075096132097,0.254331480876103,-0.0231952045869168,-0.0861792956243329,0.00145985401459847,0.0145772594752185,-0.0793103448275861,-0.08458177278402,-0.0722809410160246,-0.0617420066152149,0.0548374461417938,-0.125139249907167,0.0207979626485568,-0.382952182952183,-0.0269541778975742,-0.155124653739612,-0.0991803278688525,-0.021838034576888,-0.0148837209302326,-0.0875902171860246,-0.223531464106568,-0.0760588165796317,-0.0758414043676098,-0.0307210447676528,-0.0545738408510639,-0.965102688590609,0.0213155398105958,0.0112242665308304,-0.0184265249701697,0.036731994698052,0.0825593744185726,0,0,0,0,0,0,0,,,,,,,,,,,,,,,,,,,,,,,,,,,,,,,,,,,,,,,,
,,,,,,,,,,,,,,,,,,,,,,,,,,,,,,,,,,,,,,,,,,,,,,,,,,,,,,,,,,,,,,,,,,,,,,,,,,,,,,,,,,,,,,,,,,,,,,,,,,,,,,,,,,,,,,,,,,,,,,,,,,,,,,,,,,,,,,,,,,,,,,,,,,,,,,,,,,,,
,,,,,,,,,APAC Currency,,,,,,,,,,,,,,,,,,,,,,,,,,,,,,,,,,,,,,,,,,,,,,,,,,,,,,,,,,,,,,,,,,,,,,,,,,,,,,,,,,,,,,,,,,,,,,,,,,,,,,,,,,,,,,,,,,,,,,,,,,,,,,,,,,,,,,,,,,,,,,,,,,,
,,,,,,,,,Chinese yuan,,,,,,,,,,,,,,,,,,,,,,,,,,,,,,,,,,,,,,,,,,,,0.158891592588228,0.157010532030973,0.157520024890684,0.160598714577524,0.160738130067752,0.163012481083217,0.163412062160053,0.164117382134753,0.162733940617344,0.160069170370454,0.162781612189087,0.162733940617344,0.15949980860023,0.161329361684086,0.15683076638224,0.156296402936753,0.152739399458007,0.151860309289944,0.149738705958103,0.145201120395077,0.145585852246404,0.146606086685951,0.151586351164941,0.151269917766799,0.157927989827163,0.156225611717396,0.146421472392656,0.14401336444022,0.149561801867943,0.144864553742787,0.139432,0.1420595,0.1436585,0.140296,0.1460185,0.152001,0.154655,0.156987,0.154782,0.1571,0.1585,0.14988,0.1451295,0.1409955,0.1442295,0.14075784,0.13717045,0.14023475,0.13901922,0.13804528,0.14107955,0.13825427,0.1373023,0.13897091,0.14019838,0.1412579,0.14414622,0.14414622,0.14414622,0.14414622,0.14414622,0.14414622,0.14414622,0.14414622,,,,,,,,,,,,,,,,,0.15850404579373,0.162665936449546,0.162426605898713,0.156296402936753,0.145201120395077,0.151269917766799,0.14401336444022,0.1420595,0.152001,0.1571,0.1409955,0.14023475,0.13825427,0.1412579,0.14414622,0.14414622,,,,,,,,
,,,,,,,,,Yen,,,,,,,,,,,,,,,,,,,,,,,,,,,,,,,,,,,,,,,,,,,,0.0123548325705213,0.0127526630939996,0.0127713940390387,0.0121256234965288,0.010838934036361,0.00990344144590245,0.0101921224250023,0.00976896400136766,0.0097976789102708,0.00982849280062902,0.00962602878182606,0.0084256645742933,0.00836505081768372,0.00805834304833741,0.00825184635062095,0.00811161583387411,0.008859357696567,0.00901672602677968,0.00966790738144729,0.00877616393874238,0.00893774858113241,0.00904281774200841,0.00908595311648192,0.0089361511996783,0.0093716329479999,0.0092042900459561,0.0090183523470262,0.00880669386232443,0.00898311174991017,0.00921022334791619,0.0094148660735301,0.00917473278590761,0.00923233162535198,0.00929454410261177,0.00944242481469241,0.00958910677470394,0.00936680404645935,0.00912783533385058,0.0091,0.0088,0.0087,0.00777030964683943,0.00719605656100457,0.00724401463290956,0.00734106592277199,0.0071574277,0.0068688393,0.006764298,0.006681366,0.0063635493,0.0068678963,0.006658455,0.00663592,0.006930247,0.0068108295,0.0064082025,0.006383047,0.006383047,0.006383047,0.006383047,0.006383047,0.006383047,0.006383047,0.006383047,,,,,,,,,,,,,,,,,0.0125356078997049,0.0102588434711142,0.00960279530732202,0.00811161583387411,0.00877616393874238,0.0089361511996783,0.00880669386232443,0.00917473278590761,0.00958910677470394,0.0088,0.00724401463290956,0.006764298,0.006658455,0.0064082025,0.006383047,0.006383047,,,,,,,,
,,,,,,,,,Indian rupee,,,,,,,,,,,,,,,,,,,,,,,,,,,,,,,,,,,,,,,,,,,,0.0204040012654562,0.0178070649387688,0.0179775280898876,0.0183840460307098,0.0183806638798027,0.0177038195601217,0.0151354639919517,0.0160025627144033,0.0161342378918514,0.0169233381413101,0.0164798964297837,0.0161147387447131,0.0161799225509175,0.0156577241541784,0.0150432513785523,0.0150026256845342,0.0146145440317797,0.014862155955766,0.0149320622524843,0.0146094289692851,0.0149882903981265,0.0154990724580087,0.0156430285904505,0.0155086858256009,0.0153500798303927,0.0148186569083638,0.0140991542763299,0.0143482330215601,0.0140595096301736,0.014349005905893,0.0138948714029652,0.0139598124917986,0.0137208089788974,0.0132441560161579,0.0136506658112249,0.0135135135135135,0.01362305020094,0.013789584726656,0.0137078312840126,0.0133,0.0132,0.0128869300755174,0.0125768761555005,0.0122889374984639,0.012099945550245,0.012087235,0.012079301,0.011991306,0.012060362,0.011980172,0.0119230375,0.011834845,0.011428081,0.011685656,0.011334893,0.011179742,0.01105843,0.01105843,0.01105843,0.01105843,0.01105843,0.01105843,0.01105843,0.01105843,,,,,,,,,,,,,,,,,0.0187528012912005,0.0171474219162868,0.0164465497950312,0.0150026256845342,0.0146094289692851,0.0155086858256009,0.0143482330215601,0.0139598124917986,0.0135135135135135,0.0133,0.0122889374984639,0.011991306,0.011834845,0.011179742,0.01105843,0.01105843,,,,,,,,
,,,,,,,,,Korean won,,,,,,,,,,,,,,,,,,,,,,,,,,,,,,,,,,,,,,,,,,,,0.000893874803358717,0.000847278119042576,0.000881348463148617,0.000923489026503119,0.000923510262507792,0.00088519075860848,0.000900860402762074,0.000944911740046465,0.000936768149882904,0.000980199960792002,0.000986241925144238,0.000902567805406381,0.000911120305327348,0.000902323482968644,0.000845487212005918,0.000863520647944445,0.000808603541683513,0.000839067027946554,0.000896860986547085,0.000855395479696803,0.000884368781782003,0.000893176214110058,0.000886839383366387,0.000918906501263497,0.000923446301597562,0.000927686812931954,0.000898351524951714,0.000892100450510728,0.000889125989152663,0.000839701066420354,0.000823309539687636,0.000843326755384641,0.000840540972169688,0.000817628060995053,0.000841697704269512,0.000901047016633328,0.000898044956130504,0.000902457843937965,0.000862883497784547,0.000845422880524839,0.0008,0.000804841929045136,0.000745292545956602,0.000768226165783207,0.000755609455696729,0.0007534376,0.0007565727,0.00077510363,0.00075097627,0.0007222563,0.0007485871,0.0007168202,0.0006835737,0.0007247953,0.0007192951,0.0006799714,0.0006894174,0.0006894174,0.0006894174,0.0006894174,0.0006894174,0.0006894174,0.0006894174,0.0006894174,,,,,,,,,,,,,,,,,0.000888204467151501,0.000913994124803959,0.000953667087132726,0.000863520647944445,0.000855395479696803,0.000918906501263497,0.000892100450510728,0.000843326755384641,0.000901047016633328,0.000845422880524839,0.000768226165783207,0.00077510363,0.0007168202,0.0006799714,0.0006894174,0.0006894174,,,,,,,,
,,,,,,,,,Australian dollar,,,,,,,,,,,,,,,,,,,,,,,,,,,,,,,,,,,,,,,,,,,,1.0804492,0.96994997,1.0334492,1.0432492,1.0237494,0.95874995,0.89064998,0.91384995,0.89484996,0.93069995,0.9353,0.85349995,0.78274996,0.76544995,0.70894999,0.72459996,0.71424997,0.72445,0.75154996,0.73885,0.73885,0.74444998,0.79314995,0.75914997,0.77924997,0.75664998,0.72319997,0.73024995,0.71144999,0.69285,0.67155,0.6819,0.654,0.6798,0.7376,0.7346,0.7772,0.7735,0.7316,0.7126,0.7263,0.71755,0.684,0.6787,0.6729,0.64715,0.64765,0.66305,0.65115,0.66504997,0.6785,0.65145,0.62185,0.64355,0.6545,0.6558,0.69985,0.69985,0.69985,0.69985,0.69985,0.69985,0.69985,0.69985,,,,,,,,,,,,,,,,,1.03576724877049,0.967489969726028,0.908871074767123,0.72459996,0.73885,0.75914997,0.73024995,0.6819,0.7346,0.7126,0.6787,0.66305,0.65145,0.6558,0.69985,0.69985,,,,,,,,
,,,,,,,,,Russian Ruble,,,,,,,,,,,,,,,,,,,,,,,,,,,,,,,,,,,,,,,,,,,,0.0342289954710589,0.0298714815352723,0.0309370083529304,0.0323480725061342,0.0326769129702053,0.03131238111276,0.0300273302754701,0.0302296181334178,0.0278274451294263,0.028689675939782,0.0269601832602281,0.0202132542795654,0.0161775021419013,0.0190123477023017,0.0149880127372928,0.0151406217036028,0.0133256689415849,0.0151340309889564,0.0153039754417718,0.0154858698638422,0.0171126658044051,0.0176172658507253,0.017219114105163,0.0171192590757281,0.0177627825157237,0.0160442822189242,0.0148469843807497,0.0149359620626564,0.0151753724465103,0.0153512592238809,0.0149765,0.0155705,0.015115,0.0144825,0.013526,0.013076,0.013445,0.013623,0.013623,0.0135155,0.0095,0.015962,0.016539,0.0162645,0.0133245,0.012311481,0.010408536,0.01115449,0.0109771,0.011065007,0.0110314395,0.009433962,0.011173184,0.012718601,0.012437811,0.012924071,0.013114754,0.013114754,0.013114754,0.013114754,0.013114754,0.013114754,0.013114754,0.013114754,,,,,,,,,,,,,,,,,0.0322327053524143,0.0314143807222466,0.0274084151072366,0.0151406217036028,0.0154858698638422,0.0171192590757281,0.0149359620626564,0.0155705,0.013076,0.0135155,0.0162645,0.01115449,0.009433962,0.012924071,0.013114754,0.013114754,,,,,,,,
,,,,,,,,,,,,,,,,,,,,,,,,,,,,,,,,,,,,,,,,,,,,,,,,,,,,,,,,,,,,,,,,,,,,,,,,,,,,,,,,,,,,,,,,,,,,,,,,,,,,,,,,,,,,,,,,,,,,,,,,,,,,,,,,,,,,,,,,,,,,,,,,,,,,,,,,,,,,
,,,,,,,,,APAC Basket Weights,,,,,,,,,,,,,,,,,,,,,,,,,,,,,,,,,,,,,,,,,,,,,,,,,,,,,,,,,,,,,,,,,,,,,,,,,,,,,,,,,,,,,,,,,,,,,,,,,,,,,,,,,,,,,,,,,,,,,,,,,,,,,,,,,,,,,,,,,,,,,,,,,,,
,,,,,,,,,Chinese yuan,,,,,,,,,,,,,,,,,,,,,,,,,,,,,,,,,,,,,,,,,,,,,,,,,,,,,,,,0,0,0,0,0,0,0,0,0,0,0,0,0,0,0,0,0,0,0,0,0,0,0,0,0,0,0,0,0,0,0,0,0,0,0,0,0,0,0,0,0,0,0,0,0,0,0,0,0,0,0,0,,,,,,,,,,,,,,,,,,,,0,0,0,0,0,0,0,0,0,0,0,0,0,,,,,,,,
,,,,,,,,,Yen,,,,,,,,,,,,,,,,,,,,,,,,,,,,,,,,,,,,,,,,,,,,,,,,,,,,,,,,0.439024390243902,0.439024390243902,0.439024390243902,0.439024390243902,0.439024390243902,0.439024390243902,0.439024390243902,0.439024390243902,0.439024390243902,0.439024390243902,0.439024390243902,0.439024390243902,0.439024390243902,0.439024390243902,0.439024390243902,0.439024390243902,0.439024390243902,0.439024390243902,0.439024390243902,0.439024390243902,0.439024390243902,0.439024390243902,0.439024390243902,0.439024390243902,0.439024390243902,0.439024390243902,0.439024390243902,0.439024390243902,0.439024390243902,0.439024390243902,0.439024390243902,0.439024390243902,0.439024390243902,0.439024390243902,0.439024390243902,0.439024390243902,0.439024390243902,0.439024390243902,0.439024390243902,0.439024390243902,0.439024390243902,0.439024390243902,0.439024390243902,0.439024390243902,0.439024390243902,0.439024390243902,0.439024390243902,0.439024390243902,0.439024390243902,0.439024390243902,0.439024390243902,0.439024390243902,,,,,,,,,,,,,,,,,,,,0.439024390243902,0.439024390243902,0.439024390243902,0.439024390243902,0.439024390243902,0.439024390243902,0.439024390243902,0.439024390243902,0.439024390243902,0.439024390243902,0.439024390243902,0.439024390243902,0.439024390243902,,,,,,,,
,,,,,,,,,Indian rupee,,,,,,,,,,,,,,,,,,,,,,,,,,,,,,,,,,,,,,,,,,,,,,,,,,,,,,,,0.317073170731707,0.317073170731707,0.317073170731707,0.317073170731707,0.317073170731707,0.317073170731707,0.317073170731707,0.317073170731707,0.317073170731707,0.317073170731707,0.317073170731707,0.317073170731707,0.317073170731707,0.317073170731707,0.317073170731707,0.317073170731707,0.317073170731707,0.317073170731707,0.317073170731707,0.317073170731707,0.317073170731707,0.317073170731707,0.317073170731707,0.317073170731707,0.317073170731707,0.317073170731707,0.317073170731707,0.317073170731707,0.317073170731707,0.317073170731707,0.317073170731707,0.317073170731707,0.317073170731707,0.317073170731707,0.317073170731707,0.317073170731707,0.317073170731707,0.317073170731707,0.317073170731707,0.317073170731707,0.317073170731707,0.317073170731707,0.317073170731707,0.317073170731707,0.317073170731707,0.317073170731707,0.317073170731707,0.317073170731707,0.317073170731707,0.317073170731707,0.317073170731707,0.317073170731707,,,,,,,,,,,,,,,,,,,,0.317073170731707,0.317073170731707,0.317073170731707,0.317073170731707,0.317073170731707,0.317073170731707,0.317073170731707,0.317073170731707,0.317073170731707,0.317073170731707,0.317073170731707,0.317073170731707,0.317073170731707,,,,,,,,
,,,,,,,,,Korean won,,,,,,,,,,,,,,,,,,,,,,,,,,,,,,,,,,,,,,,,,,,,,,,,,,,,,,,,0.146341463414634,0.146341463414634,0.146341463414634,0.146341463414634,0.146341463414634,0.146341463414634,0.146341463414634,0.146341463414634,0.146341463414634,0.146341463414634,0.146341463414634,0.146341463414634,0.146341463414634,0.146341463414634,0.146341463414634,0.146341463414634,0.146341463414634,0.146341463414634,0.146341463414634,0.146341463414634,0.146341463414634,0.146341463414634,0.146341463414634,0.146341463414634,0.146341463414634,0.146341463414634,0.146341463414634,0.146341463414634,0.146341463414634,0.146341463414634,0.146341463414634,0.146341463414634,0.146341463414634,0.146341463414634,0.146341463414634,0.146341463414634,0.146341463414634,0.146341463414634,0.146341463414634,0.146341463414634,0.146341463414634,0.146341463414634,0.146341463414634,0.146341463414634,0.146341463414634,0.146341463414634,0.146341463414634,0.146341463414634,0.146341463414634,0.146341463414634,0.146341463414634,0.146341463414634,,,,,,,,,,,,,,,,,,,,0.146341463414634,0.146341463414634,0.146341463414634,0.146341463414634,0.146341463414634,0.146341463414634,0.146341463414634,0.146341463414634,0.146341463414634,0.146341463414634,0.146341463414634,0.146341463414634,0.146341463414634,,,,,,,,
,,,,,,,,,Australian dollar,,,,,,,,,,,,,,,,,,,,,,,,,,,,,,,,,,,,,,,,,,,,,,,,,,,,,,,,0.0609756097560976,0.0609756097560976,0.0609756097560976,0.0609756097560976,0.0609756097560976,0.0609756097560976,0.0609756097560976,0.0609756097560976,0.0609756097560976,0.0609756097560976,0.0609756097560976,0.0609756097560976,0.0609756097560976,0.0609756097560976,0.0609756097560976,0.0609756097560976,0.0609756097560976,0.0609756097560976,0.0609756097560976,0.0609756097560976,0.0609756097560976,0.0609756097560976,0.0609756097560976,0.0609756097560976,0.0609756097560976,0.0609756097560976,0.0609756097560976,0.0609756097560976,0.0609756097560976,0.0609756097560976,0.0609756097560976,0.0609756097560976,0.0609756097560976,0.0609756097560976,0.0609756097560976,0.0609756097560976,0.0609756097560976,0.0609756097560976,0.0609756097560976,0.0609756097560976,0.0609756097560976,0.0609756097560976,0.0609756097560976,0.0609756097560976,0.0609756097560976,0.0609756097560976,0.0609756097560976,0.0609756097560976,0.0609756097560976,0.0609756097560976,0.0609756097560976,0.0609756097560976,,,,,,,,,,,,,,,,,,,,0.0609756097560976,0.0609756097560976,0.0609756097560976,0.0609756097560976,0.0609756097560976,0.0609756097560976,0.0609756097560976,0.0609756097560976,0.0609756097560976,0.0609756097560976,0.0609756097560976,0.0609756097560976,0.0609756097560976,,,,,,,,
,,,,,,,,,Russian Ruble,,,,,,,,,,,,,,,,,,,,,,,,,,,,,,,,,,,,,,,,,,,,,,,,,,,,,,,,0.0365853658536585,0.0365853658536585,0.0365853658536585,0.0365853658536585,0.0365853658536585,0.0365853658536585,0.0365853658536585,0.0365853658536585,0.0365853658536585,0.0365853658536585,0.0365853658536585,0.0365853658536585,0.0365853658536585,0.0365853658536585,0.0365853658536585,0.0365853658536585,0.0365853658536585,0.0365853658536585,0.0365853658536585,0.0365853658536585,0.0365853658536585,0.0365853658536585,0.0365853658536585,0.0365853658536585,0.0365853658536585,0.0365853658536585,0.0365853658536585,0.0365853658536585,0.0365853658536585,0.0365853658536585,0.0365853658536585,0.0365853658536585,0.0365853658536585,0.0365853658536585,0.0365853658536585,0.0365853658536585,0.0365853658536585,0.0365853658536585,0.0365853658536585,0.0365853658536585,0.0365853658536585,0.0365853658536585,0.0365853658536585,0.0365853658536585,0.0365853658536585,0.0365853658536585,0.0365853658536585,0.0365853658536585,0.0365853658536585,0.0365853658536585,0.0365853658536585,0.0365853658536585,,,,,,,,,,,,,,,,,,,,0.0365853658536585,0.0365853658536585,0.0365853658536585,0.0365853658536585,0.0365853658536585,0.0365853658536585,0.0365853658536585,0.0365853658536585,0.0365853658536585,0.0365853658536585,0.0365853658536585,0.0365853658536585,0.0365853658536585,,,,,,,,
,,,,,,,,,,,,,,,,,,,,,,,,,,,,,,,,,,,,,,,,,,,,,,,,,,,,,,,,,,,,,,,,,,,,,,,,,,,,,,,,,,,,,,,,,,,,,,,,,,,,,,,,,,,,,,,,,,,,,,,,,,,,,,,,,,,,,,,,,,,,,,,,,,,,,,,,,,,,
,,,,,,,,,Foreign Exchange (Headwind) Tailwind (Y/Y),,,,,,,,,,,,,,,,,,,,,,,,,,,,,,,,,,,,,,,,,,,,,,,,,,,,,,,,,,,,,,,,,,,,,,,,,,,,,,,,,,,,,,,,,,,,,,,,,,,,,,,,,,,,,,,,,,,,,,,,,,,,,,,,,,,,,,,,,,,,,,,,,,,
,,,,,,,,,Chinese yuan,,,,,,,,,,,,,,,,,,,,,,,,,,,,,,,,,,,,,,,,,,,,,,,,,,,,,,,,-0.0198737399515119,0.00787279218550263,-0.0365572359606237,-0.039558666472213,-0.0423850611580775,-0.0586939184243777,-0.0452211041732178,-0.0709887261203689,-0.0468349832262532,-0.034599051118493,0.0123391289848265,0.0417958026440075,0.0847756659752263,0.0656147725438674,-0.0340721887728879,-0.0479708948990467,-0.0529747004845443,-0.0727221218705217,-0.0477352964591999,-0.0135672438999999,-0.0394706522268,-0.0315367260296,0.0472380802111423,0.0699812402549636,0.0765461145703177,0.118969892227861,0.0600163677890131,0.0335458319353161,0.0248617891435778,-0.0452712644996081,-0.0623619025468078,-0.102511139401655,-0.0900347003154574,-0.060863090472378,-0.0548410212947746,-0.00539556226971782,-0.036124925899348,-0.0192711112929838,0.0284981204042125,-0.0141226051317521,-0.0123502347373263,0.0067052636642122,-0.00624590877983366,0.02172540493686,0.0498456325931904,0.0372402397019636,0.0281589559023434,0.0204471395936086,0,0,0,0,,,,,,,,,,,,,,,,,,,,-0.0377413720371821,-0.0709887261203689,0.0417958026440075,-0.0479708948990467,-0.0135672438999999,0.0699812402549636,0.0335458319353161,-0.102511139401655,-0.00539556226971782,-0.0141226051317521,0.02172540493686,0.0204471395936086,0,,,,,,,,
,,,,,,,,,Yen,,,,,,,,,,,,,,,,,,,,,,,,,,,,,,,,,,,,,,,,,,,,,,,,,,,,,,,,-0.14622117194362,-0.18010388654691,-0.142756941865743,-0.0372728747566516,0.0590919158361019,0.118930526125963,0.171605356020689,0.0819254903681601,0.00884837109532111,0.00289370167744285,-0.0601944393966927,0.0182297484473437,0.0485451523869691,0.017856414732055,-0.00744014068629662,-0.014486923336585,-0.041457150556953,0.000644623532120692,0.0439674245633854,0.0417908160924811,0.0277431565341828,0.00915512594107248,0.00292715169255464,0.0451646929088556,0.0145653802922441,-0.0179361964310164,-0.0362644999999998,-0.0822919999999999,-0.071188,-0.148723726640506,-0.209224553735762,-0.17681651898755,-0.156199319221611,-0.0788748421485001,-0.0454717466754999,-0.0662224825900001,-0.08986432348,-0.110916719424214,-0.000137286659188662,-0.0156472999858966,-0.0068019024852104,0.0890537140963141,-0.00830921107530414,-0.037584169300536,-0.0381066980915984,-0.0789582247212833,-0.0628091629661262,-0.00392551577450928,0,0,0,0,,,,,,,,,,,,,,,,,,,,-0.155285979313847,0.0819254903681601,0.0182297484473437,-0.014486923336585,0.0417908160924811,0.0451646929088556,-0.0822919999999999,-0.17681651898755,-0.0662224825900001,-0.0156472999858966,-0.037584169300536,-0.00392551577450928,0,,,,,,,,
,,,,,,,,,Indian rupee,,,,,,,,,,,,,,,,,,,,,,,,,,,,,,,,,,,,,,,,,,,,,,,,,,,,,,,,0.00283153498617805,-0.0747851267027737,-0.0871756116522076,-0.0690121681646114,-0.0967482084176615,-0.050809951087307,-0.00739129615466849,-0.0262085266617329,0.0255735906323185,0.0428549198473214,0.0476134057000694,0.0615531830988327,0.0241381386840109,-0.0439004044589397,-0.0986940799343093,-0.0748259921627368,-0.0840757972908899,-0.031693223304582,-0.0144890161041558,-0.0270709661027835,-0.0240905024560248,-0.0769983577246539,-0.0175752322319521,-0.0319702702702701,-0.00712485525509154,0.0411825947861579,0.00418774245726605,-0.0158000000000001,-0.0310539999999999,-0.0654591613185908,-0.0825043075800834,-0.0760197369576028,-0.0833374583147709,-0.06205473847,-0.0395626981889999,-0.024219465556,-0.00327138251000003,-0.00885752614224833,-0.0129364687575879,-0.0130478698483718,-0.0524263699547327,-0.0245836203353341,-0.0493284114891025,-0.0553537456553086,-0.0323458505413113,-0.0536748642951668,-0.024390437563019,-0.0108510554179158,0,0,0,0,,,,,,,,,,,,,,,,,,,,-0.0877949556893242,-0.0262085266617329,0.0615531830988327,-0.0748259921627368,-0.0270709661027835,-0.0319702702702701,-0.0158000000000001,-0.0760197369576028,-0.024219465556,-0.0130478698483718,-0.0553537456553086,-0.0108510554179158,0,,,,,,,,
,,,,,,,,,Korean won,,,,,,,,,,,,,,,,,,,,,,,,,,,,,,,,,,,,,,,,,,,,,,,,,,,,,,,,-0.0273790740630563,-0.079449582675389,-0.142718241386599,-0.0432622981099518,-0.112517263685615,-0.0701039662782318,0.0607623318385651,-0.0094093502766649,0.0936988724298034,0.0644873226587461,-0.0111740875464781,0.0742475534114404,0.0441869055314432,0.0386380629899346,0.0129810897003997,-0.0291716847317008,-0.0371654663465812,-0.094844235452179,-0.0835329858967074,-0.0546728735515862,-0.0546435686007515,-0.0262867421609909,0.0223344485827914,0.0684435313834675,0.0684130647580219,0.103751066028328,0.0251703116303752,-0.0617327787359232,-0.109176,-0.108166731054021,-0.136276742028165,-0.0913113620649926,-0.0554881803790893,-0.063868850752,0.0151352030884999,0.00895239517100022,-0.00613172011255003,-0.0413853781653584,-0.010554967156494,-0.0751943711062223,-0.0897532621103994,0.00351537259003476,-0.0391297151660776,-0.0514059174113676,0.00854874902296565,-0.0488108849491711,-0.0415374718943589,0.0138917607417017,0,0,0,0,,,,,,,,,,,,,,,,,,,,-0.0945261091680461,-0.0094093502766649,0.0742475534114404,-0.0291716847317008,-0.0546728735515862,0.0684435313834675,-0.0617327787359232,-0.0913113620649926,0.00895239517100022,-0.0751943711062223,-0.0514059174113676,0.0138917607417017,0,,,,,,,,
,,,,,,,,,Australian dollar,,,,,,,,,,,,,,,,,,,,,,,,,,,,,,,,,,,,,,,,,,,,,,,,,,,,,,,,-0.125272397620714,-0.177554538388017,-0.242007922591682,-0.151025187523444,-0.0875119687007074,-0.0535632016175585,0.0600888223441543,0.0196660789216714,0.0344417655348308,0.0276071226447649,0.055352261611457,0.0274750896663734,0.0546795289977666,0.0163879378437219,-0.0881926299056061,-0.0380689206903346,-0.0870067149312819,-0.0843190136607155,-0.0714186561705749,-0.0662101380493078,-0.0807505668810256,-0.0188352457241827,0.0983545529000076,0.0772840592462238,0.188379204892966,0.137834657252133,-0.00813449023861168,-0.0299482711679826,-0.0654915079773547,-0.072333548804137,-0.0650628758884636,-0.0475722705585182,-0.0735233374638578,-0.0981116298515783,-0.0531432748538013,-0.0230587888610578,-0.0323227819884084,0.0276596924978754,0.0476337527985795,-0.0174949098861323,-0.0449973124472087,-0.0323283527100979,-0.0353721444362565,0.00667741192723925,0.125432178178017,0.0874834900163157,0.0692895339954163,0.067169868862458,0,0,0,0,,,,,,,,,,,,,,,,,,,,-0.202747254129898,0.0196660789216714,0.0274750896663734,-0.0380689206903346,-0.0662101380493078,0.0772840592462238,-0.0299482711679826,-0.0475722705585182,-0.0230587888610578,-0.0174949098861323,0.00667741192723925,0.067169868862458,0,,,,,,,,
,,,,,,,,,Russian Ruble,,,,,,,,,,,,,,,,,,,,,,,,,,,,,,,,,,,,,,,,,,,,,,,,,,,,,,,,-0.418649392114179,-0.337310475649584,-0.444068588383697,-0.250955759315351,-0.176283901884326,-0.203989363863557,0.02108102721936,0.0228027730299394,0.284188124395185,0.164082845051725,0.1251399461975,0.105476103457366,0.0379903820216767,-0.0892864786811601,-0.137761426628913,-0.127534550614241,-0.145664682147803,-0.0431943907235657,0.00872336199250001,0.04248390125,-0.00397831728499998,-0.0565920496299999,-0.0968517343838681,-0.160206801323015,-0.110486271915316,-0.0593474883480063,0.0071713736507466,0.0336111960844294,-0.29341762737077,0.171694927695809,0.214049768773398,0.203396100773186,0.402578947368421,-0.228700601428392,-0.370667150371849,-0.314181807002982,-0.176171713760366,-0.101244846172447,0.0598454480053681,-0.154245330804008,0.0178630057118911,0.149443556610493,0.127487577663822,0.369951564358644,0.173770520560657,0.0311475295120902,0.0544262169605245,0.0147540972190572,0,0,0,0,,,,,,,,,,,,,,,,,,,,-0.447592221426725,0.0228027730299394,0.105476103457366,-0.127534550614241,0.04248390125,-0.160206801323015,0.0336111960844294,0.203396100773186,-0.314181807002982,-0.154245330804008,0.369951564358644,0.0147540972190572,0,,,,,,,,
,,,,,,,,,,,,,,,,,,,,,,,,,,,,,,,,,,,,,,,,,,,,,,,,,,,,,,,,,,,,,,,,,,,,,,,,,,,,,,,,,,,,,,,,,,,,,,,,,,,,,,,,,,,,,,,,,,,,,,,,,,,,,,,,,,,,,,,,,,,,,,,,,,,,,,,,,,,,
,,,,,,,,,Foreign Exchange Tailwind Q/Q,,,,,,,,,,,,,,,,,,,,,,,,,,,,,,,,,,,,,,,,,,,,,,,,,,,,,,,,,,,,,,,,,,,,,,,,,,,,,,,,,,,,,,,,,,,,,,,,,,,,,,,,,,,,,,,,,,,,,,,,,,,,,,,,,,,,,,,,,,,,,,,,,,,
,,,,,,,,,Chinese yuan,,,,,,,,,,,,,,,,,,,,,,,,,,,,,,,,,,,,,,,,,,,,,,,,,,,,,,,,-0.0198737399515119,0.0114705660145469,-0.0278845416289156,-0.00340726158402116,-0.0227580636016634,-0.00575549053605795,-0.0139707560307265,-0.0303033576655561,0.00264964795229927,0.00700778560419724,0.0339703800269824,-0.00208747948420662,0.0440145149720315,-0.0107794578505722,-0.0627562869939341,-0.0164464126270918,0.0385272398106238,-0.0314067366566237,-0.0375009179432001,0.0188443112054622,0.0112558470218465,-0.0234062029048054,0.040788760905514,0.0409708358872334,0.0174604114446615,0.0150787236106171,-0.0140457490110645,0.0149759015906241,0.00891152132399764,-0.0543848580441639,-0.0316953562850282,-0.0284849048608312,0.0229369022415611,-0.024070387819413,-0.0254862535543313,0.0223393595340686,-0.00866782306097447,-0.00700579387512035,0.0219802516971244,-0.020026148368066,-0.00688564628058164,0.0121528189986622,0.00883256790935616,0.00755729131820204,0.0204471395936086,0,0,0,0,0,0,0,,,,,,,,,,,,,,,,,,,,,,,,,,,,,,,,,,,,,,,,
,,,,,,,,,Yen,,,,,,,,,,,,,,,,,,,,,,,,,,,,,,,,,,,,,,,,,,,,,,,,,,,,,,,,-0.00719394370320814,-0.0366653802865045,0.0240127903618432,-0.0169938351719662,0.0921816168327796,0.0177629502727561,0.0722192681394112,-0.0922374829961823,0.0184117620771327,0.0117556630646112,0.00477012538615274,-0.0164871989634064,0.048732585045929,-0.017856322689155,-0.0202011994408621,-0.023469751076156,0.0200322493711822,0.0252820630900299,0.022219083933531,-0.0255057571448232,0.0062779855052395,0.00673854447439326,0.0159104858127568,0.0155343529750205,-0.0231828400149869,-0.0255122997581124,-0.00304949999999982,-0.032967032967033,-0.0113636363636365,-0.106860960133399,-0.073903500881517,0.00666449346227682,0.0133974453090588,-0.025015198706,-0.0403201278582247,-0.0152196456248438,-0.0122602522833855,-0.0475676231477216,0.0792556129014352,-0.0304956992434495,-0.00338441875780493,0.0443536088439884,-0.0172313483199084,-0.0591157068313045,-0.00392551577450928,0,0,0,0,0,0,0,,,,,,,,,,,,,,,,,,,,,,,,,,,,,,,,,,,,,,,,
,,,,,,,,,Indian rupee,,,,,,,,,,,,,,,,,,,,,,,,,,,,,,,,,,,,,,,,,,,,,,,,,,,,,,,,0.00404498063772918,-0.0322744682550759,-0.0392440669905468,-0.00270059264422162,-0.0258675821762657,0.0169428429274174,0.00470364440571913,-0.0216067464589848,0.0259326651053864,0.0340787405577712,0.00928804822558016,-0.00858802782804136,-0.0102269139366,-0.03462020575142,-0.0485538356467227,0.0176662188630969,-0.0201225747416187,0.0205907804279388,-0.0316491961816894,0.00467374522225406,-0.0171208254438682,-0.0347394212303819,0.0306935220765392,-0.0100472972972973,0.00810571486955913,0.0122244668601805,-0.0059286370303353,-0.0297517000000002,-0.00751879699248115,-0.0237174185214084,-0.0240595640854724,-0.0228942905596382,-0.0153790307943614,-0.00105046342500004,-0.000656394948886141,-0.00728477583264131,0.00575883894548257,-0.00664905414945249,-0.00476908845716073,-0.00739681477979082,-0.0343700318846593,0.0225387796953838,-0.0300165433587982,-0.013687910419622,-0.0108510554179158,0,0,0,0,0,0,0,,,,,,,,,,,,,,,,,,,,,,,,,,,,,,,,,,,,,,,,
,,,,,,,,,Korean won,,,,,,,,,,,,,,,,,,,,,,,,,,,,,,,,,,,,,,,,,,,,,,,,,,,,,,,,0.00947574228743497,-0.00965495150011286,-0.062988797294441,0.0213290463562927,-0.0635967494137625,0.037674193461503,0.0688788340807174,-0.0462340401380643,0.0338712359053726,0.00995900410494843,-0.00709471506693105,0.0361588789340683,0.00494043771354691,0.00459204972401328,-0.0316219736783003,-0.00695838351398359,-0.00333422245932247,-0.0555882105970275,-0.0195206691859938,0.0243131103577392,-0.003303326020627,-0.0272597195535751,0.0294383772068263,0.0705114342866411,-0.00333174678724413,0.0049138829602422,-0.0438517393574107,-0.0202351966453614,-0.0537280000000004,0.00605241130641931,-0.0739889174998417,0.0307712990704463,-0.0164231715195683,-0.00287430984399995,0.00416106124780602,0.0244932575547598,-0.0311279151150409,-0.0382435120087084,0.0364563105922371,-0.0424358100747395,-0.0463805288969257,0.0603030807065865,-0.00758862536774163,-0.0546697732265936,0.0138917607417017,0,0,0,0,0,0,0,,,,,,,,,,,,,,,,,,,,,,,,,,,,,,,,,,,,,,,,
,,,,,,,,,Australian dollar,,,,,,,,,,,,,,,,,,,,,,,,,,,,,,,,,,,,,,,,,,,,,,,,,,,,,,,,-0.0828939591619191,-0.0221015789001126,-0.0738127424268563,0.0220748574945322,-0.0142837297424085,0.0142807566376237,0.0374076333770446,-0.0168983576288128,0,0.00757931921228927,0.0654173837173051,-0.0428670265944038,0.0264769818801416,-0.0290022340328097,-0.0442080365878025,0.00974831345747984,-0.0257445549979155,-0.0261437771613434,-0.0307425849751029,0.0154121063211972,-0.0409150901891772,0.0394495412844036,0.0850250073551047,-0.0040672451193059,0.0579907432616389,-0.00476067936181168,-0.0541693600517129,-0.025970475669765,0.0192253718776312,-0.0120473633484784,-0.0467563236011427,-0.00774853801169606,-0.00854574922646223,-0.0382672016644375,0.000772618403770187,0.0237782753030187,-0.0179473644521529,0.0213468018121785,0.0202240893267012,-0.0398673544583641,-0.0454371018497198,0.0348958752110637,0.0170149949498875,0.00198624904507261,0.067169868862458,0,0,0,0,0,0,0,,,,,,,,,,,,,,,,,,,,,,,,,,,,,,,,,,,,,,,,
,,,,,,,,,Russian Ruble,,,,,,,,,,,,,,,,,,,,,,,,,,,,,,,,,,,,,,,,,,,,,,,,,,,,,,,,-0.199658703237312,0.175233823833525,-0.211669543815552,0.0101820680956728,-0.119873067140037,0.135705160866501,0.0112292919804,0.0118854360922387,0.10505034298146,0.029486933952183,-0.0226000872630265,-0.00579908053486644,0.0375906128383778,-0.0967472464000643,-0.0746245810088214,0.00599298009783067,0.0160291237249783,0.011590277470326,-0.0244122790459999,0.0396621373485127,-0.0292540380848398,-0.0418458484948726,-0.0660452269981012,-0.033269259204495,0.0282196390333436,0.0132391223503161,0,-0.0078910665785803,-0.297103325811106,0.68021052631579,0.0361483523368,-0.0165971340467985,-0.180761781794706,-0.0760267927501969,-0.154566700789288,0.0716675236555842,-0.0159030130467641,0.00800821710652167,-0.00303366278936834,-0.144811336725366,0.184357537162011,0.138314825926074,-0.0220771136699705,0.0390953038279807,0.0147540972190572,0,0,0,0,0,0,0,,,,,,,,,,,,,,,,,,,,,,,,,,,,,,,,,,,,,,,,
,,,,,,,,,,,,,,,,,,,,,,,,,,,,,,,,,,,,,,,,,,,,,,,,,,,,,,,,,,,,,,,,,,,,,,,,,,,,,,,,,,,,,,,,,,,,,,,,,,,,,,,,,,,,,,,,,,,,,,,,,,,,,,,,,,,,,,,,,,,,,,,,,,,,,,,,,,,,
,,,,,,,,,Other Americas Currency,,,,,,,,,,,,,,,,,,,,,,,,,,,,,,,,,,,,,,,,,,,,,,,,,,,,,,,,,,,,,,,,,,,,,,,,,,,,,,,,,,,,,,,,,,,,,,,,,,,,,,,,,,,,,,,,,,,,,,,,,,,,,,,,,,,,,,,,,,,,,,,,,,,
,,,,,,,,,Canadian dollar,,,,,,,,,,,,,,,,,,,,,,,,,,,,,,,,,,,,,,,,,,,,1.01528001498959,0.965437343116432,1.01332525753636,1.00669454895136,0.972715807945045,0.967539626069155,0.947957781373066,0.944554910141185,0.903383251581666,0.920937684014861,0.921871993833045,0.877001196141931,0.800865190682798,0.801122147814887,0.751597313400371,0.750948184725444,0.738225306363502,0.764467665234717,0.762166134077675,0.74371571377595,0.755030618001621,0.740357126066901,0.797607242082332,0.776216960713176,0.780427380763964,0.770891566161036,0.76690092422298,0.752389004376421,0.759301730942191,0.739700119653891,0.75035,0.75155,0.7506,0.73675,0.7665,0.7691,0.7907,0.8289,0.79265,0.7826,0.7889,0.79075,0.7616,0.74575,0.7328,0.7356728,0.7391256,0.7375447,0.73727286,0.73359495,0.7419774,0.7142092,0.6941793,0.72729915,0.7283587,0.7173344,0.7313951,0.7313951,0.7313951,0.7313951,0.7313951,0.7313951,0.7313951,0.7313951,,,,,,,,,,,,,,,,,1.00057466422512,0.970770348736522,0.910196904783429,0.750948184725444,0.74371571377595,0.776216960713176,0.752389004376421,0.75155,0.7691,0.7826,0.74575,0.7375447,0.7142092,0.7173344,0.7313951,0.7313951,,,,,,,,
,,,,,,,,,Mexican peso,,,,,,,,,,,,,,,,,,,,,,,,,,,,,,,,,,,,,,,,,,,,0.0781830264649545,0.0698016933890816,0.0754375377187689,0.077388299662974,0.0782598147590185,0.0779383741275773,0.0748951467944877,0.0763140322426786,0.0755044642014459,0.077709134708785,0.0764789109403082,0.0719437399953237,0.066880684858213,0.0648371776376574,0.0595947592130369,0.0602192413965372,0.0552883561450326,0.054338559000101,0.0529976982039716,0.0488460391894703,0.0500181640962916,0.0534765106298736,0.0561080987608021,0.0537461380712489,0.0530026252200272,0.049969041680227,0.0522998902905201,0.0491503163633838,0.0518953559209254,0.0509905006736865,0.049633,0.051079,0.051533,0.0453865,0.0456875,0.0495465,0.0484095,0.0501175,0.0498195,0.0466,0.0489,0.0508725,0.049652,0.0518995,0.054626,0.056311857,0.059411526,0.05756555,0.058594324,0.05863899,0.050904833,0.049360774,0.048710395,0.051530454,0.053635117,0.054574728,0.0578955,0.0578955,0.0578955,0.0578955,0.0578955,0.0578955,0.0578955,0.0578955,,,,,,,,,,,,,,,,,0.0760812702080056,0.0783879820769876,0.0758609372964325,0.0602192413965372,0.0488460391894703,0.0537461380712489,0.0491503163633838,0.051079,0.0495465,0.0466,0.0518995,0.05756555,0.049360774,0.054574728,0.0578955,0.0578955,,,,,,,,
,,,,,,,,,Brazilian real,,,,,,,,,,,,,,,,,,,,,,,,,,,,,,,,,,,,,,,,,,,,0.582445138473128,0.494156769159557,0.492841501828023,0.474383324211733,0.505791438417743,0.468922336285496,0.420663106398488,0.428586900558539,0.428082283408023,0.445821597265544,0.446917427267988,0.388191238065691,0.349729919321155,0.313224399942705,0.274555623486718,0.255176901386887,0.251300505244692,0.277623596428794,0.309233718844703,0.295639346250349,0.321440134089395,0.308375497001079,0.317818584765919,0.305950798094073,0.307810715371187,0.268524887531036,0.242712608538955,0.258077849596255,0.266648897184158,0.255467045875137,0.23883,0.236775,0.22349,0.18639,0.182055,0.187535,0.17724,0.19163,0.19414,0.1778,0.1938,0.21131,0.1929,0.192845,0.19095,0.19524005,0.20198143,0.20274723,0.20126192,0.19026418,0.1765755,0.16748595,0.17040129,0.17445765,0.18422653,0.18715376,0.19047256,0.19047256,0.19047256,0.19047256,0.19047256,0.19047256,0.19047256,0.19047256,,,,,,,,,,,,,,,,,0.513946688236834,0.46504845216641,0.43202876354283,0.255176901386887,0.295639346250349,0.305950798094073,0.258077849596255,0.236775,0.187535,0.1778,0.192845,0.20274723,0.16748595,0.18715376,0.19047256,0.19047256,,,,,,,,
,,,,,,,,,Argentinean Peso,,,,,,,,,,,,,,,,,,,,,,,,,,,,,,,,,,,,,,,,,,,,0.229555241998399,0.223651124285256,0.215691579676815,0.206878725911714,0.198196416573113,0.189304328174652,0.176405736298227,0.162965991474662,0.127024460274656,0.123800690099711,0.118941429838223,0.117260789367505,0.114596766581181,0.111255751004467,0.107672769060333,0.103266316695054,0.0642260757867694,0.0714094438989556,0.067125356603457,0.0630556781638187,0.0646203554119548,0.0619722827725854,0.0576037330905682,0.0575539568345324,0.0497079829976827,0.0400641154051652,0.026281217224037,0.0265002528521626,0.0256246035553522,0.0223088365279178,0.01715,0.0167,0.0161,0.0146,0.0135,0.0123,0.0111,0.01057,0.0102305,0.0099075,0.0093,0.0083195,0.0072085,0.0059775,0.005072,0.0041751126,0.002857166,0.0027733585,0.001187169,0.0011170115,0.0010517963,0.0009908277,0.0009417325,0.0008357801,0.0007567102,0.00068942335,0.00069037225,0.00069037225,0.00069037225,0.00069037225,0.00069037225,0.00069037225,0.00069037225,0.00069037225,,,,,,,,,,,,,,,,,0.220133923260586,0.183537531726213,0.123710311039515,0.103266316695054,0.0630556781638187,0.0575539568345324,0.0265002528521626,0.0167,0.0123,0.0099075,0.0059775,0.0027733585,0.0009908277,0.00068942335,0.00069037225,0.00069037225,,,,,,,,
,,,,,,,,,,,,,,,,,,,,,,,,,,,,,,,,,,,,,,,,,,,,,,,,,,,,,,,,,,,,,,,,,,,,,,,,,,,,,,,,,,,,,,,,,,,,,,,,,,,,,,,,,,,,,,,,,,,,,,,,,,,,,,,,,,,,,,,,,,,,,,,,,,,,,,,,,,,,
,,,,,,,,,Other Americas Basket Weights,,,,,,,,,,,,,,,,,,,,,,,,,,,,,,,,,,,,,,,,,,,,,,,,,,,,,,,,,,,,,,,,,,,,,,,,,,,,,,,,,,,,,,,,,,,,,,,,,,,,,,,,,,,,,,,,,,,,,,,,,,,,,,,,,,,,,,,,,,,,,,,,,,,
,,,,,,,,,Canadian dollar,,,,,,,,,,,,,,,,,,,,,,,,,,,,,,,,,,,,,,,,,,,,,,,,,,,,,,,,0.277777777777778,0.277777777777778,0.277777777777778,0.277777777777778,0.277777777777778,0.277777777777778,0.277777777777778,0.277777777777778,0.277777777777778,0.277777777777778,0.277777777777778,0.277777777777778,0.277777777777778,0.277777777777778,0.277777777777778,0.277777777777778,0.277777777777778,0.277777777777778,0.277777777777778,0.277777777777778,0.277777777777778,0.277777777777778,0.277777777777778,0.277777777777778,0.277777777777778,0.277777777777778,0.277777777777778,0.277777777777778,0.277777777777778,0.277777777777778,0.277777777777778,0.277777777777778,0.277777777777778,0.277777777777778,0.277777777777778,0.277777777777778,0.277777777777778,0.277777777777778,0.277777777777778,0.277777777777778,0.277777777777778,0.277777777777778,0.277777777777778,0.277777777777778,0.277777777777778,0.277777777777778,0.277777777777778,0.277777777777778,0.277777777777778,0.277777777777778,0.277777777777778,0.277777777777778,,,,,,,,,,,,,,,,,,,,0.277777777777778,0.277777777777778,0.277777777777778,0.277777777777778,0.277777777777778,0.277777777777778,0.277777777777778,0.277777777777778,0.277777777777778,0.277777777777778,0.277777777777778,0.277777777777778,0.277777777777778,,,,,,,,
,,,,,,,,,Mexican peso,,,,,,,,,,,,,,,,,,,,,,,,,,,,,,,,,,,,,,,,,,,,,,,,,,,,,,,,0.277777777777778,0.277777777777778,0.277777777777778,0.277777777777778,0.277777777777778,0.277777777777778,0.277777777777778,0.277777777777778,0.277777777777778,0.277777777777778,0.277777777777778,0.277777777777778,0.277777777777778,0.277777777777778,0.277777777777778,0.277777777777778,0.277777777777778,0.277777777777778,0.277777777777778,0.277777777777778,0.277777777777778,0.277777777777778,0.277777777777778,0.277777777777778,0.277777777777778,0.277777777777778,0.277777777777778,0.277777777777778,0.277777777777778,0.277777777777778,0.277777777777778,0.277777777777778,0.277777777777778,0.277777777777778,0.277777777777778,0.277777777777778,0.277777777777778,0.277777777777778,0.277777777777778,0.277777777777778,0.277777777777778,0.277777777777778,0.277777777777778,0.277777777777778,0.277777777777778,0.277777777777778,0.277777777777778,0.277777777777778,0.277777777777778,0.277777777777778,0.277777777777778,0.277777777777778,,,,,,,,,,,,,,,,,,,,0.277777777777778,0.277777777777778,0.277777777777778,0.277777777777778,0.277777777777778,0.277777777777778,0.277777777777778,0.277777777777778,0.277777777777778,0.277777777777778,0.277777777777778,0.277777777777778,0.277777777777778,,,,,,,,
,,,,,,,,,Brazilian real,,,,,,,,,,,,,,,,,,,,,,,,,,,,,,,,,,,,,,,,,,,,,,,,,,,,,,,,0.333333333333333,0.333333333333333,0.333333333333333,0.333333333333333,0.333333333333333,0.333333333333333,0.333333333333333,0.333333333333333,0.333333333333333,0.333333333333333,0.333333333333333,0.333333333333333,0.333333333333333,0.333333333333333,0.333333333333333,0.333333333333333,0.333333333333333,0.333333333333333,0.333333333333333,0.333333333333333,0.333333333333333,0.333333333333333,0.333333333333333,0.333333333333333,0.333333333333333,0.333333333333333,0.333333333333333,0.333333333333333,0.333333333333333,0.333333333333333,0.333333333333333,0.333333333333333,0.333333333333333,0.333333333333333,0.333333333333333,0.333333333333333,0.333333333333333,0.333333333333333,0.333333333333333,0.333333333333333,0.333333333333333,0.333333333333333,0.333333333333333,0.333333333333333,0.333333333333333,0.333333333333333,0.333333333333333,0.333333333333333,0.333333333333333,0.333333333333333,0.333333333333333,0.333333333333333,,,,,,,,,,,,,,,,,,,,0.333333333333333,0.333333333333333,0.333333333333333,0.333333333333333,0.333333333333333,0.333333333333333,0.333333333333333,0.333333333333333,0.333333333333333,0.333333333333333,0.333333333333333,0.333333333333333,0.333333333333333,,,,,,,,
,,,,,,,,,Argentinean Peso,,,,,,,,,,,,,,,,,,,,,,,,,,,,,,,,,,,,,,,,,,,,,,,,,,,,,,,,0.111111111111111,0.111111111111111,0.111111111111111,0.111111111111111,0.111111111111111,0.111111111111111,0.111111111111111,0.111111111111111,0.111111111111111,0.111111111111111,0.111111111111111,0.111111111111111,0.111111111111111,0.111111111111111,0.111111111111111,0.111111111111111,0.111111111111111,0.111111111111111,0.111111111111111,0.111111111111111,0.111111111111111,0.111111111111111,0.111111111111111,0.111111111111111,0.111111111111111,0.111111111111111,0.111111111111111,0.111111111111111,0.111111111111111,0.111111111111111,0.111111111111111,0.111111111111111,0.111111111111111,0.111111111111111,0.111111111111111,0.111111111111111,0.111111111111111,0.111111111111111,0.111111111111111,0.111111111111111,0.111111111111111,0.111111111111111,0.111111111111111,0.111111111111111,0.111111111111111,0.111111111111111,0.111111111111111,0.111111111111111,0.111111111111111,0.111111111111111,0.111111111111111,0.111111111111111,,,,,,,,,,,,,,,,,,,,0.111111111111111,0.111111111111111,0.111111111111111,0.111111111111111,0.111111111111111,0.111111111111111,0.111111111111111,0.111111111111111,0.111111111111111,0.111111111111111,0.111111111111111,0.111111111111111,0.111111111111111,,,,,,,,
,,,,,,,,,,,,,,,,,,,,,,,,,,,,,,,,,,,,,,,,,,,,,,,,,,,,,,,,,,,,,,,,,,,,,,,,,,,,,,,,,,,,,,,,,,,,,,,,,,,,,,,,,,,,,,,,,,,,,,,,,,,,,,,,,,,,,,,,,,,,,,,,,,,,,,,,,,,,
,,,,,,,,,Foreign Exchange (Headwind) Tailwind (Y/Y),,,,,,,,,,,,,,,,,,,,,,,,,,,,,,,,,,,,,,,,,,,,,,,,,,,,,,,,,,,,,,,,,,,,,,,,,,,,,,,,,,,,,,,,,,,,,,,,,,,,,,,,,,,,,,,,,,,,,,,,,,,,,,,,,,,,,,,,,,,,,,,,,,,
,,,,,,,,,Canadian dollar,,,,,,,,,,,,,,,,,,,,,,,,,,,,,,,,,,,,,,,,,,,,,,,,,,,,,,,,-0.113482357260195,-0.130101676019634,-0.184705340407067,-0.143731858030542,-0.0782152664993355,-0.0457539248916633,0.0140618127405061,-0.00963111849339837,0.0227644751449962,-0.0315389914633122,0.0465005022134,0.0437011701315437,0.0336367322818789,0.0412428529679287,-0.0384980429455314,-0.0306975466174584,-0.0270693344986084,-0.0404615225750561,-0.0215815677100001,-0.00111512046499984,-0.0114601752999999,-0.00398826439999989,0.0215232891317385,0.0233517397378751,0.0534239275246469,0.125076348829318,0.034116112198304,0.0175529840072812,-0.00227646389275316,-0.0460248522137773,-0.03917239639185,-0.0470866342959365,-0.071111674483458,-0.0696518495099588,-0.0295094537815126,-0.0110027489104928,0.0061037936681223,-0.00282442140038353,0.0038583428851604,-0.0316394382604879,-0.0584499475540168,-0.00858212014681936,-0.0183546021752145,0.00437574873020408,0.0536112211931412,0.00563172664233136,0.00416882505831251,0.0196013184367012,0,0,0,0,,,,,,,,,,,,,,,,,,,,-0.174960735661782,-0.00963111849339837,0.0437011701315437,-0.0306975466174584,-0.00111512046499984,0.0233517397378751,0.0175529840072812,-0.0470866342959365,-0.0110027489104928,-0.0316394382604879,0.00437574873020408,0.0196013184367012,0,,,,,,,,
,,,,,,,,,Mexican peso,,,,,,,,,,,,,,,,,,,,,,,,,,,,,,,,,,,,,,,,,,,,,,,,,,,,,,,,-0.114215489566613,-0.165642779569805,-0.220768725909936,-0.162967599398482,-0.173328498919472,-0.161922819901693,-0.110698677135055,-0.188863259372126,-0.0953219161538513,-0.015864395119969,0.0586893518442928,0.100317220456124,0.0596675463335701,-0.0655889643571326,-0.0678727056234254,-0.085509803546677,-0.0208908387934599,0.0204418367675776,-0.0509922731330001,0.0392405131710001,-0.00698243444900004,-0.109902836796,-0.0794934821590474,-0.0300025450772333,-0.0606116469058662,0.104238044352396,0.0904404924760602,-0.0594693873432028,0.0101323087410528,0.0150645981942434,-0.00336213731570978,0.113723175965665,0.117096114519427,0.106921362229102,0.19655856763071,0.109173498781298,0.0726453337238677,0.0413258081686065,-0.143182536668053,-0.142529273150348,-0.168684069125877,-0.121225416740636,0.0536350644741337,0.105629502487137,0.188565602886201,0.12352008387118,0.0794327156963226,0.0608481640073406,0,0,0,0,,,,,,,,,,,,,,,,,,,,-0.206189067224073,-0.188863259372126,0.100317220456124,-0.085509803546677,0.0392405131710001,-0.0300025450772333,-0.0594693873432028,0.113723175965665,0.109173498781298,-0.142529273150348,0.105629502487137,0.0608481640073406,0,,,,,,,,
,,,,,,,,,Brazilian real,,,,,,,,,,,,,,,,,,,,,,,,,,,,,,,,,,,,,,,,,,,,,,,,,,,,,,,,-0.183031083330742,-0.297422103675836,-0.385668119578419,-0.342651568700001,-0.281444076238944,-0.113659100377948,0.126306265075144,0.158566252053178,0.279106597005875,0.110768324335039,0.0277617394160294,0.0348784827679638,-0.0424011107288103,-0.129227548419334,-0.236317131303954,-0.156472703441349,-0.133724448602745,-0.0486280499955141,-0.015996731947,-0.082544277355,-0.161856649849,-0.270395133112,-0.237721391784952,-0.20796114454651,-0.206944382298984,0.0281130961961478,0.0663810386970971,-0.0519103100754526,0.093432633716994,0.102697907425768,-0.00638714329865053,0.0846175478065241,-0.0147058823529411,-0.0760491694666604,0.0470784344219803,0.0513481293266613,0.0540032469232783,-0.0254859082447479,-0.125783494056855,-0.173917443902933,-0.15333566329885,-0.0830767514936338,0.0433300769359284,0.11742961125993,0.117788251485655,0.0917982673731994,0.0339040745108754,0.0177330126843298,0,0,0,0,,,,,,,,,,,,,,,,,,,,-0.409352054955043,0.158566252053178,0.0348784827679638,-0.156472703441349,-0.082544277355,-0.20796114454651,-0.0519103100754526,0.0846175478065241,0.0513481293266613,-0.173917443902933,0.11742961125993,0.0177330126843298,0,,,,,,,,
,,,,,,,,,Argentinean Peso,,,,,,,,,,,,,,,,,,,,,,,,,,,,,,,,,,,,,,,,,,,,,,,,,,,,,,,,-0.0978370123880367,-0.101331738014869,-0.0947412587289103,-0.119344861551211,-0.439547225433526,-0.358150538248683,-0.376580010068804,-0.389387748281733,0.00613893376413577,-0.132155645123407,-0.141848386283261,-0.0872517985611511,-0.230768963110861,-0.353515578049865,-0.543758436927759,-0.539558106693675,-0.484497217347426,-0.443171618733863,-0.3474427058,-0.3698173337,-0.3716975966,-0.3455508098,-0.212827988338192,-0.263473053892216,-0.31055900621118,-0.276027397260274,-0.242185185185185,-0.194512195121951,-0.162162162162162,-0.212913907284768,-0.295391232100093,-0.39666919000757,-0.454623655913978,-0.498153422681652,-0.603639314697926,-0.536033709744877,-0.765936711356467,-0.732459550911274,-0.631874276818358,-0.642733638655082,-0.206740994753064,-0.25177126645518,-0.280554419139904,-0.304194513334659,-0.266912578678128,-0.173978597958961,-0.0876662558532977,0.00137636765566462,0,0,0,0,,,,,,,,,,,,,,,,,,,,-0.165256995740076,-0.389387748281733,-0.0872517985611511,-0.539558106693675,-0.3698173337,-0.263473053892216,-0.194512195121951,-0.39666919000757,-0.536033709744877,-0.642733638655082,-0.304194513334659,0.00137636765566462,0,,,,,,,,
,,,,,,,,,,,,,,,,,,,,,,,,,,,,,,,,,,,,,,,,,,,,,,,,,,,,,,,,,,,,,,,,,,,,,,,,,,,,,,,,,,,,,,,,,,,,,,,,,,,,,,,,,,,,,,,,,,,,,,,,,,,,,,,,,,,,,,,,,,,,,,,,,,,,,,,,,,,,
,,,,,,,,,Foreign Exchange (Headwind) Tailwind (Q/Q),,,,,,,,,,,,,,,,,,,,,,,,,,,,,,,,,,,,,,,,,,,,,,,,,,,,,,,,,,,,,,,,,,,,,,,,,,,,,,,,,,,,,,,,,,,,,,,,,,,,,,,,,,,,,,,,,,,,,,,,,,,,,,,,,,,,,,,,,,,,,,,,,,,
,,,,,,,,,Canadian dollar,,,,,,,,,,,,,,,,,,,,,,,,,,,,,,,,,,,,,,,,,,,,,,,,,,,,,,,,-0.0868140269295726,0.000320849420199831,-0.0618193299855686,-0.000863665507252698,-0.0169424184261037,0.0355478993269476,-0.00301063244622046,-0.0242078721118356,0.0152140179588562,-0.0194343005235436,0.0773277030769852,-0.026818063127552,0.0054242824672619,-0.0122187084128089,-0.00517665792859756,-0.0189228091767684,0.00918770280474668,-0.025815312265885,0.0143975647200001,0.0015992536816154,-0.00126405428780518,-0.0184519051425527,0.0403800475059382,0.00339204174820629,0.0280847744116499,0.0483116226128746,-0.0437326577391725,-0.0126789882041254,0.00805008944543828,0.0023450373938394,-0.0368637369585835,-0.0208114495798319,-0.0173650687227623,0.00392030567685597,0.00469339086615683,-0.0021388786966654,-0.000368574270820488,-0.0049885330106958,0.0114265372192108,-0.0374245900212056,-0.0280448641658494,0.0477108003652658,0.0014568283216061,-0.0151358115170451,0.0196013184367012,0,0,0,0,0,0,0,,,,,,,,,,,,,,,,,,,,,,,,,,,,,,,,,,,,,,,,
,,,,,,,,,Mexican Peso,,,,,,,,,,,,,,,,,,,,,,,,,,,,,,,,,,,,,,,,,,,,,,,,,,,,,,,,-0.0703752006420546,-0.0305545199617461,-0.0808551299675286,0.0104788104146527,-0.0818822213158618,-0.0171789724122049,-0.0246760462699585,-0.078336591119917,0.0239963142615238,0.0691418127007677,0.0492101690991491,-0.0420966088981677,-0.0138337911876775,-0.0572345903095738,0.0466458537509928,-0.0602214251242362,0.0558498858328118,-0.0174361507148665,-0.0266226190320001,0.0291338424032399,0.00888819279938935,-0.119273087148041,0.00663192799621015,0.0844651162790697,-0.0229481396264115,0.0352823309474379,-0.00594602683693324,-0.0646232900771786,0.0493562231759657,0.0403374233128835,-0.0239913509263354,0.04526504471119,0.0525342247998535,0.0308618057335335,0.055044695116341,-0.0310710080060895,0.0178713484019524,0.000762292265714892,-0.131894444293805,-0.0303322672721467,-0.0131760292089425,0.0578943981053737,0.0408430905731978,0.0175185783597713,0.0608481640073406,0,0,0,0,0,0,0,,,,,,,,,,,,,,,,,,,,,,,,,,,,,,,,,,,,,,,,
,,,,,,,,,Brazilian Real,,,,,,,,,,,,,,,,,,,,,,,,,,,,,,,,,,,,,,,,,,,,,,,,,,,,,,,,-0.0990782763057314,-0.104382031280906,-0.123453908645241,-0.0705821350651338,-0.0151910150218397,0.104747466219663,0.113859638815016,-0.0439614820956228,0.0872711571253377,-0.0406440755300405,0.0306220431152058,-0.0373413866926212,0.00607913850429465,-0.127629825338524,-0.0961262072555488,0.0633063158514668,0.033211093479397,-0.0419347367534717,-0.0651240390639999,-0.008604446677553,-0.0561081195227537,-0.166002953152266,-0.0232576854981491,0.0301007937161848,-0.0548964193350574,0.0811893477770254,0.0130981579084695,-0.0841660657257649,0.0899887514060742,0.0903508771929824,-0.0871231839477545,-0.000285121824779688,-0.00982654463429167,0.0224668761455877,0.0345286738043757,0.00379143765840251,-0.00732592006312482,-0.0546439187303789,-0.0719456494648652,-0.0514768470144499,0.0174064749908873,0.0238047493654536,0.0559957101336628,0.0158892967261557,0.0177330126843298,0,0,0,0,0,0,0,,,,,,,,,,,,,,,,,,,,,,,,,,,,,,,,,,,,,,,,
,,,,,,,,,Argentinian Peso,,,,,,,,,,,,,,,,,,,,,,,,,,,,,,,,,,,,,,,,,,,,,,,,,,,,,,,,-0.0227187860553659,-0.0291545361739952,-0.0322049144586688,-0.0409244826127765,-0.378053969171484,0.111845041506739,-0.0599932874643397,-0.0606280345545115,0.0248142164781906,-0.040978924094241,-0.0704919923322519,-0.000864115107913621,-0.136323795415264,-0.194010438785397,-0.344021028337775,0.00833430302175242,-0.0330430544076444,-0.129397788351026,-0.23124632795,-0.0262390670553936,-0.0359281437125748,-0.093167701863354,-0.0753424657534246,-0.0888888888888889,-0.0975609756097561,-0.0477477477477478,-0.0321192052980132,-0.0315722594203607,-0.0613171839515519,-0.105430107526882,-0.133541679187451,-0.170770618020393,-0.151484734420745,-0.176831111987382,-0.31566731876884,-0.0293323874076621,-0.571938139263279,-0.0590964723640864,-0.0583836424244514,-0.0579661670230253,-0.0495496845717979,-0.112507957408287,-0.0946061051226274,-0.0889202365714114,0.00137636765566462,0,0,0,0,0,0,0,,,,,,,,,,,,,,,,,,,,,,,,,,,,,,,,,,,,,,,,
,,,,,,,,,,,,,,,,,,,,,,,,,,,,,,,,,,,,,,,,,,,,,,,,,,,,,,,,,,,,,,,,,,,,,,,,,,,,,,,,,,,,,,,,,,,,,,,,,,,,,,,,,,,,,,,,,,,,,,,,,,,,,,,,,,,,,,,,,,,,,,,,,,,,,,,,,,,,
,,,,,,,,,Other International Currency,,,,,,,,,,,,,,,,,,,,,,,,,,,,,,,,,,,,,,,,,,,,,,,,,,,,,,,,,,,,,,,,Updated 10/26/17,,,,,,,,,,,,,,,,,,,,,,,,,,,,,,,,,,,,,,,,,,,,,,,,,,,,,,,,,,,,,,,,,,,,,,,,,,,,,,,,,,,
,,,,,,,,,Chinese yuan,,,,,,,,,,,,,,,,,,,,,,,,,,,,,,,,,,,,,,,,,,,,0.158891592588228,0.157010532030973,0.157520024890684,0.160598714577524,0.160738130067752,0.163012481083217,0.163412062160053,0.164117382134753,0.162733940617344,0.160069170370454,0.162781612189087,0.162733940617344,0.15949980860023,0.161329361684086,0.15683076638224,0.156296402936753,0.152739399458007,0.151860309289944,0.149738705958103,0.145201120395077,0.145585852246404,0.146606086685951,0.151586351164941,0.150825024194219,,,,,,,,,,,,,,,,,,,,,,,,,,,,,,,,,,,,,,,,,,,,,,,,,,,,,,,,,0.15850404579373,0.162665936449546,0.162426605898713,0.158489084900827,0.149884883775283,0.150825024194219,,,,,,,,,,,,,,,,,,
,,,,,,,,,Yen,,,,,,,,,,,,,,,,,,,,,,,,,,,,,,,,,,,,,,,,,,,,0.0123548325705213,0.0127526630939996,0.0127713940390387,0.0121256234965288,0.010838934036361,0.00990344144590245,0.0101921224250023,0.00976896400136766,0.0097976789102708,0.00982849280062902,0.00962602878182606,0.0084256645742933,0.00836505081768372,0.00805834304833741,0.00825184635062095,0.00811161583387411,0.008859357696567,0.00901672602677968,0.00966790738144729,0.00877616393874238,0.00893774858113241,0.00904281774200841,0.00908595311648192,0.00884329756307902,,,,,,,,,,,,,,,,,,,,,,,,,,,,,,,,,,,,,,,,,,,,,,,,,,,,,,,,,0.0125356078997049,0.0102588434711142,0.00960279530732202,0.00819671401262905,0.00908003876088408,0.00884329756307902,,,,,,,,,,,,,,,,,,
,,,,,,,,,Indian rupee,,,,,,,,,,,,,,,,,,,,,,,,,,,,,,,,,,,,,,,,,,,,0.0204040012654562,0.0178070649387688,0.0179775280898876,0.0183840460307098,0.0183806638798027,0.0177038195601217,0.0151354639919517,0.0160025627144033,0.0161342378918514,0.0169233381413101,0.0164798964297837,0.0161147387447131,0.0161799225509175,0.0156577241541784,0.0150432513785523,0.0150026256845342,0.0146145440317797,0.014862155955766,0.0149320622524843,0.0146094289692851,0.0149882903981265,0.0154990724580087,0.0156430285904505,0.0153286098324325,,,,,,,,,,,,,,,,,,,,,,,,,,,,,,,,,,,,,,,,,,,,,,,,,,,,,,,,,0.0187528012912005,0.0171474219162868,0.0164465497950312,0.0154708809420456,0.0147545478023288,0.0153286098324325,,,,,,,,,,,,,,,,,,
,,,,,,,,,Korean won,,,,,,,,,,,,,,,,,,,,,,,,,,,,,,,,,,,,,,,,,,,,0.000893874803358717,0.000847278119042576,0.000881348463148617,0.000923489026503119,0.000923510262507792,0.00088519075860848,0.000900860402762074,0.000944911740046465,0.000936768149882904,0.000980199960792002,0.000986241925144238,0.000902567805406381,0.000911120305327348,0.000902323482968644,0.000845487212005918,0.000863520647944445,0.000808603541683513,0.000839067027946554,0.000896860986547085,0.000855395479696803,0.000884368781782003,0.000893176214110058,0.000886839383366387,0.000899078444594291,,,,,,,,,,,,,,,,,,,,,,,,,,,,,,,,,,,,,,,,,,,,,,,,,,,,,,,,,0.000888204467151501,0.000913994124803959,0.000953667087132726,0.000880612912061589,0.000849981758968489,0.000899078444594291,,,,,,,,,,,,,,,,,,
,,,,,,,,,Canadian dollar,,,,,,,,,,,,,,,,,,,,,,,,,,,,,,,,,,,,,,,,,,,,1.01528001498959,0.965437343116432,1.01332525753636,1.00669454895136,0.972715807945045,0.967539626069155,0.947957781373066,0.944554910141185,0.903383251581666,0.920937684014861,0.921871993833045,0.877001196141931,0.800865190682798,0.801122147814887,0.751597313400371,0.750948184725444,0.738225306363502,0.764467665234717,0.762166134077675,0.74371571377595,0.755030618001621,0.740357126066901,0.797607242082332,0.782779355165154,,,,,,,,,,,,,,,,,,,,,,,,,,,,,,,,,,,,,,,,,,,,,,,,,,,,,,,,,1.00057466422512,0.970770348736522,0.910196904783429,0.776133209155875,0.752143704862961,0.782779355165154,,,,,,,,,,,,,,,,,,
,,,,,,,,,Australian dollar,,,,,,,,,,,,,,,,,,,,,,,,,,,,,,,,,,,,,,,,,,,,1.0804492,0.96994997,1.0334492,1.0432492,1.0237494,0.95874995,0.89064998,0.91384995,0.89484996,0.93069995,0.9353,0.85349995,0.78274996,0.76544995,0.70894999,0.72459996,0.71424997,0.72445,0.75154996,0.73885,0.73885,0.74444998,0.79314995,0.75825,,,,,,,,,,,,,,,,,,,,,,,,,,,,,,,,,,,,,,,,,,,,,,,,,,,,,,,,,1.03576724877049,0.967489969726028,0.908871074767123,0.745437465,0.7322749825,0.75825,,,,,,,,,,,,,,,,,,
,,,,,,,,,Mexican peso,,,,,,,,,,,,,,,,,,,,,,,,,,,,,,,,,,,,,,,,,,,,0.0781830264649545,0.0698016933890816,0.0754375377187689,0.077388299662974,0.0782598147590185,0.0779383741275773,0.0748951467944877,0.0763140322426786,0.0755044642014459,0.077709134708785,0.0764789109403082,0.0719437399953237,0.066880684858213,0.0648371776376574,0.0595947592130369,0.0602192413965372,0.0552883561450326,0.054338559000101,0.0529976982039716,0.0488460391894703,0.0500181640962916,0.0534765106298736,0.0561080987608021,0.0520609986226222,,,,,,,,,,,,,,,,,,,,,,,,,,,,,,,,,,,,,,,,,,,,,,,,,,,,,,,,,0.0760812702080056,0.0783879820769876,0.0758609372964325,0.0628829657763611,0.0528676631346439,0.0520609986226222,,,,,,,,,,,,,,,,,,
,,,,,,,,,Brazilian real,,,,,,,,,,,,,,,,,,,,,,,,,,,,,,,,,,,,,,,,,,,,0.582445138473128,0.494156769159557,0.492841501828023,0.474383324211733,0.505791438417743,0.468922336285496,0.420663106398488,0.428586900558539,0.428082283408023,0.445821597265544,0.446917427267988,0.388191238065691,0.349729919321155,0.313224399942705,0.274555623486718,0.255176901386887,0.251300505244692,0.277623596428794,0.309233718844703,0.295639346250349,0.321440134089395,0.308375497001079,0.317818584765919,0.301813974421628,,,,,,,,,,,,,,,,,,,,,,,,,,,,,,,,,,,,,,,,,,,,,,,,,,,,,,,,,0.513946688236834,0.46504845216641,0.43202876354283,0.298171711034366,0.283449291692134,0.301813974421628,,,,,,,,,,,,,,,,,,
,,,,,,,,,Argentinean Peso,,,,,,,,,,,,,,,,,,,,,,,,,,,,,,,,,,,,,,,,,,,,0.229555241998399,0.223651124285256,0.215691579676815,0.206878725911714,0.198196416573113,0.189304328174652,0.176405736298227,0.162965991474662,0.127024460274656,0.123800690099711,0.118941429838223,0.117260789367505,0.114596766581181,0.111255751004467,0.107672769060333,0.103266316695054,0.0642260757867694,0.0714094438989556,0.067125356603457,0.0630556781638187,0.0646203554119548,0.0619722827725854,0.0576037330905682,0.0569882204208626,,,,,,,,,,,,,,,,,,,,,,,,,,,,,,,,,,,,,,,,,,,,,,,,,,,,,,,,,0.220133923260586,0.183537531726213,0.123710311039515,0.109197900835259,0.0664541386132502,0.0569882204208626,,,,,,,,,,,,,,,,,,
,,,,,,,,,Russian Ruble,,,,,,,,,,,,,,,,,,,,,,,,,,,,,,,,,,,,,,,,,,,,0.0342289954710589,0.0298714815352723,0.0309370083529304,0.0323480725061342,0.0326769129702053,0.03131238111276,0.0300273302754701,0.0302296181334178,0.0278274451294263,0.028689675939782,0.0269601832602281,0.0202132542795654,0.0161775021419013,0.0190123477023017,0.0149880127372928,0.0151406217036028,0.0133256689415849,0.0151340309889564,0.0153039754417718,0.0154858698638422,0.0171126658044051,0.0176172658507253,0.017219114105163,0.016595610623627,,,,,,,,,,,,,,,,,,,,,,,,,,,,,,,,,,,,,,,,,,,,,,,,,,,,,,,,,0.0322327053524143,0.0314143807222466,0.0274084151072366,0.0163296210712747,0.0148123863090388,0.016595610623627,,,,,,,,,,,,,,,,,,
,,,,,,,,,,,,,,,,,,,,,,,,,,,,,,,,,,,,,,,,,,,,,,,,,,,,,,,,,,,,,,,,,,,,,,,,,,,,,,,,,,,,,,,,,,,,,,,,,,,,,,,,,,,,,,,,,,,,,,,,,,,,,,,,,,,,,,,,,,,,,,,,,,,,,,,,,,,,
,,,,,,,,,ROW Basket Weights,,,,,,,,,,,,,,,,,,,,,,,,,,,,,,,,,,,,,,,,,,,,,,,,,,,,,,,,,,,,,,,,,,,,,,,,,,,,,,,,,,,,,,,,,,,,,,,,,,,,,,,,,,,,,,,,,,,,,,,,,,,,,,,,,,,,,,,,,,,,,,,,,,,
,,,,,,,,,Chinese yuan,,,,,,,,,,,,,,,,,,,,,,,,,,,,,,,,,,,,,,,,,,,,,,,,,,,,0,0,0,0,0,0,0,0,0,0,0,0,0,0,0,0,,,,,,,,,,,,,,,,,,,,,,,,,,,,,,,,,,,,,,,,,,,,,,,,,,,,,,,,,,,,,0,0,,,,,,,,,,,,,,,,,,
,,,,,,,,,Yen,,,,,,,,,,,,,,,,,,,,,,,,,,,,,,,,,,,,,,,,,,,,,,,,,,,,0.36,0.36,0.36,0.36,0.36,0.36,0.36,0.36,0.36,0.36,0.36,0.36,0.36,0.36,0.36,0.36,,,,,,,,,,,,,,,,,,,,,,,,,,,,,,,,,,,,,,,,,,,,,,,,,,,,,,,,,,,,,0.36,0.36,,,,,,,,,,,,,,,,,,
,,,,,,,,,Indian rupee,,,,,,,,,,,,,,,,,,,,,,,,,,,,,,,,,,,,,,,,,,,,,,,,,,,,0.26,0.26,0.26,0.26,0.26,0.26,0.26,0.26,0.26,0.26,0.26,0.26,0.26,0.26,0.26,0.26,,,,,,,,,,,,,,,,,,,,,,,,,,,,,,,,,,,,,,,,,,,,,,,,,,,,,,,,,,,,,0.26,0.26,,,,,,,,,,,,,,,,,,
,,,,,,,,,Korean won,,,,,,,,,,,,,,,,,,,,,,,,,,,,,,,,,,,,,,,,,,,,,,,,,,,,0.12,0.12,0.12,0.12,0.12,0.12,0.12,0.12,0.12,0.12,0.12,0.12,0.12,0.12,0.12,0.12,,,,,,,,,,,,,,,,,,,,,,,,,,,,,,,,,,,,,,,,,,,,,,,,,,,,,,,,,,,,,0.12,0.12,,,,,,,,,,,,,,,,,,
,,,,,,,,,Canadian dollar,,,,,,,,,,,,,,,,,,,,,,,,,,,,,,,,,,,,,,,,,,,,,,,,,,,,0.05,0.05,0.05,0.05,0.05,0.05,0.05,0.05,0.05,0.05,0.05,0.05,0.05,0.05,0.05,0.05,,,,,,,,,,,,,,,,,,,,,,,,,,,,,,,,,,,,,,,,,,,,,,,,,,,,,,,,,,,,,0.05,0.05,,,,,,,,,,,,,,,,,,
,,,,,,,,,Australian dollar,,,,,,,,,,,,,,,,,,,,,,,,,,,,,,,,,,,,,,,,,,,,,,,,,,,,0.05,0.05,0.05,0.05,0.05,0.05,0.05,0.05,0.05,0.05,0.05,0.05,0.05,0.05,0.05,0.05,,,,,,,,,,,,,,,,,,,,,,,,,,,,,,,,,,,,,,,,,,,,,,,,,,,,,,,,,,,,,0.05,0.05,,,,,,,,,,,,,,,,,,
,,,,,,,,,Mexican peso,,,,,,,,,,,,,,,,,,,,,,,,,,,,,,,,,,,,,,,,,,,,,,,,,,,,0.05,0.05,0.05,0.05,0.05,0.05,0.05,0.05,0.05,0.05,0.05,0.05,0.05,0.05,0.05,0.05,,,,,,,,,,,,,,,,,,,,,,,,,,,,,,,,,,,,,,,,,,,,,,,,,,,,,,,,,,,,,0.05,0.05,,,,,,,,,,,,,,,,,,
,,,,,,,,,Brazilian real,,,,,,,,,,,,,,,,,,,,,,,,,,,,,,,,,,,,,,,,,,,,,,,,,,,,0.06,0.06,0.06,0.06,0.06,0.06,0.06,0.06,0.06,0.06,0.06,0.06,0.06,0.06,0.06,0.06,,,,,,,,,,,,,,,,,,,,,,,,,,,,,,,,,,,,,,,,,,,,,,,,,,,,,,,,,,,,,0.06,0.06,,,,,,,,,,,,,,,,,,
,,,,,,,,,Argentinean Peso,,,,,,,,,,,,,,,,,,,,,,,,,,,,,,,,,,,,,,,,,,,,,,,,,,,,0.02,0.02,0.02,0.02,0.02,0.02,0.02,0.02,0.02,0.02,0.02,0.02,0.02,0.02,0.02,0.02,,,,,,,,,,,,,,,,,,,,,,,,,,,,,,,,,,,,,,,,,,,,,,,,,,,,,,,,,,,,,0.02,0.02,,,,,,,,,,,,,,,,,,
,,,,,,,,,Russian Ruble,,,,,,,,,,,,,,,,,,,,,,,,,,,,,,,,,,,,,,,,,,,,,,,,,,,,0.03,0.03,0.03,0.03,0.03,0.03,0.03,0.03,0.03,0.03,0.03,0.03,0.03,0.03,0.03,0.03,,,,,,,,,,,,,,,,,,,,,,,,,,,,,,,,,,,,,,,,,,,,,,,,,,,,,,,,,,,,,0.03,0.03,,,,,,,,,,,,,,,,,,
,,,,,,,,,,,,,,,,,,,,,,,,,,,,,,,,,,,,,,,,,,,,,,,,,,,,,,,,,,,,,,,,,,,,,,,,,,,,,,,,,,,,,,,,,,,,,,,,,,,,,,,,,,,,,,,,,,,,,,,,,,,,,,,,,,,,,,,,,,,,,,,,,,,,,,,,,,,,
,,,,,,,,,,,,,,,,,,,,,,,,,,,,,,,,,,,,,,,,,,,,,,,,,,,,,,,,,,,,,,,,,,,,,,,,,,,,,,,,,,,,,,,,,,,,,,,,,,,,,,,,,,,,,,,,,,,,,,,,,,,,,,,,,,,,,,,,,,,,,,,,,,,,,,,,,,,,
,,,,,,,,,Chinese yuan,,,,,,,,,,,,,,,,,,,,,,,,,,,,,,,,,,,,,,,,,,,,,,,,,,,,0.0124165345755269,-0.0180557383901191,-0.00385803815600982,-0.00842958557719031,-0.0198737399515119,0.00787279218550263,-0.0365572359606237,-0.039558666472213,-0.0423850611580775,-0.0586939184243777,-0.0452211041732178,-0.0709887261203689,-0.0468349832262532,-0.034599051118493,0.0123391289848265,0.0387318209655683,,,,,,,,,,,,,,,,,,,,,,,,,,,,,,,,,,,,,,,,,,,,,,,,,,,,,,,,,,,,,,,,,,,,,,,,,,,,,,,,
,,,,,,,,,Yen,,,,,,,,,,,,,,,,,,,,,,,,,,,,,,,,,,,,,,,,,,,,,,,,,,,,-0.0960661927268104,-0.00756793945648449,-0.0555422727053954,-0.137506845852467,-0.14622117194362,-0.18010388654691,-0.142756941865743,-0.0372728747566516,0.0590919158361019,0.118930526125963,0.171605356020689,0.0819254903681601,0.00884837109532111,0.00289370167744285,-0.0601944393966927,0.00764954082503899,,,,,,,,,,,,,,,,,,,,,,,,,,,,,,,,,,,,,,,,,,,,,,,,,,,,,,,,,,,,,,,,,,,,,,,,,,,,,,,,
,,,,,,,,,Indian rupee,,,,,,,,,,,,,,,,,,,,,,,,,,,,,,,,,,,,,,,,,,,,,,,,,,,,-0.122216803628061,-0.0440854820148323,0.088826641756534,0.00700987912447282,0.00283153498617805,-0.0747851267027737,-0.0871756116522076,-0.0690121681646114,-0.0967482084176615,-0.050809951087307,-0.00739129615466849,-0.0262085266617329,0.0255735906323185,0.0428549198473214,0.0476134057000694,0.0492271713466343,,,,,,,,,,,,,,,,,,,,,,,,,,,,,,,,,,,,,,,,,,,,,,,,,,,,,,,,,,,,,,,,,,,,,,,,,,,,,,,,
,,,,,,,,,Korean won,,,,,,,,,,,,,,,,,,,,,,,,,,,,,,,,,,,,,,,,,,,,,,,,,,,,0.0143559718969555,0.107331895706724,0.0947777503821685,-0.0448125817952074,-0.0273790740630563,-0.079449582675389,-0.142718241386599,-0.0432622981099518,-0.112517263685615,-0.0701039662782318,0.0607623318385651,-0.0094093502766649,0.0936988724298034,0.0644873226587461,-0.0111740875464781,0.0510675657451112,,,,,,,,,,,,,,,,,,,,,,,,,,,,,,,,,,,,,,,,,,,,,,,,,,,,,,,,,,,,,,,,,,,,,,,,,,,,,,,,
,,,,,,,,,Canadian dollar,,,,,,,,,,,,,,,,,,,,,,,,,,,,,,,,,,,,,,,,,,,,,,,,,,,,-0.0712772999030941,-0.0481654092490509,-0.0275178790159163,-0.0715190967448961,-0.113482357260195,-0.130101676019634,-0.184705340407067,-0.143731858030542,-0.0782152664993355,-0.0457539248916633,0.0140618127405061,-0.00963111849339837,0.0227644751449962,-0.0315389914633122,0.0465005022134,0.0525249643991947,,,,,,,,,,,,,,,,,,,,,,,,,,,,,,,,,,,,,,,,,,,,,,,,,,,,,,,,,,,,,,,,,,,,,,,,,,,,,,,,
,,,,,,,,,Australian dollar,,,,,,,,,,,,,,,,,,,,,,,,,,,,,,,,,,,,,,,,,,,,,,,,,,,,-0.125909172694021,-0.0292568463758459,0.0501319497026207,-0.0660392879596918,-0.125272397620714,-0.177554538388017,-0.242007922591682,-0.151025187523444,-0.0875119687007074,-0.0535632016175585,0.0600888223441543,0.0196660789216714,0.0344417655348308,0.0276071226447649,0.055352261611457,0.0262570210462205,,,,,,,,,,,,,,,,,,,,,,,,,,,,,,,,,,,,,,,,,,,,,,,,,,,,,,,,,,,,,,,,,,,,,,,,,,,,,,,,
,,,,,,,,,Mexican peso,,,,,,,,,,,,,,,,,,,,,,,,,,,,,,,,,,,,,,,,,,,,,,,,,,,,-0.0352077316571341,-0.00294129074872762,0.0211464188749952,-0.0572672170362775,-0.114215489566613,-0.165642779569805,-0.220768725909936,-0.162967599398482,-0.173328498919472,-0.161922819901693,-0.110698677135055,-0.188863259372126,-0.0953219161538513,-0.015864395119969,0.0586893518442928,0.0658182216306473,,,,,,,,,,,,,,,,,,,,,,,,,,,,,,,,,,,,,,,,,,,,,,,,,,,,,,,,,,,,,,,,,,,,,,,,,,,,,,,,
,,,,,,,,,Brazilian real,,,,,,,,,,,,,,,,,,,,,,,,,,,,,,,,,,,,,,,,,,,,,,,,,,,,-0.153638731515139,-0.0492634648264815,0.0624117505675181,-0.0942531431553403,-0.183031083330742,-0.297422103675836,-0.385668119578419,-0.342651568700001,-0.281444076238944,-0.113659100377948,0.126306265075144,0.158566252053178,0.279106597005875,0.110768324335039,0.0277617394160294,0.0208856779369637,,,,,,,,,,,,,,,,,,,,,,,,,,,,,,,,,,,,,,,,,,,,,,,,,,,,,,,,,,,,,,,,,,,,,,,,,,,,,,,,
,,,,,,,,,Argentinean Peso,,,,,,,,,,,,,,,,,,,,,,,,,,,,,,,,,,,,,,,,,,,,,,,,,,,,-0.359098098386669,-0.346022928828692,-0.325750781498718,-0.280458528147966,-0.0978370123880367,-0.101331738014869,-0.0947412587289103,-0.119344861551211,-0.439547225433526,-0.358150538248683,-0.376580010068804,-0.389387748281733,0.00613893376413577,-0.132155645123407,-0.141848386283261,-0.0962238123455407,,,,,,,,,,,,,,,,,,,,,,,,,,,,,,,,,,,,,,,,,,,,,,,,,,,,,,,,,,,,,,,,,,,,,,,,,,,,,,,,
,,,,,,,,,Russian Ruble,,,,,,,,,,,,,,,,,,,,,,,,,,,,,,,,,,,,,,,,,,,,,,,,,,,,-0.148406547619743,-0.0837593654578139,-0.102145178645723,-0.331342718576379,-0.418649392114179,-0.337310475649584,-0.444068588383697,-0.250955759315351,-0.176283901884326,-0.203989363863557,0.02108102721936,0.0228027730299394,0.284188124395185,0.164082845051725,0.1251399461975,0.0716615062338839,,,,,,,,,,,,,,,,,,,,,,,,,,,,,,,,,,,,,,,,,,,,,,,,,,,,,,,,,,,,,,,,,,,,,,,,,,,,,,,,
,,,,,,,,,,,,,,,,,,,,,,,,,,,,,,,,,,,,,,,,,,,,,,,,,,,,,,,,,,,,,,,,,,,,,,,,,,,,,,,,,,,,,,,,,,,,,,,,,,,,,,,,,,,,,,,,,,,,,,,,,,,,,,,,,,,,,,,,,,,,,,,,,,,,,,,,,,,,
,,,,,,,,,,,,,,,,,,,,,,,,,,,,,,,,,,,,,,,,,,,,,,,,,,,,,,,,,,,,,,,,,,,,,,,,,,,,,,,,,,,,,,,,,,,,,,,,,,,,,,,,,,,,,,,,,,,,,,,,,,,,,,,,,,,,,,,,,,,,,,,,,,,,,,,,,,,,
,,,,,,,,,,,,,,,,,,,,,,,,,,,,,,,,,,,,,,,,,,,,,,,,,,,,,,,,,,,,,,,,,,,,,,,,,,,,,,,,,,,,,,,,,,,,,,,,,,,,,,,,,,,,,,,,,,,,,,,,,,,,,,,,,,,,,,,,,,,,,,,,,,,,,,,,,,,,
,,,,,,,,,,,,,,,,,,,,,,,,,,,,,,,,,,,,,,,,,,,,,,,,,,,,,,,,,,,,,,,,,,,,,,,,,,,,,,,,,,,,,,,,,,,,,,,,,,,,,,,,,,,,,,,,,,,,,,,,,,,,,,,,,,,,,,,,,,,,,,,,,,,,,,,,,,,,
,,,,,,,,,,,,,,,,,,,,,,,,,,,,,,,,,,,,,,,,,,,,,,,,,,,,,,,,,,,,,,,,,,,,,,,,,,,,,,,,,,,,,,,,,,,,,,,,,,,,,,,,,,,,,,,,,,,,,,,,,,,,,,,,,,,,,,,,,,,,,,,,,,,,,,,,,,,,
,,,,,,,,,,,,,,,,,,,,,,,,,,,,,,,,,,,,,,,,,,,,,,,,,,,,,,,,,,,,,,,,,,,,,,,,,,,,,,,,,,,,,,,,,,,,,,,,,,,,,,,,,,,,,,,,,,,,,,,,,,,,,,,,,,,,,,,,,,,,,,,,,,,,,,,,,,,,
,,,,,,,,,,,,,,,,,,,,,,,,,,,,,,,,,,,,,,,,,,,,,,,,,,,,,,,,,,,,,,,,,,,,,,,,,,,,,,,,,,,,,,,,,,,,,,,,,,,,,,,,,,,,,,,,,,,,,,,,,,,,,,,,,,,,,,,,,,,,,,,,,,,,,,,,,,,,
,,,,,,,,,,,,,,,,,,,,,,,,,,,,,,,,,,,,,,,,,,,,,,,,,,,,,,,,,,,,,,,,,,,,,,,,,,,,,,,,,,,,,,,,,,,,,,,,,,,,,,,,,,,,,,,,,,,,,,,,,,,,,,,,,,,,,,,,,,,,,,,,,,,,,,,,,,,,
,,,,,,,,,,,,,,,,,,,,,,,,,,,,,,,,,,,,,,,,,,,,,,,,,,,,,,,,,,,,,,,,,,,,,,,,,,,,,,,,,,,,,,,,,,,,,,,,,,,,,,,,,,,,,,,,,,,,,,,,,,,,,,,,,,,,,,,,,,,,,,,,,,,,,,,,,,,,
,,,,,,,,,,,,,,,,,,,,,,,,,,,,,,,,,,,,,,,,,,,,,,,,,,,,,,,,,,,,,,,,,,,,,,,,,,,,,,,,,,,,,,,,,,,,,,,,,,,,,,,,,,,,,,,,,,,,,,,,,,,,,,,,,,,,,,,,,,,,,,,,,,,,,,,,,,,,
,,,,,,,,,,,,,,,,,,,,,,,,,,,,,,,,,,,,,,,,,,,,,,,,,,,,,,,,,,,,,,,,,,,,,,,,,,,,,,,,,,,,,,,,,,,,,,,,,,,,,,,,,,,,,,,,,,,,,,,,,,,,,,,,,,,,,,,,,,,,,,,,,,,,,,,,,,,,
,,,,,,,,,,,,,,,,,,,,,,,,,,,,,,,,,,,,,,,,,,,,,,,,,,,,,,,,,,,,,,,,,,,,,,,,,,,,,,,,,,,,,,,,,,,,,,,,,,,,,,,,,,,,,,,,,,,,,,,,,,,,,,,,,,,,,,,,,,,,,,,,,,,,,,,,,,,,
,,,,,,,,,,,,,,,,,,,,,,,,,,,,,,,,,,,,,,,,,,,,,,,,,,,,,,,,,,,,,,,,,,,,,,,,,,,,,,,,,,,,,,,,,,,,,,,,,,,,,,,,,,,,,,,,,,,,,,,,,,,,,,,,,,,,,,,,,,,,,,,,,,,,,,,,,,,,
,,,,,,,,,,,,,,,,,,,,,,,,,,,,,,,,,,,,,,,,,,,,,,,,,,,,,,,,,,,,,,,,,,,,,,,,,,,,,,,,,,,,,,,,,,,,,,,,,,,,,,,,,,,,,,,,,,,,,,,,,,,,,,,,,,,,,,,,,,,,,,,,,,,,,,,,,,,,
,,,,,,,,,,,,,,,,,,,,,,,,,,,,,,,,,,,,,,,,,,,,,,,,,,,,,,,,,,,,,,,,,,,,,,,,,,,,,,,,,,,,,,,,,,,,,,,,,,,,,,,,,,,,,,,,,,,,,,,,,,,,,,,,,,,,,,,,,,,,,,,,,,,,,,,,,,,,
