,,,,,,,,300.784424583054,,,,,,,,,,,,,,,,,,,,,,,,,,,,,,,,,,,,,,,,,,,,,,,,,,,,,,,,,,,,,,,,,,,,,,,,,,,,,,,,,,,,,,,,,,,,,,,,,,,,,,,,,,,,,,,,,,,,,,,,,,,,,,,,,,,,,,,,,,,,,,,,,,,,,,,,,,,,,,,,,,
,,,,,,,,,,,,,,,,,,,,,,,,,,,,,,,,,,,,,,,,,,,,,,,,,,,,,,,,,,,,,,,,,,,,,,,,,,,,,,,,,,,,,,,,,,,,,,,,,,,,,,,,,,,,,,,,,,,,,,,,,,,,,,,,,,,,,,,,,,,,,,,,,,,,,,,,,,,,,,,,,,,,,,,,,,
,,,,,,,,,,300.784424583054,,,,,,,,,,,,,,,,,,,,,,,,,,,,,,,,,,,,,,,,,,,,,20,,,,,,,,,,,,,,,,,,,,,,,,,,,,,,,,,,,,,,,,,,,,,,,,,,,,,,,,,,,,,,,,,,,,,,,,,,,,,,,,,,,,,,,,,,,,,,,,,,,,,,,,,,,,,,,,,,,
,,,,,,,,,,,,,,,,,,,,,,,,,,,,,,,,,,,,,,,,,,,,,,,,,,,,,,,,,,,,,,,,,,,,,,,,,,,,,,,,,,,,,,,,,,,,,,,,,,,,,,,,,,,,,,,,,,,,,,,,,,,,,,,,,,,,,,,,,,,,,,,,,,,,,,,,,,,,,,,,,,,,,,,,,,
,,,,,,,,Period-End Date,,,,2002-03-31 00:00:00,2002-06-30 00:00:00,2002-09-30 00:00:00,2002-12-31 00:00:00,2003-03-31 00:00:00,2003-06-30 00:00:00,2003-09-30 00:00:00,2003-12-31 00:00:00,2004-03-31 00:00:00,2004-06-30 00:00:00,2004-09-30 00:00:00,2004-12-31 00:00:00,2005-03-31 00:00:00,2005-06-30 00:00:00,2005-09-30 00:00:00,2005-12-31 00:00:00,2006-03-31 00:00:00,2006-06-30 00:00:00,2006-09-30 00:00:00,2006-12-31 00:00:00,2007-03-31 00:00:00,2007-06-30 00:00:00,2007-09-30 00:00:00,2007-12-31 00:00:00,2008-03-31 00:00:00,2008-06-30 00:00:00,2008-09-30 00:00:00,2008-12-31 00:00:00,2009-03-31 00:00:00,2009-06-30 00:00:00,2009-09-30 00:00:00,2009-12-31 00:00:00,2010-03-31 00:00:00,2010-06-30 00:00:00,2010-09-30 00:00:00,2010-12-31 00:00:00,2011-03-31 00:00:00,2011-06-30 00:00:00,2011-09-30 00:00:00,2011-12-31 00:00:00,2012-03-31 00:00:00,2012-06-30 00:00:00,2012-09-30 00:00:00,2012-12-31 00:00:00,2013-03-31 00:00:00,2013-06-30 00:00:00,2013-09-30 00:00:00,2013-12-31 00:00:00,2014-03-31 00:00:00,2014-06-30 00:00:00,2014-09-30 00:00:00,2014-12-31 00:00:00,2015-03-31 00:00:00,2015-06-30 00:00:00,2015-09-30 00:00:00,2015-12-31 00:00:00,2016-03-31 00:00:00,2016-06-30 00:00:00,2016-09-30 00:00:00,2016-12-31 00:00:00,2017-03-31 00:00:00,2017-06-30 00:00:00,2017-09-30 00:00:00,2017-12-31 00:00:00,2018-03-31 00:00:00,2018-06-30 00:00:00,2018-09-30 00:00:00,2018-12-31 00:00:00,2019-03-31 00:00:00,2019-06-30 00:00:00,2019-09-30 00:00:00,2019-12-31 00:00:00,2020-03-31 00:00:00,2020-06-30 00:00:00,2020-09-30 00:00:00,2020-12-31 00:00:00,2021-03-31 00:00:00,2021-06-30 00:00:00,2021-09-30 00:00:00,2021-12-31 00:00:00,2022-03-31 00:00:00,2022-06-30 00:00:00,2022-09-30 00:00:00,2022-12-31 00:00:00,2023-03-31 00:00:00,2023-06-30 00:00:00,2023-09-30 00:00:00,2023-12-31 00:00:00,2024-03-31 00:00:00,2024-06-30 00:00:00,2024-09-30 00:00:00,2024-12-31 00:00:00,2025-03-31 00:00:00,2025-06-30 00:00:00,2025-09-30 00:00:00,2025-12-31 00:00:00,2026-03-31 00:00:00,2026-06-30 00:00:00,2026-09-30 00:00:00,2026-12-31 00:00:00,,,,,,,,,,2001-12-31 00:00:00,2002-12-31 00:00:00,2003-12-31 00:00:00,2004-12-31 00:00:00,2005-12-31 00:00:00,2006-12-31 00:00:00,2007-12-31 00:00:00,2008-12-31 00:00:00,2009-12-31 00:00:00,2010-12-31 00:00:00,2011-12-31 00:00:00,2012-12-31 00:00:00,2013-12-31 00:00:00,2014-12-31 00:00:00,2015-12-31 00:00:00,2016-12-31 00:00:00,2017-12-31 00:00:00,2018-12-31 00:00:00,2019-12-31 00:00:00,2020-12-31 00:00:00,2021-12-31 00:00:00,2022-12-31 00:00:00,2023-12-31 00:00:00,2024-12-31 00:00:00,2025-12-31 00:00:00,2026-12-31 00:00:00,2027-12-31 00:00:00,2028-12-31 00:00:00,2029-12-31 00:00:00,2030-12-31 00:00:00,2031-12-31 00:00:00,2032-12-31 00:00:00,2033-12-31 00:00:00,2034-12-31 00:00:00,2035-12-31 00:00:00,,,,,,,,,,,,,,,
,,,,,,,,Morgan Stanley | Google Model,,,,2002-12-31 00:00:00,,,,2003-12-31 00:00:00,,,,2004-12-31 00:00:00,,,,2005-12-31 00:00:00,,,,2006-12-31 00:00:00,,,,2007-12-31 00:00:00,,,,2008-12-31 00:00:00,,,,2009-12-31 00:00:00,,,,2010-12-31 00:00:00,,,,2011-12-31 00:00:00,,,,2012-12-31 00:00:00,,,,2013 - excludes Motorola,,,,2014-12-31 00:00:00,,,,2015-12-31 00:00:00,,,,2016-12-31 00:00:00,,,,2017-12-31 00:00:00,,,,2018-12-31 00:00:00,,,,2019-12-31 00:00:00,,,,2020-12-31 00:00:00,,,,2021-12-31 00:00:00,,,,2022-12-31 00:00:00,,,,2023-12-31 00:00:00,,,,2024-12-31 00:00:00,,,,2025-12-31 00:00:00,,,,2026-12-31 00:00:00,,,,2027-12-31 00:00:00,,,,2028-12-31 00:00:00,,,,,,,,,,,,,,,,,,,,,,,,,,,,,,,,,,,,,,,,,,,,,,,,,,,,,,
,,,,,,,,(USD millions),,,,1,2,3,4,1,2,3,4,1,2,3,4,1,2,3,4,1,2,3,4,1,2,3,4,1,2,3,4,1,2,3,4,1,2,3,4,1,2,3,4,1,2,3,4,1,2,3,4,1,2,3,4,1,2,3,4,1,2,3,4,1,2,3,4,1,2,3,4,1,2,3,4,1,2,3,4,1,2,3,4,1,2,3,4,1,2,3,4,1,2,3,4,1,2,3,4,1,2,3,4,1,2,3,4,1,2,3,4,,2001-12-31 00:00:00,2002-12-31 00:00:00,2003-12-31 00:00:00,2004-12-31 00:00:00,2005-12-31 00:00:00,2006-12-31 00:00:00,2007-12-31 00:00:00,2008-12-31 00:00:00,2009-12-31 00:00:00,2010-12-31 00:00:00,2011-12-31 00:00:00,2012-12-31 00:00:00,2013-12-31 00:00:00,2014-12-31 00:00:00,2015-12-31 00:00:00,2016-12-31 00:00:00,2017-12-31 00:00:00,2018-12-31 00:00:00,2019-12-31 00:00:00,2020-12-31 00:00:00,2021-12-31 00:00:00,2022-12-31 00:00:00,2023-12-31 00:00:00,2024-12-31 00:00:00,2025-12-31 00:00:00,2026-12-31 00:00:00,2027-12-31 00:00:00,2028-12-31 00:00:00,2029-12-31 00:00:00,2030-12-31 00:00:00,2031-12-31 00:00:00,2032-12-31 00:00:00,2033-12-31 00:00:00,2034-12-31 00:00:00,2035-12-31 00:00:00,2021-2024E CAGR,,,,,,,,,,,,,,
,,,,,,,,Gross revenue build (GAAP),,,,,,,,,,,,,,,,,,,,,,,,,,,,,,,,,,,,,,,,,,,,,,,,,,,,,,,,,,,,,,,,,,,,,,,,,,,,,,,,,,,,,,,,,,,,,,,,,,,,,,,,,,,,,,,,,,,,,,,,,,,,,,,,,,,,,,,,,,,,,,,,,,,,,,,,,,,,,,,,,,
,,,,,,,,Total Alphabet revenue,,,,42.285,78.525,130.787,187.911,248.618,311.199,393.942,512.175,651.623,700.212,805.887,1031.501,1256.516,1384.495,1578.456,1919.093,2253.755,2455.991,2689.673,3205.498,3663.971,3871.985,4231.351,4826.679,5186.043,5367.212,5541.391,5700.904,5509,5523,5945,6673.563,6775,6820,7286,8440,8575,9026,9720,10584,10645,10964,11526,12905,12951,13107,13754,15707,15420,15955,16523,18103,17258,17727,18675,21329,20257,21500,22451,26064,24750,26010,27772,32323,31146,32657,33740,39276,36339,38944,40499,46075,41159,38297,46173,56898,55314,61880,65118,75325,68011,69685,69092,76048,69787,74604,76693,86310,80539,84742,88268,96469,90234,96428,102346,113828,109629.15839055,117258.962315188,122695.390880113,134459.096554829,127889.617011899,136436.50169869,144759.281940412,158477.61246467,,,,,,86.426,439.508,1465.934,3189.223,6138.56,10604.917,16593.986,21795.55,23650.563,29321,37905,46040,55519,66001,74989,90272,110855,136819,161857,182527,257637,282836,307394,350018,402836,484042.60814068,567563.013115671,659990.491713614,761262.369052504,871542.983667059,990965.1001939,1119926.16215119,1258509.73262744,1406729.68077991,1564846.11482466,0.107543302422265,,,,,,,,,,,,,,
,,,,,,,,Total Advertising,,,,,,,,,300.685,381.683,,637.284,689.668,795.956,1020.38,1241.112,1367.414,1559.691,1896.785,2225.7,2429,2663,3174.928,3627.5,3838.4,4189.5,4757.243,5086.5,5185.4,5352,5504.571,5331,5337,5757,6463.804,6475,6562,7032,8167,8306,8716,9335,10174,10225,10525,10860,12076,11902,12061,12524,14060,13997,14498,14820,16309,15508,16023,16781,19078,18020,19143,19821,22399,21456.3131299901,22719.9801491766,24116.0235424313,27284.683178402,26831.8898007335,28121.5298318624,28989.5803674042,32518,30587,32494,33796,37934,33763,29867,37095,46199,44684,50444,53130,61239,54661,56288,54482,59042,54548,58143,59647,65517,61659,64616,65854,72461,66885,71340,74182,82284,77241.37239055,81344.4803151882,82599.4568801128,91326.6235548291,84017.9340118993,88115.81869869,91493.5989404118,100865.92946467,,,,,,66.932,410.915,1420.663,3143.288,6065.002,10492.628,16412.643,21128.471,22888.804,28236,36531,43686,50547,59624,67390,79383,95577,116461,134811,146924,209497,224473,237855,264590,294691,332511.93314068,364493.281115671,398661.859713614,433486.787052504,469871.976667059,511480.2694439,555101.286963687,601291.793005568,651138.458109289,705432.295885786,0.0809324117412225,,,,,,,,,,,,,,
,,,,,,,,Google Websites,,,,,,,,,183.102,207.239,,303.532,343.442,411.671,530.387,656.997,737.172,884.679,1098.212,1297.3,1432.4,1626,1977.097,2282.1,2486.3,2734.8,3121.505,3400.4,3530.1,3672.1,3811.166,3693,3653,3956,4420.486,4439,4499,4833,5673,5879,6232,6740,7294,7312,7542,7727,8640,8640,8868,9376,10538,10469,10935,11252,12429,11932,12402,13087,14936,14328,15400,16089,17968,17441.7041574536,18465.9770787268,19766.8638221834,22286.4549416362,22153.5170652715,23289.7687468859,24082.7141878426,26925,25572,27245,28545,31902,28540,25131,31375,38788,37884,42847,45131,51934,46487,48029,46610,50567,47052,50293,51978,57220,54246,57172,58306,64507,59629,63986,66828,74456,70156.4745068526,74162.7289299093,75393.4009534496,83656.0089019261,77061.4730900989,81063.9005016869,84416.5078303821,93331.8875173385,,,,,,66.932,306.978,792.063,1589.032,3377.06,6332.797,10624.705,14413.766,15722.486,19444,26145,31221,37422,45085,52357,63785,77961,96451,113264,123834,177796,191693,206543,234231,264899,303368.613292138,335873.768939506,370464.399676971,405627.88426503,442282.667519302,484103.272330502,527888.78767375,574203.704179948,624141.037518186,678497.039646488,0.0962445875172366,,,,,,,,,,,,,,
,,,,,,,,Network Websites,,,,,,,,,117.583,174.444,,333.752,346.226,384.285,489.993,584.115,630.242,675.012,798.573,928.4,996.6,1037,1197.831,1345.4,1352.1,1454.7,1635.738,1686.1,1655.3,1679.9,1693.405,1638,1684,1801,2043.318,2036,2063,2199,2494,2427,2484,2595,2880,2913,2983,3133,3436,3262,3193,3148,3522,3528,3563,3568,3880,3576,3621,3694,4142,3692,3743,3732,4431,4014.60897253653,4254.00307044976,4349.15972024791,4998.22823676579,4678.37273546192,4831.76108497648,4906.86617956161,5593,5015,5249,5251,6032,5223,4736,5720,7411,6800,7597,7999,9305,8174,8259,7872,8475,7496,7850,7669,8297,7413,7444,7548,7954,7256,7354,7354,7828,7084.89788369739,7181.75138527889,7206.0559266632,7670.61465290296,6956.46092180039,7051.9181970031,7077.09111002967,7534.04194733117,,,,,,0,103.937,628.6,1554.256,2687.942,4159.831,5787.938,6714.705,7166.318,8792,10386,12465,13125,14539,15033,15598,17616,20010,21547,23090,31701,32780,31312,30359,29792,29143.3198485424,28619.5121761643,28197.4600366426,27858.9027874735,27589.3091477571,27376.9971133979,27212.4992899375,27088.0888256198,26997.4205911032,26935.2562392976,-0.0143149566638041,,,,,,,,,,,,,,
,,,,,,,,Google Other & Other Bets,,,,,,,,,10.514,12.259,,14.3390000000001,10.544,9.93099999999993,11.121,15.404,17.0809999999999,18.7650000000001,22.308,28.0550000000003,26.991,26.6729999999998,30.57,36.471,33.585,41.8509999999997,69.4360000000003,99.5429999999997,181.812000000001,189.391,196.333,178,186,188,209.759,300,258,254,273,269,310,385,410,420,439,666,829,1049,1046,1230,1647,1423,1457,1703,1794,1750,1704,1894,2251,2237,2357,2630,3665,3076.68687000988,3287.01985082344,3846.97645756872,5236.31682159797,4553.11019926654,4638.47016813762,4670.41963259584,6634,5615,6342,6584,8050,7347,8279,9100,10701,10739,11443,11926,13883,13072,13022,13972,16337,15155,16458,17047,20643,18808,20024,22397,23988,23089,25200,28371,31612,32437.786,35964.482,39995.934,43032.473,43771.683,48220.683,53165.683,57511.683,,,,,,19.494,28.593,45.271,45.935,73.558,112.289,181.343,667.079,761.759,1085,1374,2354,4972,6377,7599,10889,15447,20496,26591,35427,47991,56403,69303,85217,108272,151430.675,202669.732,260928.632,327375.582,401271.007,479084.83075,564424.8751875,656817.939621875,755191.222670625,859013.818938875,0.210938667393428,,,,,,,,,,,,,,
,,,,,,,,Hedging gains (losses),,,,,,,,,,,,,,,,,,,,,,,,,,,,,,,,,,,,,,,,,,,,,,,,,,,,,,,,,,,,,,,,217,3,-191,-198,-239,-103,80,124,137,108,119,91,49,151,-22,-2,-109,-7,62,203,278,375,638,669,84,3,-1,150,72,102,17,20,260,-112,-207,-68,-50,-50,100,100,100,100,100,100,,,,,,,,,,,,,,,,,,,,,,-169,-138,455,176,149,1960,236,211,-127,100,400,400,400,400,400,400,400,400,400,,,,,,,,,,,,,,,
,,,,,,,,Motorola revenue,,,,,,,,,,,,,,,,,,,,,,,,,,,,,,,,,,,,,,,,,,,,0,843,1778,1514,1018,998,1121,1138,,,,,,,,,,,,,,,,,,,,,,,,,,,,,,,,,,,,,,,,,,,,,,,,,,,,,,,,,,,,,,,,,,,,,,,,,4135,,,,,,,,,,,,,,,,,,,,,,,,,,,,,,,,,,,,,,
,,,,,,,,Total Gross revenue (GAAP),,,,42.285,78.525,130.787,187.911,248.618,311.199,393.942,512.175,651.623,700.212,805.887,1031.501,1256.516,1384.495,1578.456,1919.093,2253.755,2455.991,2689.673,3205.498,3663.971,3871.985,4231.351,4826.679,5186.043,5367.212,5541.391,5700.904,5509,5523,5945,6673.563,6775,6820,7286,8440,8575,9026,9720,10584,10645,11807,13304,14419,12951,13107,13754,15707,15420,15955,16523,18103,17258,17727,18675,21329,20257,21500,22451,26064,24750,26010,27772,32323,31146,32657,33740,39276,36339,38944,40499,46075,41159,38297,46173,56898,55314,61880,65118,75325,68011,69685,69092,76048,69787,74604,76693,86310,80539,84742,88268,96469,90234,96428,102346,113828,109629.15839055,117258.962315188,122695.390880113,134459.096554829,127889.617011899,136436.50169869,144759.281940412,158477.61246467,,,,,,86.426,439.508,1465.934,3189.223,6138.56,10604.917,16593.986,21795.55,23650.563,29321,37905,50175,55519,66001,74989,90272,110855,136819,161857,182527,257637,282836,307394,350018,402836,484042.60814068,567563.013115671,659990.491713614,761262.369052504,871542.983667059,990965.1001939,1119926.16215119,1258509.73262744,1406729.68077991,1564846.11482466,0.107543302422265,,,,,,,,,,,,,,
,,,,,,,,,,,,,,,,,,,,,,,,,,,,,,,,,,,,,,,,,,,,,,,,,,,,,,,,,,,,,,,,,,,,,,,,,,,,,,,,,,,,,,,,,,,,,,,,,,,,,,,,,,,,,,,,,,,,,,,,,,,,,,,,,,,,,Rev/Share,4.87701212565151,5.41100832695943,6.45995322058423,7.90731630941499,9.72714110465213,11.5851044260557,13.2838156828454,19.008925755203,21.4945390832773,24.1638203792866,28.1201068509108,32.9383483237939,39.7073531858239,46.6667917667488,54.3910198512298,62.8638216468201,72.0929912061807,,,,,,,,,,,,,,,,,,,,
,,,,,,,,Total cost of revenue (GAAP),,,,5.692,20.407,39.622,65.789,87.195,117.401,170.39,250.868,315.398,326.377,362.099,453.779,546.781,598.119,655.154,777.034,904.119,989.032,1048.728,1283.148,1470.426,1560.255,1662.579,1955.825,2110.536,2147.575,2173.39,2190.005,2102,2108,2226,2408.115,2452,2467,2552,2946,2936,3172,3378,3702,3789,4677,5955,6213,5136,5195,5409,6253,5961,6114,6695,6921,6356,6583,7037,8188,7648,8130,8699,10661,9795,10373,11148,14267,13467,13883,14281,17918,16012,17296,17568,21020,18982,18553,21117,26080,24103,26227,27621,32988,29599,30104,31158,35342,30612,31916,33229,37575,33712,35507,36474,40613,36361,39039,41369,45766,41957.7577708387,45126.5631398739,47934.9888932759,53759.2264285698,50246.3498727245,54262.2069428115,58182.566082816,64439.519190998,,,,,,14.228,131.51,625.854,1457.653,2577.088,4225.027,6649.085,8621.506,8844.115,10417,13188,20634,21993,25691,28164,35138,45583,59549,71896,84732,110939,126203,133332,146306,162535,188778.536232558,227130.64208935,271442.794622448,317918.858646171,367759.197111394,422023.797150426,474137.71466527,522837.668675667,554749.325038299,588497.053169111,0.096627914723741,,,,,,,,,,,,,,
,,,,,,,,Total gross profit (GAAP),,,,36.593,58.118,91.165,122.122,161.423,193.798,223.552,261.307,336.225,373.835,443.788,577.722,709.735,786.376,923.302,1142.059,1349.636,1466.959,1640.945,1922.35,2193.545,2311.73,2568.772,2870.854,3075.507,3219.637,3368.001,3510.899,3407,3415,3719,4265.448,4323,4353,4734,5494,5639,5854,6342,6882,6856,7130,7349,8206,7815,7912,8345,9454,9459,9841,9828,11182,10902,11144,11638,13141,12609,13370,13752,15403,14955,15637,16624,18056,17679,18774,19459,21358,20327,21648,22931,25055,22177,19744,25056,30818,31211,35653,37497,42337,38412,39581,37934,40706,39175,42688,43464,48735,46827,49235,51794,55856,53873,57389,60977,68062,67671.4006197112,72132.3991753143,74760.4019868369,80699.8701262593,77643.2671391748,82174.2947558786,86576.7158575958,94038.0932736717,,,,,,72.198,307.998,840.08,1731.57,3561.472,6379.89,9944.901,13174.044,14806.448,18904,24717,29541,33526,40310,46825,55134,65272,77270,89961,97795,146698,156633,174062,203712,240301,295264.071908122,340432.371026321,388547.697091166,443343.510406332,503783.786555665,568941.303043474,645788.447485917,735672.063951776,851980.355741615,976349.06165555,0.115657287365431,,,,,,,,,,,,,,
,,,,,,,,Total gross margin (GAAP),,,,0.865389618067873,0.740120980579433,0.697049400934344,0.649892768385033,0.64928122662076,0.622746217050826,0.56747439978474,0.510190852735881,0.515980866237073,0.5338883081124,0.550682663946682,0.560078952904554,0.564843583368616,0.567987605589042,0.584939966650955,0.595103520256705,0.598838826758011,0.597298198568317,0.610090892089856,0.59970400855031,0.598679683873044,0.597040019524869,0.607080811778555,0.594788673537229,0.593035383624856,0.599871404371581,0.607789813063182,0.615849521409236,0.618442548556907,0.618323374977367,0.625567703952902,0.639156025049887,0.638081180811808,0.638269794721408,0.649739225912709,0.650947867298578,0.657609329446064,0.648570795479725,0.652469135802469,0.650226757369615,0.644058243306717,0.603879054798001,0.552390258568852,0.569110201817047,0.603428306694464,0.60364690623331,0.606732586883816,0.601897243267333,0.613424124513619,0.616797242243811,0.594807238394965,0.617687676075789,0.63170703441882,0.628645568906188,0.623186077643909,0.616109522246706,0.622451498247519,0.621860465116279,0.612533962852434,0.590968385512585,0.604242424242424,0.601191849288735,0.598588506409333,0.558611515020264,0.56761702947409,0.574884404568699,0.576733847065797,0.543792646909054,0.559371474173753,0.555875102711586,0.566211511395343,0.543787303309821,0.538812896328871,0.515549520850197,0.542654798258723,0.541635909873809,0.564251364934736,0.576163542340013,0.575831567308578,0.562057749751079,0.564790989692844,0.567998851976753,0.54903606785156,0.535267199663371,0.561350967945319,0.572194520401051,0.566727080698369,0.564650677789364,0.581420181526962,0.580998796346558,0.586781166447637,0.579004654344919,0.597036593745152,0.595148711992367,0.595792703183319,0.597937238640756,0.617275564395325,0.615154677741603,0.609317118194654,0.600181558511007,0.607111577572013,0.602289663929924,0.598073675809154,0.593384086314628,,,,,,0.835373614421586,0.700779052941016,0.573068091742193,0.542944159125906,0.580180368034197,0.601597353378626,0.599307544311536,0.604437327803152,0.626050551101046,0.644725623273422,0.65207756232687,0.588759342301943,0.603865343395955,0.610748321995121,0.624424915654296,0.610754165189649,0.588805195976726,0.564760742294564,0.555805433191027,0.535783747062079,0.569398029009808,0.553794425037831,0.566250479840205,0.582004354061791,0.5965231508604,0.609996035353787,0.599814228833372,0.588717113306182,0.582379385123338,0.578036649937758,0.574128496485043,0.576634843716364,0.584558104620997,0.605646107693742,0.623926565306358,,,,,,,,,,,,,,,
,,,,,,,,,,,,,,,,,,,,,,,,,,,,,,,,,,,,,,,,,,,,,,,,,,,,,,,,,,,,,,,,,,,,,,,,,,,,,,,,,,,,,,,,,,,,,,,,,,,,,,,,,,,,,,,,,,,,,,,,,,,,,,,,,,,,,∆Rev,0.188800230551703,0.136179754852199,0.203803224472923,0.228010900389933,0.23421586757476,0.183000898997946,0.127705320128261,0.411500764270492,0.0978081564371578,0.0868277022726951,0.138662433229016,0.150900810815444,0.201587266631284,0.172547630250593,0.162849721461863,0.153444448988872,0.144865448625569,,,,,,,,,,,,,,,,,,,,
,,,,,,,,Traffic acquisition costs (TAC),,,,,,,,,96.6,143.5,,271,277,302.9,377.8,461.8,494.3,529.9,628.9,722.7,785.2,825.3,975.6,1125,1147.9,1221.1,1439.9,1486.4,1474,1495.2,1483.4,1436,1453,1559,1721.4,1711,1732,1805,2069,2038,2110,2210,2453,2510,2600,2770,3076,2962,3013,2972,3311,3232,3293,3348,3623,3345,3377,3566,4055,3788,3975,4182,4848,4629,5091,5502,6450,6288,6420,6582,7436,6860,7238,7490,8501,7452,6694,8166,10466,9712,10929,11498,13427,11990,12214,11826,12925,11721,12537,12642,13986,12946,13387,13719,14848,13748,14705,14876,16597,15508.5833063935,16205.6720472782,16264.8803852186,17998.6066509985,16660.5987820229,17316.1715421725,17759.0962513488,19524.895596573,,,,,,0,94.5,526.5,1228.7,2114.9,3308.8,4933.9,5939,6169.4,7317,8811,10956,12258,13496,14343,16793,21672,26726,30089,32778,45566,48955,50886,54900,59926,65977.7423898888,71260.7621721173,76784.8179135193,82235.2094431605,87775.0833428604,94064.4851412761,100476.874862606,107093.904983184,114344.067948368,122467.547701607,0.0640870215146283,,,,,,,,,,,,,,
,,,,,,,,Distribution TAC,,,,,,,,,,,,,,,,,,,,25,24,45,60,73,87,105,125,143,154,167,190,207,218,229,250,265,269,285,333,337,355,383,442,468,507,556,634,680,706,755,824,845,893,927,968,913,945,1052,1191,1217,1352,1559,1766,1805,2049,2401,2776,2902,3009,3155,3506,3383,3617,3856,4318.72,3973.2224,3774.56128,4453.9823104,5790.17700352,5590.17700352,6290.17700352,6690.17700352,7740.17700352,7140.17700352,7140.17700352,7140.17700352,7640.17700352,7240.17700352,7635.84700352,8030.84700352,8930.84700352,8630.84700352,8830.84700352,9030.84700352,9830.84700352,9230.84700352,9830.84700352,10030.84700352,11230.84700352,10630.84700352,11130.84700352,11330.84700352,12530.84700352,,,,,,,,,,,,,,,154,390,654,904,1152,1517,2165,2965,3633,4101,5894,9031,12572,15174.72,17991.94299392,26310.70801408,29060.70801408,31837.71801408,36323.38801408,40323.38801408,45623.38801408,51373.38801408,56375.88801408,60878.13801408,64930.16301408,68576.98551408,71859.12576408,74813.05198908,77471.58559158,79864.26583383,0.24182910668227,,,,,,,,,,,,,,
,,,,,,,,Network TAC,,,,,,,,,,,,,,,,,,,,697.7,761.2,780.3,915.6,1052,1060.9,1116.1,1314.9,1343.4,1320,1328.2,1293.4,1229,1235,1330,1471.4,1446,1463,1520,1736,1701,1755,1827,2011,2042,2093,2214,2442,2282,2307,2217,2487,2387,2400,2421,2655,2432,2432,2514,2864,2571,2623,2623,3082,2824,3042,3101,3674,3386,3411,3427,3930,3477,3621,3634,4182.28,3478.7776,2919.43872,3712.0176896,4675.82299648,4121.82299648,4638.82299648,4807.82299648,5686.82299648,4849.82299648,5073.82299648,4685.82299648,5284.82299648,4480.82299648,4901.15299648,4611.15299648,5055.15299648,4315.15299648,4556.15299648,4688.15299648,5017.15299648,4517.15299648,4874.15299648,4845.15299648,5366.15299648,4877.73630287349,5074.82504375823,4934.03338169861,5467.75964747851,,,,,,,,,,,,,,,3154.8,4543.9,5285,5265.4,6165,7294,8791,9293,9863,10242,10899,12641,14154,14914.28,14786.05700608,19255.29198592,19894.29198592,19048.28198592,18576.61198592,19602.61198592,20354.3543758088,19887.3741580372,20408.9298994393,21357.0714290805,22844.9203287804,25487.4996271961,28617.7490985265,32280.8529941039,36872.4823567878,42603.281867777,0.10080078812349,,,,,,,,,,,,,,
,,,,,,,,TAC as % of advertising revenue,,,,,,,,,0.321266441624956,0.375966443357446,,0.425242121252063,0.401642529448952,0.380548673544769,0.370254219016445,0.372085678004886,0.36148525611117,0.339746783176924,0.331561036174369,0.324706833805095,0.323260601070399,0.309913631242959,0.307282558848579,0.31013094417643,0.299056898707795,0.291466762143454,0.302675310048278,0.292224515875356,0.284259652100127,0.279372197309417,0.269485124272173,0.26936784843369,0.272250327899569,0.270800764286955,0.266313768177377,0.264247104247104,0.263943919536727,0.256683731513083,0.253336598506183,0.245364796532627,0.242083524552547,0.236743438671666,0.241104776882249,0.245476772616137,0.247030878859857,0.255064456721915,0.254720105995363,0.248865736850949,0.249813448304452,0.23730437559885,0.235490753911807,0.230906622847753,0.22713477721065,0.225910931174089,0.22214728064259,0.215695125096724,0.210759533171067,0.212502234670163,0.21254848516616,0.210210876803552,0.207647704121611,0.210988345693961,0.216438233849725,0.215740699343631,0.224075900004011,0.228147065386606,0.236396367801906,0.234348010769935,0.228294834540829,0.227047094734796,0.228673350144535,0.224278288161637,0.222748815165877,0.22162386081193,0.224099752201192,0.220714983858069,0.224126962868718,0.220137484836231,0.226541700036797,0.217348491630114,0.21665609388629,0.216412572934312,0.21925570306504,0.219352006000622,0.2169911881751,0.21706251606035,0.218911960976932,0.214874972501283,0.215623548836489,0.211946954582795,0.213471312789047,0.209961238424237,0.207177788782964,0.208324475354572,0.204910227570693,0.205546834118263,0.206125595738716,0.200533822221024,0.201703854941422,0.200780784007547,0.199222762066775,0.19691267956914,0.197079514717774,0.198298125012968,0.196516037618453,0.194102062406738,0.19357275246655,,,,,,0,0.229974568949783,0.37060161347202,0.390896411655566,0.348705573386456,0.315345211895437,0.300615811847001,0.281089909440205,0.269537892849273,0.259137271568211,0.241192411924119,0.250789726685895,0.242506973707638,0.226351804642426,0.212835732304496,0.211544033357268,0.226749113280392,0.229484548475455,0.223193953015703,0.223094933434973,0.217501921268562,0.218088589719031,0.213937062496059,0.207490834876602,0.203351985639195,0.198422179218377,0.195506380677297,0.192606380677297,0.189706380677297,0.186806380677297,0.183906380677297,0.181006380677297,0.178106380677297,0.175606380677297,0.173606380677297,,,,,,,,,,,,,,,
,,,,,,,,,,,,,,,,,,,,,,,,,,,,,,,,,,,,,,,,,,,,,,,,,,,,,,,,,,,,,,,,,,,,,,,,,,,,,,,,,,,,,,,,,,,,,,,,,,,,,,,,,,,,,,,,,,,,,,,,,,,,,,,,,,,,,,,,,,,,,,,,,,,,,,,,,,,,,,,,,,,,,,,,,,
,,,,,,,,Net revenue build (ex-TAC),,,,,,,,,,,,,,,,,,,,,,,,,,,,,,,,,,,,,,,,,,,,,,,,,,,,,,,,,,,,,,,,,,,,,,,,,,,,,,,,,,,,,,,,,,,,,,,,,,,,,,,,,,,,,,,,,,,,,,,,,,,,,,,,,,,,,,,,,,,,,,,,,,,,,,,,,,,,,,,,,,
,,,,,,,,Core Google revenue,,,,36.593,58.118,91.165,122.122,161.423,214.599,250.442,261.307,380.623,423.212,502.987,653.701,794.716,890.195,1048.556,1290.193,1531.055,1670.791,1864.373,2229.898,2538.971,2724.085,3010.251,3386.779,3699.643,3893.212,4046.191,4217.504,4073,4070,4386,4952.163,5064,5088,5481,6371,6537,6916,7510,8131,8135,8364,8756,9829,9989,10094,10782,12396,12188,12662,13175,14480,13913,14350,15109,17274,16469,17525,18269,21216,19904,20916,22461,26071,25097,26340,27078,31716,29342,31598,32890,37483,33658,31452,38029,46434,45711,50958,53558,61695,55743,57096,56628,62454,57982,62064,64052,72174,67521,71253,74532,81601,76226,81835,87677,97299,94170.5750841565,101103.29026791,106330.510494894,116360.489903831,127789.617011899,136336.50169869,144659.281940412,158377.61246467,,,,,,86.426,345.008,939.434,1960.523,4023.66,7296.117,11660.086,15856.55,17481.163,22004,29094,35084,43261,52505,60646,73479,89352,110231,131313,149573,211922,231921,256272,294907,343037,417964.865750791,495902.250943554,582805.673800094,678627.159609343,783367.900324198,896500.615052624,1019049.28728858,1151015.82764426,1291985.61283155,1441978.56712305,,,,,,,,,,,,,,,
,,,,,,,,Advertising revenue,,,,,,,,,204.085,238.183,,366.284,412.668,493.056,642.58,779.312,873.114,1029.791,1267.885,1503,1643.8,1837.7,2199.328,2502.5,2690.5,2968.4,3317.343,3600.1,3711.4,3856.8,4021.171,3895,3884,4198,4742.404,4764,4830,5227,6098,6268,6606,7125,7721,7715,7925,8090,9000,8940,9048,9552,10749,10765,11205,11472,12686,12163,12646,13215,15023,14232,15168,15639,17551,16827.3131299901,17628.9801491766,18614.0235424313,20834.683178402,20543.8898007335,21701.5298318624,22407.5803674042,25082,23727,25256,26306,29433,26311,23173,28929,35733,34972,39515,41632,47812,42671,44074,42656,46117,42827,45606,47005,51531,48713,51229,52135,57613,53137,56635,59306,65687,61732.7890841565,65138.80826791,66334.5764948942,73328.0169038306,84017.9340118993,88115.81869869,91493.5989404118,100865.92946467,,,,,,66.932,316.415,894.163,1914.588,3950.102,7183.828,11478.743,15189.471,16719.404,20919,27720,32730,38289,46128,53047,62590,73905,89735,104722,114146,163931,175518,186969,209690,234765,266534.190750791,293232.518943554,321877.041800094,351251.577609343,382096.893324198,417415.784302624,454624.412101081,494197.888022384,536794.390160922,582964.748184179,,,,,,,,,,,,,,,
,,,,,,,,Google websites,,,,,,,,,183.102,207.239,,303.532,343.442,411.671,530.387,656.997,737.172,884.679,1098.212,1272.3,1408.4,1581,1917.097,2209.1,2399.3,2629.8,2996.505,3257.4,3376.1,3505.1,3621.166,3486,3435,3727,4170.486,4174,4230,4548,5340,5542,5877,6357,6852,6844,7035,7171,8006,7960,8162,8621,9714,9624,10042,10325,11461,11019,11457,12035,13745,13111,14048,14530,16202,15636.7041574536,16416.9770787268,17365.8638221834,19510.4549416362,19251.5170652715,20280.7687468859,20927.7141878426,23419,22189,23628,24689,27583.28,24566.7776,21356.43872,26921.0176896,32997.82299648,32293.82299648,36556.82299648,38440.82299648,44193.82299648,39346.82299648,40888.82299648,39469.82299648,42926.82299648,39811.82299648,42657.15299648,43947.15299648,48289.15299648,45615.15299648,48341.15299648,49275.15299648,54676.15299648,50398.15299648,54155.15299648,56797.15299648,63225.15299648,59525.6275033326,63031.8819263893,64062.5539499296,71125.1618984061,77061.4730900989,81063.9005016869,84416.5078303821,93331.8875173385,,,,,,66.932,306.978,792.063,1589.032,3377.06,6178.797,10234.705,13759.766,14818.486,18292,24628,29056,34457,41452,48256,57891,68930,83879,98089.28,105842.05700608,151485.29198592,162632.29198592,174705.28198592,197907.61198592,224575.61198592,257745.225278058,284500.380925426,314088.511662891,344749.74625095,377352.504505222,415526.286816422,456029.66190967,499390.652190868,546669.451926606,598632.773812658,,,,,,,,,,,,,,,
,,,,,,,,Network websites,,,,,,,,,20.983,30.944,,62.752,69.226,81.3850000000001,112.193,122.315,135.942,145.112,169.673,230.7,235.4,256.7,282.231,293.4,291.2,338.6,320.838,342.7,335.3,351.7,400.005,409,449,471,571.918,590,600,679,758,726,729,768,869,871,890,919,994,980,886,931,1035,1141,1163,1147,1225,1144,1189,1180,1278,1121,1120,1109,1349,1190.60897253653,1212.00307044976,1248.15972024791,1324.22823676579,1292.37273546192,1420.76108497648,1479.86617956161,1663,1538,1628,1617,1849.72,1744.2224,1816.56128,2007.9823104,2735.17700352,2678.17700352,2958.17700352,3191.17700352,3618.17700352,3324.17700352,3185.17700352,3186.17700352,3190.17700352,3015.17700352,2948.84700352,3057.84700352,3241.84700352,3097.84700352,2887.84700352,2859.84700352,2936.84700352,2738.84700352,2479.84700352,2508.84700352,2461.84700352,2207.1615808239,2106.92634152066,2272.02254496459,2202.85500542445,6956.46092180039,7051.9181970031,7077.09111002967,7534.04194733117,,,,,,0,9.437,102.1,325.556,573.042,1005.031,1244.038,1429.705,1900.918,2627,3092,3674,3832,4676,4791,4699,4975,5856,6632.72,8303.94299392,12445.70801408,12885.70801408,12263.71801408,11782.38801408,10189.38801408,8788.9654727336,8732.13801812709,7788.53013720328,6501.83135839292,4744.38881897669,1889.49748620181,-1405.249808589,-5192.76416848404,-9875.06176568465,-15668.0256284795,,,,,,,,,,,,,,,
,,,,,,,,Licensing & other,,,,,,,,,10.514,12.259,,14.3390000000001,10.544,9.93099999999993,11.121,15.404,17.0809999999999,18.7650000000001,22.308,28.0550000000003,26.991,26.6729999999998,30.57,36.471,33.585,41.8509999999997,69.4360000000003,99.5429999999997,181.812000000001,189.391,196.333,178,186,188,209.759,300,258,254,273,269,310,385,410,420,439,666,829,1049,1046,1230,1647,1423,1457,1703,1794,1750,1704,1894,2251,2237,2357,2630,3665,3076.68687000988,3287.01985082344,3846.97645756872,5236.31682159797,4553.11019926654,4638.47016813762,4670.41963259584,6634,5615,6342,6584,8050,7347,8279,9100,10701,10739,11443,11926,13883,13072,13022,13972,16337,15155,16458,17047,20643,18808,20024,22397,23988,23089,25200,28371,31612,32437.786,35964.482,39995.934,43032.473,43771.683,48220.683,53165.683,57511.683,,,,,,19.494,28.593,45.271,45.935,73.558,112.289,181.343,667.079,761.759,1085,1374,2354,4972,6377,7599,10889,15447,20496,26591,35427,47991,56403,69303,85217,108272,151430.675,202669.732,260928.632,327375.582,401271.007,479084.83075,564424.8751875,656817.939621875,755191.222670625,859013.818938875,,,,,,,,,,,,,,,
,,,,,,,,Motorola revenue,,,,,,,,,,,,,,,,,,,,,,,,,,,,,,,,,,,,,,,,,,,,,843,1778,1514,,998,1121,1138,,,,,,,,,,,,,,,,,,,,,,,,,,,,,,,,,,,,,,,,,,,,,,,,,,,,,,,,,,,,,,,,,,,,,,,,,4135,0,,,,,,,,,,,,,,,,,,,,,,,,,,,,,,,,,,,,,
,,,,,,,,Total Net revenue (ex-TAC),,,,36.593,58.118,91.165,122.122,161.423,214.599,250.442,261.307,380.623,423.212,502.987,653.701,794.716,890.195,1048.556,1290.193,1531.055,1670.791,1864.373,2229.898,2538.971,2724.085,3010.251,3386.779,3699.643,3893.212,4046.191,4217.504,4073,4070,4386,4952.163,5064,5088,5481,6371,6537,6916,7510,8131,8135,9207,10534,11343,9989,10094,10782,12396,12188,12662,13175,14480,13913,14350,15109,17274,16469,17525,18269,21216,20121,20919,22270,25873,24858,26237,27158,31840,29479,31706,33009,37574,33707,31603,38007,46432,45602,50951,53620,61898,56021,57471,57266,63123,58066,62067,64051,72324,67593,71355,74549,81621,76486,81723,87470,97231,94120.5750841564,101053.29026791,106430.510494894,116460.489903831,111229.018229876,119120.330156518,127000.185689063,138952.716868097,,,,,,86.426,345.008,939.434,1960.523,4023.66,7296.117,11660.086,15856.55,17481.163,22004,29094,39219,43261,52505,60646,73479,89183,110093,131768,149749,212071,233881,256508,295118,342910,418064.865750791,496302.250943554,583205.673800094,679027.159609343,783767.900324198,896900.615052624,1019449.28728858,1151415.82764426,1292385.61283155,1442378.56712305,0.116447069926022,,,,,,,,,,,,,,
,,,,,,,,,,,,,,,,,,,,,,,,,,,,,,,,,,,,,,,,,,,,,,,,,,,,,,,,,,,,,,,,,,,,,,,,,,,,,,,,,,,,,,,,,,,,,,,,,,,,,,,,,,,,,,,,,,,,,,,,,,,,,,,,,,,,,,,,,,,,,,,,,,,,,,,,,,,,,,,,,,,,,,,,,,
,,,,,,,,"Total cost of revenue (ex-SBC, ex-TAC)",,,,5.692,20.407,39.622,65.789,87.195,20.801,26.89,250.868,44.398,49.377,59.199,75.979,83.408,102.795,123.926,146.48,179.136,201.51,221.279,296.673,341.037,404.696,437.448,509.669,614.718,664.212,667.461,694.506,653,641,652,681.664,735,727,739,832,849,1011,1096,1172,1205,1991,3074,3032,2075,2072,2304,2815,2634,2721,3178,3127,2851,3043,3240,3881,3619,3900,4192,5477,4841.92436412316,4942.16966067864,5327.98924731183,7480.81798483207,6782.65662650603,7053.60878243513,7309.34946236559,10071.9198266522,8705.32730923695,9589.73652694611,9620.02956989248,12037.7518959913,11015.4149933066,11294.1996007984,12406.3629032258,15027.3651137595,13786.8868808568,14652.7804391218,15446.0913978495,18841.3120260022,16882.4511378849,17078.6826347305,18462.5376344086,21488.7226435536,18038.6278447122,18399.379241517,19583.5188172043,22558.9761646804,19916.8540829987,21124.9401197605,21733.5215053763,24707.4918743229,21723.203480589,23316.375249501,25380.311827957,27881.9707475623,25405.7895895087,27767.0254554422,30426.6632832776,34414.5720504135,32451.0945488725,35719.1961987375,39082.8899220996,43414.6664736327,,,,,,14.228,37.01,99.354,228.953,456.609,898.598,1692.85,2640.897,2627.664,3033,4128,9302,9266,11660,13015,17188,22592.9012569457,31217.534697959,39952.8453020669,49743.3426110902,62727.0707438302,73912.3940505777,78580.5020681138,87482.8075824584,98301.8613056093,118014.050378642,150667.847143342,189063.86440988,229493.600443749,273197.809632734,320542.05797325,365616.165440731,407083.256107437,431112.747039868,456097.133578181,,,,,,,,,,,,,,,
,,,,,,,,"Total gross profit (ex-SBC, ex-TAC)",,,,30.901,37.711,51.543,56.333,74.228,193.798,223.552,10.439,336.225,373.835,443.788,577.722,711.308,787.4,924.63,1143.713,1351.919,1469.281,1643.094,1933.225,2197.934,2319.389,2572.803,2877.11,3084.925,3229,3378.73,3522.998,3420,3429,3734,4270.499,4329,4361,4742,5539,5688,5905,6414,6959,6930,7216,7460,8311,7914,8022,8478,9581,9554,9941,9997,11353,11062,11307,11869,13393,12850,13625,14077,15739,15279.0756358768,15976.8303393214,16942.0107526882,18392.1820151679,18075.343373494,19183.3912175649,19848.6505376344,21768.0801733478,20773.6726907631,22116.2634730539,23388.9704301075,25536.2481040087,22691.5850066934,20308.8003992016,25600.6370967742,31404.6348862405,31815.1131191432,36298.2195608782,38173.9086021505,43056.6879739978,39138.5488621151,40392.3173652695,38803.4623655914,41634.2773564464,40027.3721552878,43667.620758483,44467.4811827957,49765.0238353196,47676.1459170013,50230.0598802395,52815.4784946237,56913.5081256771,54762.796519411,58406.624750499,62089.688172043,69349.0292524377,68714.7854946478,73286.2648124678,76003.8472116166,82045.917853417,78777.9236810039,83401.13395778,87917.2957669633,95538.050394464,,,,,,72.198,307.998,840.08,1731.57,3567.051,6397.519,9967.236,13215.653,14853.499,18971,24966,29917,33995,40845,47631,56291,66590.0987430543,78875.465302041,91815.1546979331,100005.65738891,149343.92925617,159968.605949422,177927.497931886,207635.192417542,244608.138694391,300050.815372149,345634.403800211,394141.809390214,449533.559165595,510570.090691464,576358.557079374,653833.12184785,744332.571536822,861272.865791679,986281.433544872,,,,,,,,,,,,,,,
,,,,,,,,"Total gross margin (ex-SBC, ex-TAC)",,,,0.844451124532014,0.64886954127809,0.56538145121483,0.461284617022322,0.459835339449769,0.903070377774361,0.892629830459747,0.0399491785524305,0.883354395294031,0.883327977467558,0.882305109277178,0.883771020696006,0.895046784008376,0.884525300636377,0.881812702421235,0.886466598408145,0.882998324684613,0.879392455429794,0.881311840495437,0.866956694880214,0.86567904871698,0.85143782224123,0.854680556538309,0.849512176613827,0.833843968188282,0.829392285855484,0.835039670643328,0.835327719902578,0.839675914559293,0.842506142506143,0.851345189238486,0.862350249779743,0.854857819905213,0.857114779874214,0.86517058930852,0.869408256160728,0.870123910050482,0.853817235396183,0.854061251664447,0.85586028778748,0.851874615857406,0.783751493428913,0.708183026390735,0.73269858062241,0.792271498648513,0.794729542302358,0.786310517529215,0.772910616327848,0.783885789300952,0.785105038698468,0.758785578747628,0.784046961325967,0.795083734636671,0.78794425087108,0.785558276523926,0.775327081162441,0.78025381018884,0.777460770328103,0.770540259455909,0.741845776772247,0.759359655875794,0.763747327277659,0.76075486091999,0.710863912772695,0.727143912361975,0.731157953179284,0.730858330423242,0.683670859715697,0.704693941136506,0.697541899736766,0.708563435127012,0.679625488476305,0.673200967356734,0.642622548466968,0.673576896276323,0.676357574221238,0.697669249575528,0.712414271768528,0.711934140286284,0.695607095124202,0.698640668001555,0.702829555171642,0.677600362616411,0.659573806004885,0.689342681694758,0.703556169276476,0.694251162086395,0.688084506323207,0.705341469042672,0.703945902603034,0.708466625905427,0.697290012688856,0.715984579130965,0.714690169848133,0.709839809901029,0.713239905507891,0.73007188314784,0.725223934996803,0.714117097232778,0.704495730021125,0.708249743948958,0.70014189725797,0.692261159225491,0.687557987694154,,,,,,0.835373614421586,0.892727125168112,0.894240574643881,0.883218406517037,0.886518990173126,0.876838871964361,0.854816679739755,0.833450719103462,0.84968597341035,0.862161425195419,0.858115075273252,0.762819041790969,0.785811701070248,0.777925911817922,0.785393925403159,0.76608282638577,0.746668072873242,0.716443963758287,0.696794022053406,0.667821871190524,0.704216650349033,0.683974354263161,0.693652821478808,0.703566683216685,0.713330432750257,0.717713541493845,0.696419174289664,0.675819572916766,0.662025889250468,0.651430213562295,0.642611396855333,0.641359143608648,0.64644983477402,0.666420963867492,0.683788192660193,,,,,,,,,,,,,,,
,,,,,,,,,,,,,,,,,,,,,,,,,,,,,,,,,,,,,,,,,,,,,,,,,,,,,,,,,,,,,,,,,,,,,,,,,,,,,,,,,,,,,,,,,,,,,,,,,,,,,,,,,,,,,,,,,,,,,,,,,,,,,,,,,,,,,,,,,,,,,,,,,,,,,,,,,,,,,,,,,,,,,,,,,,
,,,,,,,,Total operating expenses (GAAP),,,,,,,,,,,,,,,,,,,,,,,,,,,,,,,,,,,,1835,1988,2187,2512,3343,2973,3284,3375,3467,3893,4613,4812,4067,4447,4584,5025,5344,5583,6104,6783,6455,6319,6930,7761,7267,7402,7985,8764,8387,11505,8842,10392,10046,15729,10834,13137,13719,12468,13754,15789,14200,13361,13843,15167,14774,16292,16466,20452,18318,20128,20799,22546,21760,20850,22121,25038,21355,21810,23273,24884,23267,26118,29749,32128,27563.3201108724,28955.0594712372,30354.4456765615,33993.0464816076,31806.1952142502,33360.2366470644,34871.635634304,39150.5849942864,,,,,,,,,,,,,,6494.262,8522,12975,16785,17932,23814,27465,31418,39126,49746,55730,56571,67984,81791,89769,91322,111262,120865.871740279,139188.652489905,156571.692098842,176031.376811563,196743.789261331,218781.361169676,242292.402899151,267265.933868585,293783.184989757,321838.348924965,0.103374391666124,,,,,,,,,,,,,,
,,,,,,,,Research and development (ex-SBC),,,,6.183,6.457,9.053,10.055,12.505,17.492,32.774,28.457,35.019,45.762,57.409,87.442,79.412,95.772,151.721,157.073,173.513,211.988,250.918,304.685,287.597,375.123,418.057,469.411,479.269,494.929,535.308,551.267,473,526,562,556.685,627,696,750,827,989,987,1093,1032,1142,1238,1397,1487,1279,1365,1385,1467,1670,1791,1989,2182,2138,2206,2489,2771,2628,2624,2674,2715,2948.25769745649,3187.15834996673,3302.82795698925,3398.50866738895,3823.65662650602,3927.56819693945,4126.59139784946,4927.02762730228,4659.32730923695,4855.95409181637,5254.77311827957,5922.91657638137,5242.08165997323,5238.18629407851,5310.9064516129,5438.43499458288,5632.55354752343,5805.12840984697,5773.6623655914,6765.27085590466,6891.11780455154,7489.77045908184,7806.40215053764,7761.2036836403,8854.29451137885,7749.02062541584,8411.20107526882,9332.54875406284,9299.187416332,8976.27744510978,9549.14408602151,10261.3575297942,10827.5368139224,10858.8835662009,11994.3892473118,15097.7871072589,13418.0490282814,13831.5948406568,15020.0854884854,15754.4845275511,16524.4427539516,17257.4702890693,18303.9968598498,19075.0823112106,,,,,,16.5,31.748,91.228,225.632,483.978,941.104,1550.188,2060.773,2117.685,2900,4101,5264,5496,7632,9604,10641,12836.7526718014,16804.8438485972,20692.9710957143,21229.6094002475,23976.6151788665,29948.4940978113,34347.0649661263,38085.9664772574,48778.5967346941,58024.2138849748,71160.9922140812,83621.410810842,97360.5223958693,112378.497874192,128599.734462666,146171.053339922,165092.72845406,185305.310136012,206811.655175175,0.166789115953845,,,,,,,,,,,,,,
,,,,,,,,Sales and marketing (ex-SBC),,,,7.294,11.176,11.704,13.675,17.767,24.822,36.575,41.164,47.904,56.777,65.512,76.107,82.952,97.024,104.996,154.769,175.014,182.112,192.299,240.704,275.302,319.219,350.902,384.205,404.322,441.959,444.304,449.639,375,412,436,529.922,553,573,586,826,948,1017,1100,1163,1172,1279,1471,1611,1317,1458,1473,1754,1582,1783,1887,2164,1860,1884,1973,2439,2145,2177,2268,2817,2318.5796519411,2579.8250166334,2751.38709677419,4008.8369447454,3206.01204819277,3397.90153027279,3492.91935483871,4732.63651137595,3456.47389558233,3774.95409181637,4190.48548387097,5306.88190682557,3983.27978580991,3373.85296074518,3733.28548387097,4788.47291440953,3909.38018741633,4673.79507651364,4897.40967741936,6959.27952329361,5095.43641231593,5872.77045908184,6134.44516129032,6351.41820151679,5677.09103078983,5866.6872920825,5966.97258064516,6796.27031419285,5573.33065595716,5863.27744510978,6293.52580645161,6415.64897074756,5278.51137884873,6151.21689953426,6188.17419354839,7062.03629469123,5789.61809051794,6595.65760488314,6571.68455097507,7643.48013844861,6230.24636451483,7060.15511024772,7143.28376751673,8369.33473642469,,,,,,20.076,43.849,120.328,246.3,439.741,790.129,1329.628,1740.224,1752.922,2538,4228,5533,6002,7416,8156,9407,11658.6287100941,14829.4694446802,16728.7953780952,15878.8911448356,20439.8644646429,23454.0702342049,24307.0212177103,24145.7828782661,24679.9387666226,26600.4403848248,28803.019978704,30911.1638921698,32914.0759187144,34973.3684428676,37086.2506537184,39317.6101528382,41684.6306531306,44190.6087133913,46855.1673517298,0.0571122198047502,,,,,,,,,,,,,,
,,,,,,,,General and administrative (ex-SBC),,,,4.135,5.653,7.313,7.199,10.027,12.535,13.853,20.284,21.506,25.577,40.774,51.843,57.266,71.568,92.434,114.077,116.029,150.66,168.686,222.815,229.96,278.908,288.046,337.46,374.05,441.371,376.414,375.716,410,324,344,428.652,370,418,479,508,523,585,592,721,671,766,1053,1007,915,991,1003,1058,1348,1229,1142,1407,1414,1260,1267,1367,1241,1353,1508,1722,1435.23828647925,1338.84697272122,1285.79569892473,1473.83640303359,955.674698795181,1328.92149035263,1374.13978494624,1634.41603466956,1583.87148594378,1545.35528942116,2145.71182795699,2396.44962080173,2299.22356091031,1984.76114437791,2226.44516129032,2303.7269772481,2091.17938420348,2655.29607451763,2597.83655913979,3493.13759479957,2553.99464524766,2794.77644710579,2751.61505376344,4261.65547128927,2796.98661311914,2439.9128409847,3003.30752688172,4280.20476706392,2067.62784471218,2100.50499001996,2605.80860215054,3454.50162513543,2534.74832663989,4127.52428476381,6311.1247311828,4184.20585048754,2930.91752196711,2880.65284856977,2889.7881908341,4545.87923224996,3152.23370195842,3038.31585961824,3092.69297346319,4965.28921928063,,,,,,12.275,24.3,56.699,139.7,335.345,658.19,1134.374,1567.551,1506.652,1775,2421,3497,3967,5126,5308,5824,5533.71736115879,5293.1520087636,7671.38822412366,8814.15684382665,10837.4496126605,12362.0416174062,12520.4117480495,10228.4430620181,17157.603193074,13247.2377936209,14248.5317543205,15180.5484373833,16036.986943084,16809.3776072082,17483.5008609698,18179.4806236343,18907.5646290643,19671.8725560736,20484.0147698615,-0.0190937985604401,,,,,,,,,,,,,,
,,,,,,,,Stock-based compensation (including COGS),,,,3.774,3.735,6.182,7.944,36.418,34.165,73.794,84.984,76.473,74.761,67.981,59.531,48.908,47.338,46.308,58.155,114.664,109.149,99.86,134.427,183.866,241.524,197.956,245.3,281.049,272.776,280.039,286.172,278,293,318,275.054,291,309,380,396,432,435,571,536,556,635,762,708,655,743,856,873,839,880,1255,1201,1203,1132,1432,1436,1494,1503,1860,1846,2009,2003,1820,1847,2457,2413,2230,2253,2769,2760,2621,2644,3190,3329,3117,3223,3745,3803,3874,3954,4504,4782,4976,5100,5284,5774,5743,5659,5264,5865,5846,5810,5516,5998,6368,7071,6468.12034504245,6801.01981428092,7116.33267104654,7395.2503105156,7033.92893565446,7231.13459003057,7672.24194284182,8240.83584816282,,,,,,12.383,21.635,229.361,278.746,200.709,458.1,868.646,1120.036,1164.054,1376,1974,2661,3127,4175,5203,6703,7679,9353,10794,12859,15376,19362,22460,22785,24953,27780.7231408855,30178.1413166897,32452.6812574949,35909.8403131577,39368.8494728617,43029.1292282223,46668.93314469,50241.5177173762,53907.9036343431,57619.8835175213,0.140079721189461,,,,,,,,,,,,,,
,,,,,,,,Non-recurring items,,,,0,0,0,0,0,0,0,0,0,0,201,0,0,0,0,90,30,0,0,24.85,0,0,0,0,0,0,95.1,1094.757,0,0,0,0,0,0,0,0,500,0,0,0,0,61,41,104,0,0,0,0,0,0,0,0,0,0,0,0,0,0,0,0,0,2736,0,0,0,5071,0,0,1697,0,0,0,0,0,0,0,0,0,0,0,0,0,0,0,0,0,0,0,0,0,0,0,0,0,0,0,0,0,0,0,0,0,0,0,,,,,,0,0,0,201,90,54.85,0,1189.857,0,0,500,206,0,0,0,0,2736,5071,1697,0,0,0,0,0,0,0,0,0,0,0,0,0,0,0,0,,,,,,,,,,,,,,,
,,,,,,,,Depreciation (included in expense lines),,,,0,0,0,0,0,0,0,0,21.286,28.538,35.796,42.903,46.478,56.967,67.662,85.705,95.868,110.211,129.55,158.801,170.289,188.137,207.415,241.902,280.564,308.716,309.482,313.475,321,311,311,297.03,264,266,257,280,301,347,363,385,378,473,507,630,584,747,693,757,816,813,884,1010,938,1011,1030,1153,1155,1271,1377,1464,1287,1424,1561,1831,1791,1862,2138,2373,2416,2626,2732,3082,2899,3178,3289,3539,2525,2730,3085,3215,3591,3698,3933,4065,3060,3279,3671,3316,3413,3708,3985,4205,4487,4998,5611,6040,6922.06901781516,7930.12538058695,9213.42873677812,10741.4562929226,12361.916356847,14087.7643515935,15786.6838336109,17672.2153778691,,,,,,9.831,17.815,43.851,128.523,256.812,494.43,807.743,1212.237,1240.03,1067,1396,1988,2781,3523,4132,5267,6103,8164,10856,12905,11555,15287,13326,15311,21136,34807.0794281028,59908.5799199205,90810.879330832,126102.045165127,165147.631957649,202439.320734567,235197.011982852,259885.916142066,265856.475696675,267863.935400176,0.0983595628487652,,,,,,,,,,,,,,
,,,,,,,,Total amortization of intangibles (included in expense lines),,,,0,0,0,0,0,0,0,0,2.389,2.474,5.53,9.557,9.715,9.962,8.303,9.02,15.29,16.01,15.76,30.449,34.703,35.218,41.96,48.034,55.96,82.891,76.764,72.035,82,66,68,68.278,67,76,85,101,100,108,129,118,133,197,321,323,315,283,281,279,270,266,663,257,239,223,218,251,216,219,219,223,216,201,200,195,195,252,217,207,197,209,188,331,209,208,189,186,228,215,219,224,191,201,113,136,126,118,129,0,0,0,0,0,0,0,0,0,130.375844594595,131.431587837838,132.487331081081,133.543074324324,134.598817567568,135.654560810811,136.710304054054,137.766047297297,,,,,,4.351,11.168,11.198,19.95,37,77.509,159.915,287.65,284.278,329,455,974,1158,1456,931,877,812,871,925,792,886,641,373,0,0,527.837837837838,544.72972972973,102,102,102,102,102,102,102,102,,,,,,,,,,,,,,,
,,,,,,,,Core Google amortization of intangibles,,,,0,0,0,0,0,0,0,0,2.389,2.474,5.53,9.557,9.715,9.962,8.303,9.02,15.29,16.01,15.76,30.449,34.703,35.218,41.96,48.034,55.96,82.891,76.764,72.035,82,66,68,68.278,67,76,85,101,100,108,129,118,133,135,139,170,279,246,244,242,270,266,285,257,239,223,1432,1436,216,219,219,223,216,201,200,195,195,252,217,207,197,209,188,331,209,208,189,186,228,215,219,224,191,201,113,136,126,118,129,0,0,0,0,0,0,0,0,0,,,,,,,,,,,,,,4.351,11.168,11.198,19.95,37,77.509,159.915,287.65,284.278,329,455,577,1011,1456,931,877,812,871,925,792,886,641,373,0,0,527.837837837838,544.72972972973,102,102,102,102,102,102,102,102,,,,,,,,,,,,,,,
,,,,,,,,Motorola amortization of intangibles,,,,,,,,,,,,,,,,,,,,,,,,,,,,,,,,,,,,,,,,,,,,,62,182,153,36,37,37,37,,,378,,,,,,,,,,,,,,,,,,,,,,,,,,,,,,,,,,,,,,,,,,,,,,,,,,,,,,,,,,,,,,,,,,,,,,397,147,,,,,,,,,,,,,,,,,,,,,,,,,,,,,,,,,,,,,
,,,,,,,,,,,,,,,,,,,,,,,,,,,,,,,,,,,,,,,,,,,,,,,,,,,,,,,,,,,,,,,,,,,,,,,,,,,,,,,,,,,,,,,,,,,,,,,,,,,,,,,,,,,0.334135713532698,,,,,,,,,,,,,,,,,,,,,,,,,,,,,,,,,,,,,,,,,,,,,,,,,,,,,,,,,,,,,,,
,,,,,,,,Total costs & operating expenses (GAAP),,,,27.078,47.428,73.874,104.662,163.912,206.415,327.386,425.757,496.3,529.254,794.775,728.702,813.746,908.797,1049.285,1349.454,1511.056,1640.619,1758.342,2199.754,2442.762,2767.37,2913.509,3385.945,3639.808,3789.247,3893.826,4935.457,3625,3649,3871,4193.377,4287,4455,4739,5458,6279,6145,6662,7077,7256,8570,10568,11025,9203,9642,9993,11278,11305,11697,12799,13704,12811,12902,13967,15949,14915,15532,16684,19425,18182,21878,19990,24659,23513,29612,25115,31055,29731,29764,31322,36809,33182,31914,34960,41247,38877,42519,44087,53440,47917,50232,51957,57888,52372,52766,55350,62613,55067,57317,59747,65497,59628,65157,71118,77894,69521.0778817111,74081.6226111111,78289.4345698374,87752.2729101774,82052.5450869746,87622.4435898759,93054.20171712,103590.104185284,,,,,,75.462,253.042,1123.47,2549.031,4121.282,7109.771,11509.586,16258.338,15338.377,18939,26163,37419,40116,49505,55629,66556,84709,109295,127626,141303,178923,207994,223101,237628,273797,309644.407972837,366319.294579255,428014.486721289,493950.235457735,564502.986372725,640805.158320103,716430.117564421,790103.602544252,848532.510028056,910335.402094076,0.0992010818005387,,,,,,,,,,,,,,
,,,,,,,,Total costs & operating expenses (adjusted),,,,23.304,43.693,67.692,96.718,127.494,172.25,253.592,340.773,419.827,454.493,525.794,669.171,764.838,861.459,1002.977,1201.299,1366.392,1531.47,1658.482,2040.477,2258.896,2525.846,2715.553,3140.645,3358.759,3516.471,3518.687,3554.528,3347,3356,3553,3918.323,3996,4146,4359,5062,5347,5710,6091,6541,6700,7874,9765,10213,8548,8899,9137,10405,10466,10817,11922,12503,11608,11770,12535,14513,13421,14029,14824,17579,16173,17139,18170,22812,21056,22128,22885,28802,26962,27004,28701,34165,29992,28585,31843,38024,35132,38716,40213,49486,43413,45450,46981,52788,47088,46992,49607,56954,49803,51452,53901,59687,54112,59159,64750,70823,63052.9575366686,67280.6027968302,71173.1018987909,80357.0225996618,75018.6161513202,80391.3089998453,85381.9597742781,95349.2683371216,,,,,,63.079,231.407,894.109,2270.285,3920.573,6651.671,10640.94,15138.302,14174.323,17563,24189,34758,36989,45330,50426,59853,77030,99942,116832,128444,163547,188632,200641,214843,248844,281863.684831951,336141.153262565,395561.805463794,458040.395144577,525134.136899863,597776.02909188,669761.184419731,739862.084826876,794624.606393713,852715.518576554,0.0951985883033573,,,,,,,,,,,,,,
,,,,,,,,,,,,,,,,,,,,,,,,,,,,,,,,,,,,,,,,,,,,,,,,,,,,,,,,,,,,,,,,,,,,,,,,,,,,,,,,,,,,,,,,,,,,,,,,,,,,,,,,,,,38034,,,,,,,,,,,,,,,,,,,,,,,,,,,,,,,,,,,,,,,,,,,,,,,,,,,,,,,,,,,,,,,
,,,,,,,,Total operating income (GAAP),,,,15.207,31.097,56.913,83.249,84.706,104.784,66.556,86.418,155.323,170.958,11.112,302.799,442.77,475.698,529.171,569.639,742.699,815.372,931.331,1005.744,1221.209,1104.615,1317.842,1440.734,1546.235,1577.965,1647.565,765.446999999999,1884,1874,2074,2480.186,2488,2365,2547,2982,2296,2881,3058,3507,3389,3237,2736,3394,3748,3465,3761,4429,4115,4258,3724,4399,4447,4825,4708,5380,5342,5968,5767,6639,6568,4132,7782,7664,7633,3045,8625,8221,6608,9180,9177,9266,7977,6383,11213,15651,16437,19361,21031,21885,20094,19453,17135,18160,17415,21838,21343,23697,25472,27425,28521,30972,30606,31271,31228,35934,40108.0805088389,43177.3397040771,44405.9563102754,46706.8236446517,45837.0719249246,48814.0581088141,51705.0802232918,54887.5082793853,,,,,,10.964,186.466,342.464,640.192,2017.278,3495.146,5084.4,5537.212,8312.186,10382,11742,12756,15403,16496,19360,23716,26146,27524,34231,41224,78714,74842,84293,112390,129039,174398.200167843,201243.718536416,231976.004992324,267312.133594769,307039.997294334,350159.941873797,403496.044586766,468406.130083191,558197.170751858,654510.712730585,0.126052302432388,,,,,,,,,,,,,,
,,,,,,,,Total operating margin (GAAP),,,,0.359631074849237,0.396014008277619,0.435157928540298,0.443023559025283,0.340707430676781,0.336710593543038,0.168948728493027,0.168727485722653,0.238363286747092,0.244151771177872,0.0137885336281637,0.293551823992415,0.352379118132996,0.343589539868327,0.335245961876669,0.296827199098741,0.329538481334484,0.331993073264519,0.346261794649387,0.31375592809604,0.333302037598005,0.285283904767193,0.311447100465076,0.298493850533669,0.298153139108179,0.294000870470554,0.297319752387081,0.134267652989771,0.341985841350517,0.33930834691291,0.348864592094197,0.3716434534296,0.367232472324723,0.346774193548387,0.349574526489157,0.353317535545024,0.267755102040816,0.31918900952803,0.314609053497942,0.331349206349206,0.318365429779239,0.2741593969679,0.205652435357787,0.235383868506831,0.289398502046174,0.264362554360266,0.273447724298386,0.281976188960336,0.26686121919585,0.266875587590097,0.225382799733705,0.242998398055571,0.257677598794762,0.272183674620635,0.252101740294511,0.252238735993249,0.263711309670731,0.277581395348837,0.256870518017015,0.254719152854512,0.265373737373737,0.158861976163014,0.280210283739018,0.237106704204436,0.245071598279073,0.0932418776985026,0.255631298162419,0.209313575720542,0.181843198767165,0.235723089564503,0.226598187609571,0.201106890938687,0.193809373405574,0.166671018617646,0.24284755159942,0.275071180006327,0.297158043171711,0.312879767291532,0.322967535857981,0.290540989047461,0.295452206260752,0.279156202913109,0.248002663115846,0.238796549547654,0.249545044205941,0.29271888906761,0.278291369486133,0.274556830031283,0.316269136691541,0.32362936914399,0.323118230842434,0.321056505198561,0.339184786222488,0.324293773592732,0.305121841596154,0.315686825737077,0.365852306974348,0.368222085984506,0.361920329620735,0.347368269171776,0.358411206444225,0.35777858198546,0.357179722987128,0.346342347198231,,,,,,0.126859972693403,0.424260764309182,0.233614883071134,0.200736041349257,0.328623976958766,0.329577874112546,0.306400162082817,0.254052409780896,0.351458271839026,0.354080693018656,0.309774436090226,0.25423019431988,0.27743655325204,0.249935607036257,0.258171198442438,0.262717121588089,0.235857651887601,0.201170890007967,0.211489154006314,0.225851517857632,0.305522886852432,0.26461270842467,0.274218104452266,0.321097772114577,0.3203263859238,0.360295141863125,0.354575111284431,0.351483859093207,0.351143238470432,0.352294726764306,0.353352445818003,0.360288078110185,0.37219110662361,0.396804857662763,0.418258834865639,,,,,,,,,,,,,,,
,,,,,,,,,,,,,,,,,,,,,,,,,,,,,,,,,,,,,,,,,,,,,,,,,,,,,,,,,,,,,,,,,,,,,,,,,,,,,,,,,,,,,,,,,,,,,,,,,,,,,,,,,,,,,,,,,,,,,,,,,,,,,,,,,,,,,,,,,,0.0659014825442372,0.309434832756632,,,,,,,,,,,,,,,,,,,,,,,,,,,,,,,
,,,,,,,,"Total operating income, non-GAAP",,,,18.981,34.832,63.095,91.193,121.124,138.949,140.35,171.402,231.796,245.719,280.093,362.33,491.678,523.036,575.479,717.794,887.363,924.521,1031.191,1165.021,1405.075,1346.139,1515.798,1686.034,1827.284,1850.741,2022.704,2146.376,2162,2167,2392,2755.24,2779,2674,2927,3378,3228,3316,3629,4043,3945,3933,3539,4206,4403,4208,4617,5302,4954,5138,4979,5600,5650,5957,6140,6816,6836,7471,7627,8485,8577,8871,9602,9511,10090,10529,10855,10474,9377,11940,11798,11910,11167,9712,14330,18874,20182,23164,24905,25839,24598,24235,22111,23260,22699,27612,27086,29356,30736,33290,34367,36782,36122,37269,37596,43005,46576.2008538813,49978.359518358,51522.2889813219,54102.0739551673,52871.0008605791,56045.1926988447,59377.3221661336,63128.3441275481,,,,,,23.347,208.101,571.825,918.938,2217.987,3953.246,5953.046,6657.248,9476.24,11758,13716,15417,18530,20671,24563,30419,33825,36877,45025,54083,94090,94204,106753,135175,153992,202178.923308729,231421.859853106,264428.686249819,303221.973907927,346408.846767196,393189.07110202,450164.977731456,518647.647800567,612105.074386201,712130.596248106,,,,,,,,,,,,,,,
,,,,,,,,Total operating margin (adjusted),,,,0.448882582476055,0.443578478191659,0.48242562334177,0.485298891496506,0.487189181796974,0.446495650692965,0.356270720055237,0.334655147166496,0.355721022738608,0.350920863966913,0.347558652763973,0.351264807305083,0.391302617714379,0.377781068187317,0.364583491715955,0.374027730808252,0.393726469824804,0.376435011366084,0.383388984460193,0.363444619213614,0.383484203341129,0.347661212530524,0.358230267354327,0.349315543876027,0.352346480736855,0.344823532217472,0.36501737560118,0.376497481802886,0.392448720275912,0.392359225058845,0.402354920100925,0.41285891809218,0.410184501845018,0.39208211143695,0.401729343947296,0.400236966824645,0.376443148688047,0.367383115444272,0.373353909465021,0.381991685563114,0.37059652418976,0.333107478614381,0.266010222489477,0.291698453429503,0.339973747200988,0.321049820706493,0.33568416460666,0.337556503469791,0.321271076523995,0.322030711375744,0.301337529504327,0.309340993205546,0.327384401437015,0.336041067298471,0.328781793842035,0.319564911622673,0.337463592832107,0.347488372093023,0.339717607233531,0.32554481276857,0.346545454545455,0.341061130334487,0.345743914734265,0.294248677412369,0.323958132665511,0.322411734084576,0.321724955542383,0.266676851003157,0.258042323674289,0.306594083812654,0.291315834958888,0.25849158979924,0.27131368594961,0.253596887484659,0.31035453620081,0.331716404794545,0.36486242181003,0.374337427278604,0.382459534998004,0.343033521407235,0.36167678757848,0.347779292530674,0.320022578590864,0.305859457184936,0.325261151790448,0.370114202991797,0.353174344464293,0.340122813115514,0.381628776120886,0.392839442071228,0.389348348212263,0.381283106490168,0.400314737238735,0.38649562367777,0.367342153088543,0.377806866500334,0.424852306974348,0.426222085984506,0.419920329620735,0.402368269171776,0.413411206444224,0.41077858198546,0.410179722987128,0.398342347198231,,,,,,0.270138615694351,0.473486261911046,0.390075542282258,0.288138521514488,0.361320407391962,0.372774817568115,0.35874719913588,0.305440697757111,0.400677142442656,0.401009515364415,0.471437409775211,0.393100283026084,0.428330366843115,0.393695838491572,0.327554708023844,0.336970489188231,0.305128320779397,0.269531278550494,0.278177650642234,0.296301369112515,0.36520375567174,0.333069340536565,0.347283941781557,0.386194424286751,0.382269707771897,0.417688277660813,0.407746548850499,0.400655296659276,0.398314676036501,0.397466164330374,0.396773883384072,0.401959515676253,0.412112544189678,0.435126295228832,0.455080272431708,,,,,,,,,,,,,,,
,,,,,,,,,,,,,,,,,,,,,,,,,,,,,,,,,,,,,,,,,,,,,,,,,,,,,,,,,,,,,,,,,,,,,,,,,,,,,,,,,,,,,,,,,,,,,,,,,,,,,,,,,,-0.0220061951237198,-0.00347623998983398,,,,,,,,,,,,,,,,,,,,,,,,,,Rule of 40,0.43873583758796,0.394350953294638,0.466520346061012,0.463868552277534,0.435386757582727,0.39449005300426,0.353556837985893,0.717023651122923,0.362420864861828,0.361045806724962,0.459760205343593,0.471227196739244,0.561882408494409,0.527122741535024,0.51433358055507,0.504587687459304,0.497160175389875,,,,,,,,,,,,,,,,,,,,
,,,,,,,,EBITDA (adjusted),,,,18.981,34.832,63.095,91.193,121.124,138.949,140.35,171.402,255.471,276.731,321.419,414.79,547.871,589.965,651.444,812.519,998.521,1050.742,1176.501,1354.271,1610.067,1569.494,1765.173,1975.97,2163.808,2242.348,2408.95,2531.886,2565,2544,2771,3120.548,3110,3016,3269,3759,3629,3771,4121,4546,4456,4603,4367,5159,5302,5238,5591,6338,6040,6217,6526,6867,6827,7191,7388,8220,8207,8961,9223,10172,10080,10496,11363,11537,12076,12643,13210,13054,11990,14775,14718,15323,14275,13098,17808,22599,22935,26109,28209,29278,28380,28134,26157,27461,25885,31009,30886,32672,34149,36998,38352,40987,40609,42267,43207,49045,53628.6457162911,58039.9164867828,60868.2050491811,64977.0733224142,65367.5160349936,70268.6116112491,75300.7163037986,80938.3255527145,,,,,,37.529,237.084,626.874,1067.411,2511.799,4525.185,6920.704,8157.135,11000.548,13154,15567,18379,22469,25650,29626,36563,43476,45912,56806,67780,106531,110132,120452,150486,175128,237513.840574669,291875.169502756,355341.565580651,429426.019073054,511658.478724845,595730.391836587,685463.989714309,778635.563942633,878063.550082876,980096.531648282,0.122035759719081,,,,,,,,,,,,,,
,,,,,,,,EBITDA margin,,,,0.518705763397371,0.599332392718263,0.69209674765535,0.746736869687689,0.750351560806081,0.647482047912618,0.560409196540517,0.655941096105347,0.671191704127181,0.653882687636456,0.639020491583281,0.634525570559017,0.689392185384465,0.662736816090856,0.621277261300303,0.629765469197244,0.652178399861533,0.628888951400863,0.631043787911539,0.607324191510105,0.634141547894797,0.57615456199054,0.586387314546196,0.583436356490932,0.584869404966912,0.575963497492559,0.595362403801501,0.600328061336752,0.62975693591947,0.625061425061425,0.631782945736434,0.630138385994161,0.614139020537125,0.592767295597484,0.596424010217114,0.590017265735363,0.555147621232981,0.545257374204743,0.548735019973369,0.559094822285082,0.547756607252612,0.499945693494081,0.414562369470287,0.454817949396103,0.530783862248473,0.51892213195958,0.518549434242256,0.511293965795418,0.495569412536922,0.490996682988469,0.495332068311196,0.474240331491713,0.490692158412995,0.501114982578397,0.488980078099146,0.475859673497742,0.498330196126055,0.51132667617689,0.504844271717116,0.479449472096531,0.500969136722827,0.501744825278455,0.510237988325101,0.445908862520775,0.485799340252635,0.481876738956436,0.486412843361072,0.40998743718593,0.406730214729129,0.466000126159087,0.445878396800873,0.407808591047001,0.423502536565105,0.414454323956586,0.468545267976952,0.486711750516885,0.50293846761107,0.512433514553198,0.526091010816859,0.473003974280268,0.506595740882883,0.489533851855719,0.456763175357105,0.435039526004784,0.44578582991768,0.499605265277845,0.482209489313204,0.451744925612521,0.505215037060051,0.51850606124308,0.514453580866276,0.502162433687409,0.53093376565646,0.51719834073639,0.493963644678175,0.504417315465232,0.569786634520028,0.574349596464488,0.571905600810786,0.557932337190667,0.587684015154201,0.589896044771871,0.59291815909749,0.582488254832373,,,,,,0.434232754032352,0.687184065297037,0.667289027222775,0.544452169140581,0.624257268258253,0.620218261302554,0.593537989342446,0.514433152230466,0.629280099956736,0.597800399927286,0.535058775005156,0.468624901195849,0.519382353621044,0.488524902390249,0.488507073838341,0.497597953156684,0.487492010809235,0.417029238916189,0.431106186631049,0.4526240575897,0.502336481650013,0.47088904186317,0.469583794657477,0.509918066671636,0.510711265346592,0.568126766998525,0.588099628699753,0.609290309652323,0.632413612616188,0.652818874711764,0.664210038256729,0.672386550524186,0.676241845255579,0.679412971921814,0.679500204723069,,,,,,,,,,,,,,,
,,,,,,,,Incremental EBITDA margin,,,,,0.599332392718263,0.69209674765535,0.746736869687689,0.818256829287832,0.665365124200382,0.485035504184534,0.576276179185975,0.612896897810219,0.660466989113814,0.71697717238512,0.62026432616197,0.706121571724227,0.670761034127581,0.604918901183902,0.624876667735023,0.612014303194588,0.590288702478619,0.643596541871522,0.576512841796096,0.60674302223598,0.492504466938956,0.513730082958221,0.537392350639349,0.47708654986077,0.575518314092481,0.62144236152673,0.669193776520507,1.07455330956698,1.7062922822816,1.06545147421051,0.80127242707161,0.549949545913219,0.463654223968566,0.454794520547945,0.449982626616024,0.35234215885947,0.413019693654267,0.419911286347955,0.447159090909091,0.517521902377973,0.363160192055871,0.0813492063492064,0.190846824408468,0.456310679611651,0.715896279594138,4.93548387096774,1.11965811965812,0.335607094133697,0.381230529595016,0.390722941913916,0.25383877159309,0.456231884057971,0.577014218009479,0.445708376421923,0.484251968503937,0.539906103286385,0.55748031496063,0.580696202531646,0.495180111618468,0.512869660460022,0.452268709487331,0.534866283429143,0.29310715052609,0.421363732320034,0.40372320421211,0.377864157119476,0.254231607172784,-0.0186106903267691,0.389833607606509,0.257733720731499,0.395709801185909,0.540444654683065,16.2815533980583,0.618247298919568,0.821404380221269,0.728036990332072,0.672472606987802,0.666175622878371,0.431850510797879,0.522602936942125,0.31058282208589,-0.562808557323094,-1.48326530612246,-1.2200488997555,0.625543951261967,0.696978629329403,0.566351483534399,0.867429411147266,0.644810508182601,0.711183082491903,0.894374529418092,0.726414033509502,0.508198302469136,0.375744911384568,0.516207559256887,0.738302207689053,0.815968941395945,0.931473076842371,0.828522930254146,0.686144859512789,0.676851061372661,0.701640211543491,0.709634144082675,,,,,,,0.771728117192999,0.655741841709481,0.431438395673639,0.70009311063686,0.615252087345992,0.54893125959419,0.294636389112357,1.75020943449301,0.476128589201866,0.34033850493653,0.277728395061728,1.01187530925285,0.344115101687581,0.488392089423904,0.54055949505182,0.440206316861946,0.116499282639885,0.502606689734717,0.610310883710583,0.621786848945798,0.165107748739111,0.456092279135546,0.777881377881378,0.515609306996987,0.830097159397994,0.694825482653212,0.73030950901284,0.773150748673234,0.785104812994016,0.743126453860463,0.732228234223111,0.70602422384649,0.705314163656748,0.680251829476657,,,,,,,,,,,,,,,
,,,,,,,,,,,,,,,,,,,,,,,,,,,,,,,,,,,,,,,,,,,,,,,,,,,,,,,,,,,,,,,,,,,,,,,,,,,,,,,,,,,,,,,,,,,,,,,,,,,,,,,,,,,,,,,,,,,,,,,,,,,,,,,,,,,,,,,,,,,,,,,,,,,,,,,,,,,,,,,,,,,,,,,,,,
,,,,,,,,"Interest and other income, net",,,,,,,,,,,,,,,,13.686,19.722,20.797,70.194,67.919,160.805,108.18,121.671,130.728,137.13,154.428,167.294,167.343,57.923,21.217,69.901,6,-18,-7,88.003,18,69,167,160,96,204,302,-18,156,254,63,153,134,236,14,112,357,145,133,128,157,131,183,-180,-213,151,278,218,251,245,197,354,2910,1170,1458,1851,1538,2967,-549,1438,-220,1894,2146,3038,4846,2624,2033,2517,-1160,-439,-902,-1013,790,65,-146,715,2843,126,3185,1271,11183,2662,12759,3183,580.460521640807,499.811803757614,271.008210380703,-100.688794293817,-451.145770784991,-464.258051565442,-667.103444907081,-1026.64191396713,,,,,,,0,0,0,124.399,458.575,589.58,316.384,69.003,414,584,626,496,763,291,434,1047,7389,5394,6858,12020,-3514,1424,7425,29787,1250.59174148531,-2609.14918122465,-6220.19227187034,-9345.92336829693,-12044.3137422161,-12064.325509038,-11265.36156178,-9544.86631618927,-6883.78858823537,-3304.72422516966,,,,,,,,,,,,,,,
,,,,,,,,Interest income,,,,,,,,,,,,,,,,11.729,15.655,25.351,68.303,78.924,103.187,108.23,121.722,130.475,137.984,146.114,144.632,122.003,88.086,90.996,88.448,66,50,47,67,95,136,172,176,190,212,211,199,182,180,172,179,180,182,196,208,168,169,187,222,226,240,259,274,270,307,318,325,312,294,306,400,399,456,481,542,522,653,631,621,586,433,460,386,345,389,387,378,414,486,615,659,797,892,1066,1110,1061,1090,1243,1088,1001,1050,1076,1210,1282.93765510797,1198.79791222478,966.503293847866,1265.90660031441,908.208598823238,887.855293042787,677.768874701147,970.580716782162,,,,,,,,,0,121.038,412.063,559.205,389.533,230,579,812,713,766,746,999,1220,1312,1878,2427,1865,1499,2174,3865,4482,4337,4714.14546149503,3444.41348334933,2835.82653560502,2712.5515820798,3016.617351062,2996.60558424013,3795.56953149813,5516.06477708883,8177.14250504273,11756.2068681084,,,,,,,,,,,,,,,
,,,,,,,,Interest expense ,,,,,,,,,,,,,,,,-0.123,-0.026,-0.388,-0.239,-0.008,-0.177,-0.021,-0.051,-0.342,0,0,0.342,0,0,0,0,0,0,0,0,0,0,0,-5,-4,-13,-21,-20,-20,-22,-21,-21,-21,-19,-19,-22,-24,-27,-25,-25,-26,-26,-26,-26,-30,-32,-29,-33,-25,-21,-27,-36,-30,-27,-28,-29,-35,-25,-23,-17,-21,-13,-48,-53,-76,-76,-77,-117,-83,-83,-101,-90,-80,-43,-116,-69,-94,-67,-54,-53,-34,-261,-143,-298,-638.477133467163,-634.986108467163,-631.495083467163,-1302.59539460823,-1295.35436960823,-1288.11334460823,-1280.87231960823,-1933.22263074929,,,,,,,,,0,-0.776,-0.257,0,0,0,-5,-58,-84,-81,-101,-104,-124,-109,-114,-100,-135,-346,-357,-308,-268,-736,-3207.55372000972,-5797.56266457398,-8800.01880747535,-11802.4749503767,-14804.9310932781,-14804.9310932781,-14804.9310932781,-14804.9310932781,-14804.9310932781,-14804.9310932781,,,,,,,,,,,,,,,
,,,,,,,,"Foreign currency exchange losses, net",,,,,,,,,,,,,,,,0,0,0,0,0,0,0,0,0,0.594,2.76,-19.523,1.726,-42.733,-81.47,-49.4,-91,-84,-74,-11,-105,-106,-70,-74,-128,-72,-24,-155,-143,-149,-147,-92,-61,-48,-159,-111,-109,-93,-67,-133,-62,-99,-100,-161,-186,-128,-123,-38,-2,-46,-53,-20,-24,-33,-55,32,74,-52,41,40,-81,-92,-84,-87,113,-51,-139,-163,-73,-260,-136,-185,-210,-268,-311,-449,-238,-173,23,-21,-106,-69,-143,-64,-64,-64,-64,-64,-64,-64,-64,-64,,,,,,,,,0,0,0,-16.169,-171.877,-260,-355,-379,-531,-379,-402,-422,-475,-121,-80,103,-344,-240,-654,-1238,-409,-382,-256,-256,-256,-256,-256,-256,-256,-256,-256,-256,,,,,,,,,,,,,,,
,,,,,,,,"Gain (loss) on marketable securities, net",,,,,,,,,,,,,,,,0,0,0,0,0,0,0,0,8.053,-1.024,9.977,34.192,46.571,7.252,10.939,29.443,32,18,19,28,25,43,62,55,27,75,109,43,120,55,36,71,60,101,-26,23,74,48,18,13,32,53,-6,-287,-167,-9,50,-84,-22,-15,-44,1,3031,1062,1382,1252,1083,2699,-1528,4,-814,1455,1899,210,4837,2772,2158,-172,-1070,-1041,-1378,-1663,84,-509,-869,471,1781,-1024,1981,-67,9960,1451,10856,2353,0,0,0,0,0,0,0,0,,,,,,,,,0,0,0,51.198,94.205,97,185,254,282,158,153,-208,-210,-80,6727,2258,2750,9595,-5152,-823,2671,24620,0,0,0,0,0,0,0,0,0,0,,,,,,,,,,,,,,,
,,,,,,,,Other,,,,,,,,,,,,,,,,0,0,0,0,0,0,0,0,0,0,0,0,0,0,0,0,0,0,0,0.003,0,0,0,0,0,0,0,-110,0,188,0,0,0,0,0,-57,220,33,-6,0,-48,-70,7,-15,-113,-5,40,13,-46,-1,-32,-35,-678,-337,-371,-14,-159,-361,262,862,92,258,7,3002,-746,-320,-492,2471,-223,200,-45,162,67,-101,-36,-301,78,160,-78,-130,-62,336,-204,-86,0,0,0,0,0,0,0,0,,,,,,,,,0,0,0,0,0,0.003,0,-110,188,-57,247,-126,-65,-114,-1400,604,3359,913,94,-371,30,-16,0,0,0,0,0,0,0,0,0,0,,,,,,,,,,,,,,,
,,,,,,,,"Other income (expense), net",,,,-0.501,-0.31,-0.677,-0.063,-0.047,0.766,0.464,3.007,0.3,-1.498,3.866,12.466,2.08,4.093,-4.166,2.13,-10.997,57.795,-0.029,2.469,-7.458,-0.424,-4.423,7.651,-2.957,5.318,0.752,1.41,-1,-2,1,4,3,-4,3,8,11,2,27,25,17,2,23,16,-24,20,22,71,28,15,26,51,35,33,49,35,13,18,22,35,34,34,47,44,212,49,49,68,53,53,68,-72,18,-147,-88,-420,373,-90,196,120,-125,259,143,104,132,94,120,-47,255,140,70,454,424,155,1317,68,0,0,0,0,0,0,0,0,,,,,,0.861,-1.551,4.19,15.134,4.137,49.238,-4.654,4.523,2,10,65,58,89,120,152,88,159,378,102,-637,599,381,299,919,1964,0,0,0,0,0,0,0,0,0,0,,,,,,,,,,,,,,,
,,,,,,,,"Interest and other income, net",,,,,,,,,,,,,,,,13.686,19.722,20.797,70.194,67.919,160.805,108.18,124.14,130.728,137.13,154.428,167.294,167.343,57.923,21.217,69.901,6,-18,-7,88.003,18,69,167,160,96,204,302,-18,156,254,63,153,134,236,14,112,357,145,133,128,157,131,183,-180,-213,151,278,218,251,245,197,354,2910,1170,1458,1851,1538,2967,-549,1438,-220,1894,2146,3038,4846,2624,2033,2517,-1160,-439,-902,-1013,790,65,-146,715,2843,126,3185,1271,11183,2662,12759,3183,580.460521640807,499.811803757614,271.008210380703,-100.688794293817,-451.145770784991,-464.258051565442,-667.103444907081,-1026.64191396713,,,,,,,,,,124.399,461.044,589.58,316.384,69.003,414,584,626,496,763,291,434,1047,7389,5394,6858,12020,-3514,1424,7425,29787,1250.59174148531,-2609.14918122465,-6220.19227187034,-9345.92336829693,-12044.3137422161,-12064.325509038,-11265.36156178,-9544.86631618927,-6883.78858823537,-3304.72422516966,,,,,,,,,,,,,,,
,,,,,,,,,,,,,,,,,,,,,,,,,,,,,,,,,,,,,,,,,,,,,,,,,,,,,,,,,,,,,,,,,,,,,,,,,,,,,,,,,,,,,,,,,,,,,,,,,,,,,,,,,,,,,,,,,,,,,,,,,,,,,,,,,,,,,,,,,,,,,,,,,,,,,,,,,,,,,,,,,,,,,,,,,,
,,,,,,,,"Realized gains on marketable securities, net",,,,0,0,0,0,0,0,0,0,0,0,0,0,0,0,0,0,0,0,0,0,-0.342,-1.024,9.977,42.587,46.571,7.252,10.939,29.443,32,18,19,27.738,25,43,62,55,27,75,107,45,120,55,36,71,60,144,-26,23,294,48,18,0,0,0,0,0,0,0,0,0,0,0,0,0,0,0,0,0,0,0,0,0,0,0,0,0,0,0,0,0,0,0,0,0,0,0,0,0,0,0,0,0,0,0,0,0,0,0,0,0,0,0,0,0,,,,,,0,0,0,0,,,,,,,,,,,,,0,0,0,0,0,0,0,0,0,0,0,0,0,0,0,0,0,0,0,,,,,,,,,,,,,,,
,,,,,,,,FX hedging (expenses),,,,0,0,0,0,0,0,0,0,0,0,0,0,0,0,0,0,0,0,0,0,8.053,0.594,2.76,-27.576,1.726,-42.733,-81.47,-49.4,-91,-84,-74,-10.778,-105,-106,-70,-62,-113,-58,-18,-190,-126,-120,-124,-161,-51,38,-153,-213,109,93,-67,0,0,0,0,0,0,0,0,0,0,0,0,0,0,0,0,0,0,0,0,0,0,0,0,0,0,0,0,0,0,0,0,0,0,0,0,0,0,0,0,0,0,0,0,0,0,0,0,0,0,0,0,0,,,,,,-1.758,0,0,0,,,,,,,,,,,,,0,0,0,0,0,0,0,0,0,0,0,0,0,0,0,0,0,0,0,,,,,,,,,,,,,,,
,,,,,,,,"Other income / (expense), net",,,,0,0,0,0,0,0,0,0,0,0,0,-5.092,2.08,4.093,-4.166,2.13000000000001,-10.997,57.795,-0.0289999999999964,57.319,-7.11599999999997,-0.424000000000013,-4.42300000000001,7.30900000000002,-2.95700000000001,5.318,0.75200000000001,1.40999999999998,-1,-2,1,4.04000000000002,3,-4,3,-4,-4,-12,23,-52,0,16,0,143,-34,-109,16,203,-190,-138,20,0,0,0,0,0,0,0,0,0,0,0,0,0,0,0,0,0,0,0,0,0,0,0,0,0,0,0,0,0,0,0,0,0,0,0,0,0,0,0,0,0,0,0,0,0,0,0,0,0,0,0,0,0,,,,,,0.001,0,0,-5.092,,,,,,,,,,,,,0,0,0,0,0,0,0,0,0,0,0,0,0,0,0,0,0,0,0,,,,,,,,,,,,,,,
,,,,,,,,Pre-tax income (adjusted),,,,18.48,34.522,62.418,91.13,121.077,139.715,140.814,174.409,232.096,244.221,283.959,369.704,505.364,542.758,596.276,787.988,955.282,1085.326,1139.371,1344.011,1535.803,1483.269,1670.226,1853.328,1994.627,1908.664,2043.921,2216.277,2168,2149,2385,2843.243,2797,2743,3094,3538,3324,3520,3931,4025,4101,4138,3602,4412,4537,4444,4631,5427,5311,5283,5112,5728,5807,6088,6323,6636,6623,7622,7905,8703,8828,9116,9799,9865,13000,11699,12313,12325,10915,14907,11249,13348,10947,11606,16476,21912,25028,25788,26938,28356,23438,23796,21209,22247,23489,27677,26940,30071,33579,33416,37552,38053,47305,39931,50355,46188,47156.6613755221,50478.1713221156,51793.2971917026,54001.3851608735,52419.8550897941,55580.9346472793,58710.2187212266,62101.702213581,,,,,,22.451,206.55,576.015,928.98,2342.386,4523.99,6542.626,6973.632,9545.243,12172,14300,16043,19039,21434,24854,30853,34872,44266,50419,60941,106110,90690,108177,142600,183779,203429.515050214,228812.710671881,258208.493977949,293876.05053963,334364.53302498,381124.745592982,438899.616169676,509102.781484378,605221.285797966,708825.872022937,,,,,,,,,,,,,,,
,,,,,,,,Pre-tax income (GAAP),,,,14.706,30.787,56.236,83.186,84.659,105.55,67.02,89.425,155.623,169.46,14.978,310.173,456.456,495.42,549.968,639.833,810.618,976.177,1039.511,1184.734,1351.937,1241.745,1472.27,1608.028,1713.578,1635.888,1668.782,835.347999999999,1890,1856,2067,2568.189,2506,2434,2714,3142,2392,3085,3360,3489,3545,3442,2799,3600,3882,3701,3775,4541,4472,4403,3857,4527,4604,4956,4891,5200,5129,6119,6045,6857,6819,4377,7979,8018,10543,4215,10083,10072,8146,12147,8628,10704,7757,8277,13359,18689,21283,21985,23064,24402,18934,19014,16233,17147,18205,21903,21197,24412,28315,27551,31706,32243,41789,33933,43987,39117,40688.5410304797,43677.1515078347,44676.9645206561,46606.1348503579,45385.9261541396,48349.8000572487,51037.9767783847,53860.8663654181,,,,,,10.068,184.915,346.654,650.234,2141.677,4011.04,5673.98,5853.596,8381.189,10796,12326,13386,15899,17259,19651,24150,27193,34913,39625,48082,90734,71328,85717,119815,158826,175648.791909328,198634.569355191,225755.812720454,257966.210226472,294995.683552118,338095.616364759,392230.683024986,458861.263767001,551313.382163623,651205.988505415,,,,,,,,,,,,,,,
,,,,,,,,,,,,,,,,,,,,,,,,,,,,,,,,,,,,,,,,,,,,,,,,,,,,,,,,,,,,,,,,,,,,,,,,,,,,,,,,,,,,,,,,,,,,,,,,,,,,,,,,,,,,,,,,,,,,,,,,,,,,,,,,,,,,,,,,,,,,,,,,,,,,,,,,,,,,,,,,,,,,,,,,,,
,,,,,,,,Income tax provision (adjusted),,,,6.78,14.194,25.929,38.356,58.859,73.382,46.594,62.171,127.227594200168,125.122412902049,10.9305,133.341304014211,108.434715526786,164.674630600299,182.334203091816,285.397824315095,249.445117078575,285.28382219618,331.791532412836,192.975410607782,385.753407888089,368.605023475029,444.746091837774,455.574715053469,470.766734106064,456.182274803043,459.270830356512,556.960593207861,551.261375661376,454.192887931035,515.080309627479,672.552813693618,630.731444533121,682.547247329499,649.131540162122,707.25493316359,710.832775919732,691.304700162075,771.225892857143,924.515333906564,797.574047954866,867.602847181871,925.448017148982,939.485833333333,495,1087,812,1030,1093,1179,1191,1074,1346,1259,1221,593,1375,1758,1579,2110,2032.01871505959,1491.38446751463,1828.2198953262,11629.0220730554,1929.78858471256,1795.22821433506,1608.86839444804,1850.72296308377,2383.94916846361,3093.82442194637,2410.50697012365,892.686344854995,1960.29055936748,2404.74541337887,3131.57351288944,4518.35470096463,4582.89775110852,4711.44345788001,5405.35686030471,5066.34237576048,3989.03024596512,4598.227098019,3976.87958423715,5221.48381257409,4917.28196913192,5465.64959688631,3432.12471011221,5624.77345951489,6385.17872814399,5823.73167199873,7253.26835466077,7507.5162582271,8924.55956218746,7522.89850075619,10866.523531192,6684.83539812427,8323.89598447408,8857.66205276095,9065.57005257223,9409.93271905366,9082.50177407277,9570.70721622475,10074.1927740742,10626.6859748987,,,,,,4.41535329757648,85.259,241.006,396.621811116429,740.841373533996,1059.49588229537,1654.67923825436,1943.18043247348,2193.08738691351,2669.66516518833,3097.87870284551,3530.11074561905,3424,4537,4419,6822,16980.6451509558,7184.60815657943,8780.96690538863,12014.9641866004,19766.0404450537,17785.6207407954,19439.8297356453,26969.6950130306,33998.8169922599,36966.0171146755,41408.5316882211,47368.9195345542,54012.9099966627,61526.0861468103,70193.9230004464,80791.4751833404,93578.5130685385,110494.114177806,128929.728959844,,,,,,,,,,,,,,,
,,,,,,,,Tax impact due to SBC,,,,0,0,0,0,0,0,0,0,34.1706566009699,33.4056785812654,46,24,19.3144498867243,9,11,14,27,26,21,35,27,43,31,42,51,48,63,65,64,70,73,62,65,70,85,89,92,91,116,114,118,173,231,217,141,160,200,184,190,195,258,255,257,234,309,316,453,516,595,586,639.018715059588,638.384467514626,581.219895326198,591.022073055397,787.788584712563,775.228214335058,717.868394448037,726.722963083771,894.949168463613,893.824421946368,850.50697012365,859.686344854995,1039.29055936748,1086.74541337887,1019.57351288944,1056.35470096463,1229.89775110852,1251.44345788001,1277.35686030471,1306.34237576048,1491.03024596512,1586.227098019,1653.87958423715,1698.48381257409,1763.28196913192,1930.64959688631,1924.12471011221,1899.77345951489,1732.17872814399,1891.73167199873,1848.26835466077,1800.5162582271,1675.55956218746,1785.89850075619,1858.52353119201,2022.83539812427,1813.72941959733,1869.3178115074,1917.25572926726,1952.95114299639,1820.75358941043,1834.73920706497,1908.11648953268,2008.94735643179,,,,,,0,0,0,137.576335182235,53.3144498867243,109,143,227,269,309,413,739,685,898,1116,2150,2449.64515095581,2983.66077573768,3443.34806086952,4102.09493373366,4905.0324054039,6176.58932319395,7164.86913536495,7268.54600397553,7960.15046904549,8862.21040918297,9627.00059139055,10352.5919101363,11455.4455260742,12558.8893358386,13726.5396228371,14887.6579995013,16027.3330190169,17196.9312066756,18381.0741317013,,,,,,,,,,,,,,,
,,,,,,,,Tax impact due to amortization,,,,0,0,0,0,0,0,0,0,1.40693759919806,1.31973432078367,1.9355,3.26830401421142,1.85726564006169,3.06863060029874,2.54820309181625,3.77282431509472,4.11811707857462,4.18382219617959,4.64153241283642,3.958410607782,8.97840788808946,8.98002347502909,11.4650918377743,11.9957150534692,13.2747341060635,19.6852748030427,17.4268303565115,39.0555932078607,20.2613756613757,13.1928879310345,14.0803096274794,15.8118136936183,14.7314445331205,18.5472473294988,17.1315401621223,19.2549331635901,24.8327759197324,20.3047001620746,24.2258928571429,26.5153339065635,24.574047954866,37.602847181871,71.4480171489818,59.4858333333333,0,0,0,0,0,0,0,0,0,0,0,0,0,0,0,0,0,0,0,0,0,0,0,0,0,0,0,0,0,0,0,0,0,0,0,0,0,0,0,0,0,0,0,0,0,0,0,0,0,0,0,0,0,0,0,0,0,0,0,0,,,,,,1.33235329757648,0,0,7.93047593419315,11.2469236472714,16.9018822953726,41.4192382543621,89.4424324734784,63.3463869135079,69.6651651883317,95.8787028455133,193.110745619052,0,0,0,0,0,0,0,0,0,0,0,0,0,0,0,0,0,0,0,0,0,0,0,,,,,,,,,,,,,,,
,,,,,,,,Tax rate (adjusted),,,,0.366883116883117,0.411158102079833,0.415409016629818,0.420893229452431,0.486128661925882,0.525226353648499,0.330890394421009,0.356466696099399,0.548167974459568,0.51233273511307,0.0384932331780292,0.360670439092386,0.214567550373169,0.303403414782092,0.305788264313533,0.362185495610459,0.261121969301813,0.262855420579789,0.29120587799131,0.143581719649454,0.251173755936204,0.248508546645975,0.266278989692278,0.245814402552311,0.236017427873013,0.23900606644388,0.224700871685604,0.251304594690944,0.254271852242332,0.211350808716163,0.215966586845903,0.236544260794318,0.225502840376518,0.248832390568538,0.209803342004564,0.199902468389935,0.213848608880786,0.196393380727862,0.196190763891413,0.229693250660016,0.194482820764415,0.209667193615725,0.256926156898662,0.212938765488063,0.109102931452502,0.244599459945995,0.175340099330598,0.189791781831583,0.20579928450386,0.223168654173765,0.232981220657277,0.1875,0.231789219907009,0.206800262812089,0.193104538984659,0.0893610608800482,0.207609844481353,0.230648123852007,0.199746995572423,0.242445133861887,0.230178830432667,0.16360075334737,0.186572088511705,n/a,0.14844527574712,0.153451424423887,0.130664208109156,0.150160078140671,0.218410368159745,0.207541720127884,0.214286333907338,0.0668779101629454,0.17907102944802,0.207198467463284,0.190068797820432,0.206204577444534,0.183110825919311,0.182699063823484,0.200659175154232,0.178669148531545,0.170194993001328,0.193235295764793,0.187509056732385,0.234705075406756,0.209344032063175,0.197479842355974,0.127398838534232,0.187049764208536,0.190153927399386,0.174279736413656,0.193152651114741,0.197291048228184,0.18865996326366,0.188397448116906,0.215798302674849,0.144730999353171,0.17651580374167,0.175475097864336,0.175033653853274,0.174253543515984,0.173264534182985,0.172194067569413,0.171591811332018,0.17111746693112,,,,,,0.196666219659546,0.41277656741709,0.418402298551253,0.426943326138807,0.316276383795837,0.234195009780166,0.25290750812508,0.278646827431313,0.229757103817421,0.219328390173212,0.216634874324861,0.220040562589232,0.179841378223646,0.21167304282915,0.177798342319144,0.221113019803585,0.48694210687531,0.162305339460973,0.174159878327389,0.197157319154599,0.186278771511203,0.196114464007006,0.179703908738875,0.189128296024057,0.184998378445089,0.181714128874322,0.180971291177968,0.183452212608465,0.18379486827008,0.184009008342442,0.184175716250682,0.184077342988851,0.183810649778212,0.18256812304961,0.181891962537834,,,,,,,,,,,,,,,
,,,,,,,,Income tax provision (GAAP),,,,6.78,14.194,25.929,38.356,58.859,73.382,46.594,62.171,91.65,90.397,-37.005,106.073,87.263,152.606,168.786,267.625,218.327,255.1,306.15,154.017,349.775,316.625,402.281,401.579,406.492,388.497,378.844,452.905,467,371,428,594.741,551,594,547,599,594,580,631,784,655,657,623,663,354,927,612,846,903,984,933,819,1089,1025,912,277,922,1242,984,1524,1393,853,1247,11038,1142,1020,891,1124,1489,2200,1560,33,921,1318,2112,3462,3353,3460,4128,3760,2498,3012,2323,3523,3154,3535,1508,3725,4653,3932,5405,5707,7249,5737,9008,4662,6510.16656487675,6988.34424125356,7148.31432330497,7456.98157605726,7261.74818466234,7735.96800915979,8166.07628454155,8617.7386184669,,,,,,3.083,85.259,241.006,251.115,676.28,933.594,1470.26,1626.738,1860.741,2291,2589,2598,2739,3639,3303,4672,14531,4177,5282,7813,14701,11356,11922,19697,26656,28103.8067054925,31781.5310968306,37016.3276244179,42557.4644705885,48967.1968109717,56467.3833776093,65903.8171838391,77551.1800495216,93297.1829711307,110548.654828142,,,,,,,,,,,,,,,
,,,,,,,,Tax rate (GAAP),,,,0.461036311709507,0.461038750121805,0.461074756383811,0.461087202173443,0.695247994897176,0.69523448602558,0.695225305878842,0.695230640201286,0.588923231141926,0.533441520122743,-2.47062358125251,0.341980120771312,0.191175053017158,0.308033587662993,0.30690149245047,0.418273205664603,0.269334014295266,0.261325558786982,0.294513477971854,0.130001333632697,0.258721375330359,0.254983913766514,0.273238604332086,0.249733835480477,0.237218264940376,0.237483861975881,0.227018268413729,0.542175237146675,0.247089947089947,0.19989224137931,0.207063376874698,0.231579918767661,0.219872306464485,0.244042728019721,0.201547531319086,0.190642902609803,0.248327759197324,0.188006482982172,0.187797619047619,0.224706219547148,0.184767277856135,0.190877396862289,0.222579492675956,0.184166666666667,0.0911901081916538,0.250472845176979,0.162119205298013,0.186302576524995,0.201923076923077,0.223483988189871,0.241897848068447,0.180914512922465,0.236533449174631,0.20682001614205,0.186464935595993,0.0532692307692308,0.179762136868785,0.20297434221278,0.162779156327543,0.222254630304798,0.20428215280833,0.194882339501942,0.156285248778042,1.37665253180344,0.10831831546998,0.241992882562278,0.0883665575721511,0.111596505162828,0.182789098944267,0.181114678521446,0.180806675938804,0.00308295964125561,0.118731468351167,0.159236438323064,0.158095665843252,0.185242656107871,0.157543579382606,0.157380031839891,0.1789802289282,0.154085730677813,0.13193197422626,0.158409592931524,0.143103554487772,0.205458680818802,0.17324910738808,0.161393416426973,0.0711421427560504,0.152588890709487,0.164329860497969,0.142717142753439,0.170472465779348,0.176999658840679,0.173466701763622,0.169068458432794,0.204787778207198,0.119180918782115,0.16,0.16,0.16,0.16,0.16,0.16,0.16,0.16,,,,,,0.30621771950735,0.461071303031122,0.695235018202588,0.386191740204296,0.315771239080403,0.232756093182815,0.259123225672279,0.277904043941536,0.222013964844368,0.212208225268618,0.210043809832874,0.194083370685791,0.172274985848167,0.210846514861811,0.168083049208692,0.193457556935818,0.534365461699702,0.119640248617993,0.133299684542587,0.162493240713781,0.162023056406639,0.159208165096456,0.139085595622805,0.16439510912657,0.167831463362422,0.16,0.16,0.163966221637243,0.164973018881917,0.165992926477246,0.167016017494556,0.168023104861587,0.169007903201217,0.16922713286042,0.169759886701691,,,,,,,,,,,,,,,
,,,,,,,,,,,,,,,,,,,,,,,,,,,,,,,,,,,,,,,,,,,,,,,,,,,,,,,,,,,,,,,,,,,,,,,,,,,,,,,,,,,,,,,,,,,,,,,,,,,,,,,,,,,,,,,,,,,,,,,,,,,,,,,,,,,,,,,,,,,,,,,,,,,,,,,,,,,,,,,,,,,,,,,,,,
,,,,,,,,"Net income (GAAP), continuing ops",,,,7.92599999999999,16.593,30.307,44.83,25.8,32.168,20.426,27.254,63.973,79.063,51.983,204.1,369.193,342.814,381.182,372.208,592.291,721.077,733.361,1030.717,1002.162,925.12,1069.989,1206.449,1307.086,1247.391,1289.938,382.442999999999,1423,1485,1639,1973.448,1955,1840,2167,2543,1798,2505,2729,2705,2890,2785,2176,2937,3528,2774,3163,3695,3569,3419,2924,3708,3515,3931,3979,4923,4207,4877,5061,5333,5426,3524,6732,-3020,9401,3195,9192,8948,6657,9947,7068,10671,6836,6959,11247,15227,17930,18525,18936,20642,16436,16002,13910,13624,15051,18368,19689,20687,23662,23619,26301,26536,34540,28196,34979,34455,34178.3744656029,36688.8072665812,37528.6501973511,39149.1532743006,38124.1779694773,40613.8320480889,42871.9004938432,45243.1277469512,,,,,,6.98500000000001,99.6560000000001,105.648,399.119,1465.397,3077.446,4203.72,4226.858,6520.448,8505,9737,10788,13160,13620,16348,19478,12662,30736,34343,40269,76033,59972,73795,100118,132170,147544.985203836,166853.038258361,188739.485096036,215408.745755884,246028.486741146,281628.23298715,326326.865841147,381310.08371748,458016.199192492,540657.333677273,,,,,,,,,,,,,,,
,,,,,,,,Net income (loss) from discontinued ops,,,,,,,,,,,,,,,,,,,,,,,,,,,,,,,,,,,,,,,,,,,,,,,-51,-182,454,-193,-506,-198,-68,-185,967,0,0,0,0,0,0,0,0,0,0,0,0,0,0,0,0,0,0,0,0,0,0,0,0,0,0,0,0,0,0,0,0,0,0,0,0,0,0,0,0,0,0,0,0,0,0,0,0,0,0,0,0,,,,,,,,,,,,,,,,0,-51,-427,516,0,0,0,0,0,0,0,0,0,0,0,0,0,0,0,0,0,0,0,0,0,,,,,,,,,,,,,,,
,,,,,,,,"Net income, reported",,,,7.92599999999999,16.593,30.307,44.83,25.8,32.168,20.426,27.254,63.973,79.063,51.983,204.1,369.193,342.814,381.182,372.208,592.291,721.077,733.361,1030.717,1002.162,925.12,1069.989,1206.449,1307.086,1247.391,1289.938,382.442999999999,1423,1485,1639,1973.448,1955,1840,2167,2543,1798,2505,2729,2705,2890,2785,2176,2886,3346,3228,2970,3189,3371,3351,2739,4675,3515,3931,3979,4923,4207,4877,5061,5333,5426,3524,6732,-3020,9401,3195,9192,8948,6657,9947,7068,10671,6836,6959,11247,15227,17930,18525,18936,20642,16436,16002,13910,13624,15051,18368,19689,20687,23662,23619,26301,26536,34540,28196,34979,34455,34178.3744656029,36688.8072665812,37528.6501973511,39149.1532743006,38124.1779694773,40613.8320480889,42871.9004938432,45243.1277469512,,,,,,6.98500000000001,99.6560000000001,105.648,399.119,1465.397,3077.446,4203.72,4226.858,6520.448,8505,9737,10737,12733,14136,16348,19478,12662,30736,34343,40269,76033,59972,73795,100118,132170,147544.985203836,166853.038258361,188739.485096036,215408.745755884,246028.486741146,281628.23298715,326326.865841147,381310.08371748,458016.199192492,540657.333677273,0.0960659330275344,,,,,,,,,,,,,,
,,,,,,,,,,,,,,,,,,,,,,,,,,,,,,,,,,,,,,,,,,,,,,,,,,,,,,,,,,,,,,,,,,,,,,,,,,,,,,,,,,,,,,,,,,,,,,,,,,,,,,,,,,,,,,,,,,,,,,,,,,,,,,,,,,,,,NetMargin,0.214178573051923,0.218005307445092,0.215770116979794,0.114221280050516,0.224647161578436,0.212181122843003,0.220619415209805,0.295116772823779,0.21203807153262,0.240066494466385,0.28603671811164,0.328098779652265,0.304818176586955,0.293981521703486,0.285973036681163,0.282962556029126,0.282290708951577,,,,,,,,,,,,,,,,,,,,
,,,,,,,,"EPS (GAAP), from continuing ops",,,,0.000999999999999999,0.002,0.00325,0.00474999999999999,0.0025,0.00312479357789253,0.00197970094168092,0.00265490691168104,0.00605385282171828,0.00742339341177708,0.0047302855478916,0.0178444030999077,0.0322032050297964,0.0298371037258301,0.0328976121350627,0.0306120300553999,0.048688441847542,0.0581442436088479,0.0590327104007418,0.0822050890228068,0.0795695048750278,0.0733130672110414,0.0844970086172041,0.0948689942596525,0.102955178454403,0.0980582379261878,0.101481704093449,0.0301740652140981,0.112145791104624,0.116548835924354,0.128148592945651,0.15314049099369,0.15149965282944,0.142641851119118,0.168048589074283,0.195293300894525,0.137721633786073,0.192080015703787,0.208359419617089,0.205545862943082,0.218849201541183,0.210479060923296,0.163209466149037,0.219194153628458,0.261983051300559,0.204973148074257,0.233097999911566,0.270892044938021,0.260430348563656,0.249066456088105,0.21243361449547,0.269284565811318,0.254895590705122,0.284493065345835,0.286539760542344,0.35314371794412,0.3007960692739,0.349933342613228,0.362307427982361,0.378237727803079,0.386447418650895,0.250460907771538,0.478317957812527,-0.2175,0.666610885306906,0.227160585114476,0.652971688932016,0.638323067945596,0.474903656693951,0.710546693068402,0.506159418733055,0.767483608891907,0.493740132058873,0.506459745219963,0.819930276401143,1.11476509182701,1.31437929482415,1.36291001336056,1.39951723454921,1.53473716455041,1.23106698963825,1.2087015635622,1.06207528441628,1.05229010581602,1.17375029244327,1.43904732058916,1.5508034026465,1.64156483097921,1.88888001915862,1.89027611044418,2.11780336581045,2.14901198574668,2.81018631518998,2.31152647975078,2.86642628861755,2.81771344455348,2.80219644539417,3.00955754308281,3.07869488758833,3.21330504153989,3.13216635355664,3.33843615749913,3.5258785111559,3.72323410036646,,,,,,0.0186988692337346,0.22584110264557,0.205830781100227,0.731574046579491,2.51032466064124,4.97087043043405,6.64703836058316,6.65617579067379,10.2068274601147,13.1554117388655,14.8786421118901,16.2320759543191,19.4209716979183,1.00642270801009,1.17962853390674,1.39386486208946,0.903183790625706,2.18517463943303,2.45814046537395,2.93066764770419,5.60985282372233,4.55766061570064,5.80092365137074,8.04338307658318,10.807031888798,12.1035229951971,13.7191744566085,15.5543651150416,17.7881076549433,20.3511815980325,23.3282022827666,27.0597629170183,31.6433918099523,38.026733294952,44.8958301303346,,,,,,,,,,,,,,,
,,,,,,,,EPS (GAAP) as reported,,,,0.000999999999999999,0.002,0.00325,0.00474999999999999,0.0025,0.00312479357789253,0.00197970094168092,0.00265490691168104,0.00605385282171828,0.00742339341177708,0.0047302855478916,0.0178444030999077,0.0322032050297964,0.0298371037258301,0.0328976121350627,0.0306120300553999,0.048688441847542,0.0581442436088479,0.0590327104007418,0.0822050890228068,0.0795695048750278,0.0733130672110414,0.0844970086172041,0.0948689942596525,0.102955178454403,0.0980582379261878,0.101481704093449,0.0301740652140981,0.112145791104624,0.116548835924354,0.128148592945651,0.15314049099369,0.15149965282944,0.142641851119118,0.168048589074283,0.195293300894525,0.137721633786073,0.192080015703787,0.208359419617089,0.205545862943082,0.218849201541183,0.210479060923296,0.163209466149037,0.21538792215585,0.248468052622355,0.238519582546396,0.218874821289077,0.233795597106184,0.245982265342697,0.244112809111214,0.19899304723088,0.339510610886707,0.254895590705122,0.284493065345835,0.286539760542344,0.35314371794412,0.3007960692739,0.349933342613228,0.362307427982361,0.378237727803079,0.386447418650895,0.250460907771538,0.478317957812527,-0.217390052461546,0.666610885306906,0.227160585114476,0.652971688932016,0.638323067945596,0.474903656693951,0.710546693068402,0.506159418733055,0.767483608891907,0.493740132058873,0.506459745219963,0.819930276401143,1.11476509182701,1.31437929482415,1.36291001336056,1.39951723454921,1.53473716455041,1.23106698963825,1.2087015635622,1.06207528441628,1.05229010581602,1.17375029244327,1.43904732058916,1.5508034026465,1.64156483097921,1.88888001915862,1.89027611044418,2.11780336581045,2.14901198574668,2.81018631518998,2.31152647975078,2.86642628861755,2.81771344455348,2.80219644539417,3.00955754308281,3.07869488758833,3.21330504153989,3.13216635355664,3.33843615749913,3.5258785111559,3.72323410036646,,,,,,0.0186988692337346,0.22584110264557,0.205830781100227,0.731574046579491,2.51032466064124,4.97087043043405,6.64703836058316,6.65617579067379,10.2068274601147,13.1554117388655,14.8786421118901,16.1553392214983,18.7908231481454,1.04455149782897,1.17962853390674,1.39386486208946,0.903183790625706,2.18517463943303,2.45814046537395,2.93066764770419,5.60985282372233,4.55766061570064,5.80092365137074,8.04338307658318,10.807031888798,12.1035229951971,13.7191744566085,15.5543651150416,17.7881076549433,20.3511815980325,23.3282022827666,27.0597629170183,31.6433918099523,38.026733294952,44.8958301303346,0.127619112990903,,,,,,,,,,,,,,
,,,,,,,,Non-GAAP EPS,,,,,,,,,,,,,,,,,,,,,,,,,,,,,,,,,,,,,,,,,,,,,,,,0.300151783831309,0.248051498949272,0.281442068182823,0.321404797025246,0.307787954676801,0.298967164605318,0.312329722543101,0.337985536484863,0.32349622478963,0.349482831990598,0.367410369009058,0.433485169111581,0.375226472914054,0.420752331573502,0.452866387950289,0.46820932248533,0.484019429554924,0.541903554958925,0.566335006215135,-0.126980414240013,0.784972176585403,0.343604152286817,0.760388913514778,0.747203023325488,0.608596550298724,0.843853708818982,0.632949419139554,0.895815675562865,0.649078277646668,0.669645790148607,0.972837138613967,1.27338468503222,1.49875176109903,1.55063157670259,1.59142929760253,1.73159108156066,1.45674036545784,1.45009237117464,1.31573035166548,1.31501631168811,1.44831303367918,1.74015593882119,1.85159698250534,1.93986879388074,2.17081673759528,2.20826477214896,2.4397078384201,2.47371912388831,3.12264587403893,2.65683730933299,3.23596463728657,3.23054993472978,3.18379790862008,3.41410165526503,3.50520560717621,3.66000096954704,3.56046496311012,3.78201708936792,3.99993274801783,4.23608060098573,,,,,,,,,,,,,,,,17.2639312498854,19.1239975323874,23.0247720692189,1.24857008056141,1.47453566738343,1.7196820259201,1.27619504754299,2.63800254621349,2.98427199082182,3.56797124033682,6.38241982920219,5.55970535230302,7.00325289296532,9.2899599506738,12.1964717523266,13.6554608910649,15.4089530056579,17.3756737755423,19.8075122319612,22.5688693731828,25.7554331412385,29.6951382435719,34.482689531411,41.0746568399411,48.1541951075013,,,,,,,,,,,,,,,
,,,,,,,,Average basic shares,,,,4529.14285714284,4424.8,4662.6153846154,4846.48648648648,5160,5428.4,5656.48,5737.68421052632,6043.36,6217.64,8200.28,10446.88,10644.24,10829.16,11005.2,11656.44,11755.84,12056.4,12136,12276.24,12372.6,12395.84,12448.84,12490.04,12525.16,12552.68,12569.64,12586.04,12610.08,12636.04,12659.88,12689.48,12715.8,12734,12744.68,12797.84,12861.08,12889.12,12926.2,12968.16,13011.96,13050.88,13111.4,13174.52,13218.16,13299.2,13344.64,13393.44,13451.74,13502.3,13541.94,13578.86,13618.3,13672.34,13728.7,13751.3966480447,13748.3660130719,13718.70604782,13752.7173913043,13798.1888745149,13824.2038216561,13846.7583497053,13866.1174047374,13885.0574712644,13896.5262379897,13891.3043478261,13916.7297501893,13905.2059052059,13897.7035490605,13882.7634333566,13858.8235294118,13777.9212395094,13726.9076305221,13631.7335945152,13591.5407854985,13511.64,13464.4,13379.16,13315.16,13253.26,13203.42,13133,13018,12897,12781,12668,12581,12488,12415,12343,12290,12228,12183,12122,12086,12073,12083.25,12075.4375,12064.671875,12056.33984375,12051.6748046875,12043.7810058594,12035.8668823242,12028.6656341553,,,,,,250.27,286.634,336.186,386.352,551.688,602.806,621.612,627.918,632.442,637.404,645.556,654.426,665.692,13518.36,13692.6841620112,13754.4945816778,13855.5342618408,13902.4415603027,13854.3029378346,13615.4555026339,13352.995,13062.855,12629.5,12319,12116,12069.9248046875,12039.9970817566,12012.4257965088,11988.1957025146,11967.8464085205,11951.3002985264,11938.4813088522,11929.3148970917,11923.7280116865,11921.6490621095,,,,,,,,,,,,,,,
,,,,,,,,Average diluted shares,,,,7926,8296.5,9325.23076923076,9437.89473684212,10320,10294.44,10317.72,10265.52,10567.32,10650.52,10989.4,11437.76,11464.48,11489.52,11586.92,12158.88,12164.92,12401.52,12422.96,12538.36,12594.8,12618.76,12663.04,12717,12695.68,12720.92,12711.04,12674.56,12688.84,12741.44,12789.84,12886.52,12904.32,12899.44,12895.08,13021.44,13055.32,13041.44,13097.56,13160.08,13205.44,13231.72,13332.56,13399.08,13466.52,13533.48,13569.4,13640.12,13704.24,13727.26,13764.3,13769.82,13789.96,13817.56,13886.38,13940.5,13986.22,13936.94,13968.8,14004.42,14040.72,14070.06,14074.32,13892.08,14102.68,14064.94,14077.18,14017.98,14017.58,13999.08,13963.98,13903.88,13845.34,13740.48,13717.02,13659.38,13641.42,13592.24,13530.38,13449.86,13351.02,13239,13097,12947,12823,12764,12696,12602,12527,12495,12419,12348,12291,12198,12203,12228,12196.9944404791,12190.7645032098,12189.7919630317,12183.4537238766,12171.8241198098,12165.5260523278,12159.2109195471,12151.566763556,,,,,,7471.04,8825.32,10265.52,10911.24,11674.96,12381.92,12648.4,12700.56,12776.64,12930.04,13088.56,13292.2,13552.36,13533.0809724372,13858.6,13974.095,14019.295,14065.695,13971.13,13740.555,13553.475,13158.505,12721.25,12447.25,12230,12190.2511576493,12162.0319638102,12134.181221805,12109.7055366664,12089.1499865016,12072.4361686112,12059.4872483497,12050.2279277644,12044.584414862,12042.4843934887,,,,,,,,,,,,,,,
,,,,,,,,Period-end basic shares (balance sheet),,,,ND,ND,ND,ND,ND,ND,ND,ND,ND,6327.92,10929.12,10676.68,10822.96,10933.4,11605,11721.08,11802.52,12103.52,12170.4,12359.88,12415.84,12450.92,12478.24,12516.68,12548.96,12570.12,12583.48,12604.56,12630.44,12657.68,12677.4,12710.88,12730.96,12744.52,12769.36,12852.04,12885.08,12906.72,12950.28,12995.8,13036.24172,13077.76,13142.08,13199.16,13433.28,13325.36,13366.28,13433.28,13489.24,13518.1,13565.54,13603.44,13646.6,13709.8,13753.86,13746.96,13735.84,13735.56,13782.72,13825.86,13842.16,13857.52,13895.8,13895.66,13898.9,13918.92,13919.14,13911.12,13895.64,13881,13818.12,13766.7,13679.44,13624.3,13554.48,13504.44,13421.88,13352.74,13293.64,13242,13175.26,13072,12971,12849,12722,12629,12541,12460,12381,12322,12264,12211,12155,12155,12077,12088,12078.5,12072.375,12056.96875,12055.7109375,12047.638671875,12039.9233398438,12031.8104248047,12025.5208435059,,,,,,0,290.692,321.732,10676.68,11721.08,12359.88,12516.68,12604.56,12710.88,12852.04,12995.8,13199.16,13433.28,13603.44,13746.96,13825.86,13895.66,13911.12,13766.7,13504.44,13242,12849,12460,12211,12088,12055.7109375,12025.5208435059,11999.3307495117,11977.0606555176,11958.6321615234,11943.9684355293,11932.9941821752,11925.6356120082,11921.8204113647,11921.4777128542,,,,,,,,,,,,,,,
,,,,,,,,Period-end fully diluted shares,,,,,,,,,,,,,,,,,,,,,,,,,,,,,,,,,,,,,,,,,,,,,,,,,,,,13741.74,13743.06,13787.9,13794.4,13818.26,13855.02,13911.54,13936.0633519553,13973.6939869281,13953.79395218,13998.8026086957,14032.0911254851,14058.6761783439,14080.8216502947,14104.0025952626,13902.6825287356,14105.0537620103,14092.5556521739,14572.6774782418,14610.7237144285,14641.7223356794,14673.8953114749,14658.1227831971,14712.5741503204,14767.3023427161,14720.2791752733,14671.1590288964,14631.9024413306,14572.5112953417,14518.896983039,14481.0539343084,14443.0117957581,14398.4933284022,14319.1652267087,14234.2786524979,14153.0610021593,14048.3547109066,13969.1507655432,13898.5197616348,13831.4813976525,13771.0411228848,13729.2153961604,13689.0611801718,13652.8043496085,13619.0125567964,13586.915382817,13579.5183049402,13562.9028252179,13561.040735879,13558.9821582911,13556.728868709,13554.282461795,13551.6443705148,13548.8158838409,13545.7981625006,13542.5922529841,,,,,,,,,,,,,,,,13004.672,13209.344,13445.206,13618.1609724372,13758.7115767534,13931.916946164,14021.2492116976,14143.2984380776,14001.2474078523,13734.9380880432,13615.1754639278,13391.8932440781,13135.9996887446,13021.274263827,12993.1856616625,13043.6666573446,13088.3716584728,13135.4365682995,13185.5864331925,13239.2017312,13296.4748388564,13357.495191949,13422.2958521258,13490.87908561,13563.2304743948,,,,,,,,,,,,,,,
,,,,,,,,Motorola-related discontinued operations,,,,,,,,,,,,,,,,,,,,,,,,,,,,,,,,,,,,,,,,,,,,,,,,-182,454,-302,-506,-198,-68,-185,,,,,,,,,,,,,,,,,,,,,,,,,,,,,,,,,,,,,,,,,,,,,,,,,,,,,,,,,,,,,,,,,,,,,,,,,,,,,,,,,,,,,,,,,,,,,,,,,,,,,,,,,,,,
,,,,,,,,Net income (adjusted) including Motorola disc. ops.,,,,,,,,,,,,,,,,,,,,,,,,,,,,,,,,,,,,,,,,,,,,,,,,3860,3811,3517,3878,4020,4036,4114,,,,,,,,,,,,,,,,,,,,,,,,,,,,,,,,,,,,,,,,,,,,,,,,,,,,,,,,,,,,,,,,,,,,,,,,,,,,,,,,,,,,,,,,,,,,,,,,,,,,,,,,,,,,
,,,,,,,,Net income (GAAP) including Motorola disc. ops.,,,,,,,,,,,,,,,,,,,,,,,,,,,,,,,,,,,,,,,,,,,,,,,,3346,3228,2861,3189,3371,3351,2739,,,,,,,,,,,,,,,,,,,,,,,,,,,,,,,,,,,,,,,,,,,,,,,,,,,,,,,,,,,,,,,,,,,,,,,,,,,,,,,,,,,,,,,,,,,,,,,,,,,,,,,,,,,,
,,,,,,,,,,,,,,,,,,,,,,,,,,,,,,,,,,,,,,,,,,,,,,,,,,,,,,,,,,,,,,,,,,,,,,,,,,,,,,,,,,,,,,,,,,,,,,,,,,,,,,,,,,,,,,,,,,,,,,,,,,,,,,,,,,,,,,,,,,,,,,,,,,,,,,,,,,,,,,,,,,,,,,,,,,
,,,,,,,,Dividend Payment,,,,,,,,,,,,,,,,,,,,,,,,,,,,,,,,,,,,,,,,,,,,,,,,,,,,,,,,,,,,,,,,,,,,,,,,,,,,,,,,,,,,,,,,,,,,,2466,2455,2442,2434,2543,2537,2536,2538.15306883128,2536.51201027085,2534.25063157459,2532.5004426199,2531.520525527,2529.86238970093,2528.19998455845,2526.68732280442,,,,,,,,,,,,,,,,,,,,,,,,,,,,,7363,10050,10141.4161532966,10116.2702225908,10093.1042226278,10072.7455650053,10055.6476408541,10041.745235505,10030.9744385817,10023.2726179158,10018.5783939822,10016.8316148462,,,,,,,,,,,,,,,
,,,,,,,,Dividend Per Share,,,,,,,,,,,,,,,,,,,,,,,,,,,,,,,,,,,,,,,,,,,,,,,,,,,,,,,,,,,,,,,,,,,,,,,,,,,,,,,,,,,,,,,,,,,,,0.199789354289881,0.199755899104963,0.199705593719333,0.199786587868341,0.209783864048837,0.209912295217607,0.210055495734283,0.210055495734283,0.210055495734283,0.210055495734283,0.210055495734283,0.210055495734283,0.210055495734283,0.210055495734283,0.210055495734283,,,,,,,,,,,,,,,,,,,,,,,,,,,,,0.798822374877331,0.829481677121162,0.840221982937133,0.840221982937132,0.840221982937132,0.840221982937132,0.840221982937132,0.840221982937132,0.840221982937132,0.840221982937132,0.840221982937132,0.840221982937132,,,,,,,,,,,,,,,
,,,,,,,,,,,,,,,,,,,,,,,,,,,,,,,,,,,,,,,,,,,,,,,,,,,,,,,,,,,,,,,,,,,,,,,,,,,,,,,,,,,,,,,,,,,,,,,,,,,,,,,,,,,,,,,,,,,,,,,,,,,,,,,,,,,,,,,,,,,,,,,,,,,,,,,,,,,,,,,,,,,,,,,,,,
,,,,,,,,Share Count Calculation,,,,,,,,,,,,,,,,,,,,,,,,,,,,,,,,,,,,,,,,,,,,,,,,,,,,,,,,,,,,,,,,,,,,,,,,,,,,,,,,,,,,,,,,,,,,,,,,,,,,,,,,,,,,,,,,,,,,,,,,,,,,,,,,,,,,,,,,,,,,,,,,,,,,,,,,,,,,,,,,,,
,,,,,,,,Beg Share Count,,,,,,,,,,,,,,6327.92,10929.12,10676.68,10822.96,10933.4,11605,11721.08,11802.52,12103.52,12170.4,12359.88,12415.84,12450.92,12478.24,12516.68,12548.96,12570.12,12583.48,12604.56,12630.44,12657.68,12677.4,12710.88,12730.96,12744.52,12769.36,12852.04,12885.08,12906.72,12950.28,12995.8,13036.24172,13077.76,13142.08,13199.16,13433.28,13325.36,13366.28,13433.28,13489.24,13518.1,13565.54,13603.44,13646.6,13709.8,13753.86,13746.96,13735.84,13735.56,13782.72,13825.86,13842.16,13857.52,13895.8,13895.66,13898.9,13918.92,13919.14,13911.12,13895.64,13881,13818.12,13766.7,13679.44,13624.3,13554.48,13504.44,13421.88,13352.74,13293.64,13242,13175.26,13072,12971,12849,12722,12629,12541,12460,12381,12322,12264,12211,12155,12155,12077,12088,12078.5,12072.375,12056.96875,12055.7109375,12047.638671875,12039.9233398438,12031.8104248047,,,,,,,,,,10676.68,11721.08,12359.88,12516.68,12604.56,12710.88,12852.04,12995.8,13199.16,13433.28,13603.44,13746.96,13825.86,13895.66,13911.12,13766.7,13504.44,13242,12849,12460,12211,12088,12055.7109375,12025.5208435059,11999.3307495117,11977.0606555176,11958.6321615234,11943.9684355293,11932.9941821752,11925.6356120082,11921.8204113647,,,,,,,,,,,,,,,
,,,,,,,,Dilution,,,,,,,,,,,,,,4601.2,-252.440000000002,146.280000000002,110.439999999999,671.6,116.08,81.4400000000005,301,66.8799999999992,189.480000000001,55.9599999999991,35.0800000000017,27.3199999999997,38.4399999999969,32.2800000000007,21.1599999999999,13.3600000000006,21.0799999999999,25.880000000001,27.2399999999998,19.7199999999993,33.4799999999996,20.0799999999999,13.5600000000013,24.8399999999983,82.6800000000003,33.0400000000009,21.6400000000012,43.5599999999995,45.5199999999986,40.4417200000007,41.5182800000002,64.3200000000015,57.0799999999981,234.119999999999,-107.919999999998,40.9199999999983,67,55.9600000000009,28.8599999999988,47.4400000000023,37.8999999999996,43.1599999999999,63.1999999999989,44.0600000000013,40.9199999999983,52.880000000001,39.7200000000012,47.159999999998,43.1400000000012,46.2999999999993,47.3600000000006,38.2799999999988,41.8600000000006,43.2400000000016,58.0199999999986,36.2199999999993,41.9800000000014,38.5200000000004,47.3599999999988,33.119999999999,42.5800000000017,42.739999999998,46.8600000000024,34.1800000000003,43.9599999999973,31.4400000000023,38.8599999999969,32.9000000000015,40.3600000000006,31.5200000000004,29.5579999999991,37,11.9220000000005,30,38,34,37,32,33,32,32.7780000000003,27,81,-22,76,40.5,43.875,34.59375,48.7421875,41.927734375,42.28466796875,41.8870849609375,43.7104187011719,,,,,,,,,,1044.4,638.800000000001,156.799999999997,87.880000000001,106.32,141.16,143.76,203.360000000001,234.119999999999,170.160000000002,191.339999999998,182.900000000001,173.799999999999,179.460000000001,161.58,167.739999999998,143.560000000001,110,139,129.778,162,167.7109375,169.809906005859,169.809906005859,169.809906005859,169.809906005859,169.809906005859,169.809906005859,169.809906005859,169.809906005859,169.809906005859,,,,,,,,,,,,,,,
,,,,,,,,Shares Repurchased,,,,,,,,,,,,,0,0,0,0,0,0,0,0,0,0,0,0,0,0,0,0,0,0,0,0,0,0,0,0,0,0,0,0,0,0,0,0,0,0,0,0,0,0,0,0,0,0,0,0,0,0,-47.82,-64,-40,0,0,-30,-32,0,-42,-40,-38,-36,-50,-54,-62,-96,-94,-130,-102,-104,-94,-114,-108,-92,-92,-98.26,-132.818,-138,-133.922,-157,-131,-122,-118,-111,-92,-90,-85.778,-83,-81,-56,-65,-50,-50,-50,-50,-50,-50,-50,-50,,,,,,,,,,,,,,,,,,,,-47.82,-104,-104,-164,-306,-430,-406,-503,-528,-378.778,-285,-200,-200,-196,-192.08,-188.2384,-184.473632,-180.78415936,-177.1684761728,-173.625106649344,-170.152604516357,,,,,,,,,,,,,,,
,,,,,,,,Ending Share Count,,,,ND,ND,ND,ND,ND,ND,ND,ND,ND,6327.92,10929.12,10676.68,10822.96,10933.4,11605,11721.08,11802.52,12103.52,12170.4,12359.88,12415.84,12450.92,12478.24,12516.68,12548.96,12570.12,12583.48,12604.56,12630.44,12657.68,12677.4,12710.88,12730.96,12744.52,12769.36,12852.04,12885.08,12906.72,12950.28,12995.8,13036.24172,13077.76,13142.08,13199.16,13433.28,13325.36,13366.28,13433.28,13489.24,13518.1,13565.54,13603.44,13646.6,13709.8,13753.86,13746.96,13735.84,13735.56,13782.72,13825.86,13842.16,13857.52,13895.8,13895.66,13898.9,13918.92,13919.14,13911.12,13895.64,13881,13818.12,13766.7,13679.44,13624.3,13554.48,13504.44,13421.88,13352.74,13293.64,13242,13175.26,13072,12971,12849,12722,12629,12541,12460,12381,12322,12264,12211,12155,12155,12077,12088,12078.5,12072.375,12056.96875,12055.7109375,12047.638671875,12039.9233398438,12031.8104248047,12025.5208435059,,,,,,,,,,11721.08,12359.88,12516.68,12604.56,12710.88,12852.04,12995.8,13199.16,13433.28,13603.44,13746.96,13825.86,13895.66,13911.12,13766.7,13504.44,13242,12849,12460,12211,12088,12055.7109375,12025.5208435059,11999.3307495117,11977.0606555176,11958.6321615234,11943.9684355293,11932.9941821752,11925.6356120082,11921.8204113647,11921.4777128542,,,,,,,,,,,,,,,
,,,,,,,,% change Y/Y,,,,,,,,,,,,,,,,,,0.0618421245260368,0.0978206708452443,0.0905075875730854,0.107022518155377,0.0487203791469193,0.0545000972606622,0.0519651735392102,0.0287023940143034,0.0252941563136793,0.0126862073094558,0.0107217876519026,0.00957358974276579,0.00843388170126547,0.00702103113605213,0.00649296834159974,0.006965725068655,0.00746375406485322,0.00843504255602734,0.00795855092934206,0.00686065692923199,0.00725385331377093,0.0111054466724569,0.0121059213130825,0.0127270387586194,0.0141682903450135,0.0111857728422882,0.011731531352541,0.0132520113553249,0.0148104905839874,0.0156481324735684,0.0304564987768574,0.0189329059410786,0.0170597043999121,0.0177374923858791,0.00416577336287194,0.0144641495614375,0.014907663164321,0.0126670478096191,0.0116655942069384,0.0141809869730214,0.0138822339545643,0.0105502725781126,0.00653935778875314,0.00187894790587761,0.00209832003524824,0.00573945075856774,0.00774033477384717,0.00887914289624869,0.00820447632978105,0.00504851054473288,0.00409907124321651,0.00443080724400891,0.00167964420904165,0.00111257759617045,-0.000234550935685585,-0.00272434930296317,-0.00725763229624821,-0.0103816227593465,-0.0155588371604333,-0.0184929039694546,-0.0190792958810604,-0.0190503170694504,-0.0188282561274437,-0.019932033205376,-0.0192438219688252,-0.0194336085020925,-0.0183744751107893,-0.0210248982605816,-0.0242702525418169,-0.0296782963298595,-0.0344023571451342,-0.033889228886169,-0.0331508750289107,-0.0302747295509378,-0.0268039616412514,-0.0243091297806636,-0.0220875528267284,-0.019983948635634,-0.0182537759470156,-0.0135529946437266,-0.0152478799739074,-0.0100728851035952,-0.00629370629370629,-0.00679761415055535,-0.00165862797052252,-0.00267116665287892,-0.00255506297346519,-0.00268809245539925,-0.00208662108337243,-0.00250421515169486,,,,,,,,,,,0.0545000972606622,0.0126862073094558,0.00702103113605213,0.00843504255602734,0.0111054466724569,0.0111857728422882,0.0156481324735684,0.0177374923858791,0.0126670478096191,0.0105502725781126,0.00573945075856774,0.00504851054473288,0.00111257759617045,-0.0103816227593465,-0.0190503170694504,-0.0194336085020925,-0.0296782963298595,-0.0302747295509378,-0.019983948635634,-0.0100728851035952,-0.00267116665287892,-0.00250421515169486,-0.00217787606332942,-0.00185594467383499,-0.00153864913305346,-0.00122620428457698,-0.000918811315801626,-0.000616657483830108,-0.000319915916233704,-2.8745485057935e-05,,,,,,,,,,,,,,,
,,,,,,,,,,,,,,,,,,,,,,,,,,,,,,,,,,,,,,,,,,,,,,,,,,,,,,,,,,,,,,,,,,,,,,,,,,,,,,,,,,,,,,,,,,,,,,,,,,,,,,,,,,,,,,,,,,,,,,,,,,,,,,,,,,,,,,,,,,,,,,,,,0.00457142857142857,,,,,,,,,,,,,,,,,,,,,,,,,
,,,,,,,,Dilution Ratio,,,,,,,,,,,,,,,,,,,,,,,,,,,,,,,,,,,,,,,,,,,,,,,,,,,,,,,,,,,,,,,,,,,1.0005057615894,1.01483491330709,1.01249959311424,1.01152930700609,1.00811020675011,1.00862563016374,1.00837848798633,1.0075876910017,1.00914207290788,1.00862775307197,1.00797744503521,1.0092321552414,1.01093427592801,1.0131472624105,1.01592626143943,1.01616353089261,1.0148340861041,1.0111789218248,1.00807127084444,1.00606852051006,1.00387687059006,1.00328612784602,1.00757814966846,1.0091407678245,1.00912876361307,1.009021345147,1.01231467228389,1.01049633848657,1.00981354268891,1.00886481162275,1.00626959247649,1.00968062220751,1.01283856539385,1.00941339792515,1.00955054450075,1.01037078250682,1.01054332258164,1.00996951187859,1.01010854036695,1.0102480393335,1.01021735354017,,,,,,,,,,,,,,,,,,,,,,,,,1.00918805083986,1.01501386018642,1.00732228904018,1.00726473732135,1.01041074762562,1.00940904588973,1.00996910543428,1.01013579000268,1.01013579000268,1.01013579000268,1.01013579000268,1.01013579000268,1.01013579000268,1.01013579000268,1.01013579000268,1.01013579000268,,,,,,,,,,,,,,,
,,,,,,,,,,,,,,,,,,,,,,,,,,,,,,,,,,,,,,,,,,,,,,,,,,,,,,,,,,,,,,,,,,,,,,,,,,,,,,,,,,,,,,,,,,,,,,,,,,,,,,,,,,,,,,,,,,,,,,,,,,,,,,,,,,,,,,,,,,,,,,,,,,,,,,,,,,,,,,,,,,,,,,,,,,
,,,,,,,,Repurchases ($),,,,0,0,0,0,0,0,0,0,0,0,0,0,0,0,0,0,0,0,0,0,0,0,0,0,0,0,0,0,0,0,0,0,0,0,0,0,0,0,0,0,0,0,0,0,0,0,0,0,0,0,0,0,0,0,0,1780,2098,1595,0,0,1127,1618,0,2101,2173,2052,2200,2650,3025,3577,5696,6098,8496,6852,7897,7904,11395,12796,12610,13473,13300,15197,15392,15407,14557,14969,15787,16191,15696,15684,15291,15551,15068,13638,11504,5499,14025,14305.5,14591.61,14883.4422,15181.111044,15484.73326488,15794.4279301776,16110.3164887812,,,,,,,,,,0,0,0,0,0,0,0,0,0,0,1780,3693,4846,9075,18396,31149,50274,59296,61504,62222,45709,57805.5522,62570.5887278388,64998.3275704789,67520.2626802135,70140.0488722058,72861.4827684474,75688.5082998631,78625.2224218978,81675.8810518675,84844.9052366799,,,,,,,,,,,,,,,
,,,,,,,,Shares Repurchased,,,,0,0,0,0,0,0,0,0,0,0,0,0,0,0,0,0,0,0,0,0,0,0,0,0,0,0,0,0,0,0,0,0,0,0,0,0,0,0,0,0,0,0,0,0,0,0,0,0,0,0,0,0,0,0,0,47.82,64,40,0,0,30,32,0,42,40,38,36,50,54,62,96,94,130,102,104,94,114,108,92,92,98.26,132.818,138,133.922,157,131,122,118,111,92,90,85.778,83,81,56,65,50,50,50,50,50,50,50,50,,,,,,,,,,0,0,0,0,0,0,0,0,0,0,47.82,104,104,164,306,430,406,503,528,378.778,285,200,200,196,192.08,188.2384,184.473632,180.78415936,177.1684761728,173.625106649344,170.152604516357,,,,,,,,,,,,,,,
,,,,,,,,Avg. Cost of Repurchase,,,,0,0,0,0,0,0,0,0,0,0,0,0,0,0,0,0,0,0,0,0,0,0,0,0,0,0,0,0,0,0,0,0,0,0,0,0,0,0,0,0,0,0,0,0,0,0,0,0,0,0,0,0,0,0,0,744.68,32.78125,39.875,0,0,37.5666666666667,50.5625,NA,50.0238095238095,54.325,54,61.1111111111111,53,56.0185185185185,57.6935483870968,59.3333333333333,64.8723404255319,65.3538461538462,67.1764705882353,75.9326923076923,84.0851063829787,99.9561403508772,118.481481481481,137.065217391304,146.445652173913,135.355180134337,114.419732265205,111.536231884058,115.044578187303,92.7197452229299,114.267175572519,129.401639344262,137.21186440678,141.405405405405,170.478260869565,169.9,181.293571778311,181.542168674699,168.37037037037,205.428571428571,275,280.5,286.11,291.8322,297.668844,303.62222088,309.6946652976,315.888558603552,322.206329775623,,,,,,,,,,0,0,0,0,0,0,0,0,0,0,37.2229192806357,35.5096153846154,46.5961538461539,27.5350911045554,41.2516853217429,60,114.75625,119.206885584142,118.400106136623,165.769309513321,207.58527761841,289.027761,312.852943639194,331.624120257545,351.521567472998,372.612861521378,394.969633212661,418.66781120542,443.787879877746,470.41515267041,498.640061830635,,,,,,,,,,,,,,,
,,,,,,,,Repurchase Price,,,,,,,,,,,,,,,,,,,,,,,,,,,,,,,,,,,,,,,,,,,,,,,,,,,,,,,,,,30.1231051351191,30.1231051351191,35.82,1.835775,0.09408346875,40,2.018,0.1018081,0.005136218645,52.5,52.5,52.5,2.648625,0.13362313125,0.0067412869715625,55,55,55,55,55,55,75,75,110,130,144.025,135.827,114.419732265205,111.536231884058,115.044578187303,92.7197452229299,114.267175572519,129.401639344262,137.21186440678,141.405405405405,170.478260869565,169.9,181.293571778311,181.542168674699,168.37037037037,205.428571428571,275,280.5,286.11,291.8322,297.668844,303.62222088,309.6946652976,315.888558603552,322.206329775623,,,,,,,,,,,,,,,,,,,,,19.4374646171875,13.6562360796613,27.5350911045554,41.2516853217429,60,114.75625,119.206885584142,118.400106136623,165.769309513321,207.58527761841,289.027761,312.852943639194,331.624120257545,351.521567472998,372.612861521378,394.969633212661,418.66781120542,443.787879877746,470.41515267041,498.640061830635,,,,,,,,,,,,,,,
,,,,,,,,Cumulative Dollar Buyback,,,,,,,,,,,,,,,,,,,,,,,,,,,,,,,,,,,,,,,,,,,,,,,,,,,,,,,,,,,,3878,5473,5473,5473,6600,8218,8218,10319,12492,14544,16744,19394,22419,25996,31692,37790,46286,53138,61035,68939,80334,93130,105740,119213,132513,147710,163102,178509,193066,208035,223822,240013,255709,271393,286684,302235,317303,330941,342445,347944,361969,376274.5,390866.11,405749.5522,420930.663244,436415.39650888,452209.824439058,468320.140927839,,,,,,,,,,NA,NA,NA,NA,NA,NA,NA,NA,NA,NA,1780,5473,10319,19394,37790,68939,119213,178509,240013,302235,347944,405749.5522,468320.140927839,533318.468498318,600838.731178531,670978.780050737,743840.262819184,819528.771119047,898153.993540945,979829.874592813,1064674.77982949,,,,,,,,,,,,,,,
,,,,,,,,,,,,,,,,,,,,,,,,,,,,,,,,,,,,,,,,,,,,,,,,,,,,,,,,,,,,,,,,,,,,,,,,,,,,,,,,,,,,,,,,,,,,,,,,,,,,,,,,,,,,,,,,,,,,,,,,,,,,,,,,,,,,,,,,,,,,,,-59296,-61504,-62222,-45709,-57805.5522,,,,,,,,,,,,,,,,,,,,,,,,
,,,,,,,,GAAP to Non-GAAP Reconciliations,,,,,,,,,,,,,,,,,,,,,,,,,,,,,,,,,,,,,,,,,,,,,,,,,,,,,,,,,,,,,,,,,,,,,,,,,,,,,,,,,,,,,,,,,,,,,,,,,,,,,,,,,,,,,,,,,,,,,,,,,,,,,,,,,,,,,,,,,,,,,,,,,,,,,,,,,,,,,,,,,,
,,,,,,,,,,,,,,,,,,,,,,,,,,,,,,,,,,,,,,,,,,,,,,,,,,,,,,,,,,,,,,,,,,,,,,,,,,,,,,,,,,,,,,,,,,,,,,,,,,,,,,,,,,,,,,,,,,,,,,,,,,,,,,,,,,,,,,,,,,,,,,,,,,,,,,,,,,,,,,,,,,,,,,,,,,
,,,,,,,,Other Bets Non-GAAP EBIT Loss,,,,,,,,,,,,,,,,,,,,,,,,,,,,,,,,,,,,,,,,,,,,,,,,,,,,,,,,,,,,,,,,,,,,,,,,,,,,,,,,,,,,,,,,,,,,,,,,,,,,,,,,,,,,,,,,,,,,,,,,,,,,,-403,-1595,-3069,-2958,-2371,-2869,-4350,-3937.384,-4819.417,-4113.80479,-3831.364431,-3898.3828175,-7105.6025313825,-5913.714568,-5712.984356,-4727.6370704,-3337.50056086,-1528.1700018365,-100.754441485115,1338.97814404292,2738.655762846,4018.81010207302,4689.57898842816,,,,,,,,,,,,,,,
,,,,,,,,Non-GAAP Tax Impact,,,,,,,,,,,,,,,,,,,,,,,,,,,,,,,,,,,,,,,,,,,,,,,,,,,,,,,,,,,,,,,,,,,,,,,,,,,,,,,,,,,,,,,,,,,,,,,,,,,,,,,,,,,,,,,,,,,,,,,,,,,,,-330.523924575871,-1257.38149668751,-2523.33688742255,-2303.947687421,-1216.46026459864,-2403.34598108647,-3592.40452927586,-3161.09992607779,-3921.66192183979,-3307.0281685797,-688.511164053797,-737.294499523239,-1314.52494618108,-1074.60549113551,-1033.88615538485,-867.295480974682,-613.415475934582,-281.197046616602,-18.5565214259586,246.475539075564,503.394095287567,733.706617228284,852.996725681389,,,,,,,,,,,,,,,
,,,,,,,,Non-GAAP EPS Impact,,,,,,,,,,,,,,,,,,,,,,,,,,,,,,,,,,,,,,,,,,,,,,,,,,,,,,,,,,,,,,,,,,,,,,,,,,,,,,,,,,,,,,,,,,,,,,,,,,,,,,,,,,,,,,,,,,,,,,,,,,,,,-0.487773235917391,-0.0929116953669613,-0.182077330135984,-0.16487276545787,-0.0867704306527996,-0.170865782393722,-0.257130563474526,-0.230056204140065,-0.289347338733409,-0.251322484475227,-0.0541229174848224,-0.0592335254392126,-0.107483642369671,-0.0881528589721634,-0.0850093272621983,-0.0714754020169208,-0.0506548630829422,-0.0232602827271214,-0.00153709832603682,0.0204383100209583,0.0417746534177762,0.0609158931480402,0.070832288239676,,,,,,,,,,,,,,,
,,,,,,,,Core  Google EPS (Non-GAAP),,,,,,,,,,,,,,,,,,,,,,,,,,,,,,,,,,,,,,,,,,,,,,,,,,,,,,,,,,,,,,,,,,,,,,,,,,,,,,,,,,,,,,,,,,,,,,,,,,,,,,,,,,,,,,,,,,,,,,,,,,,,,23.5125453051363,1.34148177592837,1.65661299751941,1.88455479137797,1.36296547819579,2.80886832860721,3.24140255429635,3.79802744447689,6.6717671679356,5.81102783677825,7.05737581045014,9.34919347611301,12.3039553946963,13.743613750037,15.4939623329201,17.4471491775592,19.8581670950442,22.5921296559099,25.7569702395646,29.6746999335509,34.4409148779932,41.0137409467931,48.0833628192617,,,,,,,,,,,,,,,
,,,,,,,,YoY Growth,,,,,,,,,,,,,,,,,,,,,,,,,,,,,,,,,,,,,,,,,,,,,,,,,,,,,,,,,,,,,,,,,,,,,,,,,,,,,,,,,,,,,,,,,,,,,,,,,,,,,,,,,,,,,,,,,,,,,,,,,,,,,,-0.942946126907183,0.23491278617852,0.137595077546704,-0.276770574975325,1.06085067710256,0.153988786616998,0.171723468732002,0.756640062629804,-0.129012195643464,0.214479780286665,0.324740771530019,0.316044579260513,0.117007767759084,0.127357230399343,0.126061158706265,0.138189792094288,0.137674466519525,0.140085978252462,0.152103669707568,0.160615438576127,0.190843538625037,0.172372032135277,,,,,,,,,,,,,,,
,,,,,,,,,,,,,,,,,,,,,,,,,,,,,,,,,,,,,,,,,,,,,,,,,,,,,,,,,,,,,,,,,,,,,,,,,,,,,,,,,,,,,,,,,,,,,,,,,,,,,,,,,,,,,,,,,,,,,,,,,,,,,,,,,,,,,,,,,,,,,,,,,,,,,,,,,,,,,,,,,,,,,,,,,,
,,,,,,,,Income from operations (press release format),,,,,,,,,,,,,,,,,,,,,,,,,,,,,,,,,,,,,,,,,,,,,,,,,,,,,,,,,,,,,,,,,,,,,,,,,,,,,,,,,,,,,,,,,,,,,,,,,,,,,,,,,,,,,,,,,,,,,,,,,,,,,,,,,,,,,,,,,,,,,,,,,,,,,,,,,,,,,,,,,,
,,,,,,,,GAAP Income from Operations,,,,,,,,,,,,,,,,,,,,,,,,,,,,,,,,,,,,,,,,,,,,,,,,3748,3465,3761,4429,4115,4258,3724,4399,4447,4825,4708,5380,5342,5968,5767,6639,6568,4132,7782,7664,7633,3045,8625,8221,6608,9180,9177,9266,7977,6383,11213,15651,16437,19361,21031,21885,20094,19453,17135,18160,17415,21838,21343,23697,25472,27425,28521,30972,30606,31271,31228,35934,40108.0805088389,43177.3397040771,44405.9563102754,46706.8236446517,45837.0719249246,48814.0581088141,51705.0802232918,54887.5082793853,,,,,,,,,,,,,5537.212,8312.186,10382,11742,12756,15403,16496,19360,23716,26146,27524,34231,41224,78714,74842,84293,112390,129039,174398.200167843,201243.718536416,231976.004992324,267312.133594769,307039.997294334,350159.941873797,403496.044586766,468406.130083191,558197.170751858,654510.712730585,,,,,,,,,,,,,,,
,,,,,,,,+ Stock base compensation expense,,,,,,,,,,,,,,,,,,,,,,,,,,,,,,,,,,,,,,,,,,,,,,,,655,743,856,873,839,880,1255,1201,1203,1132,1432,1436,1494,1503,1860,1846,2009,2003,1820,1847,2457,2413,2230,2253,2769,2760,2621,2644,3190,3329,3117,3223,3745,3803,3874,3954,4504,4782,4976,5100,5284,5774,5743,5659,5264,5865,5846,5810,5516,5998,6368,7071,6468.12034504245,6801.01981428092,7116.33267104654,7395.2503105156,7033.92893565446,7231.13459003057,7672.24194284182,8240.83584816282,,,,,,,,,,,,,1120.036,1164.054,1376,1974,2661,3127,4175,5203,6703,7679,9353,10794,12859,15376,19362,22460,22785,24953,27780.7231408855,30178.1413166897,32452.6812574949,35909.8403131577,39368.8494728617,43029.1292282223,46668.93314469,50241.5177173762,53907.9036343431,57619.8835175213,,,,,,,,,,,,,,,
,,,,,,,,+ Other,,,,,,,,,,,,,,,,,,,,,,,,,,,,,,,,,,,,,,,,,,,,,,,,0,0,0,0,0,0,378,0,0,0,0,0,0,0,0,0,0,2736,0,0,0,0,0,0,0,0,0,0,0,0,0,0,0,0,0,0,0,0,0,0,0,0,0,0,0,0,0,0,0,0,0,0,0,0,0,0,0,0,0,0,,,,,,,,,,,,,0,0,0,0,0,0,0,0,0,0,0,0,0,0,0,0,0,0,0,0,0,0,0,0,0,0,0,0,,,,,,,,,,,,,,,
,,,,,,,,Non-GAAP Income from Operations,,,,,,,,,,,,,,,,,,,,,,,,,,,,,,,,,,,,,,,,,,,,,,,,4403,4208,4617,5302,4954,5138,5357,5600,5650,5957,6140,6816,6836,7471,7627,8485,8577,8871,9602,9511,10090,5458,10855,10474,9377,11940,11798,11910,11167,9712,14330,18874,20182,23164,24905,25839,24598,24235,22111,23260,22699,27612,27086,29356,30736,33290,34367,36782,36122,37269,37596,43005,46576.2008538813,49978.359518358,51522.2889813219,54102.0739551673,52871.0008605791,56045.1926988447,59377.3221661336,63128.3441275481,,,,,,,,,,,,,6657.248,9476.24,11758,13716,15417,18530,20671,24563,30419,33825,36877,45025,54083,94090,94204,106753,135175,153992,202178.923308729,231421.859853106,264428.686249819,303221.973907927,346408.846767196,393189.07110202,450164.977731456,518647.647800567,612105.074386201,712130.596248106,,,,,,,,,,,,,,,
,,,,,,,,Check,,,,,,,,,,,,,,,,,,,,,,,,,,,,,,,,,,,,,,,,,,,,,,,,0,0,0,0,0,0,0,,,,,,,,,,,,,,,,,,,,,,,,,,,,,,,,,,,,,,,,,,,,,,,,,,,,,,,,,,,,,,,,,,,,,,,,,,,,,,,,,,,,,,,,,,,,,,,,,,,,,,,,,,,,
,,,,,,,,,,,,,,,,,,,,,,,,,,,,,,,,,,,,,,,,,,,,,,,,,,,,,,,,,,,,,,,,,,,,,,,,,,,,,,,,,,,,,,,,,,,,,,,,,,,,,,,,,,,,,,,,,,,,,,,,,,,,,,,,,,,,,,,,,,,,,,,,,,,,,,,,,,,,,,,,,,,,,,,,,,
,,,,,,,,,,,,,,,,,,,,,,,,,,,,,,,,,,,,,,,,,,,,,,,,,,,,,,,,,,,,,,,,,,,,,,,,,,,,,,,,,,,,,,,,,,,,,,,,,,,,,,,,,,,,,,,,,,,,,,,,,,,,,,,,,,,,,,,,,,,,,,,,,,,,,,,,,,,,,,,,,,,,,,,,,,
,,,,,,,,Net income (press release format),,,,,,,,,,,,,,,,,,,,,,,,,,,,,,,,,,,,,,,,,,,,,,,,,,,,,,,,,,,,,,,,,,,,,,,,,,,,,,,,,,,,,,,,,,,,,,,,,,,,,,,,,,,,,,,,,,,,,,,,,,,,,,,,,,,,,,,,,,,,,,,,,,,,,,,,,,,,,,,,,,
,,,,,,,,GAAP Net Income,,,,,,,,,,,,,,,,,,,,,,,,,,,,,,,,,,,,,,,,,,,,,,,,3346,3228,2970,3189,3371,3351,2739,4675,3515,3931,3979,4923,4207,4877,5061,5333,5426,3524,6732,-3020,9401,3195,9192,8948,6657,9947,7068,10671,6836,6959,11247,15227,17930,18525,18936,20642,16436,16002,13910,13624,15051,18368,19689,20687,23662,23619,26301,26536,34540,28196,34979,34455,34178.3744656029,36688.8072665812,37528.6501973511,39149.1532743006,38124.1779694773,40613.8320480889,42871.9004938432,45243.1277469512,,,,,,,,,,,,,4226.858,6520.448,8505,9737,10737,12733,14136,16348,19478,12662,30736,34343,40269,76033,59972,73795,100118,132170,147544.985203836,166853.038258361,188739.485096036,215408.745755884,246028.486741146,281628.23298715,326326.865841147,381310.08371748,458016.199192492,540657.333677273,,,,,,,,,,,,,,,
,,,,,,,,+ Stock base compensation expense,,,,,,,,,,,,,,,,,,,,,,,,,,,,,,,,,,,,,,,,,,,,,,,,514,583,656,689,649,685,997,946,946,898,1123,1120,1041,987,1265,1260,1369.98128494041,1364.61553248537,1238.7801046738,1255.9779269446,1669.21141528744,1637.77178566494,1512.13160555196,1526.27703691623,1874.05083153639,1866.17557805363,1770.49302987635,1784.313655145,2150.70944063252,2242.25458662113,2097.42648711056,2166.64529903537,2515.10224889148,2551.55654211999,2596.64313969529,2647.65762423952,3012.96975403488,3195.772901981,3322.12041576285,3401.51618742591,3520.71803086808,3843.35040311369,3818.87528988779,3759.22654048511,3531.82127185601,3973.26832800127,3997.73164533923,4009.48374177291,3840.44043781254,4212.10149924381,4509.47646880799,5048.16460187573,4654.39092544512,4931.70200277352,5199.07694177928,5442.29916751921,5213.17534624403,5396.39538296561,5764.12545330914,6231.88849173103,,,,,,,,,,,,,1120.036,1164.054,1376,1974,2661,3127,4175,5203,6703,7679,9353,10794,12859,15376,19362,22460,22785,24953,27780.7231408855,30178.1413166897,32452.6812574949,35909.8403131577,39368.8494728617,43029.1292282223,46668.93314469,50241.5177173762,53907.9036343431,57619.8835175213,,,,,,,,,,,,,,,
,,,,,,,,+ Discontinued operations,,,,,,,,,,,,,,,,,,,,,,,,,,,,,,,,,,,,,,,,,,,,,,,,182,-454,193,506,198,68,185,-967,0,0,0,0,0,0,0,0,0,0,0,0,0,0,0,0,0,0,0,0,0,0,0,0,0,0,0,0,0,0,0,0,0,0,0,0,0,0,0,0,0,0,0,0,0,0,0,0,0,0,0,0,,,,,,,,,,,,,0,0,0,0,51,427,-516,0,0,0,0,0,0,0,0,0,0,0,0,0,0,0,0,0,0,0,0,0,,,,,,,,,,,,,,,
,,,,,,,,+ Other,,,,,,,,,,,,,,,,,,,,,,,,,,,,,,,,,,,,,,,,,,,,,,,,0,0,0,0,0,0,378,0,0,0,0,0,0,0,0,0,0,2736,0,0,0,0,0,0,0,0,0,0,0,0,0,0,0,0,0,0,0,0,0,0,0,0,0,0,0,0,0,0,0,0,0,0,0,0,0,0,0,0,0,0,,,,,,,,,,,,,-227,-269,-309,-413,-739,-685,-898,-1116,-2150,-2449.64515095581,-2983.66077573768,-3443.34806086952,-4102.09493373366,-4905.0324054039,-6176.58932319395,-7164.86913536495,-7268.54600397553,-7960.15046904549,-8862.21040918297,-9627.00059139055,-10352.5919101363,-11455.4455260742,-12558.8893358386,-13726.5396228371,-14887.6579995013,-16027.3330190169,-17196.9312066756,-18381.0741317013,,,,,,,,,,,,,,,
,,,,,,,,Non-GAAP Net Income,,,,,,,,,,,,,,,,,,,,,,,,,,,,,,,,,,,,,,,,,,,,,,,,4042,3357,3819,4384,4218,4104,4299,4654,4461,4829,5102,6043,5248,5864,6326,6593,6795.98128494041,7624.61553248537,7970.7801046738,-1764.0220730554,11070.2114152874,4832.77178566494,10704.131605552,10474.2770369162,8531.05083153639,11813.1755780536,8838.49302987635,12455.313655145,8986.70944063252,9201.25458662113,13344.4264871106,17393.6452990354,20445.1022488915,21076.55654212,21532.6431396953,23289.6576242395,19448.9697540349,19197.772901981,17232.1204157629,17025.5161874259,18571.7180308681,22211.3504031137,23507.8752898878,24446.2265404851,27193.821271856,27592.2683280013,30298.7316453392,30545.4837417729,38380.4404378125,32408.1014992438,39488.476468808,39503.1646018757,38832.7653910481,41620.5092693547,42727.7271391304,44591.4524418198,43337.3533157213,46010.2274310545,48636.0259471523,51475.0162386823,,,,,,,,,,,,,5119.894,7415.502,9572,11298,12710,15602,16897,20435,24031,17891.3548490442,37105.3392242623,41693.6519391305,49025.9050662663,86503.9675945961,73157.410676806,89090.1308646351,115634.453996024,149162.849530955,166463.497935538,187404.17898366,210839.574443395,239863.140542967,272838.446878169,310930.822592535,358108.140986336,415524.268415839,494727.17162016,579896.143063093,,,,,,,,,,,,,,,
,,,,,,,,Check,,,,,,,,,,,,,,,,,,,,,,,,,,,,,,,,,,,,,,,,,,,,,,,,0,0,0,187,81,71,74,,,,,,,,,,,,,,,,,,,,,,,,,,,,,,,,,,,,,,,,,,,,,,,,,,,,,,,,,,,,,,,,,,,,,,,,,,,,,,,,,,,,,,,,,,,,,,,,,,,,,,,,,,,,
,,,,,,,,,,,,,,,,,,,,,,,,,,,,,,,,,,,,,,,,,,,,,,,,,,,,,,,,,,,,,,,,,,,,,,,,,,,,,,,,,,,,,,,,,,,,,,,,,,,,,,,,,,,,,,,,,,,,,,,,,,,,,,,,,,,,,,,,,,,,,,,,,,,,,,,,,,,,,,,,,,,,,,,,,,
,,,,,,,,Diluted EPS (press release format),,,,,,,,,,,,,,,,,,,,,,,,,,,,,,,,,,,,,,,,,,,,,,,,,,,,,,,,,,,,,,,,,,,,,,,,,,,,,,,,,,,,,,,,,,,,,,,,,,,,,,,,,,,,,,,,,,,,,,,,,,,,,,,,,,,,,,,,,,,,,,,,,,,,,,,,,,,,,,,,,,
,,,,,,,,GAAP Diluted EPS,,,,,,,,,,,,,,,,,,,,,,,,,,,,,,,,,,,,,,,,,,,,,,,,0.248468052622355,0.238519582546396,0.218874821289077,0.233795597106184,0.245982265342697,0.244112809111214,0.19899304723088,0.339510610886707,0.254895590705122,0.284493065345835,0.286539760542344,0.35314371794412,0.3007960692739,0.349933342613228,0.362307427982361,0.378237727803079,0.386447418650895,0.250460907771538,0.478317957812527,-0.217390052461546,0.666610885306906,0.227160585114476,0.652971688932016,0.638323067945596,0.474903656693951,0.710546693068402,0.506159418733055,0.767483608891907,0.493740132058873,0.506459745219963,0.819930276401143,1.11476509182701,1.31437929482415,1.36291001336056,1.39951723454921,1.53473716455041,1.23106698963825,1.2087015635622,1.06207528441628,1.05229010581602,1.17375029244327,1.43904732058916,1.5508034026465,1.64156483097921,1.88888001915862,1.89027611044418,2.11780336581045,2.14901198574668,2.81018631518998,2.31152647975078,2.86642628861755,2.81771344455348,2.80219644539417,3.00955754308281,3.07869488758833,3.21330504153989,3.13216635355664,3.33843615749913,3.5258785111559,3.72323410036646,,,,,,,,,,,,,6.65617579067379,10.2068274601147,13.1554117388655,14.8786421118901,16.1553392214983,18.7908231481454,1.04455149782897,1.17962853390674,1.39386486208946,0.903183790625706,2.18517463943303,2.45814046537395,2.93066764770419,5.60985282372233,4.55766061570064,5.80092365137074,8.04338307658318,10.807031888798,12.1035229951971,13.7191744566085,15.5543651150416,17.7881076549433,20.3511815980325,23.3282022827666,27.0597629170183,31.6433918099523,38.026733294952,44.8958301303346,,,,,,,,,,,,,,,
,,,,,,,,+ Stock base compensation expense,,,,,,,,,,,,,,,,,,,,,,,,,,,,,,,,,,,,,,,,,,,,,,,,0.0381687325307503,0.0430783508750152,0.0483440682712574,0.050512752087225,0.0473576061131445,0.0499007085172132,0.0724337597989,0.0687009706735455,0.0686006340845079,0.0649897666447622,0.0808706084667134,0.0803414511674617,0.0744304036401544,0.0708189889602739,0.0905589599679285,0.0899715946822503,0.0975720109040286,0.0969871864430836,0.0880170484026086,0.0904096382215337,0.118361291278497,0.116443567172341,0.107417224582762,0.108879955379893,0.133692893604773,0.13330701575058,0.1267900004065,0.128332066670958,0.155338145587795,0.163186044928644,0.152906862212825,0.158619593205209,0.18437246627488,0.187721563342024,0.191912063053313,0.196853917010253,0.225673375819592,0.241390807612433,0.253655067249206,0.262726205872087,0.274562741235911,0.301108618232035,0.300793579858837,0.298303962901532,0.281936718436657,0.317988661704783,0.321904472609649,0.324707138141635,0.312459558848958,0.345310829582211,0.369538348669015,0.412836490176295,0.381601463225911,0.404544112182219,0.426510719587885,0.446695928007149,0.42829860955348,0.443580931868789,0.474054236861931,0.512846500619264,,,,,,,,,,,,,1.76375844844637,1.82215981666541,2.12837701971533,3.01637460499856,4.00385188305924,4.6146944148473,0.308503289716748,0.375434748098654,0.479673281167761,0.547745089892181,0.664951145322005,0.772593197543792,0.935842838953739,1.13446920439223,1.47144375443867,1.76554976908716,1.83052481471811,2.0403107113655,2.27892951356078,2.48134040483441,2.67448463676954,2.96537683797745,3.25654405122112,3.56424574354758,3.86989365166223,4.16934169366346,4.47569644394084,4.78471730872047,,,,,,,,,,,,,,,
,,,,,,,,+ Discontinued operations,,,,,,,,,,,,,,,,,,,,,,,,,,,,,,,,,,,,,,,,,,,,,,,,0.0135149986782034,-0.0335464344721387,0.0142231786224888,0.0370964478318373,0.0144480832209594,0.00495364697689124,0.0134405672645903,-0.0702260450753895,0,0,0,0,0,0,0,0,0,0,0,0,0,0,0,0,0,0,0,0,0,0,0,0,0,0,0,0,0,0,0,0,0,0,0,0,0,0,0,0,0,0,0,0,0,0,0,0,0,0,0,0,,,,,,,,,,,,,0,0,0,0,0.076736732820752,0.630148549772881,-0.0381287898188843,0,0,0,0,0,0,0,0,0,0,0,0,0,0,0,0,0,0,0,0,0,,,,,,,,,,,,,,,
,,,,,,,,+ Other,,,,,,,,,,,,,,,,,,,,,,,,,,,,,,,,,,,,,,,,,,,,,,,,0,0,0,0,0,0,0.0274623482487304,0,0,0,0,0,0,0,0,0,0,0.194455460744304,0,0,0,0,0,0,0,0,0,0,0,0,0,0,0,0,0,0,0,0,0,0,0,0,0,0,0,0,0,0,0,0,0,0,0,0,0,0,0,0,0,0,,,,,,,,,,,,,-0.357464552744131,-0.421080972775315,-0.477956758061073,-0.631085467003246,-1.1119303049909,-1.01089404354666,-0.0663559171654226,-0.0805276146219676,-0.153856117337116,-0.174733832974897,-0.21212323854155,-0.246461672095923,-0.298539246321102,-0.361902198912375,-0.469399017836293,-0.563220527492578,-0.58394794062749,-0.650870847836916,-0.726991617692962,-0.791561855785041,-0.853175976268826,-0.945972260959516,-1.03885627607082,-1.13701488507569,-1.23451832510862,-1.33004397220479,-1.42777289895167,-1.52635233155377,,,,,,,,,,,,,,,
,,,,,,,,Non-GAAP Diluted EPS,,,,,,,,,,,,,,,,,,,,,,,,,,,,,,,,,,,,,,,,,,,,,,,,0.300151783831309,0.248051498949272,0.281442068182823,0.321404797025246,0.307787954676801,0.298967164605318,0.312329722543101,0.337985536484863,0.32349622478963,0.349482831990598,0.367410369009058,0.433485169111581,0.375226472914054,0.420752331573502,0.452866387950289,0.46820932248533,0.484019429554924,0.541903554958925,0.566335006215135,-0.126980414240013,0.784972176585403,0.343604152286817,0.760388913514778,0.747203023325488,0.608596550298724,0.843853708818982,0.632949419139554,0.895815675562865,0.649078277646668,0.669645790148607,0.972837138613967,1.27338468503222,1.49875176109903,1.55063157670259,1.59142929760253,1.73159108156066,1.45674036545784,1.45009237117464,1.31573035166548,1.31501631168811,1.44831303367918,1.74015593882119,1.85159698250534,1.93986879388074,2.17081673759528,2.20826477214896,2.4397078384201,2.47371912388831,3.12264587403893,2.65683730933299,3.23596463728657,3.23054993472978,3.18379790862008,3.41410165526503,3.50520560717621,3.66000096954704,3.56046496311012,3.78201708936792,3.99993274801783,4.23608060098573,,,,,,,,,,,,,8.06246968637603,11.6079063040048,14.8058320005197,17.2639312498854,19.1239975323874,23.0247720692189,1.24857008056141,1.47453566738343,1.7196820259201,1.27619504754299,2.63800254621349,2.98427199082182,3.56797124033682,6.38241982920219,5.55970535230302,7.00325289296532,9.2899599506738,12.1964717523266,13.6554608910649,15.4089530056579,17.3756737755423,19.8075122319612,22.5688693731828,25.7554331412385,29.6951382435719,34.482689531411,41.0746568399411,48.1541951075013,,,,,,,,,,,,,,,
,,,,,,,,,,,,,,,,,,,,,,,,,,,,,,,,,,,,,,,,,,,,,,,,,,,,,,,,,,,,,,,,,,,,,,,,,,,,,,,,,,,,,,,,,,,,,,,,,,,,,,,,,,,,,,,,,,,,,,,,,,,,,,,,,,,0.166022365327351,0.107742915305827,0.203972758845287,-0.94577274959301,0.180979498339746,0.166253257862313,-0.257888942079179,1.06708414304877,0.131261982709365,0.195591839922828,0.78880921377597,-0.128903221492092,0.259644612293048,0.326520702972965,0.312865912994814,0.119623868965215,0.12840958855811,0.127634938542694,0.139956498253433,0.139409589093471,0.141192884559919,0.152965981225347,0.161223404604807,0.19116743496836,0.172357818962374,,,,,,,,,,,,,,,
,,,,,,,,Check,,,,,,,,,,,,,,,,,,,,,,,,,,,,,,,,,,,,,,,,,,,,,,,,5.69984821616869,4.71194850105073,5.34855793181718,6.37859520297475,5.9622120453232,5.78103283539468,6.0376702774569,,,,,,,,,,,,,,,,,,,,,,,,,,,,,,,,,,,,,,,,,,,,,,,,,,,,,,,,,,,,,,,,,,,,,,,,,,,,,,,,,,,,,,,,,,,,,,,,,,,,,,,,,,,,
,,,,,,,,,,,,,,,,,,,,,,,,,,,,,,,,,,,,,,,,,,,,,,,,,,,,,,,,,,,,,,,,,,,,,,,,,,,,,,,,,,,,,,,,,,,,,,,,,,,,,,,,,,,,,,,,,,,,,,,,,,,,,,,,,,,,,,,,,,,,,,,,,,,,,,,,,,,,,,,,,,,,,,,,,,
,,,,,,,,Core Google / Motorola Financials,,,,,,,,,,,,,,,,,,,,,,,,,,,,,,,,,,,,,,,,,,,,,,,,,,,,,,,,,,,,,,,,,,,,,,,,,,,,,,,,,,,,,,,,,,,,,,,,,,,,,,,,,,,,,,,,,,,,,,,,,,,,,,,,,,,,,,,,,,,,,,,,,,,,,,,,,,,,,,,,,,
,,,,,,,,Core Google gross revenue (GAAP),,,,,,,,,,,,,,,,,,,,,,,,,,,,,,,,,,,,,,,,,,,,10645,10964,11526,12905,12951,13107,13754,15707,15420,15955,16523,18103,17258,17727,18675,21329,20257,21500,22451,26064,24750,26010,27772,32323,31146,32657,33740,39276,36339,38944,40499,46075,41159,38297,46173,56898,55314,61880,65118,75325,68011,69685,69092,76048,69787,74604,76693,86310,80539,84742,88268,96469,90234,96428,102346,113828,109629.15839055,117258.962315188,122695.390880113,134459.096554829,127889.617011899,136436.50169869,144759.281940412,158477.61246467,,,,,,,,,,,,,,,,37905,46040,55519,66001,74989,90272,110855,136819,161857,182527,257637,282836,307394,350018,402836,484042.60814068,567563.013115671,659990.491713614,761262.369052504,871542.983667059,990965.1001939,1119926.16215119,1258509.73262744,1406729.68077991,1564846.11482466,,,,,,,,,,,,,,,
,,,,,,,,Core Google cost of revenue (GAAP),,,,5.692,20.407,39.622,65.789,87.195,117.401,170.39,250.868,315.398,326.377,362.099,453.779,546.781,598.119,655.154,777.034,904.119,989.032,1048.728,1283.148,1470.426,1560.255,1662.579,1955.825,2110.536,2147.575,2173.39,2190.005,2102,2108,2226,2408.115,2452,2467,2552,2946,2936,3172,3378,3702,3789,3984,4440,4963,5136,5195,5409,6253,5961,6114,6695,6921,6356,6583,7037,8188,7648,8130,8699,10661,9795,10373,11148,14267,13467,13883,14281,17918,16012,17296,17568,21020,18982,18553,21117,26080,24103,26227,27621,32988,29599,30104,31158,35342,30612,31916,33229,37575,33712,35507,36474,40613,36361,39039,41369,45766,41957.7577708387,45126.5631398739,47934.9888932759,53759.2264285698,50246.3498727245,54262.2069428115,58182.566082816,64439.519190998,,,,,,14.228,131.51,625.854,1457.653,2577.088,4225.027,6649.085,8621.506,8844.115,10417,13188,17176,21993,25691,28164,35138,45583,59549,71896,84732,110939,126203,133332,146306,162535,188778.536232558,227130.64208935,271442.794622448,317918.858646171,367759.197111394,422023.797150426,474137.71466527,522837.668675667,554749.325038299,588497.053169111,,,,,,,,,,,,,,,
,,,,,,,,"Core Google cost of revenue (ex-SBC, ex-TAC)",,,,5.692,20.407,39.622,65.789,87.195,20.801,26.89,250.868,44.398,49.377,59.199,75.979,83.408,102.795,123.926,146.48,179.136,201.51,221.279,296.673,341.037,404.696,437.448,509.669,614.718,664.212,667.461,694.506,653,641,652,681.664,735,727,739,832,849,1011,1096,1172,1205,1302,1567,1786,2075,2072,2304,2815,2634,2721,3178,3127,2851,3043,3240,3881,3619,3900,4192,5477,4841.92436412316,4942.16966067864,5327.98924731183,7480.81798483207,6782.65662650603,7053.60878243513,7309.34946236559,10071.9198266522,8705.32730923695,9589.73652694611,9620.02956989248,12037.7518959913,11015.4149933066,11294.1996007984,12406.3629032258,15027.3651137595,13786.8868808568,14652.7804391218,15446.0913978495,18841.3120260022,16882.4511378849,17078.6826347305,18462.5376344086,21488.7226435536,18038.6278447122,18399.379241517,19583.5188172043,22558.9761646804,19916.8540829987,21124.9401197605,21733.5215053763,24707.4918743229,21723.203480589,23316.375249501,25380.311827957,27881.9707475623,25405.7895895087,27767.0254554422,30426.6632832776,34414.5720504135,32451.0945488725,35719.1961987375,39082.8899220996,43414.6664736327,,,,,,14.228,37.01,99.354,228.953,456.609,898.598,1692.85,2640.897,2627.664,3033,4128,5860,9266,11660,13015,17188,22592.9012569457,31217.534697959,39952.8453020669,49743.3426110902,62727.0707438302,73912.3940505777,78580.5020681138,87482.8075824584,98301.8613056093,118014.050378642,150667.847143342,189063.86440988,229493.600443749,273197.809632734,320542.05797325,365616.165440731,407083.256107437,431112.747039868,456097.133578181,,,,,,,,,,,,,,,
,,,,,,,,,,,,,,,,,,,,,,,,,,,,,,,,,,,,,,,,,,,,,,,,,,,,,,,,,,,,,,,,,,,,,,,,,,,,,,,,,,,,,,,,,,,,,,,,,,,,,,,,,,,,,,,,,,,,,,,,,,,,,,,,,,,,,,,,,,,,,,,,,,,,,,,,,,,,,,,,,,,,,,,,,,
,,,,,,,,Core Google gross profit (GAAP),,,,36.593,58.118,91.165,122.122,161.423,193.798,223.552,261.307,336.225,373.835,443.788,577.722,709.735,786.376,923.302,1142.059,1349.636,1466.959,1640.945,1922.35,2193.545,2311.73,2568.772,2870.854,3075.507,3219.637,3368.001,3510.899,3407,3415,3719,4265.448,4323,4353,4734,5494,5639,5854,6342,6882,6856,6980,7086,7942,7815,7912,8345,9454,9459,9841,9828,11182,10902,11144,11638,13141,12609,13370,13752,15403,14955,15637,16624,18056,17679,18774,19459,21358,20327,21648,22931,25055,22177,19744,25056,30818,31211,35653,37497,42337,38412,39581,37934,40706,39175,42688,43464,48735,46827,49235,51794,55856,53873,57389,60977,68062,67671.4006197112,72132.3991753143,74760.4019868369,80699.8701262593,77643.2671391748,82174.2947558786,86576.7158575958,94038.0932736717,,,,,,72.198,307.998,840.08,1731.57,3561.472,6379.89,9944.901,13174.044,14806.448,18904,24717,28864,33526,40310,46825,55134,65272,77270,89961,97795,146698,156633,174062,203712,240301,295264.071908122,340432.371026321,388547.697091166,443343.510406332,503783.786555665,568941.303043474,645788.447485917,735672.063951776,851980.355741615,976349.06165555,,,,,,,,,,,,,,,
,,,,,,,,Core Google gross margin (GAAP),,,,0.865389618067873,0.740120980579433,0.697049400934344,0.649892768385033,0.64928122662076,0.622746217050826,0.56747439978474,0.510190852735881,0.515980866237073,0.5338883081124,0.550682663946682,0.560078952904554,0.564843583368616,0.567987605589042,0.584939966650955,0.595103520256705,0.598838826758011,0.597298198568317,0.610090892089856,0.59970400855031,0.598679683873044,0.597040019524869,0.607080811778555,0.594788673537229,0.593035383624856,0.599871404371581,0.607789813063182,0.615849521409236,0.618442548556907,0.618323374977367,0.625567703952902,0.639156025049887,0.638081180811808,0.638269794721408,0.649739225912709,0.650947867298578,0.657609329446064,0.648570795479725,0.652469135802469,0.650226757369615,0.644058243306717,0.636628967530099,0.614783966684019,0.615420379697792,0.603428306694464,0.60364690623331,0.606732586883816,0.601897243267333,0.613424124513619,0.616797242243811,0.594807238394965,0.617687676075789,0.63170703441882,0.628645568906188,0.623186077643909,0.616109522246706,0.622451498247519,0.621860465116279,0.612533962852434,0.590968385512585,0.604242424242424,0.601191849288735,0.598588506409333,0.558611515020264,0.56761702947409,0.574884404568699,0.576733847065797,0.543792646909054,0.559371474173753,0.555875102711586,0.566211511395343,0.543787303309821,0.538812896328871,0.515549520850197,0.542654798258723,0.541635909873809,0.564251364934736,0.576163542340013,0.575831567308578,0.562057749751079,0.564790989692844,0.567998851976753,0.54903606785156,0.535267199663371,0.561350967945319,0.572194520401051,0.566727080698369,0.564650677789364,0.581420181526962,0.580998796346558,0.586781166447637,0.579004654344919,0.597036593745152,0.595148711992367,0.595792703183319,0.597937238640756,0.617275564395325,0.615154677741603,0.609317118194654,0.600181558511007,0.607111577572013,0.602289663929924,0.598073675809154,0.593384086314628,,,,,,0.835373614421586,0.700779052941016,0.573068091742193,0.542944159125906,0.580180368034197,0.601597353378626,0.599307544311536,0.604437327803152,0.626050551101046,0.644725623273422,0.65207756232687,0.626933101650739,0.603865343395955,0.610748321995121,0.624424915654296,0.610754165189649,0.588805195976726,0.564760742294564,0.555805433191027,0.535783747062079,0.569398029009808,0.553794425037831,0.566250479840205,0.582004354061791,0.5965231508604,0.609996035353787,0.599814228833372,0.588717113306182,0.582379385123338,0.578036649937758,0.574128496485043,0.576634843716364,0.584558104620997,0.605646107693742,0.623926565306358,,,,,,,,,,,,,,,
,,,,,,,,"Core Google gross profit (ex-SBC, ex-TAC)",,,,30.901,37.711,51.543,56.333,74.228,193.798,223.552,10.439,336.225,373.835,443.788,577.722,711.308,787.4,924.63,1143.713,1351.919,1469.281,1643.094,1933.225,2197.934,2319.389,2572.803,2877.11,3084.925,3229,3378.73,3522.998,3420,3429,3734,4270.499,4329,4361,4742,5539,5688,5905,6414,6959,6930,7062,7189,8043,7914,8022,8478,9581,9554,9941,9997,11353,11062,11307,11869,13393,12850,13625,14077,15739,15279.0756358768,15976.8303393214,16942.0107526882,18392.1820151679,18075.343373494,19183.3912175649,19848.6505376344,21768.0801733478,20773.6726907631,22116.2634730539,23388.9704301075,25536.2481040087,22691.5850066934,20308.8003992016,25600.6370967742,31404.6348862405,31815.1131191432,36298.2195608782,38173.9086021505,43056.6879739978,39138.5488621151,40392.3173652695,38803.4623655914,41634.2773564464,40027.3721552878,43667.620758483,44467.4811827957,49765.0238353196,47676.1459170013,50230.0598802395,52815.4784946237,56913.5081256771,54762.796519411,58406.624750499,62089.688172043,69349.0292524377,68714.7854946478,73286.2648124678,76003.8472116166,82045.917853417,78777.9236810039,83401.13395778,87917.2957669633,95538.050394464,,,,,,72.198,307.998,840.08,1731.57,3567.051,6397.519,9967.236,13215.653,14853.499,18971,24966,29224,33995,40845,47631,56291,66590.0987430543,78875.465302041,91815.1546979331,100005.65738891,149343.92925617,159968.605949422,177927.497931886,207635.192417542,244608.138694391,300050.815372149,345634.403800211,394141.809390214,449533.559165595,510570.090691464,576358.557079374,653833.12184785,744332.571536822,861272.865791679,986281.433544872,,,,,,,,,,,,,,,
,,,,,,,,"Core Google gross margin (ex-SBC, ex-TAC)",,,,0.844451124532014,0.64886954127809,0.56538145121483,0.461284617022322,0.459835339449769,0.903070377774361,0.892629830459747,0.0399491785524305,0.883354395294031,0.883327977467558,0.882305109277178,0.883771020696006,0.895046784008376,0.884525300636377,0.881812702421235,0.886466598408145,0.882998324684613,0.879392455429794,0.881311840495437,0.866956694880214,0.86567904871698,0.85143782224123,0.854680556538309,0.849512176613827,0.833843968188282,0.829392285855484,0.835039670643328,0.835327719902578,0.839675914559293,0.842506142506143,0.851345189238486,0.862350249779743,0.854857819905213,0.857114779874214,0.86517058930852,0.869408256160728,0.870123910050482,0.853817235396183,0.854061251664447,0.85586028778748,0.851874615857406,0.844332855093257,0.821037003197807,0.818292806999695,0.792271498648513,0.794729542302358,0.786310517529215,0.772910616327848,0.783885789300952,0.785105038698468,0.758785578747628,0.784046961325967,0.795083734636671,0.78794425087108,0.785558276523926,0.775327081162441,0.78025381018884,0.777460770328103,0.770540259455909,0.741845776772247,0.767638446336256,0.763856872218462,0.7542856841943,0.705465153433621,0.720219284117384,0.72829883134263,0.733017598701322,0.686343806701595,0.70798421003214,0.699926054593768,0.711127103378155,0.681275460982543,0.674181026997844,0.645707757827852,0.673187228083152,0.676328442224244,0.696005624885547,0.712316408824488,0.712758291985334,0.697895906864379,0.702124910071491,0.707445659332869,0.685234554736021,0.666639084069017,0.690341349992891,0.703590177211959,0.694240323218568,0.689514559748935,0.706093599280244,0.704953614307321,0.708628220021248,0.69746091500934,0.718426737850746,0.713712039475762,0.708163921804384,0.712741438785987,0.729684250449147,0.724865280034598,0.714788698538846,0.705101172410207,0.616465762423159,0.611730042348456,0.607754266353806,0.603229515255992,,,,,,0.835373614421586,0.892727125168112,0.894240574643881,0.883218406517037,0.886518990173126,0.876838871964361,0.854816679739755,0.833450719103462,0.84968597341035,0.862161425195419,0.858115075273252,0.832972295063277,0.785811701070248,0.777925911817922,0.785393925403159,0.76608282638577,0.745255827995504,0.715547035788853,0.699208415754214,0.66860768580499,0.704711777239597,0.689754726607001,0.694291603967215,0.704070070963191,0.713066341806833,0.717885257731334,0.696980913360592,0.676283411622048,0.662416104042125,0.651762844099387,0.642898116746459,0.641610891645414,0.646674488447496,0.666627288444871,0.683977873202817,,,,,,,,,,,,,,,
,,,,,,,,,,,,,,,,,,,,,,,,,,,,,,,,,,,,,,,,,,,,,,,,,,,,,,,,,,,,,,,,,,,,,,,,,,,,,,,,,,,,,,,,,,,,,,,,,,,,,,,,,,,,,,,,,,,,,,,,,,,,,,,,,,,,,,,,,,,,,,,,,,,,,,,,,,,,,,,,,,,,,,,,,,
,,,,,,,,Core Google operating expenses (GAAP),,,,21.386,27.021,34.252,38.873,76.717,89.014,156.996,174.889,180.902,202.877,432.676,274.923,813.746,908.797,1049.285,1349.454,1511.056,1640.619,1758.342,2199.754,2442.762,2767.37,2913.509,3385.945,3639.808,3789.247,3893.826,4935.457,3625,3649,3871,4193.377,4287,4455,4739,5458,6279,6145,6662,7077,3467,3836,4580,4712,4067,4447,4584,5025,5344,5583,6104,6783,6455,6319,6930,7761,7267,7402,7985,8764,8387,8769,8842,10392,10046,10658,10834,13137,12022,12468,13754,15789,14200,13361,13843,15167,14774,16292,16466,20452,18318,20128,20799,22546,21760,20850,22121,25038,21355,21810,23273,24884,23267,26118,29749,32128,27563.3201108724,28955.0594712372,30354.4456765615,33993.0464816076,31806.1952142502,33360.2366470644,34871.635634304,39150.5849942864,,,,,,61.234,121.532,497.616,1091.378,1549.773,2902.373,4882.836,7678.441,6541.313,8589,13224,35667,40116,49505,55629,66556,84709,109295,127626,141303,178923,207994,223101,237628,273797,309644.407972837,366319.294579255,428014.486721289,493950.235457735,564502.986372725,640805.158320103,716430.117564421,790103.602544252,848532.510028056,910335.402094076,,,,,,,,,,,,,,,
,,,,,,,,Core Google operating expenses (adjusted),,,,17.612,23.286,28.07,30.929,40.299,54.849,83.202,89.905,102.04,125.642,158.165,205.835,209.915,254.402,340.848,416.899,449.266,528.75,596.143,737.755,758.156,938.032,1015.045,1143.042,1201.681,1295.368,1279.262,1304.587,1176,1196,1274,1446.981,1483,1611,1730,2060,2360,2481,2656,2798,2852,3148,3782,3619,3232,3568,3617,4037,4330,4537,4733,5496,5173,5127,4297,5141,5798,5935,6231,7031,6486.07563587684,6904.83033932136,7140.01075268817,8686.18201516793,7790.34337349398,8402.39121756487,8776.65053763441,11087.0801733478,9502.67269076305,9967.26347305389,11402.9704301075,13295.2481040087,11315.5850066934,10388.8003992016,11081.6370967742,12344.6348862405,11405.1131191432,12919.2195608782,13049.9086021505,16993.6879739978,14349.5488621151,15956.3173652695,16579.4623655914,18238.2773564464,17202.3721552878,15937.620758483,17252.4811827957,20409.0238353196,16940.1459170013,16940.0598802395,18448.4784946237,20131.5081256771,18640.796519411,21137.624750499,24493.688172043,26344.0292524377,22138.5846407665,23307.9052941097,24481.5582302946,27943.8438982497,25906.9228204248,27355.9412589353,28539.9736008297,32409.7062669159,,,,,,44.5,88.729,257.057,591.682,1222.064,2311.914,3854.275,5080.898,5092.981,6884,10295,33717,36989,45330,50426,59853,77030,99942,116832,128444,163547,188632,200641,214843,248844,281863.684831951,336141.153262565,395561.805463794,458040.395144577,525134.136899863,597776.02909188,669761.184419731,739862.084826876,794624.606393713,852715.518576554,,,,,,,,,,,,,,,
,,,,,,,,,,,,,,,,,,,,,,,,,,,,,,,,,,,,,,,,,,,,,,,,,,,,,,,,,,,,,,,,,,,,,,,,,,,,,,,,,,,,,,,,,,,,,,,,,,,,,,,,,,,,,,,,,,,,,,,,,,,,,,,,,,,,,,,,,,,,,,,,,,,,,,,,,,,,,,,,,,,,,,,,,,
,,,,,,,,Core Google operating income (GAAP),,,,15.207,31.097,56.913,83.249,84.706,104.784,66.556,86.418,155.323,170.958,11.112,302.799,-104.011,-122.421,-125.983,-207.395,-161.42,-173.66,-117.397,-277.404,-249.217,-455.64,-344.737,-515.090999999999,-564.301,-569.609999999999,-525.825,-1424.558,-218,-234,-152,72.0710000000008,36,-102,-5,36,-640,-291,-320,-195,3389,3144,2506,3230,3748,3465,3761,4429,4115,4258,3724,4399,4447,4825,4708,5380,5342,5968,5767,6639,6568,6868,7782,7664,7633,8116,8625,8221,8305,9180,9177,9266,7977,6383,11213,15651,16437,19361,21031,21885,20094,19453,17135,18160,17415,21838,21343,23697,25472,27425,28521,30972,30606,31271,31228,35934,40108.0805088389,43177.3397040771,44405.9563102754,46706.8236446517,45837.0719249246,48814.0581088141,51705.0802232918,54887.5082793853,,,,,,25.192,317.976,968.318,2097.845,4588.787,7702.544,11711.15,14117.109,17109.25,20732,24681,10373,15403,16496,19360,23716,26146,27524,34231,41224,78714,74842,84293,112390,129039,174398.200167843,201243.718536416,231976.004992324,267312.133594769,307039.997294334,350159.941873797,403496.044586766,468406.130083191,558197.170751858,654510.712730585,,,,,,,,,,,,,,,
,,,,,,,,Core Google operating margin (GAAP),,,,0.359631074849237,0.396014008277619,0.435157928540298,0.443023559025283,0.340707430676781,0.336710593543038,0.168948728493027,0.168727485722653,0.238363286747092,0.244151771177872,0.0137885336281637,0.293551823992415,-0.0827772984983875,-0.0884228545426312,-0.0798140714723755,-0.108069280644554,-0.0716226919075055,-0.0707087281671636,-0.0436473132607571,-0.0865400633536505,-0.0680182785289512,-0.117676075707938,-0.0814720877563691,-0.106717475929101,-0.108811477266965,-0.106127725157866,-0.0948904345497368,-0.249882825600993,-0.0395716100925758,-0.042368278109723,-0.0255677039529016,0.010799478479487,0.00531365313653137,-0.0149560117302053,-0.000686247598133407,0.0042654028436019,-0.0746355685131195,-0.0322401949922446,-0.0329218106995885,-0.0184240362811791,0.318365429779239,0.286756658153958,0.217421481867083,0.250290585044556,0.289398502046174,0.264362554360266,0.273447724298386,0.281976188960336,0.26686121919585,0.266875587590097,0.225382799733705,0.242998398055571,0.257677598794762,0.272183674620635,0.252101740294511,0.252238735993249,0.263711309670731,0.277581395348837,0.256870518017015,0.254719152854512,0.265373737373737,0.264052287581699,0.280210283739018,0.237106704204436,0.245071598279073,0.248522521970787,0.255631298162418,0.209313575720542,0.228542337433611,0.235723089564503,0.226598187609571,0.201106890938687,0.193809373405574,0.166671018617646,0.24284755159942,0.275071180006327,0.297158043171711,0.312879767291532,0.322967535857981,0.290540989047461,0.295452206260752,0.279156202913109,0.248002663115845,0.238796549547654,0.249545044205941,0.29271888906761,0.278291369486133,0.274556830031283,0.316269136691541,0.32362936914399,0.323118230842434,0.321056505198561,0.339184786222488,0.324293773592732,0.305121841596154,0.315686825737077,0.365852306974348,0.368222085984506,0.361920329620735,0.347368269171776,0.358411206444224,0.35777858198546,0.357179722987128,0.346342347198231,,,,,,0.291486358271816,0.723481711368166,0.660546791328941,0.65779188222335,0.747534763853412,0.726318178633553,0.705746648213395,0.647706022559651,0.723418296638435,0.707070018075782,0.651127819548872,0.225304083405734,0.27743655325204,0.249935607036257,0.258171198442438,0.262717121588089,0.235857651887601,0.201170890007967,0.211489154006314,0.225851517857632,0.305522886852432,0.26461270842467,0.274218104452266,0.321097772114577,0.3203263859238,0.360295141863125,0.354575111284431,0.351483859093207,0.351143238470432,0.352294726764306,0.353352445818003,0.360288078110185,0.37219110662361,0.396804857662763,0.418258834865639,,,,,,,,,,,,,,,
,,,,,,,,Core Google operating income (adjusted),,,,13.289,14.425,23.473,25.404,33.929,138.949,140.35,-79.466,234.185,248.193,285.623,371.887,501.393,532.998,583.782,726.814,902.653,940.531,1046.951,1195.47,1439.778,1381.357,1557.758,1734.068,1883.244,1933.632,2099.468,2218.411,2244,2233,2460,2823.518,2846,2750,3012,3479,3328,3424,3758,4161,4078,3914,3407,4424,4682,4454,4861,5544,5224,5404,5264,5857,5889,6180,7572,8252,7052,7690,7846,8708,8793,9072,9802,9706,10285,10781,11072,10681,11271,12149,11986,12241,11376,9920,14519,19060,20410,23379,25124,26063,24789,24436,22224,23396,22825,27730,27215,29356,30736,33290,34367,36782,36122,37269,37596,43005,46576.2008538813,49978.359518358,51522.2889813219,54102.0739551673,52871.0008605791,56045.1926988447,59377.3221661336,63128.3441275481,,,,,,27.698,219.269,583.023,1139.888,2344.987,4085.605,6112.961,8134.755,9760.518,12087,27610,12323,18530,20671,24563,30419,33825,36877,45025,54083,94090,94204,106753,135175,153992,202178.923308729,231421.859853106,264428.686249819,303221.973907927,346408.846767196,393189.07110202,450164.977731456,518647.647800567,612105.074386201,712130.596248106,,,,,,,,,,,,,,,
,,,,,,,,Core Google operating margin (adjusted),,,,0.363156887929385,0.248201933996352,0.257478198870181,0.208021486710011,0.21018690025585,0.647482047912618,0.560409196540517,-0.304109725342222,0.615267600749298,0.58645076226572,0.567853642340657,0.568894647552933,0.63090839998188,0.598742972045451,0.556748518915537,0.563337423160721,0.589562752481132,0.56292558434897,0.561556619839485,0.536109723404389,0.567071463203006,0.507090270678044,0.517484422395342,0.512010969714883,0.509033979765075,0.496667533132026,0.518875159378289,0.52600092376913,0.550945249202062,0.548648648648649,0.560875512995896,0.570158534765516,0.562006319115324,0.540487421383648,0.549534756431308,0.54606812117407,0.509102034572434,0.495083863504916,0.500399467376831,0.511745172795474,0.501290719114936,0.467957914873266,0.389104613978986,0.450096652762234,0.46871558714586,0.441252229046959,0.450843999258023,0.447241045498548,0.428618313094847,0.426788816932554,0.399544592030361,0.404488950276243,0.423273197728743,0.430662020905923,0.501158250049639,0.477712168577052,0.428198433420366,0.438801711840228,0.429470688050796,0.410444947209653,0.441770498392283,0.433734939759036,0.436400872623659,0.372291051359748,0.409809937442722,0.409301442672741,0.408892828126154,0.336770084499937,0.384125144843569,0.384486359896196,0.364426877470356,0.326574713870288,0.337987996910096,0.315401246343635,0.38178758316022,0.410475082913382,0.446500842248037,0.458789591428235,0.469098920796146,0.422449144987438,0.444701576879608,0.427980944374387,0.392456028819665,0.374611714221667,0.393656652064434,0.4467968548595,0.424889152563542,0.406739268988833,0.455206528339331,0.467208398242881,0.461103955348038,0.450754279972059,0.473880303308582,0.455416386631637,0.428801167923173,0.441988098541609,0.494593994060863,0.494329703671584,0.484548496396018,0.464952270309978,0.41373471567456,0.411079879566715,0.410463271832031,0.398593861500662,,,,,,0.320482262282184,0.635547581505356,0.620610921043948,0.581420365892162,0.582799491010672,0.559969775703981,0.524263800455674,0.513021748110402,0.558344888151892,0.54930921650609,0.948992919502303,0.351242731729563,0.428330366843115,0.393695838491572,0.405022590113116,0.413982226214293,0.378558957829707,0.334542914425162,0.342883035190728,0.361582638577818,0.443984107360255,0.406190038849436,0.416561309858276,0.458364840441224,0.448907843760294,0.48372229312996,0.466668298868938,0.453716732930297,0.446816738196094,0.442204546068117,0.438582042778565,0.441749955911579,0.450599926902885,0.473770813163079,0.493856574906592,,,,,,,,,,,,,,,
,,,,,,,,,,,,,,,,,,,,,,,,,,,,,,,,,,,,,,,,,,,,,,,,,,,,,,,,,,,,,,,,,,,,,,,,,,,,,,,,,,,,,,,,,,,,,,,,,,,,,,,,,,,,,,,,,,,,,,,,,,,,,,,,,,,,,,,,,,,,,,,,,,,,,,,,,,,,,,,,,,,,,,,,,,
,,,,,,,,Motorola gross revenue (GAAP),,,,,,,,,,,,,,,,,,,,,,,,,,,,,,,,,,,,,,,,,,,,0,843,1778,1514,1018,998,1121,1138,,,,,,,,,,,,,,,,,,,,,,,,,,,,,,,,,,,,,,,,,,,,,,,,,,,,,,,,,,,,,,,,,,,,,,,,,4135,0,,,,,,,,,,,,,,,,,,,,,,,,,,,,,,,,,,,,,
,,,,,,,,Motorola cost of revenue (GAAP),,,,,,,,,,,,,,,,,,,,,,,,,,,,,,,,,,,,,,,,,,,,0,693,1515,1250,808,868,1004,1185,,,,,,,,,,,,,,,,,,,,,,,,,,,,,,,,,,,,,,,,,,,,,,,,,,,,,,,,,,,,,,,,,,,,,,,,,3458,3865,,,,,,,,,,,,,,,,,,,,,,,,,,,,,,,,,,,,,
,,,,,,,,Motorola cost of revenue (ex-SBC),,,,,,,,,,,,,,,,,,,,,,,,,,,,,,,,,,,,,,,,,,,,,689,1507,1246,,764,974,1181,,,,,,,,,,,,,,,,,,,,,,,,,,,,,,,,,,,,,,,,,,,,,,,,,,,,,,,,,,,,,,,,,,,,,,,,,3442,2919,,,,,,,,,,,,,,,,,,,,,,,,,,,,,,,,,,,,,
,,,,,,,,,,,,,,,,,,,,,,,,,,,,,,,,,,,,,,,,,,,,,,,,,,,,,,,,,,,,,,,,,,,,,,,,,,,,,,,,,,,,,,,,,,,,,,,,,,,,,,,,,,,,,,,,,,,,,,,,,,,,,,,,,,,,,,,,,,,,,,,,,,,,,,,,,,,,,,,,,,,,,,,,,,
,,,,,,,,Motorola gross profit (GAAP),,,,,,,,,,,,,,,,,,,,,,,,,,,,,,,,,,,,,,,,,,,,0,150,263,264,210,130,117,-47,,,,,,,,,,,,,,,,,,,,,,,,,,,,,,,,,,,,,,,,,,,,,,,,,,,,,,,,,,,,,,,,,,,,,,,,,677,-3865,,,,,,,,,,,,,,,,,,,,,,,,,,,,,,,,,,,,,
,,,,,,,,Motorola gross margin (GAAP),,,,,,,,,,,,,,,,,,,,,,,,,,,,,,,,,,,,,,,,,,,,,0.177935943060498,0.147919010123735,0.174372523117569,,0.130260521042084,0.104371097234612,-0.0413005272407733,,,,,,,,,,,,,,,,,,,,,,,,,,,,,,,,,,,,,,,,,,,,,,,,,,,,,,,,,,,,,,,,,,,,,,,,,0.16372430471584,,,,,,,,,,,,,,,,,,,,,,,,,,,,,,,,,,,,,,
,,,,,,,,Motorola gross profit (ex-SBC),,,,,,,,,,,,,,,,,,,,,,,,,,,,,,,,,,,,,,,,,,,,,154,271,268,1018,234,147,-43,,,,,,,,,,,,,,,,,,,,,,,,,,,,,,,,,,,,,,,,,,,,,,,,,,,,,,,,,,,,,,,,,,,,,,,,,693,-2919,,,,,,,,,,,,,,,,,,,,,,,,,,,,,,,,,,,,,
,,,,,,,,Motorola gross margin (ex-SBC),,,,,,,,,,,,,,,,,,,,,,,,,,,,,,,,,,,,,,,,,,,,,0.182680901542112,0.152418447694038,0.177014531043593,,0.234468937875752,0.131132917038359,-0.0377855887521968,,,,,,,,,,,,,,,,,,,,,,,,,,,,,,,,,,,,,,,,,,,,,,,,,,,,,,,,,,,,,,,,,,,,,,,,,0.167593712212817,,,,,,,,,,,,,,,,,,,,,,,,,,,,,,,,,,,,,,
,,,,,,,,,,,,,,,,,,,,,,,,,,,,,,,,,,,,,,,,,,,,,,,,,,,,,,,,,,,,,,,,,,,,,,,,,,,,,,,,,,,,,,,,,,,,,,,,,,,,,,,,,,,,,,,,,,,,,,,,,,,,,,,,,,,,,,,,,,,,,,,,,,,,,,,,,,,,,,,,,,,,,,,,,,
,,,,,,,,Motorola operating expenses (adjusted),,,,,,,,,,,,,,,,,,,,,,,,,,,,,,,,,,,,,,,,,,,,,203,418,420,1018,452,395,341,,,,,,,,,,,,,,,,,,,,,,,,,,,,,,,,,,,,,,,,,,,,,,,,,,,,,,,,,,,,,,,,,,,,,,,,,1041,-2069,,,,,,,,,,,,,,,,,,,,,,,,,,,,,,,,,,,,,
,,,,,,,,Motorola operating expenses (GAAP),,,,,,,,,,,,,,,,,,,,,,,,,,,,,,,,,,,,,,,,,,,,,349,786,617,,472,434,460,,,,,,,,,,,,,,,,,,,,,,,,,,,,,,,,,,,,,,,,,,,,,,,,,,,,,,,,,,,,,,,,,,,,,,,,,1752,-2428,,,,,,,,,,,,,,,,,,,,,,,,,,,,,,,,,,,,,
,,,,,,,,,,,,,,,,,,,,,,,,,,,,,,,,,,,,,,,,,,,,,,,,,,,,,,,,,,,,,,,,,,,,,,,,,,,,,,,,,,,,,,,,,,,,,,,,,,,,,,,,,,,,,,,,,,,,,,,,,,,,,,,,,,,,,,,,,,,,,,,,,,,,,,,,,,,,,,,,,,,,,,,,,,
,,,,,,,,Motorola operating income (GAAP),,,,,,,,,,,,,,,,,,,,,,,,,,,,,,,,,,,,,,,,,,,,,-199,-523,-353,-271,-342,-317,-507,,,,,,,,,,,,,,,,,,,,,,,,,,,,,,,,,,,,,,,,,,,,,,,,,,,,,,,,,,,,,,,,,,,,,,,,,-1075,-1437,,,,,,,,,,,,,,,,,,,,,,,,,,,,,,,,,,,,,
,,,,,,,,Motorola operating margin (GAAP),,,,,,,,,,,,,,,,,,,,,,,,,,,,,,,,,,,,,,,,,,,,,-0.236061684460261,-0.294150731158605,-0.233157199471598,-0.266208251473477,-0.342685370741483,-0.28278322925959,-0.445518453427065,,,,,,,,,,,,,,,,,,,,,,,,,,,,,,,,,,,,,,,,,,,,,,,,,,,,,,,,,,,,,,,,,,,,,,,,,-0.259975816203144,,,,,,,,,,,,,,,,,,,,,,,,,,,,,,,,,,,,,,
,,,,,,,,Motorola operating income (adjusted),,,,,,,,,,,,,,,,,,,,,,,,,,,,,,,,,,,,,,,,,,,,,-49,-147,-152,,-218,-248,-384,,,,,,,,,,,,,,,,,,,,,,,,,,,,,,,,,,,,,,,,,,,,,,,,,,,,,,,,,,,,,,,,,,,,,,,,,-348,-850,,,,,,,,,,,,,,,,,,,,,,,,,,,,,,,,,,,,,
,,,,,,,,Motorola operating margin (adjusted),,,,,,,,,,,,,,,,,,,,,,,,,,,,,,,,,,,,,,,,,,,,,-0.0581257413997628,-0.0826771653543307,-0.100396301188904,,-0.218436873747495,-0.221231043710972,-0.337434094903339,,,,,,,,,,,,,,,,,,,,,,,,,,,,,,,,,,,,,,,,,,,,,,,,,,,,,,,,,,,,,,,,,,,,,,,,,-0.0841596130592503,,,,,,,,,,,,,,,,,,,,,,,,,,,,,,,,,,,,,,
,,,,,,,,,,,,,,,,,,,,,,,,,,,,,,,,,,,,,,,,,,,,,,,,,,,,,,,,,,,,,,,,,,,,,,,,,,,,,,,,,,,,,,,,,,,,,,,,,,,,,,,,,,,,,,,,,,,,,,,,,,,,,,,,,,,,,,,,,,,,,,,,,,,,,,,,,,,,,,,,,,,,,,,,,,
,,,,,,,,,,,,,,,,,,,,,,,,,,,,,,,,,,,,,,,,,,,,,,,,,,,,,,,,,,,,,,,,,,,,,,,,,,,,,,,,,,,,,,,,,,,,,,,,,,,,,,,,,,,,,,,,,,,,,,,,,,,,,,,,,,,,,,,,,,,,,,,,,,,,,,,,,,,,,,,,,,,,,,,,,,
,,,,,,,,,,,,,,,,,,,,,,,,,,,,,,,,,,,,,,,,,,,,,,,,,,,,,,,,,,,,,,,,,,,,,,,,,,,,,,,,,,,,,,,,,,,,,,,,,,,,,,,,,,,,,,,,,,,,,,,,,,,,,,,,,,,,,,,,,,,,,,,,,,,,,,,,,,,,,,,,,,,,,,,,,,
,,,,,,,,Free cash flow analysis,,,,,,,,,,,,,,,,,,,,,,,,,,,,,,,,,,,,,,,,,,,,,,,,,,,,,,,,,,,,,,,,,,,,,,,,,,,,,,,,,,,,,,,,,,,,,,,,,,,,,,,,,,,,,,,,,,,,,,,,,,,,,,,,,,,,,,,,,,,,,,,,,,,,,,,,,,,,,,,,,,
,,,,,,,,Cash from operations,,,,0,0,0,0,0,0,0,0,208.045,162.559,238.343,368.097,529.622,624.619,646.747,658.434,824.804,840.586,1004.324,910.794,1219.593,1229.926,1632.643,1693.248,1779.446,1766.154,2184.958,2122.299,2250,1609,2727,2731.198,2584,2085,2886,3526,3172,3519,3950,3924,3694,4252,4004,4669,3727,4809,5187,5417,4546,5764,6169,6545,6722,7096,6145,6609,7658,9120,9845,9413,9548,7403,9872,10268,11642,10132,13210,12987,12000,12627,15466,14427,11451,13993,17003,22677,19289,21890,25539,24934,25106,19422,23353,23614,23509,28666,30656,18915,28848,26640,30698,39113,36150,27747,48414,52402,49117.9003736267,41100.6274857393,61881.985375073,59008.7221386348,71549.1263066971,47171.4485552312,75327.2529194178,73863.3958303065,,,,,,31.089,155.265,395.445,977.044,2459.422,3580.508,5775.41,7852.857,9317.198,11081,14565,16619,19140,23024,26572,36036,37091,47971,54520,65124,91652,91495,101746,125299,164713,211109.235373074,267911.223611653,316479.169244425,381558.810675176,454572.119948516,531449.622369519,610654.205327197,691640.894552816,771660.651588507,859506.37341383,,,,,,,,,,,,,,,
,,,,,,,,Period-to-period addition,,,,,,,,,,,,,-45.4860000000001,75.7840000000001,129.754,161.525,94.9969999999997,22.1280000000003,11.687,166.37,15.7819999999998,163.738,-93.5299999999996,308.799,10.3330000000001,402.716999999999,60.6050000000007,86.1979999999996,-13.2919999999995,418.803999999999,-62.6590000000001,127.701,-641,1118,4.19800000000078,-147.198000000001,-499,801,640,-354,347,431,-26,-230,558,-248,665,-942,1082,378,230,-871,1218,405,376,177,374,-951,464,1049,1462,725,-432,135,-2145,2469,396,1374,-1510,3078,-223,-987,627,2839,-1039,-2976,2542,3010,5674,-3388,2601,3649,-605,172,-5684,3931,261,-105,5157,1990,-11741,9933,-2208,4058,8415,-2963,-8403,20667,3988,-3284.09962637333,-8017.27288788738,20781.3578893337,-2873.26323643826,12540.4041680624,-24377.6777514659,28155.8043641866,-1463.85708911131,,,,,,,124.176,240.18,581.599,1482.378,1121.086,2194.902,2077.447,1464.341,1763.802,3484,2054,2521,3884,3548,9464,1055,10880,6549,10604,26528,-157,10251,23553,39414,46396.2353730738,56801.9882385788,48567.945632772,65079.6414307511,73013.3092733406,76877.5024210028,79204.5829576774,80986.6892256195,80019.7570356906,87845.7218253234,,,,,,,,,,,,,,,
,,,,,,,,% change Y/Y,,,,NA,NA,NA,NA,NA,NA,NA,NA,NA,NA,NA,NA,1.54570886106371,2.8424141388665,1.71351371762544,0.788751334566704,0.557344672237936,0.345757974060988,0.552885440520017,0.383273038755593,0.478645835859186,0.463176878986803,0.625613845731059,0.859089980829913,0.459049043410383,0.435983953506146,0.338295022243075,0.253389344029935,0.264438482538948,-0.0889809155939971,0.248078910441299,0.286905379496481,0.148444444444444,0.295835922933499,0.0583058305830584,0.291008561078325,0.227554179566563,0.687769784172662,0.368676368676369,0.11287577992059,0.164564943253468,0.208297811878374,0.0136708860759494,0.189857288481142,0.0089334055224688,0.130997177798683,0.295454545454545,0.160205611479974,0.219747786423397,0.198585984612186,0.189319452477347,0.208233339486801,0.478662560492741,0.231089521165857,-0.00389041984114114,0.00977845683728029,0.139244272537935,0.285231116121759,0.602115541090317,0.424269934937207,0.246800731261426,-0.188267543859649,0.00274250888776018,0.0908318283225327,0.219312945119397,0.368634337430771,0.338128038897893,0.264803272302298,0.0307507301151004,0.246249506514015,0.170779712339137,0.110880110880111,-0.04575,0.108180882236477,0.09937928358981,0.57184445830734,0.684481704654615,0.564353605374116,0.502029053696407,0.0995281562816952,0.301570843485925,-0.112745545911375,-0.085594580837151,-0.052939760968958,-0.063610292360392,0.475955102461127,0.312722134201173,-0.198992123316677,0.227104513165171,-0.0706760622340055,0.00137004175365352,1.06782976473698,0.253119800332779,0.041554054054054,0.577106000390905,0.339759159358781,0.358724768288428,0.481263829810044,0.278183694284154,0.126077671436868,0.45668128650537,0.14770628676164,0.217272724248449,0.251736915379599,,,,,,NA,3.99421017079996,1.54690368080379,1.47074561569877,1.51720700398344,0.455833118513211,0.61301413095572,0.359705544714574,0.186472388329496,0.189306055318348,0.314412056673586,0.141023000343289,0.15169384439497,0.202925809822362,0.154100069492703,0.356164383561644,0.0292762792762793,0.293332614380847,0.136519980821747,0.194497432134996,0.407345986118789,-0.00171300135294372,0.112038909230012,0.231488215752953,0.314559573500188,0.281679256482936,0.269064440208871,0.181283728908547,0.205636413878755,0.191355322510158,0.169120584055419,0.149034978338184,0.132622830595633,0.115695525909334,0.1138398357419,,,,,,,,,,,,,,,
,,,,,,,,(-) Capex,,,,0,0,0,0,0,0,0,0,-86.037,-96.246,-77.632,-59.08,-142.391,-157.463,-292.532,-245.831,-344.938,-699,-492.222,-366.638,-596.893,-575.098,-552.64,-678.209,-841.597,-697.517,-451.503,-367.844,-263,-139,-187,-220.888,-239,-476,-758,-2545,-890,-917,-680,-951,-607,-774,-872,-1020,-1203,-1611,-2289,-2255,-2345,-2646,-2417,-3551,-2927,-2515,-2373,-2100,-2428,-2123,-2357,-3064,-2467,-2818,-3538,-4307,-7299,-5458,-5262,-7081,-4638,-6126,-6732,-6052,-6005,-5391,-5406,-5479,-5942,-5496,-6819,-6383,-9786,-6828,-7276,-7595,-6289,-6888,-8055,-11019,-12012,-13186,-13061,-14276,-17197,-22446,-23953,-27851,-32942.2012794548,-41431.8490098431,-50022.3399326003,-60559.4547499919,-56726.799297237,-60155.7667290413,-63500.0928445315,-69476.3584340483,,,,,,-13.06,-37.198,-176.801,-318.995,-838.217,-1902.798,-2402.84,-2358.461,-809.888,-4018,-3438,-3273,-7358,-10959,-9915,-9972,-13130,-25100,-23548,-22281,-24640,-31485,-32251,-52535,-91447,-184955.84497189,-249859.017304858,-293609.783685794,-335059.999082199,-371068.041350865,-402207.217962214,-426579.617060393,-447257.384131901,-463244.292963217,-473736.595472165,,,,,,,,,,,,,,,
,,,,,,,,Free cash flow,,,,0,0,0,0,0,0,0,0,122.008,66.313,160.711,309.017,387.231,467.156,354.215,412.603,479.866,141.586,512.102,544.156,622.7,654.828,1080.003,1015.039,937.849,1068.637,1733.455,1754.455,1987,1470,2540,2510.31,2345,1609,2128,981,2282,2602,3270,2973,3087,3478,3132,3649,2524,3198,2898,3162,2201,3118,3752,2994,3795,4581,3772,4509,5230,6997,7488,6349,7081,4585,6334,5961,4343,4674,7948,5906,7362,6501,8734,8375,5446,8602,11597,17198,13347,16394,18720,18551,15320,12594,16077,16019,17220,21778,22601,7896,16836,13454,17637,24837,18953,5301,24461,24551,16175.6990941719,-331.221524103785,11859.6454424727,-1550.73261135714,14822.3270094602,-12984.3181738101,11827.1600748863,4387.03739625815,,,,,,18.029,118.067,218.644,658.049,1621.205,1677.71,3372.57,5494.396,8507.31,7063,11127,13346,11782,12065,16657,26064,23961,22871,30972,42843,67012,60010,69495,72764,73266,26153.3904011838,18052.2063067945,22869.3855586311,46498.8115929767,83504.0785976509,129242.404407305,184074.588266803,244383.510420915,308416.358625289,385769.777941665,,,,,,,,,,,,,,,
,,,,,,,,Period-to-period addition,,,,,,,,,,,,,-55.6950000000001,94.398,148.306,78.2140000000001,79.9249999999997,-112.941,58.388,67.263,-338.28,370.516,32.0540000000004,78.544,32.1280000000002,425.174999999999,-64.9639999999993,-77.1900000000003,130.788,664.817999999999,21,232.545,-517,1070,-29.6899999999991,-165.310000000001,-736,519,-1147,1301,320,668,-297,114,391,-346,517,-1125,674,-300,264,-961,917,634,-758,801,786,-809,737,721,1767,491,-1139,732,-2496,1749,-373,-1618,331,3274,-2042,1456,-861,2233,-359,-2929,3156,2995,5601,-3851,3047,2326,-169,-3231,-2726,3483,-58,1201,4558,823,-14705,8940,-3382,4183,7200,-5884,-13652,19160,90,-8375.30090582808,-16506.9206182757,12190.8669665765,-13410.3780538299,16373.0596208173,-27806.6451832703,24811.4782486965,-7440.12267862818,,,,,,,100.038,100.577,439.405,963.156,56.5049999999999,1694.86,2121.826,3012.914,-1444.31,4064,2219,-1564,283,4592,9407,-2103,-1090,8101,11871,24169,-7002,9485,3269,502,-47112.6095988162,-8101.18409438932,4817.17925183658,23629.4260343456,37005.2670046742,45738.3258096541,54832.1838594982,60308.9221541117,64032.8482043744,77353.4193163753,,,,,,,,,,,,,,,
,,,,,,,,% change Y/Y,,,,NA,NA,NA,NA,NA,NA,NA,NA,NA,NA,NA,NA,2.17381647105108,6.04471219821151,1.2040495050121,0.335211331415424,0.239224132365436,-0.696919230406974,0.445737758141241,0.318836751065795,0.297653928388342,3.62494879437234,1.10896071485759,0.865345599423694,0.506100851132166,0.631935408992896,0.605046467463517,0.728460679835947,1.11867795348718,0.375584038359143,0.46528176387619,0.43082039721737,0.180171112229492,0.0945578231292517,-0.162204724409449,-0.609211611314937,-0.0268656716417911,0.617153511497825,0.536654135338346,2.03058103975535,0.352760736196319,0.336664104534973,-0.0422018348623853,0.227379751093172,-0.182377712989958,-0.0805060379528465,-0.0747126436781609,-0.133461222252672,-0.12797147385103,-0.0250156347717323,0.294685990338164,-0.0531309297912713,0.724216265333939,0.469211032713278,0.00533049040511724,0.506012024048096,0.378129117259552,0.527395765116787,0.985153764581124,0.408072743402085,0.353919694072658,-0.344719165356581,-0.154113247863248,-0.0611119861395495,-0.386668549639881,0.0194111232279171,0.254815282601831,-0.00922663982553262,0.695141607183974,0.390885750962773,0.0988928032209362,0.41804944124619,-0.26025536538984,0.323181049069374,0.327799404625601,1.05349253731343,1.45078957032685,0.905835852127412,0.614210571699577,0.0786719385975114,0.147823480932045,-0.231792119067952,-0.141185897435898,-0.136488598997359,0.124020887728459,0.729236144195649,0.405797101449275,-0.507085336163306,-0.0222996515679442,-0.382220589585821,-0.219636299278793,2.14551671732523,0.125742456640532,-0.605990783410138,0.386913874241651,-0.0115150783105851,-0.146536216209997,NM,-0.51516105463911,NM,-0.0836669918766839,NM,-0.00273915166722161,-3.82900956885068,,,,,,NA,5.5487270508625,0.8518637722649,2.00968240610307,1.46365392242827,0.0348537044975805,1.01022226725715,0.629142167545817,0.548361275743504,-0.169772818905153,0.575392892538581,0.19942482250382,-0.117188670762775,0.0240196910541504,0.380605055946954,0.564747553581077,-0.0806860036832413,-0.0454905888735863,0.354204013816624,0.383281673769857,0.564129496067036,-0.104488748283889,0.158056990501583,0.0470393553493058,0.00689901599692155,-0.643035099484292,-0.309756554317433,0.266847119402989,1.0332339700936,0.795832532852593,0.547737626446199,0.424258463086895,0.327633068322815,0.262017875486309,0.250808419051325,,,,,,,,,,,,,,,
,,,,,,,,% of total net revenue,,,,,,,,,,,,,,,,,,,,,,,,,,,,,,,,,,,,,,,,,,,,,,,,,,,,,,,,,,,,,,,,,,,,,,,,,,,,,,,,,,,,,,,,,,,,,,,,,,,,1,0.75,0.5,0.25,1,0.75,0.5,0.25,,,,,,0.208606206465647,0.342215252979641,0.232740139275351,0.335649722038456,0.402917990088626,0.229945599830705,0.289240576784768,0.346506396410316,0.486655836342239,0.320987093255772,0.382449989688596,0.340294245136286,0.272346917546982,0.22978763927245,0.274659499389902,0.354713591638427,0.268672280591593,0.207742544939279,0.235049480905835,0.28609873855585,0.31598851328093,0.256583476212262,0.270927222542767,0.246559003517237,0.213659560817707,0.0625582117603106,0.0363734121142394,0.0392132425763575,0.0684785739936063,0.106541845568197,0.144098913790713,0.180562771058857,0.212246092639626,0.23864112658262,0.26745390338898,,,,,,,,,,,,,,,
,,,,,,,,,,,,,,,,,,,,,,,,,,,,,,,,,,,,,,,,,,,,,,,,,,,,,,,,,,,,,,,,,,,,,,,,,,,,,,,,,,,,,,,,,,,,,,,,,,,,,,,,,,,,0.178108463046742,0.224009406224172,0.270455577871588,0.327426552857499,0.227035229343048,0.24075883823574,0.254143690828071,0.278062241593141,,,,,,,,,,,,,,,,,,,,,,,,,,,,,,,,,,,,,,,,,,,,,,,,,,,,,,,
,,,,,,,,Free cash flow per Share,,,,,,,,,,,,,,,,,,,,,,,,,,,,,,,,,,,,,,,,,,,,,,,,,,,,,,,,,,,,,,,,,,,,,,,,,,,,,,,,,,,,,,,,,,,,,,,,,,,,0.178108463046742,0.168007054668129,0.135227788935794,0.0818566382143747,0.227035229343048,0.180569128676805,0.127071845414035,0.0695155603982853,,,,,,,,,,,,,,,,,,17.3873775490025,0.891519087528757,1.20192515838541,1.86516550803469,1.70914443272647,1.62601279211585,2.21685719050642,3.11799632547594,4.94426706066157,4.56054848176142,5.4629065539943,5.84578923055293,5.99067865903516,2.14543491048359,1.48430840837382,1.88470776400925,3.83979704974538,6.90735731551757,10.705577780841,15.2638818281427,20.2804056392859,25.6062266660467,32.0340691618624,,,,,,,,,,,,,,,
,,,,,,,,Y/Y % Change,,,,,,,,,,,,,,,,,,,,,,,,,,,,,,,,,,,,,,,,,,,,,,,,,,,,,,,,,,,,,,,,,,,,,,,,,,,,,,,,,,,,,,,,,,,,,,,,,,,,,,,,,,,,,,,,,,,,,,,,,,,,,,,,,,,,0.406493994664426,0.585719335287178,-0.077608788965539,0.197861743130591,0.0700877221263616,0.0247852638485431,-0.641871141385986,-0.308155003388453,0.269754825463872,1.03734346675431,0.798886041640042,0.549880408935934,0.425787766024119,0.328653213358481,0.26260919635867,0.25102654052262,,,,,,,,,,,,,,,
,,,,,,,,,,,,,,,,,,,,,,,,,,,,,,,,,,,,,,,,,,,,,,,,,,,,,,,,,,,,,,,,,,,,,,,,,,,,,,,,,,,,,,,,,,,,,,,,,,,,,,,,,,,,,,,,,,,,,,,,,,,,,,,,,,,,,,,,,,,,,,,,,,,,,,,,,,,,,,,,,,,,,,,,,,
,,,,,,,,EBITDA,,,,18.981,34.832,63.095,91.193,121.124,138.949,140.35,171.402,255.471,276.731,321.419,414.79,547.871,589.965,651.444,812.519,998.521,1050.742,1176.501,1354.271,1610.067,1569.494,1765.173,1975.97,2163.808,2242.348,2408.95,2531.886,2565,2544,2771,3120.548,3110,3016,3269,3759,3629,3771,4121,4546,4456,4603,4367,5159,5302,5238,5591,6338,6040,6217,6526,6867,6827,7191,7388,8220,8207,8961,9223,10172,10080,10496,11363,11537,12076,12643,13210,13054,11990,14775,14718,15323,14275,13098,17808,22599,22935,26109,28209,29278,28380,28134,26157,27461,25885,31009,30886,32672,34149,36998,38352,40987,40609,42267,43207,49045,53628.6457162911,58039.9164867828,60868.2050491811,64977.0733224142,65367.5160349936,70268.6116112491,75300.7163037986,80938.3255527145,,,,,,37.529,237.084,626.874,1067.411,2511.799,4525.185,6920.704,8157.135,11000.548,13154,15567,18379,22469,25650,29626,36563,43476,45912,56806,67780,106531,110132,120452,150486,175128,237513.840574669,291875.169502756,355341.565580651,429426.019073054,511658.478724845,595730.391836587,685463.989714309,778635.563942633,878063.550082876,980096.531648282,,,,,,,,,,,,,,,
,,,,,,,,% change Y/Y,,,,NA,NA,NA,NA,5.38132869711817,2.98911920073496,1.22442348839052,0.879552158608664,1.10916911594729,0.991601234985498,1.2901246882793,1.4199834307651,1.14455261066814,1.13190788166125,1.0267750195228,0.958868343016949,0.822547643514623,0.78102429805158,0.805989463407445,0.666756100472727,0.612451816236214,0.493700642022495,0.500358265738831,0.459065430774196,0.343924196943357,0.428707596206166,0.364710427816424,0.281338279427318,0.185410165781807,0.134525060338538,0.150293696423753,0.232499409531078,0.212475633528265,0.185534591194969,0.17971851317214,0.204596115810428,0.166881028938907,0.250331564986738,0.260630162129091,0.209364192604416,0.227886470101957,0.220631132325643,0.0596942489686969,0.134843818741751,0.189856373429084,0.13795350858136,0.280283947790245,0.228532661368482,0.139192757450019,0.186903398243604,0.167233053121088,0.0834648153991795,0.130298013245033,0.156667202830947,0.132087036469507,0.197029270423766,0.202138567452761,0.246141009595328,0.24837574445046,0.237469586374696,0.228219812355307,0.17129784622252,0.232028624091944,0.134191899331498,0.198015873015873,0.204554115853659,0.162545102525741,0.131489988731906,-0.00712156343159986,0.168630862928103,0.114155942467827,0.173816454726521,0.190575479566305,-0.113502538071066,0.209947003668977,0.474841741173399,0.606654991243433,0.993357764544205,0.584063342318059,0.295544050621709,0.237410071942446,0.0775594622543951,-0.0727427416781878,-0.0620602500170779,-0.0879140239605356,0.102189521575318,0.180792904385059,0.189760023305779,0.319258257678192,0.193137476216582,0.241727643592566,0.254499265426053,0.189170985973235,0.142413103410995,0.126590529828953,0.196598921609291,0.320609857821938,0.373173314566514,0.408757957025046,0.324846025536022,0.218891791167058,0.210694567888481,0.237110840429023,0.245644369839513,,,,,,NA,5.31735457912548,1.64410082502404,0.702752068198713,1.35316949141427,0.801571304073297,0.529374821139909,0.178656824508026,0.348579862905298,0.195758611298273,0.18344229892048,0.180638530224192,0.222536590674139,0.141572833681962,0.155009746588694,0.234152433673125,0.189070918688292,0.0560309136075077,0.237280013939711,0.19318381861071,0.571717320743582,0.0338023673860191,0.0937057349362582,0.249344137083652,0.163749451776245,0.356229960798212,0.228876467984173,0.217443629021331,0.20848800328592,0.191493891844969,0.164312557316096,0.150627866409636,0.135924827017035,0.127695151293614,0.116202274374988,,,,,,,,,,,,,,,
,,,,,,,,,,,,,,,,,,,,,,,,,,,,,,,,,,,,,,,,,,,,,,,,,,,,,,,,,,,,,,,,,,,,,,,,,,,,,,,,,,,,,,,,,,,,,,,,,,,,,,,,,,,,,,,,,,,,,,,,,,,,,,,,,,,,,,,,,,,,,,,,,,,,,,,,,,,,,,,,,,,,,,,,,,
,,,,,,,,Interest income assumptions,,,,,,,,,,,,,,,,,,,,,,,,,,,,,,,,,,,,,,,,,,,,,,,,,,,,,,,,,,,,,,,,,,,,,,,,,,,,,,,,,,,,,,,,,,,,,,,,,,,,,,,,,,,,,,,,,,,,,,,,,,,,,,,,,,,,,,,,,,,,,,,,,,,,,,,,,,,,,,,,,,
,,,,,,,,Current period cash,,,,0,0,0,0,0,0,0,0,454.888,548.687,1858.356,2132.297,2507.298,2947.967,7630.147,8034.247,8429.028,9821.632,10428.715,11243.914,11935.919,12503.535,13087.345,14218.613,12134.508,12733.669,14412.609,15845.771,17784.933,19344.006,21994.391,24485,26514,30059,33380,34975,36675,39118,42560,44626,49316,43122,45724,48088,50098,54432,56523,58717,59379,61204,62157,64395,65436,69780,72767,73066,75264,78460,83056,86333,92439,94713,100143,101871,102885,102254,106416,109140,113488,121056,121177,119675,117229,121080,132596,136694,135104,135863,142003,139649,133970,124997,116259,113762,115102,118332,119935,110916,108090,100725,93230,95657,95328,95148,98496,126843,126330.546025341,109032.312490966,153641.097301864,134549.422047887,131534.11748782,100410.203659429,143789.73581958,129414.769404252,,,,,,17.677,146.331,334.718,2132.297,8034.247,11243.914,14218.613,15845.771,24485,34975,44626,48088,58717,64395,73066,86333,101871,109140,119675,136694,139649,113762,110916,95657,126843,134549.422047887,129414.769404252,126692.723169777,145098.526517535,147906.908602126,193746.085005478,291601.190533837,446836.205914938,663058.105094378,953466.146184516,,,,,,,,,,,,,,,
,,,,,,,,Prior period cash,,,,0,0,0,0,0,0,0,0,0,454.888,548.687,1858.356,2132.297,2507.298,2947.967,7630.147,8034.247,8429.028,9821.632,10428.715,11243.914,11935.919,12503.535,13087.345,14218.613,12134.508,12733.669,14412.609,15845.771,17784.933,19344.006,21994.391,24485,26514,30059,33380,34975,36675,39118,42560,44626,49316,43122,45724,48088,50098,54432,56523,58717,59379,61204,62157,64395,65436,69780,72767,73066,75264,78460,83056,86333,92439,94713,100143,101871,102885,102254,106416,109140,113488,121056,121177,119675,117229,121080,132596,136694,135104,135863,142003,139649,133970,124997,116259,113762,115102,118332,119935,110916,108090,100725,93230,95657,95328,95148,98496,126843,126330.546025341,109032.312490966,153641.097301864,134549.422047887,131534.11748782,100410.203659429,143789.73581958,,,,,,,17.677,146.331,334.718,2132.297,8034.247,11243.914,14218.613,15845.771,24485,34975,44626,48088,58717,64395,73066,86333,101871,109140,119675,136694,139649,113762,110916,95657,126843,134549.422047887,129414.769404252,126692.723169777,145098.526517535,147906.908602126,193746.085005478,291601.190533837,446836.205914938,663058.105094378,,,,,,,,,,,,,,,
,,,,,,,,Interest income,,,,0,0,0,0,0,0,0,0,0,0,0,0,13.686,19.722,20.797,70.194,67.919,160.805,108.18,121.671,130.728,137.13,154.428,167.294,167.343,57.923,21.217,69.901,6,-18,-7,88.003,18,69,167,160,96,204,302,-18,156,254,63,153,183,186,201,215,168,169,187,222,226,240,259,274,270,307,306,337,325,294,318,375,399,456,481,542,522,653,631,621,586,433,460,386,345,389,387,378,414,486,615,659,797,892,1066,1110,1061,1090,1243,1088,1001,1050,1076,1210,1282.93765510797,1198.79791222478,966.503293847866,1265.90660031441,908.208598823238,887.855293042787,677.768874701147,970.580716782162,,,,,,0,0,0,0,124.399,458.575,589.58,316.384,69.003,414,584,626,785,746,999,1220,1312,1878,2427,1865,1499,2174,3865,4482,4337,4714.14546149503,3444.41348334933,2835.82653560502,2712.5515820798,3016.617351062,2996.60558424013,3795.56953149813,5516.06477708883,8177.14250504273,11756.2068681084,,,,,,,,,,,,,,,
,,,,,,,,Implied annualized interest rate,,,,NM,NM,NM,NM,NM,NM,NM,NM,NM,NM,NM,NM,0.023598611516738,0.0289217847345638,0.0157283235934118,0.0358489450661162,0.0330038828847845,0.0704873138834431,0.0427370454442089,0.0449123177441925,0.0451178401500994,0.0448880731950886,0.0482759483065842,0.04901318605998,0.0508002069280523,0.0186336135535789,0.00625264354840836,0.0184810951544663,0.00142726717823094,NM,NM,0.0151470142971538,0.00282358477617208,0.0097573047213335,0.021059600561169,0.0187257698778436,0.0107187718073971,0.0215323314817991,0.0295795685496707,NM,0.0132847927444593,0.0219823016508362,0.00567273709564865,0.0130473713384215,0.01491047603528,0.0142351478044581,0.0144923617682844,0.0149253731343284,0.0113805717382469,0.0112121940903776,0.012127009346552,0.0140337568746444,0.0139257958422873,0.0141995030173944,0.0145355566935818,0.0150308914991806,0.0145621249915728,0.0159766854882777,0.01515639317467,0.0159160276050983,0.0145436645559707,0.0125673249551167,0.0130557950486513,0.0148504559089964,0.0155892867608275,0.0177830641662483,0.0184405999904155,0.020115422442428,0.0187577483515101,0.0222730063442254,0.0208394397130036,0.0206267749489313,0.0197886063553169,0.0145357498038261,0.0145066935776345,0.0114671915035835,0.0101546001074327,0.0114847933512199,0.011142061281337,0.0107366537429168,0.0121044225729938,0.0150134959280526,0.0203932751931558,0.0229196464670617,0.0278593400447427,0.0305696685144409,0.035791779810045,0.0384663700828673,0.0387569290339078,0.041759452146637,0.0512696243974118,0.046080460804608,0.041929994502186,0.0441000441000441,0.0444527070293942,0.0429574995895074,0.0404574995895074,0.0379574995895074,0.0354574995895074,0.0329574995895074,0.027,0.027,0.027,0.027,,,,,,NM,NM,NM,NM,0.0244722296977223,0.0475745585898987,0.0463096219789968,0.0210470967906743,0.00342185375032875,0.0139253279515641,0.0146731824977073,0.0135038936945877,0.0146996863442723,0.0121190460718695,0.0145350317544613,0.0153074987923387,0.0139423179103526,0.0178000199041756,0.0212136442103883,0.0145493409889651,0.010848836409824,0.0171578976445379,0.0344047926365732,0.0433938607659278,0.0389842696629214,0.0360694883544206,0.0260975813757212,0.0210975813757212,0.0205975813757212,0.0200975813757212,0.0195975813757212,0.0190975813757212,0.0185975813757212,0.0180975813757212,0.0175975813757212,,,,,,,,,,,,,,,
,,,,,,,,,,,,,,,,,,,,,,,,,,,,,,,,,,,,,,,,,,,,,,,,,,,,,,,,,,,,,,,,,,,,,,,,,,,,,,,,,,,,,,,,,,,,,,,,,,,,,,,,,,,,,,,,,,,,,,,,,,,,,,,,,,,,,,,,,,,,,,,,,,,,,,,,,,,,,,,,,,,,,,,,,,
,,,,,,,,Interest expense assumptions,,,,,,,,,,,,,,,,,,,,,,,,,,,,,,,,,,,,,,,,,,,,,,,,,,,,,,,,,,,,,,,,,,,,,,,,,,,,,,,,,,,,,,,,,,,,,,,,,,,,,,,,,,,,,,,,,,,,,,,,,,,,,,,,,,,,,,,,,,,,,,,,,,,,,,,,,,,,,,,,,,
,,,,,,,,Current period debt,,,,0,0,0,0,0,0,0,0,0,0,0,0,0,0,0,0,0,0,0,0,0,0,0,0,0,0,0,0,0,0,0,0,0,0,2122,3465,3216,4202,4204,4204,5455,6205,6206,5537,5139,4989,5247,5245,6243,5241,5239,5237,5235,5233,5231,5220,5208,4203,3938,3935,3937,3955,3964,3969,5302,3981,3986,4012,4066,4074,4082,4554,5016,4018,13902,13932,13887,14328,14288,14817,14791,14734,14653,14701,13697,13705,13781,13253,13228,13238,12297,10883,10886,23607,21607,46547,46547,46547,96547,96547,96547,96547,146547,146547,,,,,,0,1.901,5.014,0,0,0,0,0,0,3465,4204,5537,5245,5237,5220,3935,3969,4012,4554,13932,14817,14701,13253,10883,46547,96547,146547,196547,246547,246547,246547,246547,246547,246547,246547,,,,,,,,,,,,,,,
,,,,,,,,Prior period debt,,,,0,0,0,0,0,0,0,0,0,0,0,0,0,0,0,0,0,0,0,0,0,0,0,0,0,0,0,0,0,0,0,0,0,0,0,2122,3465,3216,4202,4204,4204,5455,6205,6206,5537,5139,4989,5247,5245,6243,5241,5239,5237,5235,5233,5231,5220,5208,4203,3938,3935,3937,3955,3964,3969,5302,3981,3986,4012,4066,4074,4082,4554,5016,4018,13902,13932,13887,14328,14288,14817,14791,14734,14653,14701,13697,13705,13781,13253,13228,13238,12297,10883,10886,23607,21607,46547,46547,46547,96547,96547,96547,96547,146547,,,,,,0,0,1.901,5.014,0,0,0,0,0,0,3465,4204,5537,5245,5237,5220,3935,3969,4012,4554,13932,14817,14701,13253,10883,46547,96547,146547,196547,246547,246547,246547,246547,246547,246547,,,,,,,,,,,,,,,
,,,,,,,,Interest expense,,,,,,,,,,,,,,,,,,,,,,,,,,,,,,,,,,,,,,,,,,,,,,,,21,19,22,21,24,27,25,25,26,26,26,26,30,32,32,30,33,21,27,28,30,27,28,29,35,25,23,17,21,13,48,53,76,76,77,117,83,83,101,90,80,43,116,69,94,67,54,53,34,261,143,298,638.477133467163,634.986108467163,631.495083467163,1302.59539460823,1295.35436960823,1288.11334460823,1280.87231960823,1933.22263074929,,,,,,,,,,,,,,,,,0,83,101,104,124,109,114,100,135,346,357,308,268,736,3207.55372000972,5797.56266457398,8800.01880747535,11802.4749503767,14804.9310932781,14804.9310932781,14804.9310932781,14804.9310932781,14804.9310932781,14804.9310932781,,,,,,,,,,,,,,,
,,,,,,,,Implied annualized interest rate,,,,,,,,,,,,,,,,,,,,,,,,,,,,,,,,,,,,,,,,,,,,,,,,0.0151706700379267,0.0147888694298502,0.017638805371818,0.0160091480846198,0.0183031458531935,0.0172993753003364,0.0190803281816447,0.0190876121397213,0.0198586977277067,0.0198662846227316,0.0198738773170266,0.0198814758172434,0.0229885057471264,0.0245775729646697,0.0304544373066857,0.0304723209751143,0.0335451080050826,0.0213360426720853,0.027307206068268,0.0282542885973764,0.0302343159486017,0.020369671821954,0.0281336347651344,0.0291018564977421,0.0348953140578265,0.0245941957697983,0.0225822287677958,0.0166585007349339,0.0184453227931489,0.0103668261562998,0.0477849676455948,0.0152496043734714,0.0218202698822854,0.0218909771728955,0.0214963707426019,0.0327547592385218,0.0224066950124857,0.0224460820769387,0.0274195737749423,0.0245683477786119,0.0217672267192708,0.0125574943418267,0.0338562568405691,0.0200275741963573,0.0283709348826681,0.020260054429997,0.0163166641486629,0.0172399772302188,0.012496554258936,0.0959029946720559,0.0242301012411573,0.0551673068912852,0.0548673068912852,0.0545673068912852,0.0542673068912852,0.0539673068912852,0.0536673068912852,0.0533673068912852,0.0530673068912852,0.0527673068912852,,,,,,,,,,,,,,,,,,0.0149900668231895,0.019256434699714,0.0198586977277067,0.0237547892720307,0.0277001270648031,0.0287226001511716,0.0249252243270189,0.0296442687747036,0.0248349124318117,0.0240939461429439,0.0209509557172981,0.020221836565306,0.0676284112836534,0.0689099989260257,0.0600491228580275,0.0600491228580275,0.0600491228580275,0.0600491228580275,0.0600491228580275,0.0600491228580275,0.0600491228580275,0.0600491228580275,0.0600491228580275,,,,,,,,,,,,,,,
,,,,,,,,Gross leverage,,,,,,,,,,,,,,,,,,,,,,,,,,,,,,,,,,,,,,,,,,,,,,,,,,,,,,,,,,,,,,,,,,,,,,,,,,,,,,,,,,,,,,,,,,,,,,,,,,,,,,,,,,,,,,,,,,,,,,,,,,,0.309276833664386,0.352271281333503,0.271171543790715,0.243864959254948,0.213732956639234,0.131781647689216,0.110875213006677,0.109740419595722,0.0989741806485265,0.253673458240017,0.162547309527728,0.161958796959348,0.135245734345661,0.0852225119615351,0.309951722989845,0.460332641698712,0.55998725325916,0.608714048524787,0.626523160437657,0.522025013317535,0.446076418997977,0.385956336800691,0.338480251558447,0.299151017241009,0.267266386091816,,,,,,,,,,,,,,,
,,,,,,,,Net leverage,,,,,,,,,,,,,,,,,,,,,,,,,,,,,,,,,,,,,,,,,,,,,,,,,,,,,,,,,,,,,,,,,,,,,,,,,,,,,,,,,,,,,,,,,,,,,,,,,,,,,,,,,,,,,,,,,,,,,,,,,,,-0.425145295372618,-0.587924672350172,-0.705873229242064,-0.610477299185099,-0.463866027924497,-0.300837240455459,-0.188451546218957,-0.347082797669521,-0.303051377901417,-0.228200506181606,-0.067226153255444,-0.0790789908560097,-0.110162054045228,-0.0985348587716619,0.105470284667887,0.181814767351426,0.356393923317444,0.452134724725034,0.45127362753443,0.370059134422843,0.233283192417607,0.0486553694279816,-0.170449232195596,-0.412999785369588,-0.683794161578714,,,,,,,,,,,,,,,
,,,,,,,,,,,,,,,,,,,,,,,,,,,,,,,,,,,,,,,,,,,,,,,,,,,,,,,,,,,,,,,,,,,,,,,,,,,,,,,,,,,,,,,,,,,,,,,,,,,,,,,,,,,,,,,,,,,,,,,,,,,,,,,,,,,,,,,,,,,,,,,,,,,,,,,,,,,,,,,,,,,,,,,,,,
,,,,,,,,Cash flow statement assumptions,,,,,,,,,,,,,,,,,,,,,,,,,,,,,,,,,,,,,,,,,,,,,,,,,,,,,,,,,,,,,,,,,,,,,,,,,,,,,,,,,,,,,,,,,,,,,,,,,,,,,,,,,,,,,,,,,,,,,,,,,,,,,,,,,,,,,,,,,,,,,,,,,,,,,,,,,,,,,,,,,,
,,,,,,,,Capex,,,,,,,,,,,,86.037,96.246,77.632,59.08,142.391,157.463,292.532,245.831,344.938,699,492.222,366.638,596.893,575.098,552.64,678.209,841.597,697.517,451.503,367.844,263,139,187,220.888,239,476,758,2545,890,917,680,951,607,774,872,1020,1203,1611,2289,2255,2345,2646,2417,3551,2927,2515,2373,2100,2428,2123,2357,3064,2467,2818,3538,4307,7299,5458,5262,7081,4638,6126,6732,6052,6005,5391,5406,5479,5942,5496,6819,6383,9786,6828,7276,7595,6289,6888,8055,11019,12012,13186,13061,14276,17197,22446,23953,27851,32942.2012794548,41431.8490098431,50022.3399326003,60559.4547499919,56726.799297237,60155.7667290413,63500.0928445315,69476.3584340483,,,,,,13.06,37.198,176.801,318.995,838.217,1902.798,2402.84,2358.461,809.888,4018,3438,3273,7358,10959,9915,9972,13130,25100,23548,22281,24640,31485,32251,52535,91447,184955.84497189,249859.017304858,293609.783685794,335059.999082199,371068.041350865,402207.217962214,426579.617060393,447257.384131901,463244.292963217,473736.595472165,,,,,,,,,,,,,,,
,,,,,,,,Period-to-period addition,,,,,,,,,,,,,10.209,-18.6139999999999,-18.5520000000001,83.311,15.072,135.069,-46.701,99.107,354.062,-206.778,-125.584,230.255,-21.7950000000001,-22.4579999999999,125.569,163.388,-144.08,-246.014,-83.6590000000001,-104.844,-124,48,33.888,18.112,237,282,1787,-1655,27,-237,271,-344,167,98,148,183,408,678,-34,90,301,-229,1134,-624,-412,-142,-273,328,-305,234,707,-597,351,720,769,2992,-1841,-196,1819,-2443,1488,606,-680,-47,-614,15,73,463,-446,1323,-436,3403,-2958,448,319,-1306,599,1167,2964,993,1174,-125,1215,2921,5249,1507,3898,5091.20127945476,8489.64773038832,8590.49092275719,10537.1148173916,-3832.65545275493,3428.96743180438,3344.32611549011,5976.26558951688,,,,,,,24.138,139.603,142.194,519.222,1064.581,500.042,-44.3790000000004,-1548.573,3208.112,-580,-165,4085,3601,-1044,57,3158,11970,-1552,-1267,2359,6845,766,20284,38912,93508.84497189,64903.1723329681,43750.7663809354,41450.2153964054,36008.0422686664,31139.1766113487,24372.3990981792,20677.7670715079,15986.9088313162,10492.3025089481,,,,,,,,,,,,,,,
,,,,,,,,% change Y/Y,,,,,,,,,,,,NA,NA,NA,NA,0.65499726861699,0.636047212351683,2.76818837592745,3.16098510494245,1.42247052131104,3.43913808323225,0.682626174230511,0.491422969438354,0.730435614516232,-0.177256080114449,0.12274542787604,0.849805530250547,0.409962924678292,0.212866328869167,-0.183007020845397,-0.457624419611064,-0.687498886046409,-0.800721702840218,-0.585827779660379,-0.399506312458542,-0.091254752851711,2.42446043165468,3.05347593582888,10.521676143566,2.72384937238494,0.926470588235294,-0.102902374670185,-0.626326129666012,-0.317977528089888,-0.155943293347874,0.282352941176471,0.0725552050473186,0.981878088962109,1.08139534883721,1.625,1.21078431372549,0.949293433083957,0.642458100558659,0.0559196155526431,0.574722838137472,0.24818763326226,-0.0495086923658352,-0.0182043856019859,-0.408617290903971,-0.170481721899556,-0.155864811133201,-0.00674252001685627,0.459047619047619,0.0160626029654036,0.32736693358455,0.501060670343657,0.405678851174935,1.95865423591407,0.936834634492548,0.48728094968909,0.64406779661017,-0.364570489108097,0.122389153536094,0.279361459521095,-0.145318457844937,0.294739111686072,-0.11998041136141,-0.196969696969697,-0.0946794448116325,-0.0104912572855953,0.0194769059543685,0.261376248612653,0.164993611972988,0.646920228879165,0.24235807860262,0.0670186244317348,0.189879367068776,-0.357347230737789,0.00878734622144117,0.107064321055525,0.450822909809085,0.910001590077914,0.914343786295006,0.621477343265053,0.295580361194301,0.431651681651682,0.702259972698316,0.833933083224868,0.950896609694592,0.915578372940324,0.845845540846613,1.08835385682797,1.17440862985142,0.722009977900781,0.451920881318861,0.269434675188946,0.147242139495281,,,,,,,1.84823889739663,3.75297058981666,0.804260156899565,1.62768068465023,1.27005417451567,0.26279300272546,-0.0184693945497829,-0.656603183177504,3.96117981745624,-0.144350423096068,-0.0479930191972077,1.24809043690804,0.489399293286219,-0.0952641664385436,0.00574886535552199,0.316686722823907,0.911652703731912,-0.0618326693227091,-0.0538049940546967,0.105874960728872,0.277800324675325,0.0243290455772591,0.628941738240675,0.740687160940326,1.02254688477358,0.350911712700035,0.175101810824599,0.141174503369967,0.107467445733003,0.0839177001015425,0.0605966228593862,0.048473406240084,0.0357443150152699,0.0226496098674684,,,,,,,,,,,,,,,
,,,,,,,,% of net revenue,,,,,,,,,,,,0.22604256705454,0.227417937109534,0.154341961124244,0.0903777109106457,0.179172182263853,0.176885963187841,0.27898557635453,0.190538159794697,0.225294323195444,0.41836471467706,0.264014765285702,0.164419179711359,0.235092484317466,0.211116026115191,0.183586019903324,0.200251920777825,0.227480597452241,0.179162347182738,0.111587169266107,0.0872184116482165,0.0645715688681562,0.0341523341523342,0.0426356589147287,0.0446043476355685,0.0471958925750395,0.0935534591194969,0.13829593139938,0.399466331816041,0.136148080159094,0.132591093117409,0.0905459387483356,0.116959783544459,0.0746158574062692,0.0840664711632454,0.0827795709132333,0.0899233007140968,0.120432475723296,0.159599762234991,0.212298274902615,0.181913520490481,0.19240236297998,0.208971726425525,0.183453510436433,0.245234806629834,0.210378782433695,0.175261324041812,0.157058706731087,0.121569989579715,0.147428502034125,0.12114122681883,0.129016366522525,0.144419306184012,0.122608220267382,0.134710072183183,0.158868432869331,0.166466973292622,0.293627805937726,0.208026832336014,0.193755062964872,0.222393216080402,0.157332338274704,0.193212641140478,0.20394437880578,0.161068824186938,0.178152905924585,0.17058507103756,0.142236956350146,0.118000516884907,0.130301302574449,0.107868344095307,0.127172696754942,0.103121264014992,0.174684493315007,0.118807746515634,0.127056193902141,0.120320643822379,0.10830778768987,0.110976847600174,0.125759160668842,0.15235606437697,0.177710709688873,0.184794338168313,0.175200203892742,0.174905967826907,0.224838532541903,0.274659520575603,0.273842460272093,0.286441566989952,0.35,0.41,0.47,0.52,0.51,0.505,0.5,0.5,,,,,,0.151111933908777,0.107817789732412,0.188199490331412,0.162709134246321,0.208322025220819,0.260795982301271,0.206073951770167,0.148737335675163,0.0463291830183152,0.182603163061262,0.118168694576201,0.0834544480991356,0.170083909294746,0.208722978763927,0.163489760247997,0.135712244314702,0.14722536806342,0.227989063791522,0.178708032299193,0.148788973549072,0.116187503241839,0.134619742518631,0.12573097135372,0.178013540346573,0.266679303607361,0.442409444380677,0.503441233300543,0.503441233300543,0.493441233300543,0.473441233300543,0.448441233300543,0.418441233300543,0.388441233300543,0.358441233300543,0.328441233300543,,,,,,,,,,,,,,,
,,,,,,,,,,,,,,,,,,,,,,,,,,,,,,,,,,,,,,,,,,,,,,,,,,,,,,,,,,,,,,,,,,,,,,,,,,,,,,,,,,,,,,,,,,,,,,,,,,,,,,,,,,,,,,,,,,,,,,,,,,,,,,,,,,,,,,,,,,,,,,,,,,,,,,,,,,,,,,,,,,,,,,,,,,
,,,,,,,,Technical Infrastructure,,,,,,,,,,,,,,,,,,,,,,,,,,,,,,,,,,,,,,,,,,,,,,,,,,,,,,,,,,,,,,,,1726.9,1972.6,2476.6,3014.9,5109.3,3820.6,3683.4,4956.7,3710.4,3675.6,4039.2,4236.4,4804,3234.6,3243.6,3561.35,4753.6,3297.6,4091.4,3829.8,5773.74,4438.2,4729.4,4936.75,5345.65,5854.8,6846.75,9366.15,10810.8,11867.4,11754.9,12848.4,15649.27,20425.86,21797.23,25344.41,30142.1141707011,37910.1418440064,45770.4410383293,55411.9010962426,51621.3873604856,54561.2804232405,57594.58420999,62806.6280243797,,,,,,,,,,,,,,,,,,,,,,9191,17570,15661.6,14843.55,15972.4,19878.09,27413.35,47281.5,83216.77,169234.598149279,226583.880018096,260269.537974267,288743.852714348,308528.428985561,319952.054566826,320986.680547012,314701.111772602,300224.398061435,276998.500660778,,,,,,,,,,,,,,,
,,,,,,,,% Total Capex,,,,,,,,,,,,,,,,,,,,,,,,,,,,,,,,,,,,,,,,,,,,,,,,,,,,,,,,,,,,,,,,0.7,0.7,0.7,0.7,0.7,0.7,0.7,0.7,0.8,0.6,0.6,0.7,0.8,0.6,0.6,0.65,0.8,0.6,0.6,0.6,0.59,0.65,0.65,0.65,0.85,0.85,0.85,0.85,0.9,0.9,0.9,0.9,0.91,0.91,0.91,0.91,0.915,0.915,0.915,0.915,0.91,0.907,0.907,0.904,,,,,,,,,,,,,,,,,,,,,,0.7,0.7,0.665092576864277,0.666197657196715,0.64823051948052,0.631351119580753,0.85,0.9,0.91,0.915,0.90684691896325,0.886447088741409,0.861767604325432,0.831460526383166,0.795490583654529,0.75246605254833,0.703624183608322,0.648090872617126,0.584709949174811,,,,,,,,,,,,,,,
,,,,,,,,% Y/Y Growth,,,,,,,,,,,,,,,,,,,,,,,,,,,,,,,,,,,,,,,,,,,,,,,,,,,,,,,,,,,,,,,,,,,,1.95865423591407,0.936834634492548,0.48728094968909,0.64406779661017,-0.273794844694968,-0.0379521541119195,0.096595536732367,-0.145318457844937,0.294739111686072,-0.11998041136141,-0.196969696969697,-0.159345198753659,-0.0104912572855953,0.0194769059543685,0.261376248612653,0.0753787187442963,0.214603668798384,0.345887918486172,0.15593684313438,0.289035980991175,-0.0741443154696956,0.319183452751116,0.447699496764917,0.897229958981111,1.02235462478838,1.02695224431236,0.716858363457115,0.371790970676319,0.447558922558923,0.721173972394964,0.854310117482922,0.972573238691199,0.926103528835601,0.855987549312803,1.09982832856878,1.18635593001544,0.712600087311159,0.43922649109968,0.258335792782922,0.133450157490419,,,,,,,,,,,,,,,,,,,,,,,0.911652703731912,-0.108616960728514,-0.0522328497726924,0.0760498667771523,0.244527434825073,0.379073643393304,0.724761840490126,0.760028129395218,1.03365977974487,0.338874452954528,0.148667495470024,0.109403178572887,0.068519471792134,0.0370261684436204,0.00323369069027302,-0.0195820236643415,-0.0460014698696964,-0.0773617918817652,,,,,,,,,,,,,,,
,,,,,,,,$ Y/Y Growth,,,,,,,,,,,,,,,,,,,,,,,,,,,,,,,,,,,,,,,,,,,,,,,,,,,,,,,,,,,,,,,,,,,,3382.4,1848,1206.8,1941.8,-1398.9,-145,355.8,-720.3,1093.6,-441,-795.6,-675.05,-50.3999999999996,63,847.8,268.45,1020.14,1140.6,638.000000000001,1106.95,-428.09,1416.6,2117.35,4429.4,5465.15,6012.6,4908.15,3482.25,4838.47,8558.46,10042.33,12496.01,14492.8441707011,17484.2818440064,23973.2110383293,30067.4910962426,21479.2731897845,16651.1385792341,11824.1431716608,7394.72692813712,,,,,,,,,,,,,,,,,,,,,,,8379,-1908.4,-818.049999999999,1128.85,3905.69,7535.26,19868.15,35935.27,86017.8281492794,57349.2818688165,33685.6579561708,28474.3147400814,19784.5762712129,11423.625581265,1034.62598018645,-6285.56877441,-14476.7137111673,-23225.8974006569,,,,,,,,,,,,,,,
,,,,,,,,% of Net Revenue,,,,,,,,,,,,,,,,,,,,,,,,,,,,,,,,,,,,,,,,,,,,,,,,,,,,,,,,,,,,,,,,0.0858257541871676,0.0942970505282279,0.111207903008532,0.116526881304835,0.205539464156408,0.14561878263521,0.135628544075411,0.155675251256281,0.125865870619763,0.115927584684287,0.122366627283468,0.112748176930856,0.142522324739668,0.102351042622536,0.0853421738100876,0.0767003359751895,0.104241042059559,0.0647210064571844,0.0763036180529653,0.0618727584089954,0.103063851055854,0.0772250352351621,0.0825865260363916,0.078208418484546,0.0920616195363896,0.0943303204601479,0.106895286568516,0.129502654720425,0.159939638719986,0.166314904351482,0.157680183503468,0.157415371044217,0.204603064613132,0.249940163723799,0.249196638847605,0.260661825960856,0.32025,0.37515,0.43005,0.4758,0.4641,0.458035,0.4535,0.452,,,,,,,,,,,,,,,,,,,,,,0.103057757644394,0.159592344654065,0.118857385708214,0.0991228655950958,0.0753162855836017,0.0849923251568105,0.106871325650662,0.160212186311916,0.242678166282698,0.40480464160832,0.456544131297656,0.446274015611651,0.425231669496795,0.393647697051565,0.356730778413006,0.314862823045114,0.273316645660904,0.232302491671708,0.192042856830073,,,,,,,,,,,,,,,
,,,,,,,,,,,,,,,,,,,,,,,,,,,,,,,,,,,,,,,,,,,,,,,,,,,,,,,,,,,,,,,,,,,,,,,,,,,,,,,,,,,,,,,,,,,,,,,,,,,,,,,,,,,,,,,,,,,,,,,,,,,,,,,,,,,,,,,,,,,,,,,,,,,,,,,,,,,,,,,,,,,,,,,,,,
,,,,,,,,Office Facilities,,,,,,,,,,,,,,,,,,,,,,,,,,,,,,,,,,,,,,,,,,,,,,,,,,,,,,,,,,,,,,,,740.1,845.4,1061.4,1292.1,2189.7,1637.4,1578.6,2124.3,927.6,2450.4,2692.8,1815.6,1201,2156.4,2162.4,1917.65,1188.4,2198.4,2727.6,2553.2,4012.26,2389.8,2546.6,2658.25,943.35,1033.2,1208.25,1652.85,1201.2,1318.6,1306.1,1427.6,1547.73,2020.14,2155.77,2506.59,2800.08710875365,3521.70716583666,4251.89889427102,5147.55365374931,5105.41193675133,5594.48630580084,5905.50863454142,6669.73040966864,,,,,,,,,,,,,,,,,,,,,,3939,7530,7886.4,7437.45,8667.6,11606.91,4837.65,5253.5,8230.23,15721.2468226106,23275.1372867622,33340.2457115269,46316.146367851,62539.6123653044,82255.1633953882,105592.936513381,132556.272359299,163019.894901782,196738.094811387,,,,,,,,,,,,,,,
,,,,,,,,% Total Capex,,,,,,,,,,,,,,,,,,,,,,,,,,,,,,,,,,,,,,,,,,,,,,,,,,,,,,,,,,,,,,,,0.3,0.3,0.3,0.3,0.3,0.3,0.3,0.3,0.2,0.4,0.4,0.3,0.2,0.4,0.4,0.35,0.2,0.4,0.4,0.4,0.41,0.35,0.35,0.35,0.15,0.15,0.15,0.15,0.0999999999999999,0.1,0.1,0.1,0.09,0.09,0.09,0.09,0.085,0.085,0.085,0.085,0.09,0.0929999999999999,0.093,0.0959999999999999,,,,,,,,,,,,,,,,,,,,,,0.3,0.3,0.334907423135723,0.333802342803285,0.351769480519481,0.368648880419247,0.15,0.1,0.09,0.085,0.0931530810367502,0.113552911258591,0.138232395674568,0.168539473616834,0.204509416345471,0.24753394745167,0.296375816391679,0.351909127382874,0.415290050825189,,,,,,,,,,,,,,,
,,,,,,,,% Y/Y Growth,,,,,,,,,,,,,,,,,,,,,,,,,,,,,,,,,,,,,,,,,,,,,,,,,,,,,,,,,,,,,,,,,,,,1.95865423591407,0.936834634492548,0.48728094968909,0.644067796610169,-0.576380326072065,0.496518871381458,0.705815279361459,-0.145318457844937,0.294739111686072,-0.11998041136141,-0.196969696969697,0.0562073143864286,-0.0104912572855956,0.0194769059543685,0.261376248612653,0.331421270826272,2.37618646920229,0.0870633187772927,-0.0663587036222323,0.0411444461851793,-0.764883133196752,-0.567662565905097,-0.525543862404775,-0.378218752938963,0.273334393385274,0.276229190863338,0.0809848955100354,-0.136279759203799,0.288486513486514,0.532033975428484,0.650539774902381,0.755806948725133,0.809157352221418,0.743298566355136,0.9723341981153,1.05360815041523,0.82330468248318,0.588572258384164,0.388910879912612,0.295708769312316,,,,,,,,,,,,,,,,,,,,,,,0.911652703731912,0.0473306772908366,-0.0569271150334754,0.165399431256681,0.339114633808667,-0.583209484694893,0.0859611588271163,0.566618444846293,0.91018316895283,0.4804892734899,0.43244034614091,0.389196311526819,0.350276680374137,0.315249012336723,0.283724111103051,0.255351699992746,0.229816529993471,0.206834876994124,,,,,,,,,,,,,,,
,,,,,,,,$ Y/Y Growth,,,,,,,,,,,,,,,,,,,,,,,,,,,,,,,,,,,,,,,,,,,,,,,,,,,,,,,,,,,,,,,,,,,,1449.6,792,517.2,832.2,-1262.1,813,1114.2,-308.7,273.4,-294,-530.4,102.05,-12.6000000000004,42,565.2,635.55,2823.86,191.4,-181.000000000001,105.05,-3068.91,-1356.6,-1338.35,-1005.4,257.849999999999,285.400000000001,97.8500000000004,-225.25,346.530000000001,701.539999999999,849.67,1078.99,1252.35710875365,1501.56716583666,2096.12889427102,2640.96365374931,2305.32482799767,2072.77913996418,1653.6097402704,1522.17675591933,,,,,,,,,,,,,,,,,,,,,,,3591,356.4,-448.95,1230.15,2939.31,-6769.26,415.849999999999,2976.73,7491.01682261065,7553.89046415158,10065.1084247647,12975.9006563241,16223.4659974535,19715.5510300837,23337.7731179927,26963.3358459179,30463.6225424835,33718.1999096051,,,,,,,,,,,,,,,
,,,,,,,,% of Net Revenue,,,,,,,,,,,,,,,,,,,,,,,,,,,,,,,,,,,,,,,,,,,,,,,,,,,,,,,,,,,,,,,,0.0367824660802147,0.0404130216549548,0.0476605298607993,0.0499400919877865,0.0880883417813179,0.0624080497008042,0.0581265188894617,0.0667179648241206,0.0314664676549408,0.0772850564561913,0.0815777515223121,0.0483206472560813,0.0356305811849171,0.0682340284150239,0.0568947825400584,0.0413001809097174,0.0260602605148897,0.0431473376381229,0.0508690787019769,0.041248505605997,0.0716206422591528,0.0415827112804719,0.0444696678657493,0.0421122253378325,0.0162461681534805,0.0166465271400261,0.0188638741003263,0.0228534096565456,0.0177710709688873,0.0184794338168313,0.0175200203892742,0.0174905967826907,0.0202354679287713,0.0247193568518043,0.0246458214244884,0.0257797410290957,0.02975,0.03485,0.03995,0.0442,0.0459,0.046965,0.0465,0.048,,,,,,,,,,,,,,,,,,,,,,0.0441676104190261,0.0683967191374565,0.0598506465909781,0.0496661079539763,0.0408712176582371,0.0496274173618208,0.018859645703058,0.0178013540346573,0.0240011373246624,0.0376048027723576,0.046897102002887,0.0571672176888919,0.0682095638037475,0.0797935362489782,0.0917104548875374,0.103578410255429,0.115124587639639,0.126138741628835,0.13639837647047,,,,,,,,,,,,,,,
,,,,,,,,,,,,,,,,,,,,,,,,,,,,,,,,,,,,,,,,,,,,,,,,,,,,,,,,,,,,,,,,,,,,,,,,,,,,,,,,,,,,,,,,,,,,,,,,,,,,,,,,,,,,,,,,,,,,,,,,,,,,,,,,,,,,,,,,,,,,,,,,,,,,,,,,,,,,,,,,,,,,,,,,,,
,,,,,,,,D&A,,,,,,,,,,,,,,,,,,,,,,,,,,,,,,,,,,,,,,,,,,,,,,,,,,,,,,,,,,,,,,,,,,,,,,,,,,,,,,,,,,,,,,,,,,,,,,,,,,,,,,,,,,,,,,,,,,,,,,,,,,,,,,,,,,,,,,,,,,,,,,,,,,,,,,,,,,,,,,,,,,
,,,,,,,,Depreciation & Amortization of PP&E,,,,,,,,,,,,21.286,28.538,35.796,42.903,46.478,56.967,67.662,85.705,95.868,110.211,129.55,158.801,170.289,188.137,207.415,241.902,280.564,308.716,309.482,313.475,321,311,311,297.03,264,266,257,280,301,347,363,385,378,473,507,630,584,747,693,757,816,813,884,1010,938,1011,1030,1153,1155,1271,1377,1464,1287,1424,1561,1831,1791,1862,2138,2373,2416,2626,2732,3082,2899,3178,3289,3539,2525,2730,3085,3215,3591,3698,3933,4065,3060,3279,3671,3316,3413,3708,3985,4205,4487,4998,5611,6040,6922.06901781516,7930.12538058695,9213.42873677812,10741.4562929226,12361.916356847,14087.7643515935,15786.6838336109,17672.2153778691,,,,,,9.831,17.815,43.851,128.523,256.812,494.43,807.743,1212.237,1240.03,1067,1396,1988,2781,3523,4132,5267,6103,8164,10856,12905,11555,15287,13326,15311,21136,34807.0794281028,59908.5799199205,90810.879330832,126102.045165127,165147.631957649,202439.320734567,235197.011982852,259885.916142066,265856.475696675,267863.935400176,,,,,,,,,,,,,,,
,,,,,,,,% of net revenue,,,,,,,,,,,,0.0559241033778831,0.0674319253707362,0.0711668492426246,0.0656309230060838,0.0584837854025841,0.0639938440454058,0.0645287423847653,0.0664280460365232,0.0626156473804011,0.0659633670518934,0.0694871680720543,0.071214468105716,0.0670700846917905,0.0690642913124958,0.0689028921508539,0.0714253867760489,0.0758354252018371,0.0792959643605331,0.0764872444232119,0.074327137567623,0.0788116867174073,0.0764127764127764,0.0709074327405381,0.0599798512286449,0.0521327014218009,0.0522798742138365,0.0468892537858055,0.0439491445612934,0.0460455866605477,0.0501735106998265,0.048335552596538,0.0473496494896077,0.0464658881376767,0.0513739545997611,0.0481298651984052,0.0555408622057657,0.058464310741816,0.0740043590251635,0.0642737896494157,0.0610680864795095,0.0669510994420742,0.0642078660559153,0.0670967741935484,0.0697513812154696,0.0674189606842521,0.0704529616724739,0.0681712886359124,0.0667477133263865,0.0701317627056895,0.0725249643366619,0.07537358366632,0.0690045248868778,0.0639630237065752,0.068072087575888,0.0700942972608891,0.0707687550728559,0.0720492396813903,0.0709684796280063,0.0787245010678253,0.0745288944723618,0.0819566471047186,0.0828234403582918,0.0827653064315793,0.0820248043860116,0.0860058741507699,0.100560073410752,0.0865366906096245,0.0762189869055824,0.0553703784921714,0.0535808914447214,0.0575345020514733,0.0519402888623219,0.0641009621391978,0.0643454959892816,0.068679495686795,0.0643980799391664,0.052698653256639,0.0528300062835323,0.0573137031428081,0.0458492340025441,0.0504933942863906,0.0519655244902249,0.0534547747119344,0.0515186042807611,0.0586643307271919,0.0611578135898095,0.0641477077855265,0.0621201057275972,0.0735446953190192,0.0784746875590374,0.0865675518602358,0.0922326215679887,0.11113931016903,0.118264987454979,0.124304415367248,0.127181503004686,,,,,,0.113750491750168,0.0516364837916802,0.0466781061788268,0.0655554665770307,0.0638254723311612,0.0677661830258479,0.0692741888867715,0.076450236652992,0.0709352118048439,0.0484911834211962,0.0479824018698013,0.0506897167189373,0.0642842282887589,0.0670983715836587,0.0681331002869109,0.0716803440438765,0.0684323245461579,0.0741554867248599,0.0823872260336349,0.0861775370787117,0.0544864691541984,0.0653622996310089,0.0519515960515851,0.0518809425382389,0.0616371642705083,0.0832576049307414,0.120709869451578,0.155709869451578,0.185709869451578,0.210709869451578,0.225709869451578,0.230709869451578,0.225709869451578,0.205709869451578,0.185709869451578,,,,,,,,,,,,,,,
,,,,,,,,% of capex,,,,,,,,,,,,0.247405186140846,0.296511023834757,0.461098516075845,0.726184834123223,0.326411079351925,0.36178022773604,0.231297772551379,0.348633817541319,0.277928207387994,0.157669527896996,0.263194249749097,0.433127499059017,0.285292338827897,0.32713902673979,0.375316661841343,0.356677661310894,0.333370960210172,0.442592797021435,0.68544838018795,0.852195495916748,1.22053231939164,2.23741007194245,1.66310160427807,1.34470863061823,1.10460251046025,0.558823529411765,0.339050131926121,0.110019646365422,0.338202247191011,0.378407851690294,0.533823529411765,0.404837013669821,0.622734761120264,0.611111111111111,0.581422018348624,0.617647058823529,0.485453034081463,0.463687150837989,0.302752293577982,0.33569844789357,0.347974413646055,0.307256235827664,0.365742656185354,0.284426921993805,0.320464639562692,0.401988071570577,0.434049726085124,0.549047619047619,0.475700164744646,0.59868111163448,0.584217225286381,0.477806788511749,0.521686258613701,0.505322924059617,0.441209723007349,0.425121894590202,0.24537607891492,0.341150604617076,0.406309388065374,0.335122157887304,0.520914187149633,0.428664707802808,0.4058229352347,0.50925313945803,0.482764363030808,0.589501020218883,0.608398076211617,0.645920788465048,0.424941097273645,0.496724890829694,0.452412377181405,0.503681654394485,0.366952789699571,0.541593438781488,0.540544255085212,0.535220539828835,0.48656384162824,0.476045296167247,0.455741775294848,0.300934749069789,0.284132534132534,0.281207341119369,0.305106806523237,0.294550294200056,0.260917601907309,0.222667735899492,0.234250407047134,0.216868335068759,0.210127700911483,0.191401676973262,0.184186280553693,0.177370426092286,0.217920216017707,0.234188093970256,0.248608830734496,0.254363006009371,,,,,,0.752756508422665,0.478923598042906,0.248024615245389,0.402899731970721,0.306378897111369,0.259843661807507,0.336161791879609,0.513994931440461,1.53111294401201,0.2655550024888,0.406050029086678,0.607393828292087,0.377955966295189,0.3214709371293,0.416742309631871,0.528178900922583,0.464813404417365,0.325258964143426,0.461015797519959,0.579193034423949,0.468952922077922,0.48553279339368,0.413196490031317,0.291443799371847,0.231128413179219,0.188191291999411,0.239769533099639,0.309291053557034,0.376356609295491,0.445060241125677,0.503320954209195,0.551355485767512,0.581065680215629,0.573901243329045,0.565427999357323,,,,,,,,,,,,,,,
,,,,,,,,,,,,,,,,,,,,,,,,,,,,,,,,,,,,,,,,,,,,,,,,,,,,,,,,,,,,,,,,,,,,,,,,,,,,,,,,,,,,,,,,,,,,,,,,,,,,,,0.0855352764914192,0.268094089264174,0.314679167887489,0.34789644012945,0.408030112923463,0.436385255648038,0.542694231739505,0.586659740013396,,,,,,,,,,,,,,,,,,,,,,,,,,,,,,,,,,,,,,,,,,,,,,,,,,,,,,,,,,,,,
,,,,,,,,Google | Balance Sheet,,,,2002-12-31 00:00:00,,,,2003-12-31 00:00:00,,,,2004-12-31 00:00:00,,,,2005-12-31 00:00:00,,,,2006-12-31 00:00:00,,,,2007-12-31 00:00:00,,,,2008-12-31 00:00:00,,,,2009-12-31 00:00:00,,,,2010-12-31 00:00:00,,,,2011-12-31 00:00:00,,,,2012-12-31 00:00:00,,,,2013 - excludes Motorola,,,,2014-12-31 00:00:00,,,,2015-12-31 00:00:00,,,,2016-12-31 00:00:00,,,,2017-12-31 00:00:00,,,,2018-12-31 00:00:00,,,,2019-12-31 00:00:00,,,,2020-12-31 00:00:00,,,,2021-12-31 00:00:00,,,,2022-12-31 00:00:00,,,,2023-12-31 00:00:00,,,,2024E,,,,2025E,,,,2026E,,,,2027E,,,,,,,,,,,,,,,,,,,,,,,,,,,,,,,,,,,,,,,,,,,,,,,,,,,,,,,,,,
,,,,,,,,(USD millions),,,,1,2,3,4,1,2,3,4,1,2,3,4,1,2,3,4,1,2,3,4,1,2,3,4,1,2,3,4,1,2,3,4,1,2,3,4,1,2,3,4,1,2,3,4,1,2,3,4,1,2,3,4,1,2,3,4,1,2,3,4,1,2,3,4,1,2,3,4,1,2,3,4,1,2,3,4,1,2,3,4,1,2,3,4,1,2,3,4,1,2,3,4,1,2,3,4,1,2,3,4,1,2,3,4,,,,,,2001-12-31 00:00:00,2002-12-31 00:00:00,2003-12-31 00:00:00,2004-12-31 00:00:00,2005-12-31 00:00:00,2006-12-31 00:00:00,2007-12-31 00:00:00,2008-12-31 00:00:00,2009-12-31 00:00:00,2010-12-31 00:00:00,2011-12-31 00:00:00,2012-12-31 00:00:00,2013-12-31 00:00:00,2014-12-31 00:00:00,2015-12-31 00:00:00,2016-12-31 00:00:00,2017-12-31 00:00:00,2018-12-31 00:00:00,2019-12-31 00:00:00,2020-12-31 00:00:00,2021-12-31 00:00:00,2022-12-31 00:00:00,2023-12-31 00:00:00,2024-12-31 00:00:00,2025-12-31 00:00:00,2026-12-31 00:00:00,2027-12-31 00:00:00,2028-12-31 00:00:00,2029-12-31 00:00:00,2030-12-31 00:00:00,2031-12-31 00:00:00,2032-12-31 00:00:00,2033-12-31 00:00:00,2034-12-31 00:00:00,2035-12-31 00:00:00,,,,,,,,,,,,,,,
,,,,,,,,,,,,,,,,,,,,,,,,,,,,,,,,,,,,,,,,,,,,,,,,,,,,,,,,,,,,,,,,,,,,,,,,,,,,,,,,,,,,,,,,,,,,,,,,,,,,,,,,,,,,,,,,,,,,,,,,,,,,,,,,,,,,,,,,,,,,,,,,,,,,,,,,,,,,,,,,,,,,,,,,,,
,,,,,,,,Balance Sheet,,,,,,,,,,,,,,,,,,,,,,,,,,,,,,,,,,,,,,,,,,,,,,,,,,,,,,,,,,,,,,,,,,,,,,,,,,,,,,,,,,,,,,,,,,,,,,,,,,,,,,,,,,,,,,,,,,,,,,,,,,,,,,,,,,,,,,,,,,,,,,,,,,,,,,,,,,,,,,,,,,
,,,,,,,,Assets:,,,,,,,,,,,,,,,,,,,,,,,,,,,,,,,,,,,,,,,,,,,,,,,,,,,,,,,,,,,,,,,,,,,,,,,,,,,,,,,,,,,,,,,,,,,,,,,,,,,,,,,,,,,,,,,,,,,,,,,,,,,,,,,,,,,,,,,,,,,,,,,,,,,,,,,,,,,,,,,,,,
,,,,,,,,Cash & Cash Equivalents,,,,0,0,0,0,0,0,0,0,251.354,254.698,344.469,426.873,482.572,753.472,5518.569,3877.174,2935.179,4015.922,3038.341,3544.671,4081.34,4493.652,5106.404,6081.593,6519.749,7363.536,8370.469,8656.672,10426.291,11911.351,12087.115,10198,9192,10713,11257,13630,12415,10320,10630,9983,23108,15437,16260,14778,15375,16164,15242,18898,16639,19620,15605,18347,16976,18453,18068,16549,15111,13627,9406,12918,18132,15711,10581,10715,12658,14148,13443,16701,19148,16587,16032,18498,19644,17742,20129,26465,26622,23630,23719,20945,20886,17936,21984,21879,25924,25929,30702,24048,24493,27225,19959,23466,23264,21036,23090,30708,35195.5460253406,22897.312490966,72506.0973018642,58414.4220478871,55399.1174878203,24275.2036594292,67654.7358195795,53279.7694042521,,,,,,17.677,57.752,148.995,426.873,3877.174,3544.671,6081.593,8656.672,10198,13630,9983,14778,18898,18347,16549,12918,10715,16701,18498,26465,20945,21879,24048,23466,30708,58414.4220478872,53279.7694042521,50557.7231697765,68963.5265175345,71771.9086021256,117611.085005478,215466.190533837,370701.205914938,586923.105094378,877331.146184516,,,,,,,,,,,,,,,
,,,,,,,,Marketable securities,,,,,,,,,,,,203.534,293.989,1513.887,1705.424,2024.726,2194.495,2111.578,4157.073,5493.849,5805.71,7390.374,7699.243,7854.579,8009.883,7980.941,8137.02,5614.759,5370.133,6042.14,7189.099,7358.642,7432.655,9907.276,14287,17322,19346,22123,21345,24260,28798,31930,34643,26208,27685,29464,33310,34723,38268,41281,39819,42740,41584,46552,46048,48460,51327,54699,56517,60153,64833,73650,73415,74307,79002,89562,91156,90227,88106,92973,92439,94340,104469,105145,101177,97585,103338,112467,110229,108482,112233,118284,118704,113084,107061,94275,91883,89178,92403,89233,86868,83597,73500,73271,72191,72064,74112,75406,96135,91135,86135,81135,76135,76135,76135,76135,76135,,,,,,,88.579,185.723,1705.424,4157.073,7699.243,8137.02,7189.099,14287,21345,34643,33310,39819,46048,56517,73415,91156,92439,101177,110229,118704,91883,86868,72191,96135,76135,76135,76135,76135,76135,76135,76135,76135,76135,76135,,,,,,,,,,,,,,,
,,,,,,,,Accounts receivable,,,,,,,,,,,,179.505,191.187,233.057,311.836,371.905,419.238,541.815,687.976,844.378,885.088,1031.055,1322.34,1477.09,1648.68,1887.86,2162.521,2560.909,2641.901,2541.492,2642.192,2543.105,2701.912,2807.341,3178,3084,3308,3616,4252,4216,4476,4583,5427,5163,6866,7259,7885,7612,7321,7921,8882,7827,8321,8237,9383,8584,9394,9749,11556,10818,11686,11979,14137,12913,14003,15295,18336,16777,17043,17897,20838,19149,20965,20889,25326,21825,21201,24925,30930,28006,31967,34047,39304,34703,35707,34697,40258,36036,38804,41020,47964,44552,47087,49104,52340,51000,55048,57148,62886,62758.5352782467,68068.7385762626,69535.7358381412,75323.0386203195,74166.2517287307,80238.5611695114,82974.8097834523,89870.3145392635,,,,,,,61.994,154.69,311.836,687.976,1322.34,2162.521,2642.192,3178,4252,5427,7885,8882,9383,11556,14137,18336,20838,25326,30930,39304,40258,47964,52340,62886,75323.0386203195,89870.3145392635,104808.404297928,121099.030221621,138705.778765343,157499.4278575,177623.927484893,199040.93869788,221640.677634505,245389.559667991,,,,,,,,,,,,,,,
,,,,,,,,Receivable under reverse repurchase agreements,,,,,,,,,,,,0,0,0,0,0,0,0,0,0,0,0,0,0,0,0,0,0,0,0,0,0,0,0,0,0,0,875,750,575,1020,1145,745,550,475,550,700,700,770,100,100,4260,393,825,875,825,625,400,450,350,500,0,0,0,0,0,0,0,0,0,0,0,0,0,0,0,0,0,0,0,0,0,0,0,0,0,0,0,0,0,0,0,0,0,0,0,0,0,0,0,0,0,0,0,0,0,0,,,,,,,0,0,0,0,0,0,0,0,750,745,700,100,875,450,0,0,0,0,0,0,0,0,0,0,0,0,0,0,0,0,0,0,0,0,,,,,,,,,,,,,,,
,,,,,,,,Deferred income taxes,,,,,,,,,,,,15.714,30.334,48.455,19.463,24.966,32.406,18.275,49.341,26.317,55.513,51.532,29.713,51.259,78.068,87.963,68.538,71.722,94.402,111.401,286.105,434.903,575.976,663.446,644,399,66,138,259,320,153,215,215,51,146,230,1144,1017,1148,1154,1526,1166,1158,1372,0,847,1316,2212,0,0,0,0,0,0,0,0,0,0,0,0,0,0,0,0,0,0,0,0,0,0,0,0,0,0,0,0,0,0,0,0,0,0,0,0,0,0,0,0,0,0,0,0,0,0,0,0,0,,,,,,,12.646,22.105,19.463,49.341,29.713,68.538,286.105,644,259,215,1144,1526,0,0,0,0,0,0,0,0,0,0,0,0,0,0,0,0,0,0,0,0,0,0,,,,,,,,,,,,,,,
,,,,,,,,Income taxes receivables,,,,,,,,,,,,0,45.047,115.07,70.509,70.027,72.766,0,0,0,0,0,0,0,0,0,145.253,0,0,0,0,0,145.843,72.263,23,0,309,228,0,27,347,133,0,0,0,0,0,358,72,571,408,544,1118,957,591,901,0,287,1903,1804,576,416,95,56,874,282,369,37,201,170,355,111,352,192,2166,1910,394,588,454,493,884,753,966,919,1366,1479,0,0,0,0,0,0,0,0,0,0,0,0,0,0,0,0,0,0,0,0,0,,,,,,,0,0,70.509,0,0,145.253,0,23,0,0,0,408,591,1903,95,369,355,2166,454,966,0,0,0,0,0,0,0,0,0,0,0,0,0,0,,,,,,,,,,,,,,,
,,,,,,,,"Prepaid revenue share, expenses and other assets",,,,,,,,,,,,53.279,66.634,105.273,159.36,184.278,176.833,192.448,229.507,256.234,295.874,346.941,443.88,616.506,627.24,670.593,694.213,697.792,846.865,897.349,1404.114,1317.861,1067.116,816.103,837,1135,1419,1210,1326,1497,1328,1406,1745,1779,3248,3058,2637,3023,3118,2589,3253,2138,5711,6567,3412,3720,3049,2688,3139,2719,3016,3095,4843,3386,2796,3625,3732,4062,4659,5219,5343,5459,5064,6100,5411,6054,6394,6260,6218,8534,6983,7307,8224,8261,10301,13674,10775,10847,11652,15355,12650,12829,14183,15207,15714,15724,16020,18303,16309,18332.8206314487,18214.2761979526,20148.647612865,18373.0687715624,21801.4938831502,21718.7712359959,24134.63133755,21896.2834661029,,,,,,,10.825,48.721,159.36,229.507,443.88,694.213,1404.114,837,1326,1745,2637,3253,3412,3139,4843,3732,5343,5411,6218,8224,10775,12650,15714,16309,18373.0687715624,21896.2834661029,26012.0518757762,30513.1658166938,35435.9778653105,40866.5576421428,46405.8761463185,51968.08875911,56659.7105050792,61696.8577045452,,,,,,,,,,,,,,,
,,,,,,,,Total Current Assets,,,,0,0,0,0,0,0,0,0,703.386,881.889,2360.211,2693.465,3158.474,3649.21,8382.685,9001.071,9555.957,11058.107,11858.243,13039.847,14080.774,14857.523,15733.761,17289.138,15464.931,16316.837,17962.851,20178.182,22080.802,23834.853,26353.544,29167,31132,35161,39447,41562,43310,46442,50042,52758,56859,53857,56821,60454,62808,66861,68858,72886,75314,77905,80115,78656,80313,84164,88103,90114,90955,94238,98546,105408,108794,112386,119345,124308,123761,124157,129702,135676,138207,147437,148358,152578,147018,149069,164369,174296,172137,175697,184110,188143,177853,172371,166109,164795,161985,168788,176310,171530,165471,161995,157541,163711,162052,166216,173947,206038,207421.901935036,195315.327265181,243325.48075287,228245.529439769,227501.863099701,202367.536064936,250899.176940582,241181.367409618,,,,,,17.677,231.796,560.234,2693.465,9001.071,13039.847,17289.138,20178.182,29167,41562,52758,60454,72886,78656,90114,105408,124308,135676,152578,174296,188143,164795,171530,163711,206038,228245.529439769,241181.367409619,257513.179343481,296710.722555849,322048.665232779,392112.070505121,515630.994165048,697845.233371928,941358.493233962,1260552.56355705,,,,,,,,,,,,,,,
,,,,,,,,"Prepaid revenue share, expenses and other assets, non-current",,,,,,,,,,,,16.865,21.66,20.223,35.493,45.282,55.307,36.635,16.941,49.853,19.576,67.89,114.455,129.903,147.154,170.069,168.53,190.402,444.844,456.378,433.846,416.168,406.136,415.137,415,454,452,406,442,390,465,488,499,664,2263,2206,2011,2195,1891,1784,1976,1718,1982,2010,3363,3596,3403,3329,3432,3530,3528,3549,2202,2211,2380,3188,3352,2682,3737,3520,3430,3297,3046,2789,3063,3478,3626,4246,5037,5296,5451,5471,6645,7166,7202,8661,11884,13324,16179,18611,22220,25455,28564,29476,32054,31336,33442,27142,24334,23334,22334,21334,20334,18834,17334,15834,14334,,,,,,,1.127,17.413,35.493,16.941,114.455,168.53,433.846,415,442,499,2011,1976,3363,3432,2202,3352,3430,3063,5037,6645,11884,22220,32054,24334,20334,14334,14334,14334,14334,14334,14334,14334,14334,14334,,,,,,,,,,,,,,,
,,,,,,,,"Deferred income taxes, non-current",,,,,,,,,,,,0,0,0,11.59,0.363,0,0,0,0,34.768,49.643,0,0,98.421,37.219,33.219,155.588,220.079,204.319,0,52.296,124.647,233.836,263,446,443,406,265,21,0,0,0,0,0,0,0,0,0,0,0,0,0,0,0,0,0,0,0,0,0,0,0,0,0,0,0,0,0,0,0,0,0,0,0,0,0,0,0,0,0,0,0,0,0,0,0,0,0,0,0,0,0,0,0,0,0,0,0,0,0,0,0,0,0,0,0,,,,,,,0,0,11.59,0,0,33.219,0,263,265,0,0,0,0,0,0,0,0,0,0,0,0,0,0,0,0,0,0,0,0,0,0,0,0,0,,,,,,,,,,,,,,,
,,,,,,,,Non-marketable equity securities,,,,,,,,,,,,0,0,0,0,0,0,0,14.369,0,1018.591,1028.591,1031.85,1030.952,1038.804,1048.138,1059.694,1056.966,1067.52,1100.896,85.16,100.999,93.925,110.372,129,154,377,485,523,666,893,891,790,880,1040,1063,1469,1470,1564,1843,1976,2123,2415,2470,3079,4090,4409,4813,5183,5577,5820,5705,5878,6131,6642,7269,7813,10976,11487,12673,13859,14474,12112,12488,13078,12367,12961,14656,20703,25294,25532,26101,29549,30544,30665,30419,30492,31213,31224,30907,31008,33994,34172,36177,37982,51029,52574,63800,68687,68687,68687,68687,68687,68687,68687,68687,68687,,,,,,,0,0,0,14.369,1031.85,1059.694,85.16,129,523,790,1469,1976,3079,5183,5878,7813,13859,13078,20703,29549,30492,31008,37982,68687,68687,68687,68687,68687,68687,68687,68687,68687,68687,68687,,,,,,,,,,,,,,,
,,,,,,,,Property and equipment,,,,,,,,,,,,253.006,320.718,362.609,378.916,474.829,576.597,803.078,961.749,1209.681,1799.766,2174.314,2395.239,2826.717,3219.28,3588.814,4039.261,4741.724,5137.71,5213.167,5233.843,5122.105,5005.9,4917.491,4845,4773,4920,5506,7759,8249,9003,9204,9603,9875,10909,11401,11854,12300,12912,14867,16524,17877,19486,20981,23883,25448,27008,28338,29016,30162,31413,32753,34234,35936,37676,40120,42383,48845,51672,55300,59719,60528,64891,69252,73646,76747,78748,81636,84749,87606,91697,94631,97599,104218,106223,108363,112668,117560,121208,125705,134345,143182,151155,161270,171036,185062,203231,223787,246597,272617.13226164,306118.855890896,346927.767086718,396745.765543787,441110.648484177,487178.650861625,534892.059872546,586696.202928725,,,,,,,53.873,188.255,378.916,961.749,2395.239,4039.261,5233.843,4845,7759,9603,11854,16524,23883,29016,34234,42383,59719,73646,84749,97599,112668,134345,171036,246597,396745.765543787,586696.202928725,789495.107283686,998453.061200759,1204373.47059398,1404141.36782162,1595523.97289916,1782895.440889,1980283.25815554,2186155.91822753,,,,,,,,,,,,,,,
,,,,,,,,Intangible assets,,,,,,,,,,,,18.755,16.313,43.66,71.069,61.766,61.934,57.206,82.783,160.573,146.601,177.406,346.841,326.526,339.579,485.252,446.596,1203.972,1138.991,1047.717,996.69,910.344,856.386,823.248,775,790,904,993,1044,1016,1381,1474,1578,1541,7862,7754,7473,7324,6558,6290,6066,5317,5234,4744,4607,4380,4213,4023,3847,3657,3452,3367,3307,3137,2933,2883,2692,2809,2662,2448,2220,2063,1902,1747,1979,1840,1697,1520,1445,1823,1626,1549,1417,1313,1377,2192,2084,1968,1966,1833,1847.36445346477,1715.78811233685,1689.39925751545,4134.19312309957,4071.04586539859,4068.85836539859,4231.64721674995,5395.42931134454,5614.50363566886,5546.62779107427,5477.69620323643,5407.70887215535,5336.66579783103,5264.56698026346,5191.41241945265,5117.20211539859,5041.9360681013,,,,,,,0.096,18.114,71.069,82.783,346.841,446.596,996.69,775,1044,1578,7473,6066,4607,3847,3307,2692,2220,1979,1445,1417,2084,1847.36445346477,4071.04586539859,5614.50363566886,5336.66579783103,5041.9360681013,5189.9360681013,5337.9360681013,5485.9360681013,5633.9360681013,5781.9360681013,5929.9360681013,6077.9360681013,6225.9360681013,,,,,,,,,,,,,,,
,,,,,,,,Goodwill,,,,,,,,,,,,87.442,87.442,101.815,122.818,124.485,154.67,171.397,194.9,318.806,318.597,337.145,1545.119,1620.566,1723.124,2277.397,2299.368,4791.399,4853.805,4821.646,4839.854,4830.315,4836.913,4849.217,4903,5122,5788,6099,6256,6308,6677,6989,7346,7325,10120,10485,10537,10595,11396,11426,11492,14177,14586,15461,15599,15573,15610,15675,15869,15866,15841,16028,16468,16547,16604,16731,16747,17862,17895,17895,17888,26780,27713,28410,31565,31953,32391,32816,33386,34939,35384,35541,35915,36002,37347,42511,43341,43441,43679,43345,41441.6355465352,37532.2118876632,37194.6007424846,41667.8068769004,41401.9541346014,41826.1416346014,42358.3527832501,42397.5706886555,44010.4963643311,44072.9963643311,44135.4963643311,44197.9963643311,44260.4963643311,44322.9963643311,44385.4963643311,44447.9963643311,44510.4963643311,,,,,,,0,87.442,122.818,194.9,1545.119,2299.368,4839.854,4903,6256,7346,10537,11492,15599,15869,16468,16747,17888,31565,33386,35915,43341,41441.6355465352,41401.9541346014,44010.4963643311,44260.4963643311,44510.4963643311,44760.4963643311,45010.4963643311,45260.4963643311,45510.4963643311,45760.4963643311,46010.4963643311,46260.4963643311,46510.4963643311,,,,,,,,,,,,,,,
,,,,,,,,Total Assets,,,,0,0,0,0,0,0,0,0,1079.454,1328.022,2888.518,3313.351,3865.199,4497.718,9451.001,10271.813,11294.87,14396.006,15693.232,18473.351,20015.438,21423.885,23340.65,25335.806,27604.982,29179.786,30806.974,31767.575,33513.029,35158.76,37702.845,40497,42871,48045,53342,57851,59960,64861,69088,72574,77144,86051,89730,93798,96692,101182,105068,110920,116526,121608,125781,129187,133400,138807,144281,147461,149747,154292,159948,167497,172756,178621,189536,197295,206935,211610,221538,232792,245349,257101,263044,275909,273403,278492,299243,319616,327095,335387,347403,359268,357096,355185,358255,365264,369491,383044,396711,402392,407350,414770,430266,450256,475374,502053,536469,595281,621679.658352081,642068.375723644,729879.953076075,763609.457145719,805721.074928473,825144.095710345,919877.435292857,960451.002770776,,,,,,,286.892,871.458,3313.351,10271.813,18473.351,25335.806,31767.575,40497,57851,72574,93798,110920,129187,147461,167497,197295,232792,275909,319616,359268,365264,402392,450256,595281,763609.457145719,960451.002770776,1179979.7190596,1428533.21618904,1660189.56825919,1930418.87075918,2245718.39949664,2615702.10669336,3057001.18382193,3582465.91421701,,,,,,,,,,,,,,,
,,,,,,,,,,,,,,,,,,,,,,,,,,,,,,,,,,,,,,,,,,,,,,,,,,,,,,,,,,,,,,,,,,,,,,,,,,,,,,,,,,,,,,,,,,,,,,,,,,,,,,,,,,,,,,,,,,,,,,,,,,,,,,,,,,,,,,,,,,,,,,,,,,,,,,,,,,,,,,,,,,,,,,,,,,
,,,,,,,,Liabilities:,,,,,,,,,,,,,,,,,,,,,,,,,,,,,,,,,,,,,,,,,,,,,,,,,,,,,,,,,,,,,,,,,,,,,,,,,,,,,,,,,,,,,,,,,,,,,,,,,,,,,,,,,,,,,,,,,,,,,,,,,,,,,,,,,,,,,,,,,,,,,,,,,,,,,,,,,,,,,,,,,,
,,,,,,,,Accounts Payable,,,,,,,,,,,,37.781,61.83,49.557,32.672,75.444,105.572,87.346,115.575,145.911,179.441,207.348,211.169,181.828,136.483,231.883,282.106,358.122,439.281,240.706,178.004,196.22,221.914,192.743,216,329,397,528,483,516,567,563,588,760,2419,2233,2012,2094,1758,2124,2453,1623,1345,1368,1715,1688,1315,1549,1931,1667,1716,2175,2041,2306,2488,2674,3137,3526,3369,3789,4378,3710,3925,4142,5561,4099,4064,4391,5589,4801,4708,4616,6037,3436,4409,6303,5128,4184,5313,5803,7493,6198,6092,7049,7987,8497,8347,10546,12200,9937.43829426219,9940.28269816666,12642.8545543711,15058.3967975705,13048.5842807248,13178.2456697936,16667.6930642053,19471.9182919311,,,,,,,9.394,46.175,32.672,115.575,211.169,282.106,178.004,216,483,588,2012,2453,1715,1931,2041,3137,4378,5561,5589,6037,5128,7493,7987,12200,15058.3967975705,19471.9182919311,24951.7477374148,30915.79084373,37551.2945178203,44936.4020697559,52256.288996134,59297.5740286424,63978.1398933486,68934.6071821719,,,,,,,,,,,,,,,
,,,,,,,,Short-term debt,,,,,,,,,,,,0,0,0,0,0,0,0,0,0,0,0,0,0,0,0,0,0,0,0,0,0,0,0,0,0,0,2122,3465,3216,1217,1218,1218,2468,3218,3218,2549,2150,3000,3009,3009,3009,2009,2009,2009,2009,3008,3237,3225,3221,2219,0,0,0,0,0,0,1329,0,0,0,0,0,0,0,0,0,0,0,0,0,0,0,0,0,0,0,0,0,0,0,0,0,0,0,0,0,0,0,0,0,50000,50000,50000,50000,100000,100000,,,,,,,0,0,0,0,0,0,0,0,3465,1218,2549,3009,2009,3225,0,0,0,0,0,0,0,0,0,0,50000,100000,150000,200000,200000,200000,200000,200000,200000,200000,,,,,,,,,,,,,,,
,,,,,,,,Accrued compensation and benefits,,,,,,,,,,,,23.862,33.931,53.841,82.631,48.598,69.667,117.416,198.788,118.395,150.526,212.594,351.671,180.708,330.951,496.073,588.39,458.188,493.284,622.658,811.643,464.899,589.862,831.205,982,578,748,1104,1410,945,1180,1446,1818,1017,1626,1926,2239,1445,1803,1999,2502,1531,2102,2428,3069,1911,2466,2988,3539,2618,3409,3672,3976,2673,3271,4022,4581,3812,4642,5946,6839,5072,6432,7399,8495,5656,7127,8747,11086,8375,10088,12170,13889,9803,10852,12366,14028,9954,11260,12562,15140,9703,11373,12908,15069,9984,12168,13944,17546,11640.4783251325,13834.6637188944,15350.0924610058,19766.6236228974,13738.7235887227,16363.397541348,18244.9982949959,23334.1716696408,,,,,,,14.528,33.522,82.631,198.788,351.671,588.39,811.643,982,1410,1818,2239,2502,3069,3539,3976,4581,6839,8495,11086,13889,14028,15140,15069,17546,19766.6236228974,23334.1716696408,27264.0935327171,31464.1345978476,35958.2740711906,40818.6458979914,45635.8799548089,50328.8070581835,54050.6698644073,57987.4521046252,,,,,,,,,,,,,,,
,,,,,,,,Accrued expenses and other current liabilities,,,,,,,,,,,,123.129,44.805,47.211,66.013,73.263,71.652,124.72,142.151,368.344,291.446,400.736,266.247,337.925,276.723,400.889,465.032,924.335,698.23,644.586,561.812,782.963,411.226,446.322,570,1026,753,841,961,964,1493,1155,1370,1248,2750,3313,3258,3007,3300,3071,3755,3305,5987,6132,4408,4494,4396,4598,4768,4517,4502,4840,6144,5438,8560,9307,10177,10065,15261,15936,16958,19382,19823,21038,23067,22601,24426,25631,28631,30732,28981,30113,31236,33051,32976,35038,37866,43185,49300,55602,46168,48603,47298,46585,51228,58300,52039,59437,55557,67694.66071604,58870.509905639,65117.381963729,62237.2907269682,83179.0103353237,69631.0063346319,77398.0043391207,73470.0904809127,,,,,,,10.81,26.411,66.013,142.151,266.247,465.032,561.812,570,961,1370,3258,3755,4408,4768,6144,10177,16958,23067,28631,31236,37866,46168,51228,55557,62237.2907269682,73470.0904809127,83917.7970684237,94622.5805978051,105597.612588968,116987.301276557,127569.683902533,137132.73820056,143455.437386482,149807.509372767,,,,,,,,,,,,,,,
,,,,,,,,Accrued revenue share,,,,,,,,,,,,99.179,93.435,101.973,122.544,154.629,153.562,174.712,215.771,267.202,272.731,307.01,370.364,448.121,452.472,507.693,522.001,525.764,517.287,515.949,532.547,522.835,550.199,599.283,694,696,677,752,885,871,916,962,1168,1164,1175,1108,1471,1437,1458,1472,1729,1674,1686,1761,1952,1755,1823,1899,2329,2227,2345,2542,2942,2888,3007,3200,3975,3723,3728,3878,4592,4318,4567,4835,5916,4982,5005,6030,7500,6962,7438,7745,8996,8116,7889,7662,8370,7816,7990,8025,8876,8520,8899,9365,9802,9965,9787,10081,10864,9640.59838029238,10213.7510692536,10731.2572450689,11958.1417201422,11378.3568576179,12080.6455820324,12755.0873479634,14054.234101245,,,,,,,13.1,88.672,122.544,215.771,370.364,522.001,532.547,694,885,1168,1471,1729,1952,2329,2942,3975,4592,5916,7500,8996,8370,8876,9802,10864,11958.1417201422,14054.234101245,16421.2365663522,18950.9325504178,21657.7647935432,24585.1797641732,27486.6127403901,30313.1753055707,32554.8632434134,34925.9977320498,,,,,,,,,,,,,,,
,,,,,,,,Securities lending payable,,,,,,,,,,,,0,0,0,0,0,0,0,0,0,0,0,0,0,0,0,0,0,0,0,0,0,0,0,0,0,2870,2861,2361,1880,1936,3055,2007,2252,1916,1686,1673,2237,3211,1893,1374,2153,3086,3402,2778,1657,2694,3266,2428,2171,2065,0,0,0,0,0,0,0,0,0,0,0,0,0,0,0,0,0,0,0,0,0,0,0,0,0,0,0,0,0,0,0,0,0,0,0,0,0,0,0,0,0,0,0,0,0,0,,,,,,,30.331,25.326,0,0,0,0,0,0,2361,2007,1673,1374,2778,2428,0,0,0,0,0,0,0,0,0,0,0,0,0,0,0,0,0,0,0,0,,,,,,,,,,,,,,,
,,,,,,,,Deferred revenue,,,,,,,,,,,,15.68,18.256,21.888,36.508,41.394,47.917,55.654,73.099,80.172,83.286,88.359,105.136,105.771,122.566,146.129,178.073,194.066,197.433,200.378,218.084,216.937,227.761,252.221,285,293,302,322,394,440,489,489,547,594,767,905,895,882,799,907,1062,947,882,820,752,699,712,705,788,933,900,923,1099,1148,1226,1269,1432,1596,1714,1752,1784,1667,1717,1679,1908,1938,2061,2302,2543,2690,2715,2968,3288,3198,3272,3585,3908,3715,3846,4303,4137,3973,4251,4896,5036,4908,4969,5542,6578,6578,6578,6578,6578,6578,6578,6578,6578,,,,,,,11.345,15.346,36.508,73.099,105.136,178.073,218.084,285,394,547,895,1062,752,788,1099,1432,1784,1908,2543,3288,3908,4137,5036,6578,6578,6578,6578,6578,6578,6578,6578,6578,6578,6578,,,,,,,,,,,,,,,
,,,,,,,,Income taxes payable,,,,,,,,,,,,0,0,0,0,0,0,0,0,0,0,0,0,0,0,0,0,0,0,0,0,0,0,0,0,0,0,0,37,0,0,0,197,239,157,45,240,0,0,0,24,2028,0,0,96,123,948,215,302,330,185,171,554,803,133,221,881,1343,1189,0,69,761,536,131,274,913,975,1099,1485,1893,1811,4170,808,4344,1956,1025,0,0,0,0,0,0,0,0,0,0,0,0,0,0,0,0,0,0,0,0,0,,,,,,,0,0,0,0,0,0,0,0,37,197,240,24,96,302,554,881,69,274,1485,808,0,0,0,0,0,0,0,0,0,0,0,0,0,0,,,,,,,,,,,,,,,
,,,,,,,,Total Current Liabilities,,,,0,0,0,0,0,0,0,0,299.631,252.257,274.47,340.368,393.328,448.37,559.848,745.384,980.024,977.43,1216.047,1304.587,1254.353,1319.195,1782.667,2035.602,2460.475,2345.515,2224.277,2302.09,2183.854,2000.962,2321.774,2747,2922,5747,8530,9996,8832,7798,8888,8913,9742,14028,14434,14337,13252,15329,14475,15908,16270,17097,17920,16779,14336,17362,18457,19310,17684,17341,14323,16756,15256,18685,20693,24183,25394,29903,31301,34620,34910,37000,39224,45221,40189,43658,48200,56834,55453,55741,61782,64254,61948,61354,65979,69300,68854,77709,86295,81814,76997,77913,80803,89122,91654,87310,99550,102745,105491.175715727,99437.2073919536,160419.586224175,165598.452867578,177922.675062389,167831.295127806,231643.783046285,236908.41454373,,,,,,0,89.508,235.452,340.368,745.384,1304.587,2035.602,2302.09,2747,9996,8913,14337,15908,16779,19310,16756,24183,34620,45221,56834,64254,69300,81814,89122,102745,165598.452867578,236908.41454373,309132.874904908,382531.438589801,407342.945971522,433905.529008478,459526.465593866,483650.294592956,500617.110387651,518233.566391614,,,,,,,,,,,,,,,
,,,,,,,,Long-Term Debt,,,,,,,,,,,,0,0,0,0,0,0,0,0,0,0,0,0,0,0,0,0,0,0,0,0,0,0,0,0,0,0,0,0,0,2985,2986,2986,2987,2987,2988,2988,2989,1989,2238,2236,3234,3232,3230,3228,3226,2225,1994,1995,1987,1984,3938,3935,3937,3955,3964,3969,3973,3981,3986,4012,4066,4074,4082,4554,5016,4018,13902,13932,13887,14328,14288,14817,14791,14734,14653,14701,13697,13705,13781,13253,13228,13238,12297,10883,10886,23607,21607,46547,46547,46547,46547,46547,46547,46547,46547,46547,,,,,,,1.901,5.014,0,0,0,0,0,0,0,2986,2988,2236,3228,1995,3935,3969,4012,4554,13932,14817,14701,13253,10883,46547,46547,46547,46547,46547,46547,46547,46547,46547,46547,46547,,,,,,,,,,,,,,,
,,,,,,,,"Deferred revenue, non-current",,,,,,,,,,,,5.551,6.023,6.344,7.443,7.091,10.03,9.968,10.468,17.123,15.904,16.794,20.006,20.979,21.673,23.676,30.249,31.748,30.933,29.992,29.818,30.146,31.675,35.846,42,36,31,33,35,32,28,31,44,42,97,100,100,79,132,125,139,103,93,154,104,93,108,133,151,131,151,169,202,323,345,346,340,315,358,317,396,391,387,364,358,350,397,454,481,530,510,510,535,499,472,594,599,610,667,884,911,921,985,1015,0,0,0,0,0,0,0,0,0,0,0,0,0,,,,,,,0,0,7.443,10.468,20.006,30.249,29.818,42,35,44,100,139,104,151,202,340,396,358,481,535,599,911,0,0,0,0,0,0,0,0,0,0,0,0,,,,,,,,,,,,,,,
,,,,,,,,"Income taxes payable, non-current",,,,,,,,,,,,22.099,42.199,0,0,0,44.18,37.051,35.419,0,0,0,40.421,267.209,340.762,406.555,478.372,633.022,711.827,783.348,890.115,1160.158,1232.984,1318.315,1392,1300,1318,1098,1200,1322,1469,1594,1693,1787,1898,2034,2046,2184,2271,2434,2638,2826,3002,3117,3340,3717,3615,3596,3663,3812,4135,4461,4677,4924,4128,4358,12812,12885,11652,11562,11327,11605,10969,11355,9885,9207,8599,8616,8849,9278,8651,8984,9176,9406,8163,8572,9258,9722,8753,8038,8474,9234,7703,8219,8782,9773,10027,10072,9531,9100.14089453988,8895.01151928558,8205.08780267155,7627.26428671537,9969.18453905436,9653.21427197136,8352.55141405473,8814.52761100073,,,,,,,,,0,35.419,40.421,478.372,890.115,1392,1200,1693,2046,2638,3340,3663,4677,12812,11327,9885,8849,9176,9258,8474,8782,9531,7627.26428671537,8814.52761100073,10018.0489782221,11447.4045989469,13090.6095864235,15003.1948380369,17405.4707427243,20362.2425453066,24464.8604982034,28897.6545460514,,,,,,,,,,,,,,,
,,,,,,,,Other Long-Term Liabilities,,,,,,,,,,,,10.522,10.544,18.681,36.484,37.918,41.281,51.066,61.585,54.455,45.664,63.304,68.497,95.687,82.647,90.981,101.904,142.202,178.496,294.495,306.69,290.776,298.283,305.157,312,330,336,391,379,423,590,759,793,874,2320,2146,2612,2715,2609,2807,2690,2382,2435,2545,1876,3580,3714,3860,2011,2564,2802,2954,2891,3367,3222,3075,3489,3543,3716,4532,4809,10905,12479,13050,14449,14982,14498,15151,16976,17934,18592,17272,18851,16448,15043,14831,15262,15714,15069,14511,14561,14126,14178,13813,16385,17794,18193,18373,21193,21193,21193,21193,21193,21193,21193,21193,21193,,,,,,,7.659,28.351,36.484,61.585,68.497,101.904,306.69,312,379,793,2612,2690,1876,2011,2891,3489,4809,14449,16976,18851,15262,14561,16385,21193,21193,21193,21193,21193,21193,21193,21193,21193,21193,21193,,,,,,,,,,,,,,,
,,,,,,,,Total Liabilities,,,,0,0,0,0,0,0,0,0,337.803,311.023,299.495,384.295,438.337,543.861,657.933,852.856,1051.602,1038.998,1296.145,1433.511,1638.228,1764.277,2303.879,2646.127,3267.447,3266.771,3332.112,3528.713,3664.934,3563.904,3981.092,4493,4588,7432,10052,11610,10609,12870,14258,14429,15432,21330,21702,22083,21219,22330,22079,23611,24815,25859,26966,25327,24952,27024,28040,27130,26178,26413,25845,28461,27807,30335,32436,44793,46110,49610,51698,55164,61877,64909,68075,74467,69744,71170,86323,97072,97082,97822,102836,107633,103092,99766,104629,109120,108597,115903,123509,119013,114506,114017,116147,125172,130107,139137,149602,180016,182331.316610267,176072.218911239,236364.674026846,240965.717154294,255631.859601443,245224.509399777,307736.33446034,313462.94215473,,,,,,0,99.068,268.817,384.295,852.856,1433.511,2646.127,3528.713,4493,11610,14429,22083,23611,25327,27130,28461,44793,55164,74467,97072,107633,109120,119013,125172,180016,240965.717154294,313462.94215473,386890.92388313,461718.843188747,488173.555557946,516648.723846515,544671.93633659,571752.537138263,592821.970885854,614871.220937666,,,,,,,,,,,,,,,
,,,,,,,,,,,,,,,,,,,,,,,,,,,,,,,,,,,,,,,,,,,,,,,,,,,,,,,,,,,,,,,,,,,,,,,,,,,,,,,,,,,,,,,,,,,,,,,,,,,,,,,,,,,,,,,,,,,,,,,,,,,,,,,,,,,,,,,,,,,,,,,,,,,,,,,,,,,,,,,,,,,,,,,,,,
,,,,,,,,Shareholders' Equity:,,,,,,,,,,,,,,,,,,,,,,,,,,,,,,,,,,,,,,,,,,,,,,,,,,,,,,,,,,,,,,,,,,,,,,,,,,,,,,,,,,,,,,,,,,,,,,,,,,,,,,,,,,,,,,,,,,,,,,,,,,,,,,,,,,,,,,,,,,,,,,,,,,,,,,,,,,,,,,,,,,
,,,,,,,,Preferred Equity,,,,,,,,,,,,58.217,79.86,0,0,0,0,0,0,0,0,0,0,0,0,0,0,0,0,0,0,0,0,0,0,0,0,0,0,0,0,0,0,0,0,0,0,0,0,0,0,0,0,0,0,0,0,0,0,0,0,0,0,0,0,0,0,0,0,0,0,0,0,0,0,0,0,0,0,0,0,0,0,0,0,0,0,0,0,0,0,0,0,0,0,0,0,0,0,0,0,0,0,0,0,0,0,,,,,,,58.217,58.217,0,0,0,0,0,0,0,0,0,0,0,0,0,0,0,0,0,0,0,0,0,0,0,0,0,0,0,0,0,0,0,0,,,,,,,,,,,,,,,
,,,,,,,,Common Equity,,,,,,,,,,,,801.876,957.047,2497.572,2582.619,2673.402,2837.668,7234.777,7478.085,7605.472,10014.696,10290.028,11883.215,12211.9,12576.871,12831.749,13241.534,13562.262,13904.585,14194.512,14450.653,14694.817,15044.419,15380.99,15817,16171,17109,17435,18235,18804,19216,19697,20264,20795,21357,22204,22835,23429,24334,25004,25922,26652,27111,27948,28767,29527,30722,31864,32982,33695,34293,35337,36307,37698,38509,39609,40247,41487,42243,43111,45049,46532,47937,49040,50552,53688,55937,57307,58510,59436,60436,61193,61774,62832,64402,66258,68184,70269,72248,74591,76534,77913,79732,82030,84800,86725,89283,91695,93126,99594.1203450425,106395.140159323,113511.47283037,120906.723140886,127940.65207654,135171.786666571,142844.028609412,151084.864457575,,,,,,,79.255,721.08,2582.619,7478.085,11883.215,13241.534,14450.653,15817,18235,20264,22835,25922,28767,32982,36307,40247,45049,50552,58510,61774,68184,76534,84800,93126,120906.723140886,151084.864457575,183537.54571507,219447.386028228,258816.235501089,301845.364729312,348514.297874002,398755.815591378,452663.719225721,510283.602743242,,,,,,,,,,,,,,,
,,,,,,,,"Deferred stock-based compensation
",,,,,,,,,,,,-368.579,-352.815,-292.69,-249.47,-200.906,-175.593,-142.767,-119.015,0,0,0,0,0,0,0,0,0,0,0,0,0,0,0,0,0,0,0,0,0,0,0,0,0,0,0,0,0,0,0,0,0,0,0,0,0,0,0,0,0,0,0,0,0,0,0,0,0,0,0,0,0,0,0,0,0,0,0,0,0,0,0,0,0,0,0,0,0,0,0,0,0,0,0,0,0,0,0,0,0,0,0,0,0,0,0,0,,,,,,,-35.401,-369.668,-249.47,-119.015,0,0,0,0,0,0,0,0,0,0,0,0,0,0,0,0,0,0,0,0,0,0,0,0,0,0,0,0,0,0,,,,,,,,,,,,,,,
,,,,,,,,AOC Income / (Loss),,,,,,,,,,,,-5.188,-1.481,-2.23,5.436,-5.298,-10.696,17.398,4.019,-10.363,-26.924,4.462,23.311,36.942,29.248,81.544,113.373,133.415,119.181,101.162,226.579,168.82,81.434,232.785,105,163,346,531,138,381,603,232,276,422,84,368,538,356,-398,99,125,345,502,-82,27,-371,-929,-1592,-1874,-1294,-1151,-1032,-2402,-2169,-1728,-746,-992,-670,-1525,-1676,-2306,-1780,-1091,-1196,-1232,-1097,-296,46,633,-3,190,-408,-1623,-4049,-5828,-8852,-7603,-6000,-5991,-7036,-4402,-4839,-5012,-3228,-4800,-4086,-2127,-2054,-1916,-1916,-1916,-1916,-1916,-1916,-1916,-1916,-1916,,,,,,,0.049,1.66,5.436,4.019,23.311,113.373,226.579,105,138,276,538,125,27,-1874,-2402,-992,-2306,-1232,633,-1623,-7603,-4402,-4800,-1916,-1916,-1916,-1916,-1916,-1916,-1916,-1916,-1916,-1916,-1916,,,,,,,,,,,,,,,
,,,,,,,,Retained Earnings,,,,,,,,,,,,255.325,334.388,386.371,590.471,959.664,1302.478,1683.66,2055.868,2648.159,3369.236,4102.597,5133.314,6128.368,7053.489,8123.478,9334.772,10641.858,11889.249,13179.188,13561.63,14984.458,16469.003,18107.978,20082,21949,23158,25324,27868,30166,32172,34901,37605,40495,43280,45456,48342,51688,54916,57886,61262,64714,68136,70949,75066,79292,81990,85969,89223,91168,94737,99798,105131,109420,111505,118237,113247,120008,121282,128405,134885,138720,145346,147125,152122,151068,151681,155567,163401,170580,176939,183782,191484,195221,196845,196220,195563,196625,200884,205647,211247,219770,226033,235317,245084,262628,275760,297226,324055,341670.221396772,361517.016653082,381919.806218859,403653.016850539,424064.56325049,446663.799643997,471213.072223105,497819.19615847,,,,,,,85.704,191.352,590.471,2055.868,5133.314,9334.772,13561.63,20082,27868,37605,48342,61262,75066,89223,105131,113247,134885,152122,163401,191484,195563,211247,245084,324055,403653.016850539,497819.19615847,611467.249461399,749282.986972065,915115.777200151,1113840.78218335,1354448.16528605,1647109.75396372,2013431.49371036,2459227.09053611,,,,,,,,,,,,,,,
,,,,,,,,Total Shareholders' Equity,,,,0,0,0,0,0,0,0,0,741.651,1016.999,2589.023,2929.056,3426.862,3953.857,8793.068,9418.957,10243.268,13357.008,14397.087,17039.84,18377.21,19659.608,21036.771,22689.679,24337.535,25913.015,27474.862,28238.862,29848.095,31594.856,33721.753,36004,38283,40613,43290,46241,49351,51991,54830,58145,61712,64721,68028,71715,75473,78852,82989,87309,91711,95749,98815,103860,108448,111783,116241,120331,123569,127879,134103,139036,144949,148286,157100,152502,160825,162000,169840,177628,183472,192192,194969,201442,203659,207322,212920,222544,230013,237565,244567,251635,254004,255419,253626,256144,260894,267141,273202,283379,292844,300753,314119,325084,345267,362916,386867,415265,439348.341741814,465996.156812405,493515.279049228,522643.739991425,550089.21532703,579919.586310568,612141.100832517,646988.060616045,,,,,,0,187.824,602.641,2929.056,9418.957,17039.84,22689.679,28238.862,36004,46241,58145,71715,87309,103860,120331,139036,152502,177628,201442,222544,251635,256144,283379,325084,415265,522643.739991425,646988.060616045,793088.79517647,966814.373000292,1172016.01270124,1413770.14691266,1701046.46316005,2043949.5695551,2464179.21293608,2967594.69327935,,,,,,,,,,,,,,,
,,,,,,,,Total Liabilities & Shareholders' Equity,,,,0,0,0,0,0,0,0,0,1079.454,1328.022,2888.518,3313.351,3865.199,4497.718,9451.001,10271.813,11294.87,14396.006,15693.232,18473.351,20015.438,21423.885,23340.65,25335.806,27604.982,29179.786,30806.974,31767.575,33513.029,35158.76,37702.845,40497,42871,48045,53342,57851,59960,64861,69088,72574,77144,86051,89730,93798,96692,101182,105068,110920,116526,121608,125781,129187,133400,138807,144281,147461,149747,154292,159948,167497,172756,178621,189536,197295,206935,211610,221538,232792,245349,257101,263044,275909,273403,278492,299243,319616,327095,335387,347403,359268,357096,355185,358255,365264,369491,383044,396711,402392,407350,414770,430266,450256,475374,502053,536469,595281,621679.658352081,642068.375723645,729879.953076075,763609.457145718,805721.074928473,825144.095710345,919877.435292857,960451.002770776,,,,,,0,286.892,871.458,3313.351,10271.813,18473.351,25335.806,31767.575,40497,57851,72574,93798,110920,129187,147461,167497,197295,232792,275909,319616,359268,365264,402392,450256,595281,763609.457145718,960451.002770776,1179979.7190596,1428533.21618904,1660189.56825919,1930418.87075918,2245718.39949664,2615702.10669336,3057001.18382193,3582465.91421701,,,,,,,,,,,,,,,
,,,,,,,,Check,,,,OK,OK,OK,OK,OK,OK,OK,OK,OK,OK,OK,OK,OK,OK,OK,OK,OK,OK,OK,OK,OK,OK,OK,OK,OK,OK,OK,OK,OK,OK,OK,OK,OK,OK,OK,OK,OK,OK,OK,OK,OK,OK,OK,OK,OK,OK,OK,OK,OK,OK,OK,OK,OK,OK,OK,OK,OK,OK,OK,OK,OK,OK,OK,OK,OK,OK,OK,OK,OK,OK,OK,OK,OK,OK,OK,OK,OK,OK,OK,OK,OK,OK,OK,OK,OK,OK,OK,OK,OK,OK,OK,OK,OK,OK,OK,OK,OK,OK,OK,OK,OK,OK,OK,OK,,,,,,OK,OK,OK,OK,OK,OK,OK,OK,OK,OK,OK,OK,OK,OK,OK,OK,OK,OK,OK,OK,OK,OK,OK,OK,OK,OK,OK,OK,OK,OK,OK,OK,OK,OK,OK,,,,,,,,,,,,,,,
,,,,,,,,,,,,,,,,,,,,,,,,,,,,,,,,,,,,,,,,,,,,,,,,,,,,,,,,,,,,,,,,,,,,,,,,,,,,,,,,,,,,,,,,,,,,,,,,,,,,,,,,,,,,,,,,,,,,,,,,,,,,,,,,,,,,,NCash/Share,4.59887886038353,5.26957989984558,6.31711749490754,7.54067875738402,8.45937580759429,9.17599363830986,10.4409901928998,11.390510551722,9.84557136240021,10.1146506829125,9.86209805378698,12.1817661488144,8.7520282123917,4.23899308583143,-0.0961974119956166,-2.70538977048358,-2.47768382651545,,,,,,,,,,,,,,,,,,,,
,,,,,,,,Balance sheet assumptions,,,,,,,,,,,,,,,,,,,,,,,,,,,,,,,,,,,,,,,,,,,,,,,,,,,,,,,,,,,,,,,,,,,,,,,,,,,,,,,,,,,,,,,,,,,,,,,,,,,,,,,,,,,,,,,,,,,,,,,,,,,,,IC/Share,8.0615050055636,9.05942880233213,10.231145558979,11.1611175882953,12.9136882322559,14.7444050695971,17.2100763033225,19.6593124641466,20.5832653481532,23.317834332318,26.9912631304103,37.7605887162715,50.793928031818,65.2469145762255,81.5576903860729,100.197430014001,117.3418324932,,,,,,,,,,,,,,,,,,,,
,,,,,,,,Days Sales Outstanding - Trade,,,,,,,,,,,,43.0637410574243,41.2506331046851,42.3092789923,43.5589432324564,42.7317120990392,43.0036900622897,47.1834429324709,48.6910163828202,50.3589133799896,48.3720573069881,50.4985910477678,54.1487418931269,53.1226156679222,55.2644621955629,57.2660606208585,58.3047192664476,63.2069102512053,61.9638964080302,57.3551738536317,57.2056735453007,57.0138166738276,60.6187566339066,58.4462665441176,58.5988637692257,55.6097452606635,59.3674823113208,60.2419266557198,60.9418851043792,58.8914639743001,59.0969852515905,55.7237266977364,60.9461244004428,57.9528503380455,68.0951042684914,62.9236223182077,63.4751884422111,69.5836169786766,66.2273442143848,67.0827594602115,65.4273656824782,58.6398865687562,60.0072115384615,57.0885056925996,59.1702477555249,56.3377057428304,59.7762804878049,58.918893540274,61.0864449461619,59.9804860647277,60.8888944365193,59.8736897202912,60.8448723840498,58.6013772923811,61.1238079019074,62.7132773911091,64.7124801917056,61.6280397658701,59.3146677402142,60.1745273031888,59.7603603957286,59.3148703314224,60.3786842395761,57.7850529401072,61.5473565497418,59.1240784555137,61.2573588741575,59.8827600836688,60.8264908899035,56.0786341607824,57.2900764950639,57.9805424748228,57.9816229926654,56.5648183270559,56.7328815837553,55.3254952764293,58.2364371940497,56.6689155443805,57.0881507081058,58.4790050116314,60.5568379790941,60.1860325773379,60.2569082404877,60.1457967243021,58.554737751314,60.8861425620375,61.5074152931243,59.6584743340574,59.0580974689142,60.8861425620375,61.5074152931243,59.6584743340574,59.0580974689142,60.8861425620375,61.5074152931243,59.6584743340574,59.0580974689142,,,,,,,65.6312563766637,60.1431526855532,58.0957729136562,62.4514084192004,66.197497244082,67.7405634272337,60.8619547127213,66.4008739006667,70.5800309034721,68.1312899566921,73.4336992274153,74.9901874667715,65.2726549852395,69.5978135408766,70.2723124974483,75.0952984313154,69.1331828544957,70.2015777730557,75.4407875845582,67.6933008284961,62.8705816205677,68.2974838991377,64.7781057068698,66.9829153422181,65.8073473997011,66.1393985682312,65.6393985682312,65.1393985682312,64.6393985682312,64.1393985682312,63.6393985682312,63.1393985682312,62.6393985682312,62.1393985682312,,,,,,,,,,,,,,,
,,,,,,,,Days Payable Outstanding,,,,,,,,,,,,-77.7034452565431,-114.341735524637,-76.4400338265849,-39.2656128667132,-82.5937589919433,-93.7793010360426,-64.3592274825299,-72.0469838032496,-74.3764412932074,-81.3121250186095,-85.56376452352,-64.9953629501168,-48.6843634268422,-30.794976815931,-48.4030477622483,-50.5422227465277,-53.1967749846271,-60.3901259123593,-32.9299638855304,-23.4036714585619,-27.4384973200613,-31.6123590093604,-26.9936275881902,-28.9343430194348,-40.8732142857143,-49.8639099037139,-65.2408660351827,-53.0095402644231,-55.4973498233216,-51.2108679525223,-46.9059648722628,-45.8120733788396,-57.5912863070539,-110.94170642893,-66.3307783018868,-60.5939149076517,-92.1486144578313,-77.4746018339768,-84.1787109375,-79.5700044404973,-56.2643080865604,-45.1360942668137,-39.3063247325362,-50.0802486408698,-54.063661873027,-39.4597231350641,-43.6552662037037,-45.4327331873229,-42.0607730035922,-40.1775,-47.3770723998092,-34.0275356034325,-43.4882102992396,-45.9687780060557,-45.8277248069134,-38.2909079034932,-47.4692871435918,-43.6133930855456,-47.334316724272,-39.6911544055526,-38.9151795177813,-37.3734524919356,-39.3155106491245,-42.1830269378702,-33.9787414026103,-32.8570428287603,-32.3183507227366,-33.9610809104993,-31.7977014164605,-29.3390904058184,-27.2883598279552,-29.25770571281,-18.5843718686046,-23.5730601188932,-31.17354173607,-21.7905227670882,-21.179632025725,-26.367373927774,-27.057774572897,-30.3295928638477,-28.4158769573508,-26.3326545233449,-29.6160846432905,-29.5178863645781,-35.7167538937476,-32.688847616497,-37.9420722459073,-39.9545824822084,-35.7167538937476,-32.688847616497,-37.9420722459073,-39.9545824822084,-36.7167538937476,-33.688847616497,-38.9420722459073,-40.9545824822084,,,,,,,-92.7089570386382,-169.750777522797,-52.1218241298432,-92.4505840883557,-85.8331281062277,-60.8673045455888,-24.6188931260856,-30.0243866795755,-58.1654302670623,-52.0268895348837,-79.0026875940658,-96.6930984243471,-53.722448542024,-54.1911448328851,-43.3718437281825,-50.7145690130324,-51.2232793355251,-50.8388134723142,-41.0383006618633,-35.1525142789628,-25.340837948211,-34.8282102808114,-33.3465720936116,-45.3302708699141,-46.6052932906369,-47.2039542010679,-48.2039542010679,-49.2039542010679,-50.2039542010679,-51.2039542010679,-52.2039542010679,-53.2039542010679,-54.2039542010679,-55.2039542010679,,,,,,,,,,,,,,,
,,,,,,,,"Prepaid revenue share, expenses and other - % of Opex",,,,,,,,,,,,0.0736296447800467,0.082111328538967,0.0608266924904548,0.144913302997567,0.0566141031722429,0.0486448018644428,0.0458521755290507,0.0425184926644406,0.0423932005167247,0.0450857267897056,0.0493278611328172,0.0504465499324015,0.0630951766893377,0.0566639083317374,0.057541696284446,0.0512569607598469,0.0479278027852019,0.0558729082585538,0.057613578521485,0.0711238087982531,0.0908869655172414,0.0731101671690874,0.0527062128648928,0.0499001163024455,0.0661884767902962,0.0796296296296296,0.0638320320742773,0.0607365335287651,0.0596034400382227,0.0540276647681042,0.0527619333533473,0.0616433517026989,0.0612941014332966,0.0947491248541424,0.0723410295230886,0.0597959183673469,0.082119960882321,0.0808442231902095,0.0647703392374662,0.0721094165632204,0.0472799646174259,0.122061212276652,0.128271739979686,0.0622446001167542,0.0725938646475685,0.0590799875988219,0.0481134101811413,0.0492037118314628,0.0455749245725779,0.0485449394797837,0.0463767681611124,0.0623294723294723,0.0465570344296557,0.0319499040131639,0.0453351675837919,0.0378360841883288,0.0431888742397822,0.0393337160610563,0.051951025283695,0.0430123973595234,0.0459032659513639,0.0425346055637683,0.04868782325522,0.0367505229699258,0.0456120788379242,0.0500877357899355,0.0447654462242563,0.0376875894004412,0.0548782056228618,0.0410581151955596,0.0414351169278926,0.0384730538922156,0.0431005697351671,0.0512671205605988,0.0657947918471043,0.0465338239358762,0.0517786221645154,0.0552060038661259,0.0693541102077687,0.0505086803060067,0.058242686182287,0.0618621002494897,0.0636308099151422,0.0599798464051789,0.0659254041725364,0.0614669183664073,0.0643402514131444,0.0523435694661977,0.0659254041725364,0.0614669183664073,0.0643402514131444,0.0523435694661977,0.0664254041725364,0.0619669183664073,0.0648402514131444,0.0528435694661977,,,,,,,0.0890711911266169,0.0979088292980933,0.146017236924329,0.148090720382921,0.152936924371885,0.142174138144308,0.182864464283831,0.127955962358016,0.154383513796717,0.0666972441998242,0.0704722199951896,0.0810898394655499,0.0689223310776689,0.0564274029732693,0.0727657912134143,0.0440567118015795,0.0488860423624137,0.04239731716108,0.0440047274297078,0.0459639062613527,0.0518043789724704,0.0567007767782305,0.0661285707071557,0.059566028846189,0.0593360264176777,0.0597737651008867,0.0607737651008867,0.0617737651008867,0.0627737651008867,0.0637737651008867,0.0647737651008867,0.0657737651008867,0.0667737651008867,0.0677737651008867,,,,,,,,,,,,,,,
,,,,,,,,Accrued compensation and benefits - % of Opex,,,,,,,,,,,,0.0329764181711645,0.0418122803472054,0.0311093058085034,0.0751401301455317,0.01493033452699,0.0191646209219441,0.0279752402826687,0.0368274872652199,0.0195881224785845,0.0229373791233675,0.0302264860874619,0.0399670826828818,0.0184942290734832,0.0298976103665213,0.0425666267034013,0.0434435585929482,0.031470616032494,0.0325449884897976,0.0399772614390063,0.0411128594575943,0.032062,0.0404125787887092,0.053681542237148,0.0585447003691774,0.0337065547002566,0.0419753086419753,0.0582401350495885,0.0645840967387321,0.0376254180602007,0.048006509357201,0.0542629840888622,0.0642221280203476,0.035039966923925,0.0474329054842474,0.0455620741862226,0.0507709750566893,0.0392535042920787,0.0467485998755445,0.0500100070049034,0.0554619613406632,0.0338567005749668,0.0449260494143798,0.0474255801234471,0.0559873029772329,0.0372921707907267,0.0477832894124942,0.0534832104245722,0.055473697410496,0.0438819979886021,0.0548705897501932,0.0550227763126349,0.0511711711711712,0.0367533824661753,0.0373777310540269,0.0503001500750375,0.0464434891925869,0.040530770212223,0.0391901931649331,0.0591877364125025,0.0550555466108517,0.0426490868117453,0.0540249966402365,0.0590559351254709,0.0576964872721345,0.0426134651316979,0.0558297298991038,0.062550057208238,0.0671927655344631,0.0538557501864856,0.0593146593287707,0.0690112731644249,0.0649747380239521,0.0511457311601311,0.0540093964007008,0.0595011259310584,0.060582504145937,0.0475158481631406,0.0533487472993973,0.0567389340560072,0.0604507051251338,0.0440508834692284,0.0496057016243,0.0540110800542287,0.0575179015832786,0.0418595290802978,0.0466872323771813,0.0490171264658736,0.056313708372917,0.0418595290802978,0.0466872323771813,0.0490171264658736,0.056313708372917,0.0418595290802978,0.0466872323771813,0.0490171264658736,0.056313708372917,,,,,,,0.119540532534641,0.0673651972605383,0.0757125395600791,0.128269107798368,0.121166714271391,0.120501692049457,0.10570413968148,0.150122765872845,0.164163464896961,0.0694874441004472,0.0598359122370988,0.0623691295243793,0.061993738006262,0.063617897139981,0.0597391670172486,0.054079259582807,0.0625737682419141,0.0665616723865043,0.0784555175757061,0.0776255707762557,0.0674442531996115,0.0678616411401114,0.0634142441126467,0.064083974623535,0.0638365270417912,0.0636989970633183,0.0636989970633183,0.0636989970633183,0.0636989970633183,0.0636989970633183,0.0636989970633183,0.0636989970633183,0.0636989970633183,0.0636989970633183,,,,,,,,,,,,,,,
,,,,,,,,Accrued Liabilities - % of Opex,,,,,,,,,,,,0.170159810284021,0.0552120250200861,0.0272784947628248,0.0600286261971534,0.0225079447395133,0.0197106724604064,0.0297154729172722,0.0263349102674119,0.0609414872777713,0.0444109814649227,0.0569764016329019,0.0302587243846357,0.0345843148043076,0.024998735261277,0.0343991557946106,0.0343354661697104,0.0634878955153679,0.0460665403970763,0.0413851312308254,0.0284579523233613,0.0539974482758621,0.0281738832556865,0.0288247222939809,0.0339821580554288,0.0598320503848845,0.0422558922558923,0.0443658999788985,0.0440179552949798,0.0383819079471253,0.0607404393816111,0.0433428399879916,0.0483962130846404,0.0429988974641676,0.0802217036172696,0.0783733913701741,0.0738775510204082,0.0816853200043464,0.0855631611698818,0.0768287801461023,0.083237276112786,0.0730871295886776,0.127960160724972,0.119774982420502,0.0804144775248103,0.0876980719694013,0.0851805921562548,0.0823011383976516,0.0747382281020754,0.0757123700972176,0.0724633015709503,0.0725245744425797,0.0790733590733591,0.0747717522824772,0.097815156778499,0.116395697848924,0.103177338902632,0.107015268149534,0.128841348102121,0.158630300617161,0.13651585895991,0.162978036392991,0.166501478295928,0.167917118957921,0.156666847781793,0.170280573805075,0.191342357586012,0.183288043478261,0.173533832763595,0.197623273400725,0.170400291634328,0.170758953886633,0.146126497005988,0.172438800425736,0.164118490205447,0.168591335142522,0.163531301824212,0.206145459405789,0.233578440662548,0.251138211382114,0.184338715602191,0.220653930666279,0.206300050595809,0.194926105076406,0.195535673389621,0.244432145971691,0.199667725647283,0.208937962259906,0.178309625901867,0.243432145971691,0.198667725647283,0.207937962259906,0.177309625901867,0.253432145971691,0.198667725647283,0.207937962259906,0.177309625901867,,,,,,,0.0889477668433005,0.0530750618951159,0.0604859178029977,0.091723755672605,0.0917342464252527,0.0952380952380952,0.0731674567793124,0.0871384689893298,0.111887297706369,0.0523640255322402,0.0870680670247735,0.093603549705853,0.089041510958489,0.0857106904672024,0.0923132399783641,0.120140717043053,0.155158058465621,0.180739034366038,0.202621317311027,0.174577891048105,0.182053328461398,0.206937665003743,0.215580655478311,0.202913107156032,0.200996010664039,0.200562983080917,0.196062983080917,0.191562983080917,0.187062983080917,0.182562983080917,0.178062983080917,0.173562983080917,0.169062983080917,0.164562983080917,,,,,,,,,,,,,,,
,,,,,,,,Accrued revenue share - % of Opex,,,,,,,,,,,,0.137061779305923,0.115137497104157,0.0589199539609315,0.111434838118309,0.0475053026374323,0.0422432072288971,0.0416264408621109,0.0399737597576501,0.0442078255206955,0.0415591615116002,0.043650495751111,0.042091524779589,0.0458621224662902,0.0408756328210539,0.04356370617012,0.0385417512688481,0.0361120696476298,0.034128614471424,0.0331260950027043,0.0269755668016153,0.0360575862068966,0.0376951904631406,0.0387033712219065,0.0413747678780134,0.0405878236529041,0.0379910213243547,0.0396708166279806,0.0405368266764383,0.0346790890269151,0.0372660699755899,0.0361002701891324,0.0412604210823795,0.0401047409040794,0.0342765460910152,0.0262112036336109,0.0333560090702948,0.0390361838530914,0.0378033602986932,0.0368257780446312,0.038326830998404,0.0370190181335692,0.0360348807386509,0.0343972185326979,0.0356100408639813,0.0342479119506674,0.0353239807781739,0.0339908355409179,0.0365069910339206,0.0373281930942005,0.0377446561936647,0.0380903859985615,0.0378635778635779,0.039709602903971,0.0343610019197367,0.0400200100050025,0.0402996877407843,0.0395844851784119,0.0314737268674862,0.038602428827394,0.036966672033489,0.0363089031650466,0.0383600994489988,0.0385910861375391,0.0401803906653264,0.0375354107648725,0.0392069311274049,0.043120709382151,0.0454578514801076,0.0447694009311418,0.0437333897786872,0.0439188422891102,0.0420845808383234,0.0423440532587599,0.0392628205128205,0.0368670246550032,0.0361473880597015,0.0373100129840373,0.0378558162453095,0.0362466124661247,0.0354399246162937,0.0386801532678374,0.038814836784898,0.0391860679197282,0.0374139273554514,0.0417798685181458,0.037551606120601,0.0354375826091847,0.0348678973990295,0.0346678973990295,0.0344678973990295,0.0342678973990295,0.0340678973990295,0.0346678973990295,0.0344678973990295,0.0342678973990295,0.0339178973990295,,,,,,,0.107790540762927,0.178193627214559,0.112283736707172,0.139227486864205,0.127607306159477,0.106905290286219,0.0693561362260907,0.106094907857184,0.103038770520433,0.08832425892317,0.0412426052092971,0.0431000099710839,0.0394303605696394,0.0418666522856783,0.0442033776068273,0.046925356219528,0.0420147307745094,0.0463541911522731,0.0530774293539415,0.0502786114697384,0.0402415454291951,0.0397846715164881,0.0412493477199657,0.0396790322757371,0.0386189493891691,0.0383660765600331,0.0383660765600331,0.0383660765600331,0.0383660765600331,0.0383660765600331,0.0383660765600331,0.0383660765600331,0.0383660765600331,0.0383660765600331,,,,,,,,,,,,,,,
,,,,,,,,"Income taxes payable, current - % of Pre-tax Profit",,,,,,,,,,,,0,0,0,0,0,0,0,0,0,0,0,0,0,0,0,0,0,0,0,0,0,0,0,0,0,0,0,0.0029439847231063,0,0,0,0.014115792490685,0.0168547249647391,0.0114032539221383,0.00401929260450161,0.0166666666666667,0,0,0,0.00132129486897159,0.113372093023256,0,0,0.00530152418820411,0.00667897480451781,0.0478208232445521,0.0109895726845226,0.0145192307692308,0.0160850068239423,0.00755842457917961,0.00707196029776675,0.0201983374653639,0.0294398005572665,0.00759652730180489,0.00692442661987718,0.027469443751559,0.0318457744475007,0.0705219454329775,0,0.0017126687847498,0.0233550208691382,0.0110315304190335,0.00379578117756143,0.00639947683109118,0.0294250354518499,0.0294490757520841,0.0205666591810764,0.0198646262507357,0.022236056946859,0.0205935865362747,0.0452003121748179,0.0082780099991804,0.0573571353121369,0.0257178920795204,0.0157857450871681,0,0,0,0,0,0,0,0,0,0,0,0,0,0,0,0,0,0,0,0,0,,,,,,,0,0,0,0,0,0,0,0,0.00342719525750278,0.0159824760668506,0.0179291797400269,0.00150952890118875,0.00556231531374935,0.0153681746476006,0.0229399585921325,0.0323980436141654,0.00197634119096039,0.00691482649842271,0.0308847385716068,0.0089051513214451,0,0,0,0,0,0,0,0,0,0,0,0,0,0,,,,,,,,,,,,,,,
,,,,,,,,"Income taxes payable, non-current - % of Pre-tax Profit",,,,,,,,,,,,0.0355008578423498,0.0622551044494276,0,0,0,0.0222942150094869,0.0168423435545341,0.0138391580302985,0,0,0,0.00852955178124372,0.0494122507187835,0.0686054705273627,0.0690354011152846,0.0743724611760492,0.0923538350749135,0.108782966804573,0.117353255248439,0.266390474389117,0.153460052910053,0.166080818965517,0.159447871311079,0.135504045847093,0.129688747007183,0.135373870172555,0.101142225497421,0.0954805856142584,0.13816889632107,0.11904376012966,0.11860119047619,0.121309830897105,0.126022566995769,0.137855897733876,0.181672025723473,0.142083333333333,0.14064914992272,0.15340448527425,0.161192052980132,0.145232327681128,0.157983005366726,0.170451964569612,0.202035260565206,0.184448862381268,0.201835360556038,0.182354721549637,0.183806992435085,0.176105769230769,0.185806200038994,0.168941003431933,0.184491315136476,0.170519177482864,0.180525003666227,0.235777930089102,0.13654593307432,0.399476178598154,0.305534477852604,0.691103202846975,0.286670633739958,0.281150714853058,0.356156395777069,0.225755330534288,0.329015994436718,0.2308716367713,0.296731984014439,0.259725746043252,0.161239613743544,0.118371769490074,0.108983695907532,0.0983738912895156,0.0973812001387444,0.0940086878124744,0.124194570613711,0.107328810350268,0.132015031109468,0.134979879862367,0.133507278220269,0.0999064055152262,0.0948011511062886,0.0867810912665902,0.0815292247925128,0.0698976443686255,0.0648063458020564,0.0680922991036814,0.0584663428174879,0.0738735154569298,0.0572441857821629,0.0609134136053378,0.0559134136053378,0.0509134136053378,0.0459134136053378,0.0409134136053378,0.0549134136053378,0.0499134136053378,0.0409134136053378,0.0409134136053378,,,,,,,0,0,0,0.0165379746805891,0.0100774362758786,0.0843097790263624,0.152062937039044,0.16608621998621,0.111152278621712,0.137351938990751,0.152846257283729,0.165922385055664,0.193522220290863,0.18640272759656,0.193664596273292,0.471150663773765,0.324435024203019,0.249463722397476,0.184039765400774,0.101130777878193,0.129794751009421,0.0988602027602459,0.0732963318449276,0.0600090665256318,0.0434233802795105,0.0443755970555101,0.0443755970555101,0.0443755970555101,0.0443755970555101,0.0443755970555101,0.0443755970555101,0.0443755970555101,0.0443755970555101,0.0443755970555101,,,,,,,,,,,,,,,
,,,,,,,,,,,,,,,,,,,,,,,,,,,,,,,,,,,,,,,,,,,,,,,,,,,,,,,,,,,,,,,,,,,,,,,,,,,,,,,,,,,,,,,,,,,,,,,,,,,,,,,,,,,,,,,,,,,,,,,,,,,,,,,,,,,,,,,,,,,,,,,,,,,,,,,,,,,,,,,,,,,,,,,,,,
,,,,,,,,Google | Cash Flow Statement,,,,,,,,,,,,,,,,,,,,,,,,,,,,,,,,,,,,,,,,,,,,,,,,,,,,,,,,,,,,,,,,,,,,,,,,,,,,,,,,,,,,,,,,,,,,,,,,,,,,,,,,,,,,,,,,,,,,,,,,,,,,,,,,,,,,,,,,,,,,,,,,,,,,,,,,,,,,,,,,,,
,,,,,,,,,,,,,,,,,,,,,,,,,,,,2006-12-31 00:00:00,,,,2007-12-31 00:00:00,,,,2008-12-31 00:00:00,,,,2009-12-31 00:00:00,,,,2010-12-31 00:00:00,,,,2011-12-31 00:00:00,,,,2012-12-31 00:00:00,,,,2013 - excludes Motorola,,,,2014-12-31 00:00:00,,,,2015-12-31 00:00:00,,,,2016-12-31 00:00:00,,,,2017-12-31 00:00:00,,,,2018-12-31 00:00:00,,,,2019-12-31 00:00:00,,,,2020-12-31 00:00:00,,,,2021-12-31 00:00:00,,,,2022-12-31 00:00:00,,,,2023-12-31 00:00:00,,,,2024-12-31 00:00:00,,,,2025-12-31 00:00:00,,,,2026-12-31 00:00:00,,,,2027-12-31 00:00:00,,,,,,,,,,,,,,,,,,,,,2013-12-31 00:00:00,2014-12-31 00:00:00,,,,,,,,,,,,,,,,,,,,,,,,,,,,,,,,,,,,
,,,,,,,,,,,,,,,,,,,,,,,,,,,,1,2,3,4,1,2,3,4,1,2,3,4,1,2,3,4,1,2,3,4,1,2,3,4,1,2,3,4,1,2,3,4,1,2,3,4,1,2,3,4,1,2,3,4,1,2,3,4,1,2,3,4,1,2,3,4,1,2,3,4,1,2,3,4,1,2,3,4,1,2,3,4,1,2,3,4,1,2,3,4,1,2,3,4,1,2,3,4,,,,,,,,,,,,,,,,,,,,,,,,,,,,,,,,,,,,,,,,,,,,,,,,,,,,,,,
,,,,,,,,Cash Flow Statement,,,,,,,,,,,,,,,,,,,,,,,,,,,,,,,,,,,,,,,,,,,,,,,,,,,,,,,,,,,,,,,,,,,,,,,,,,,,,,,,,,,,,,,,,,,,,,,,,,,,,,,,,,,,,,,,,,,,,,,,,,,,,,,2015-12-31 00:00:00,2016-12-31 00:00:00,2017-12-31 00:00:00,2018-12-31 00:00:00,2019-12-31 00:00:00,2020-12-31 00:00:00,2021-12-31 00:00:00,2022-12-31 00:00:00,2023-12-31 00:00:00,2024-12-31 00:00:00,2025-12-31 00:00:00,2026-12-31 00:00:00,2027-12-31 00:00:00,2028-12-31 00:00:00,2029-12-31 00:00:00,2030-12-31 00:00:00,2031-12-31 00:00:00,2032-12-31 00:00:00,2033-12-31 00:00:00,2034-12-31 00:00:00,2035-12-31 00:00:00,,,,,,,,,,,,,,,
,,,,,,,,Operating Cash Flow:,,,,,,,,,,,,,,,,,,,,,,,,,,,,,,,,,,,,,,,,,,,,,,,,,,,,,,,,,,,,,,,,,,,,,,,,,,,,,,,,,,,,,,,,,,,,,,,,,,,,,,,,,,,,,,,,,,,,,,,,,,,,,,,,,,,,,,,,,,,,,,,,,,,,,,,,,,,,,,,,,,
,,,,,,,,Net Income,,,,,,,,,,,,63.973,79.063,51.983,204.1,369.193,342.814,381.182,372.208,592.291,721.077,733.361,1030.717,1002.162,925.12,1069.989,1206.449,1307.086,1247.391,1289.938,382.442999999999,1423,1485,1639,1973.448,1955,1840,2167,2543,1798,2505,2729,2705,2890,2785,2176,2886,3346,3228,2970,3189,3371,3351,2739,4675,3515,3931,3979,4923,4207,4877,5061,5333,5426,3524,6732,-3020,9401,3195,9192,8948,6657,9947,7068,10671,6836,6959,11247,15227,17930,18525,18936,20642,16436,16002,13910,13624,15051,18368,19689,20687,23662,23619,26301,26536,34540,28196,34979,34455,34178.3744656029,36688.8072665812,37528.6501973511,39149.1532743006,38124.1779694773,40613.8320480889,42871.9004938432,45243.1277469512,,,,,,6.98500000000001,99.6560000000001,105.648,399.119,1465.397,3077.446,4203.72,4226.858,6520.448,8505,9737,10737,12733,14136,16348,19478,12662,30736,34343,40269,76033,59972,73795,100118,132170,147544.985203836,166853.038258361,188739.485096036,215408.745755884,246028.486741146,281628.23298715,326326.865841147,381310.08371748,458016.199192492,540657.333677273,,,,,,,,,,,,,,,
,,,,,,,,Depreciation & Amortization of PP&E,,,,,,,,,,,,21.286,28.538,35.796,42.903,46.478,56.967,67.662,85.705,95.868,110.211,129.55,158.801,170.289,188.137,207.415,241.902,280.564,308.716,309.482,313.475,321,311,311,297.03,264,266,257,280,301,347,363,385,378,473,507,630,584,747,693,757,816,813,884,1010,938,1011,1030,1153,1155,1271,1377,1464,1287,1424,1561,1831,1791,1862,2138,2373,2416,2626,2732,3082,2899,3178,3289,3539,2525,2730,3085,3215,3591,3698,3933,4065,3060,3279,3671,3316,3413,3708,3985,4205,4487,4998,5611,6040,6922.06901781516,7930.12538058695,9213.42873677812,10741.4562929226,12361.916356847,14087.7643515935,15786.6838336109,17672.2153778691,,,,,,9.831,17.815,43.851,128.523,256.812,494.43,807.743,1212.237,1240.03,1067,1396,1988,2781,3523,4132,5267,6103,8164,10856,12905,11555,15287,13326,15311,21136,34807.0794281028,59908.5799199205,90810.879330832,126102.045165127,165147.631957649,202439.320734567,235197.011982852,259885.916142066,265856.475696675,267863.935400176,,,,,,,,,,,,,,,
,,,,,,,,Amortization of intangible and other assets,,,,,,,,,,,,2.389,2.474,5.53,9.557,9.715,9.962,8.303,9.02,15.29,16.01,15.76,30.449,34.703,35.218,41.96,48.034,55.96,82.891,76.764,72.035,82,66,68,68.278,67,76,85,101,100,108,129,118,133,197,321,323,315,283,281,279,270,266,663,257,239,223,218,251,216,219,219,223,216,201,200,195,195,252,217,207,197,209,188,331,209,208,189,186,228,215,219,224,191,201,113,136,126,118,129,0,0,0,0,0,0,0,0,0,130.375844594595,131.431587837838,132.487331081081,133.543074324324,134.598817567568,135.654560810811,136.710304054054,137.766047297297,,,,,,4.351,11.168,11.198,19.95,37,77.509,159.915,287.65,284.278,329,455,974,1158,1456,931,877,812,871,925,792,886,641,373,0,0,527.837837837838,544.72972972973,102,102,102,102,102,102,102,102,,,,,,,,,,,,,,,
,,,,,,,,Stock-Based Compensation,,,,,,,,,,,,76.473,74.761,67.981,59.531,48.908,47.338,46.309,58.154,114.664,109.149,99.86,134.427,183.866,241.524,197.956,245.3,280.779,272.776,280.039,286.172,277,294,317,276.054,291,309,380,396,432,435,571,536,556,658,762,716,708,847,886,902,887,915,1290,1187,1203,1132,1432,1436,1494,1503,1860,1846,2009,2003,1820,1847,2457,2413,2230,2253,2769,2756,2624,2645,3191,3382,3195,3223,3745,3803,3874,3954,4504,4782,4976,5100,5284,5774,5743,5659,5264,5865,5846,5810,5516,5998,6368,7071,6468.12034504245,6801.01981428092,7116.33267104654,7395.2503105156,7033.92893565446,7231.13459003057,7672.24194284182,8240.83584816282,,,,,,12.383,21.635,229.361,278.746,200.709,458.1,868.646,1119.766,1164.054,1376,1974,2692,3343,4279,5203,6703,7679,9353,10794,12991,15376,19362,22460,22785,24953,27780.7231408855,30178.1413166897,32452.6812574949,35909.8403131577,39368.8494728617,43029.1292282223,46668.93314469,50241.5177173762,53907.9036343431,57619.8835175213,,,,,,,,,,,,,,,
,,,,,,,,Excess tax benefit from stock-based award activity,,,,,,,,,,,,0,93.244,51.727,46.599,77.377,118.786,75.537,162.024,-77.285,-180.802,-70.981,-252.664,-74.084,-105.731,-58.762,-140.629,-51.101,-43.878,-19.791,-44.318,-32,-4,-28,-26.271,-12,-19,-12,-51,-24,-9,-28,-25,-28,-27,-58,-75,0,0,0,0,0,0,0,0,0,0,0,0,0,0,0,-157,0,0,0,0,0,0,0,0,0,0,0,0,0,0,0,0,0,0,0,0,0,0,0,0,0,0,0,0,0,0,0,0,0,0,0,0,0,0,0,0,0,0,0,0,,,,,,0,0,0,191.57,433.724,-581.732,-379.206,-159.088,-90.271,-94,-86,-188,0,0,0,-157,0,0,0,0,0,0,0,0,0,0,0,0,0,0,0,0,0,0,0,,,,,,,,,,,,,,,
,,,,,,,,Deferred Income Taxes,,,,,,,,,,,,0,0,0,0,0,0,0,0,0,0,0,-98.468,-61.402,-121.039,-2.07900000000001,20.308,-38.214,-67.676,-18.707,-100.048,-13,-101,-174,19.94,-13,9,27,-14,289,175,62,-183,354,-163,-168,-289,202,63,-140,-562,144,-282,-360,394,71,-221,-416,387,414,-50,-245,71,613,-75,-296,16,-18,-139,880,55,-73,693,-239,-208,175,-591,136,1670,1100,379,-1287,1616,-2090,-2147,-1920,-1924,-1854,-2415,-1824,-1670,419,-3157,-1071,-1448,-1152,-444,8726,1218,1000,1000,1000,1000,1500,1500,1500,1500,,,,,,0,0,0,0,0,-98.468,-164.212,-224.645,-268.06,9,343,-266,-437,-104,-179,190,258,778,173,1390,1808,-8081,-7763,-5257,8348,4000,6000,0,0,0,0,0,0,0,0,,,,,,,,,,,,,,,
,,,,,,,,Other,,,,,,,,,,,,0,0.95,201,10.393,0,0,20.812,1.228,4,0,6.8,1.674,-6.386,6.351,-7.18,-32.526,-44.903,20.245,10.171,1077.334,-21,-3,-2,6.732,2,0,-9,-5,36,19,-52,113,-68,-176,32,-4,37,-781,83,67,-234,-40,54,-718,77,72,40,357,344,41,-64,57,76,42,141,72,-3249,-931,-1315,-1344,-1059,-2867,1408,-872,1099,-1470,-1809,-2870,-5006,-2891,-2094,-2492,1577,1103,1545,2324,469,606,1131,1194,-1447,1875,-574,894,-9479,-891,-11053,-1089,0,0,0,0,0,0,0,0,,,,,,0,0,11.618,212.343,22.04,12.474,-39.741,1062.847,-19.268,-12,116,-216,-594,-938,546,378,331,-6839,-3390,-5050,-12483,6549,3400,748,-22512,0,0,0,0,0,0,0,0,0,0,,,,,,,,,,,,,,,
,,,,,,,,Funds from Operations (FFO),,,,0,0,0,0,0,0,0,0,164.121,279.03,414.017,373.083,551.671,575.867,599.805,688.339,744.828,775.645,914.35,1004.936,1249.148,1169.58,1449.299,1588.838,1790.171,1820.465,1927.896,1987.093,2037,2048,2131,2615.211,2554,2481,2895,3250,2932,3580,3774,3649,4215,3747,3572,4187,5192,4387,4773,4632,5254,5023,5270,6805,6043,6148,6283,8507,7830,7861,8208,8837,9627,7119,10158,941,10577,6652,13342,12492,10907,13364,13781,15649,14409,11666,16247,20975,20522,22761,22733,27159,24209,23639,22557,23325,22136,25730,28539,29186,31311,31910,34487,35997,33912,37857,44631,47695,48698.9396730551,52551.3840492869,54990.8989362569,58419.4029520631,59154.6220795463,63568.3855505238,67967.5365743499,72793.9450202804,,,,,,33.55,150.274,401.676,1230.251,2415.682,3439.759,5456.865,7525.625,8831.211,11180,13935,15721,18984,22352,26981,32736,27845,43063,53701,63297,93175,93730,105591,133705,164095,214660.625610662,263484.489224701,312105.045684363,377522.631234168,450646.968171657,527198.68294994,608294.81096869,691539.517576922,777882.57852351,866243.15259497,,,,,,,,,,,,,,,
,,,,,,,,,,,,,,,,,,,,,,,,,,,,,,,,,,,,,,,,,,,,,,,,,,,,,,,,,,,,,,,,,,,,,,,,,,,,,,,,,,,,,,,,,,,,,,,,,,,,,,,,,,,,,,,,,,,,,,,,,,,,,,,,,,,,,,,,,,,,,,,,,,,,,,,,,,,,,,,,,,,,,,,,,,
,,,,,,,,Changes in Working Capital:,,,,,,,,,,,,,,,,,,,,,,,,,,,,,,,,,,,,,,,,,,,,,,,,,,,,,,,,,,,,,,,,,,,,,,,,,,,,,,,,,,,,,,,,,,,,,,,,,,,,,,,,,,,,,,,,,,,,,,,,,,,,,,,,,,,,,,,,,,,,,,,,,,,,,,,,,,,,,,,,,,
,,,,,,,,Accounts receivable,,,,,,,,,,,,-24.815,-11.682,-41.864,-78.567,-60.069,-44.518,-120.496,-147.207,-155.221,-37.99,-150.145,-280.656,-153.562,-171.472,-234.391,-277.822,-223.493,-72.883,78.05,-116.138,97,-139,-85,-377.039,46,-243,-259,-673,181,-205,-223,-909,301,-222,-307,-559,256,-194,-516,-853,267,-721,-36,-1151,698,-767,-267,-1758,818,-835,-282,-2279,1267,-836,-1150,-3049,1700,-312,-670,-2887,1172,-1146,-1,-4365,2602,-80,-3601,-5445,2794,-3661,-2409,-5819,4364,-1969,-97,-4615,4454,-2948,-2821,-6518,3167,-3057,-1431,-4570,1638,-2839,-2381,-4943,127.464721753284,-5310.20329801586,-1466.99726187866,-5787.3027821783,1156.78689158884,-6072.30944078065,-2736.2486139409,-6895.50475581124,,,,,,-11.736,-43.877,-90.385,-156.928,-372.29,-624.012,-837.247,-334.464,-504.039,-1129,-1156,-787,-1307,-1641,-2094,-2578,-3768,-2169,-4340,-6524,-9095,-2317,-7833,-5891,-8525,-12437.0386203195,-14547.275918944,-14938.0897586645,-16290.6259236926,-17606.7485437224,-18793.6490921571,-20124.499627393,-21417.0112129868,-22599.7389366251,-23748.8820334858,,,,,,,,,,,,,,,
,,,,,,,,Income taxes,,,,,,,,,,,,73.06,-123.354,-132.121,57.188,6.044,31.226,90.565,-40.435,216.527,48.857,263.109,-31.611,399.104,116.744,99.72,129.234,438.175,90.184,24.314,73.354,325,-389,161,120.476,381,-545,-131,397,73,-171,366,463,143,1026,167,156,-335,179,77,667,282,-192,487,14,827,1123,-857,-1272,271,1409,473,972,510,-2289,914,9076,782,-1438,-1235,-360,1068,-1043,185,-3338,-245,783,-69,740,785,-1082,3041,-3369,3820,-4073,-609,1446,4069,4451,1872,-9869,3011,-3900,-1908,379,7197,-9631,-858,66,-430.859105460122,-205.129375254297,-689.923716614032,-577.823515956177,2341.92025233899,-315.970267082999,-1300.66285791663,461.976196946,,,,,,2.398,11.517,-6.319,-125.227,87.4,496.882,744.802,626.027,217.476,102,731,1492,588,591,-179,3125,8211,-2251,-3128,1209,-625,584,523,-2418,-3226,-1903.73571328463,1187.26332428536,1203.52136722132,1429.35562072489,1643.2049874766,1912.58525161333,2402.27590468741,2956.77180258229,4102.61795289678,4432.79404784807,,,,,,,,,,,,,,,
,,,,,,,,"Prepaid revenue share, expenses and other assets",,,,,,,,,,,,-4.04,-17.906,-32.188,-45.645,-29.571,6.629,-1.703,-27.018,-26.525,-41.449,-199.785,-21.398,-185.478,-22.046,-29.738,-61.427,-41.584,-141.219,12.844,22.827,78,10,225,-50.965,-157,-34,-164,-59,-78,-70,2,-116,-308,-710,-9,495,-354,-152,199,-623,-308,827,-39,-47,43,19,142,-522,185,-24,-47,198,-128,-326,-1632,-78,-241,-515,-484,33,-265,89,-611,166,-115,-244,-233,-738,7,-199,-1255,-399,-776,-845,-2647,-778,-746,-513,-1624,740,-1000,-532,-802,937,-1288,-1479,-1293,-482,-2023.82063144873,118.544433496103,-1934.37141491239,1775.5788413026,-3428.42511158781,82.7226471543509,-2415.86010155415,2238.34787144711,,,,,,-0.022,-5.875,-58.913,-99.779,-51.663,-289.157,-298.689,-147.132,262.035,-414,-262,-532,-930,433,-318,312,-2164,-1207,-621,-1330,-1846,-5046,-2143,-1397,-4542,-2064.06877156241,-3523.2146945405,-4115.76840967333,-4501.11394091754,-4922.8120486167,-5430.57977683227,-5539.31850417573,-5562.21261279151,-4691.62174596925,-5037.14719946592,,,,,,,,,,,,,,,
,,,,,,,,Accounts payable,,,,,,,,,,,,-8.394,24.036,-12.273,-16.885,42.694,30.085,-18.085,25.937,30.232,33.647,27.319,4.20400000000001,-29.256,-45.406,94.817,49.98,53.784,-14.547,-191.402,-59.374,22,20,-33,24.642,120,79,115,-42,27,50,-5,29,169,-249,-194,-225,87,-159,357,320,177,-163,-127,549,-24,-374,230,371,-269,48,459,-128,103,16,-61,673,122,-145,316,774,-425,-18,57,814,-835,146,420,963,-982,-130,238,1157,-2373,1201,1907,-28,-1105,1119,223,427,-2124,1561,521,401,-880,553,-444,227,-2262.56170573781,2.84440390446434,2702.57185620449,2415.5422431993,-2009.81251684562,129.661389068759,3489.4473944117,2804.22522772579,,,,,,1.643,5.645,36.699,-13.516,80.631,95.402,70.135,-211.539,33.642,272,101,-499,605,436,203,110,731,1067,428,694,283,707,664,359,-544,2858.39679757045,4413.52149436063,5479.82944548375,5964.04310631515,6635.50367409027,7385.10755193562,7319.88692637816,7041.2850325084,4680.56586470612,4956.4672888233,,,,,,,,,,,,,,,
,,,,,,,,Accrued expenses and other liabilities,,,,,,,,,,,,-3.265,15.131,30.282,44.226,-17.767,16.938,67.384,100.209,-39.295,54.077,109.858,166.893,-139.886,160.767,185.641,212.383,-234.277,87.026,310.133,176.025,-322,41,267,257.138,-394,319,391,429,37,260,-42,540,-855,612,727,278,-1059,696,93,983,-1079,1011,484,341,-601,838,583,777,-1064,593,809,1177,-1868,3555,1434,1770,-1142,5742,1857,2157,-229,1303,1853,4243,-3531,1432,2990,4613,-3530,3731,2562,4541,-3216,1497,2210,3424,-4496,459,3657,4317,-5054,-122,-1190,5205,-5045,3485,7759,7937,6232.13904117254,-6629.9654166392,7762.30080020144,1536.43992513085,14913.8195741808,-10923.3300480665,9648.59875813676,1161.25951643683,,,,,,4.207,15.393,31.104,86.374,166.764,291.533,418.905,338.907,243.138,745,795,762,713,757,1597,1515,4891,8614,7170,5504,7304,3915,3937,-1161,14136,8900.91434986564,14800.3478006878,14377.6284505873,14904.824594512,15469.1714645062,16250.06051439,15399.6166827931,14255.9814014013,10044.5619921455,10288.8542265038,,,,,,,,,,,,,,,
,,,,,,,,Accrued revenue share,,,,,,,,,,,,10.507,-5.744,8.538,20.571,32.085,-1.021,21.513,40.77,51.216,5.768,33.872,48.444,77.864,4.288,54.294,13.864,-10.124,-6.326,12.017,18.433,4,15,38,100.669,23,11,35,145,-33,39,64,189,-11,34,-80,356,-27,35,0,246,-70,2,104,209,-205,84,52,408,-131,83,186,455,-74,80,176,773,-286,-17,107,679,-147,87,261,1072,-871,179,969,1362,-444,473,357,1296,-828,-114,-80,577,-602,184,103,797,-322,419,381,581,116,-335,319,799,-1223.40161970762,573.152688961205,517.506175815286,1226.88447507335,-579.784862524317,702.288724414455,674.441765931073,1299.14675328157,,,,,,0,13.1,74.603,33.872,93.347,139.3,150.31,14,157.669,214,259,299,254,245,339,593,955,483,1273,1639,1682,-445,482,1059,899,1094.14172014222,2096.09238110278,2367.00246510724,2529.69598406555,2706.83224312546,2927.4149706299,2901.43297621691,2826.56256518063,2241.68793784272,2371.13448863637,,,,,,,,,,,,,,,
,,,,,,,,Deferred revenue,,,,,,,,,,,,0.871,3.048,3.952,14.126,4.535,9.413,7.764,17.839,3.042,2.031,5.746,19.982,1.659,17.471,13.001,38.198,6.794,3.454,11.106,20.079,9,3,23,41.066,11,17,4,79,33,36,14,79,40,14,128,-19,-33,17,204,45,23,-23,26,-175,-59,25,-21,98,18,-15,39,181,111,84,33,162,130,165,-23,99,-81,-9,-59,186,37,111,280,207,137,-3,272,368,-94,86,112,263,-201,184,707,-165,-141,361,640,183,500,136,681,1103,0,0,0,0,0,0,0,0,,,,,,1.049,9.088,6.98,21.997,39.551,30.801,70.329,41.433,76.066,111,162,163,233,-149,43,223,390,371,37,635,774,367,525,1043,2420,0,0,0,0,0,0,0,0,0,0,,,,,,,,,,,,,,,
,,,,,,,,Changes in Working Capital,,,,0,0,0,0,0,0,0,0,43.924,-116.471,-175.674,-4.986,-22.049,48.752,46.942,-29.9049999999999,79.976,64.941,89.974,-94.1419999999999,-29.555,60.346,183.344,104.41,-10.725,-54.311,257.062,135.206,213,-439,596,115.987,30,-396,-9,276,240,-61,176,275,-521,505,432,482,-1465,422,414,785,-708,741,899,-260,679,948,-138,-1898,-172,1259,1637,576,-79,284,-286,9327,1065,3480,-132,495,1093,-737,1685,-1222,-2958,2327,756,1702,-1233,-871,2806,-2225,897,-4217,796,289,1373,2936,2117,-10271,-2463,-5270,-3789,3116,2238,-10110,3783,4707,418.960700571548,-11450.7565635476,6891.08643881615,589.319186571622,12394.5042271508,-16396.9369952926,7359.71634506785,1069.45081002606,,,,,,-2.461,4.991,-6.23100000000001,-253.207,43.7400000000001,140.749,318.545,327.232,485.987,-99,630,898,156,672,-409,3300,9246,4908,819,1827,-1523,-2235,-3845,-8406,618,-3551.39023758827,4426.73438695214,4374.12356006173,4036.17944100738,3925.15177685941,4250.93941957943,2359.39435850684,101.376975894371,-6221.92693500323,-6736.77918114012,,,,,,,,,,,,,,,
,,,,,,,,Operating Cash Flow,,,,0,0,0,0,0,0,0,0,208.045,162.559,238.343,368.097,529.622,624.619,646.747,658.434,824.804,840.586,1004.324,910.794,1219.593,1229.926,1632.643,1693.248,1779.446,1766.154,2184.958,2122.299,2250,1609,2727,2731.198,2584,2085,2886,3526,3172,3519,3950,3924,3694,4252,4004,4669,3727,4809,5187,5417,4546,5764,6169,6545,6722,7096,6145,6609,7658,9120,9845,9413,9548,7403,9872,10268,11642,10132,13210,12987,12000,12627,15466,14427,11451,13993,17003,22677,19289,21890,25539,24934,25106,19422,23353,23614,23509,28666,30656,18915,28848,26640,30698,39113,36150,27747,48414,52402,49117.9003736267,41100.6274857393,61881.985375073,59008.7221386348,71549.1263066971,47171.4485552312,75327.2529194178,73863.3958303065,,,,,,31.089,155.265,395.445,977.044,2459.422,3580.508,5775.41,7852.857,9317.198,11081,14565,16619,19140,23024,26572,36036,37091,47971,54520,65124,91652,91495,101746,125299,164713,211109.235373074,267911.223611653,316479.169244425,381558.810675176,454572.119948516,531449.622369519,610654.205327197,691640.894552816,771660.651588507,859506.37341383,,,,,,,,,,,,,,,
,,,,,,,,,,,,,,,,,,,,,,,,,,,,,,,,,,,,,,,,,,,,,,,,,,,,,,,,,,,,,,,,,,,,,,,,,,,,,,,,,,,,,,,,,,,,,,,,,,,,,,,,,,,,,,,,,,,,,,,,,,,,,,,,,,,,,,,,,,,,,,,,,,,,,,,,,,,,,,,,,,,,,,,,,,
,,,,,,,,Investing Cash Flow:,,,,,,,,,,,,,,,,,,,,,,,,,,,,,,,,,,,,,,,,,,,,,,,,,,,,,,,,,,,,,,,,,,,,,,,,,,,,,,,,,,,,,,,,,,,,,,,,,,,,,,,,,,,,,,,,,,,,,,,,,,,,,,,,,,,,,,,,,,,,,,,,,,,,,,,,,,,,,,,,,,
,,,,,,,,Capex,,,,,,,,,,,,-86.037,-96.246,-77.632,-59.08,-142.391,-157.463,-292.532,-245.831,-344.938,-699,-492.222,-366.638,-596.893,-575.098,-552.64,-678.209,-841.597,-697.517,-451.503,-367.844,-263,-139,-187,-220.888,-239,-476,-758,-2545,-890,-917,-680,-951,-607,-774,-872,-1020,-1203,-1611,-2289,-2255,-2345,-2646,-2417,-3551,-2927,-2515,-2373,-2100,-2428,-2123,-2357,-3064,-2467,-2818,-3538,-4307,-7299,-5458,-5262,-7081,-4638,-6126,-6732,-6052,-6005,-5391,-5406,-5479,-5942,-5496,-6819,-6383,-9786,-6828,-7276,-7595,-6289,-6888,-8055,-11019,-12012,-13186,-13061,-14276,-17197,-22446,-23953,-27851,-32942.2012794548,-41431.8490098431,-50022.3399326003,-60559.4547499919,-56726.799297237,-60155.7667290413,-63500.0928445315,-69476.3584340483,,,,,,-13.06,-37.198,-176.801,-318.995,-838.217,-1902.798,-2402.84,-2358.461,-809.888,-4018,-3438,-3273,-7358,-10959,-9915,-9972,-13130,-25100,-23548,-22281,-24640,-31485,-32251,-52535,-91447,-184955.84497189,-249859.017304858,-293609.783685794,-335059.999082199,-371068.041350865,-402207.217962214,-426579.617060393,-447257.384131901,-463244.292963217,-473736.595472165,,,,,,,,,,,,,,,
,,,,,,,,Purchase of marketable securities,,,,,,,,,,,,-190.391,-280.69,-2406.228,-1257.267,-1160.16,-693.506,-3139.329,-7682.885,-13111.471,-4464.596,-5575.28,-3530.544,-5225.16,-2118.71,-4412.277,-4240.913,-2819.512,-2101.798,-2892.983,-7542.011,-5245,-5391,-8951,-9552.065,-12487,-12934,-12168,-6396,-7591,-13364,-22738,-17979,-8688,-6854,-8704,-9164,-7834,-14948,-8964,-13698,-12082,-12775,-18335,-13118,-12558,-20568,-23091,-18151,-20748,-24840,-25371,-13550,-20119,-19557,-39033,-13168,-8351,-14192,-14299,-12411,-20784,-23841,-36244,-19347,-37563,-26548,-40821,-31644,-36426,-24183,-34497,-40090,-28462,-21737,-17054,-11621,-14227,-21362,-13833,-28436,-20684,-22327,-22023,-21645,-18453,-21417,-20964,-42939,0,0,0,0,0,0,0,0,,,,,,-26.389,-93.061,-316.599,-4134.576,-12675.88,-26681.891,-15997.06,-15356.304,-29139.065,-43985,-61672,-33410,-45444,-56310,-74368,-84509,-91877,-49253,-100216,-136576,-135196,-78874,-77858,-86679,-103773,0,0,0,0,0,0,0,0,0,0,,,,,,,,,,,,,,,
,,,,,,,,Maturities and sales of marketable securities,,,,,,,,,,,,172.585,189.323,1186.426,1062.744,835.223,526.672,3265.317,5630.002,11755.756,4100.722,4032.452,3218.202,5079.364,1937.854,4501.783,4140.472,5379.228,2037.331,2218.344,6127.893,5110,5325,6581,5086.867,9495,11135,9739,6730,4645,8982,19480,15639,17201,5456,7143,5380,6319,10687,6235,15073,9406,14199,13045,14665,10389,17197,19274,16045,17443,20346,16590,12516,19362,14876,28447,11371,9351,16172,9403,13581,21006,19686,34091,23042,41811,24063,31877,35155,39248,21419,31459,36168,29779,25595,28713,13735,18327,18722,15593,34030,24985,33592,23202,21649,20345,20585,20371,21939,5000,5000,5000,5000,0,0,0,0,,,,,,11.46,20.443,219.404,2611.078,10257.214,23107.132,15659.473,15762.796,22102.867,37099,48746,35180,38314,51315,62905,66895,74056,48507,97825,132906,128294,97822,86672,103428,83240,20000,0,0,0,0,0,0,0,0,0,,,,,,,,,,,,,,,
,,,,,,,,Investments in non-marketable equity securities,,,,,,,,,,,,0,0,0,0,0,-10,0,10,0,-1004.222,-10,-4.92500000000007,0,-10.288,-11,-13.223,0,-9.492,-35.377,-2.285,-19,-9,-18,-19.095,-3,-227,-35,-55,-131,-212,-15,-70,-103,-99,-44,-450,-36,-136,-299,-98,-168,-299,-69,-691,-1074,-375,-322,-401,-321,-262,-90,58,-276,-300,-177,-874,-327,288,-386,-955,-907,-81,-404,-433,-572,-526,-553,-5311,-646,-529,-656,-770,-776,-375,-358,-884,-590,-742,-101,-647,-893,-701,-908,-1650,-699,-740,-677,-2233,0,0,0,0,0,0,0,0,,,,,,0,0,0,0,0,-1019.147,-34.511,-47.154,-65.095,-320,-428,-696,-569,-1227,-2172,-615,-1627,-1380,-1825,-6962,-2601,-2393,-2080,-4152,-4349,0,0,0,0,0,0,0,0,0,0,,,,,,,,,,,,,,,
,,,,,,,,Cash collateral received from securities lending,,,,,,,,,,,,0,0,0,0,0,0,0,0,0,0,0,0,0,0,0,0,0,0,0,0,0,0,0,0,0,2870,-9,-500,-481,57,1119,-1048,245,-336,-230,-13,564,974,-1318,-519,779,934,316,-626,-1120,1036,572,-838,-257,-106,-2065,0,0,0,0,0,0,0,0,0,0,0,0,0,0,0,0,0,0,0,0,0,0,0,0,0,0,0,0,0,0,0,0,0,0,0,0,0,0,0,0,0,0,0,0,0,,,,,,0,0,0,0,0,0,0,0,0,2361,-353,-334,-299,1403,-350,-2428,0,0,0,0,0,0,0,0,0,0,0,0,0,0,0,0,0,0,0,,,,,,,,,,,,,,,
,,,,,,,,Investments in reverse repurchase agreements,,,,,,,,,,,,0,0,0,0,0,0,0,0,0,0,0,0,0,0,0,0,0,0,0,0,0,0,0,0,0,0,-875,125,175,-445,-125,400,195,75,-75,-150,0,-70,670,0,50,-50,-725,-50,50,200,225,-50,100,-150,500,0,750,669,27,18,30,0,0,29,34,0,0,121,412,0,0,-57,30,0,0,0,355,0,0,0,0,0,0,0,0,0,0,0,0,0,0,0,0,0,0,0,0,0,0,0,,,,,,0,0,0,0,0,0,0,0,0,-750,5,45,600,-775,425,450,1464,59,155,355,30,355,0,0,0,0,0,0,0,0,0,0,0,0,0,,,,,,,,,,,,,,,
,,,,,,,,"Acquisitions, net of cash acquired, and purchases of intangible and other assets",,,,,,,,,,,,-3,-0.538,-12.294,-43.031,-5,-14.202,-22.546,-59.562,-187.964,-0.542000000000002,-69.306,-144.634,-34.441,-173.099,-615.552,-83.559,-3125.113,-187.157,24.5619999999999,-32.5909999999999,-2,-3,-35,-68.024,-190,-229,-440,-208,-148,-715,-488,-550,-92,-9854,-525,-97,-251,1301,147,-120,-2947,-543,-1142,130,-64,-78,-102,8,-34,-38,-252,-662,-101,-42,-130,-14,-1250,-184,136,-39,-99,-93,344,-2034,70,-46,-294,55,-1647,-285,463,59,-161,-842,-4858,138,-167,-530,-754,-95,40,-159,-5221,-258,-190,-526,-2554,-692,-125,-125,-125,-125,-125,-125,-125,-125,,,,,,-1.102,0.099,-39.958,-58.863,-101.31,-402.446,-906.651,-3320.299,-108.024,-1067,-1901,-10568,1077,-4502,-236,-986,-287,-1337,-1882,-215,-1410,-5723,-1546,-5598,-3962,-500,-500,-500,-500,-500,-500,-500,-500,-500,-500,,,,,,,,,,,,,,,
,,,,,,,,Investing Cash Flow,,,,0,0,0,0,0,0,0,0,-106.843,-188.151,-1309.728,-296.634,-472.328,-348.499,-189.09,-2348.276,-1888.617,-2067.638,-2114.356,-828.538999999997,-777.13,-939.341,-1089.686,-875.431999999999,-1406.994,-958.633,-1136.957,-1816.838,-419,-217,-2610,-4773.205,-3424,139,-4546,-2849,-4421,-6614,-3447,-4559,8151,-12386,-3307,-5514,-2441,-3803,-5818,-1617,-7307,-1180,-9327,-3241,-7304,-5103,-5817,-5487,-6245,-7173,-13045,-4702,-2851,-7172,-14404,-6974,-7846,-3374,-10408,-6876,-5388,-10455,-8945,-4703,-1847,-8448,-15197,-7281,-5383,-9074,-10050,-11016,-9051,-4187,-833,-6227,-2946,-10800,-7150,-6167,-8564,-2781,-18011,-16180,-16194,-24544,-27777,-51776,-28067.2012794548,-36556.8490098431,-45147.3399326003,-55684.4547499919,-56851.799297237,-60280.7667290413,-63625.0928445315,-69601.3584340483,,,,,,-29.091,-109.717,-313.954,-1901.356,-3358.193,-6899.15,-3681.589,-5319.422,-8019.205,-10680,-19041,-13056,-13679,-21055,-23711,-31165,-31401,-28504,-29491,-32773,-35523,-20298,-27063,-45536,-120291,-165455.84497189,-250359.017304858,-294109.783685794,-335559.999082199,-371568.041350865,-402707.217962214,-427079.617060393,-447757.384131901,-463744.292963217,-474236.595472165,,,,,,,,,,,,,,,
,,,,,,,,,,,,,,,,,,,,,,,,,,,,,,,,,,,,,,,,,,,,,,,,,,,,,,,,,,,,,,,,,,,,,,,,,,,,,,,,,,,,,,,,,,,,,,,,,,,,,,,,,,,,,,,,,,,,,,,,,,,,,,,,,,,,,,,,,,,,,,,,,,,,,,,,,,,,,,,,,,,,,,,,,,
,,,,,,,,Financing Cash Flow:,,,,,,,,,,,,,,,,,,,,,,,,,,,,,,,,,,,,,,,,,,,,,,,,,,,,,,,,,,,,,,,,,,,,,,,,,,,,,,,,,,,,,,,,,,,,,,,,,,,,,,,,,,,,,,,,,,,,,,,,,,,,,,,,,,,,,,,,,,,,,,,,,,,,,,,,,,,,,,,,,,
,,,,,,,,Net payments related to stock-based award activities,,,,,,,,,,,,4.914,25.516,1.673,1.842,4.097,8.975,20.474,51.48,42.611,54.477,58.463,165.566,14.426,14.398,-9.751,4.788,-22.445,-0.300999999999998,-15.506,-33.269,-37,47,1,132.141,-38,39,-66,359,116,-28,-108,15,-47,-137,-5,-98,-210,-58,-369,-144,-326,-595,-627,-521,-493,-558,-606,-765,-807,-803,-815,-879,-1009,-1084,-1018,-1055,-1158,-1541,-1253,-1041,-1175,-1260,-1131,-1199,-1241,-1475,-1357,-1647,-2184,-2453,-2602,-2923,-2916,-2264,-2041,-2079,-1989,-2736,-2432,-2680,-2929,-3209,-3003,-3049,-3110,-2621,-3270,-5166,0,0,0,0,0,0,0,0,,,,,,0.988,2.262,15.476,33.945,85.026,321.117,23.861,-71.521,143.141,294,-5,-287,-781,-2069,-2422,-3304,-4166,-4993,-4765,-5720,-10162,-9300,-9837,-12190,-14167,0,0,0,0,0,0,0,0,0,0,,,,,,,,,,,,,,,
,,,,,,,,Net proceeds from a public stock offering,,,,,,,,,,,,0,0,1161.446,-0.365999999999985,0,0,4287.621,-0.391999999999825,0,2063.777,-0.0259999999998399,-0.202000000000226,0,0,0,0,0,0,0,0,0,0,0,0,0,0,0,0,0,0,0,0,0,0,0,0,0,0,0,0,0,0,0,0,0,0,0,0,0,0,0,0,0,0,0,0,0,0,0,0,0,0,0,0,0,0,0,0,0,0,0,0,0,0,0,0,0,0,0,0,0,0,0,0,0,0,0,0,0,0,0,0,0,0,0,0,,,,,,1.042,0,0,1161.08,4287.229,2063.549,0,0,0,0,0,0,0,0,0,0,0,0,0,0,0,0,0,0,0,0,0,0,0,0,0,0,0,0,0,,,,,,,,,,,,,,,
,,,,,,,,Excess tax benefit from stock-based award activities,,,,,,,,,,,,0,0,0,0,0,0,0,0,77.285,180.802,70.981,252.664,74.084,105.731,58.762,140.629,51.101,43.878,19.791,44.318,32,4,28,26.271,12,19,12,51,24,9,28,25,28,27,58,75,0,0,0,0,0,0,0,0,0,0,0,0,0,0,0,0,0,0,0,0,0,0,0,0,0,0,0,0,0,0,0,0,0,0,0,0,0,0,0,0,0,0,0,0,0,0,0,0,0,0,0,0,0,0,0,0,0,0,0,0,,,,,,0,0,0,0,0,581.732,379.206,159.088,90.271,94,86,188,0,0,0,0,0,0,0,0,0,0,0,0,0,0,0,0,0,0,0,0,0,0,0,,,,,,,,,,,,,,,
,,,,,,,,Repurchase of common stock in connection with acquisitions,,,,,,,,,,,,0,0,0,0,0,0,0,0,0,0,0,0,0,0,0,0,0,0,0,0,0,0,0,0,-97,-704,0,0,0,0,0,0,0,0,0,0,0,0,0,0,0,0,0,0,0,0,0,0,0,0,0,0,0,0,0,0,0,0,0,0,0,0,0,0,0,0,0,0,0,0,0,0,0,0,0,0,0,0,0,0,0,0,0,0,0,0,0,0,0,0,0,0,0,0,0,0,,,,,,0,0,0,0,0,0,0,0,0,-801,0,0,0,0,0,0,0,0,0,0,0,0,0,0,0,0,0,0,0,0,0,0,0,0,0,,,,,,,,,,,,,,,
,,,,,,,,Repurchase of common stock,,,,,,,,,,,,,,,,,,,,,,,,,,,,,,,,,,,,,,,0,0,0,0,0,0,0,0,0,0,0,0,0,0,0,0,0,0,0,0,-1780,-2098,-1595,0,0,-1127,-1618,0,-2101,-2173,-2052,-2200,-2650,-3025,-3577,-5696,-6098,-8496,-6852,-7897,-7904,-11395,-12796,-12610,-13473,-13300,-15197,-15392,-15407,-14557,-14969,-15787,-16191,-15696,-15684,-15291,-15551,-15068,-13638,-11504,-5499,-14025,-14305.5,-14591.61,-14883.4422,-15181.111044,-15484.73326488,-15794.4279301776,-16110.3164887812,,,,,,,,,,,,,,,,,0,0,0,-1780,-3693,-4846,-9075,-18396,-31149,-50274,-59296,-61504,-62222,-45709,-57805.5522,-62570.5887278388,-64998.3275704789,-67520.2626802135,-70140.0488722058,-72861.4827684474,-75688.5082998631,-78625.2224218978,-81675.8810518675,-84844.9052366799,,,,,,,,,,,,,,,
,,,,,,,,"Proceeds from issuance of debt, net of costs",,,,,,,,,,,,0,0,0,0,0,0,0,0,0,0,0,0,0,0,0,0,0,0,0,0,0,0,0,0,0,0,2121,3125,2184,5846,750,2125,3149,4602,4374,3984,2922,2729,2699,2418,3416,2877,2874,2458,3305,3393,3634,3373,3956,1797,2976,-13,480,0,2698,1593,4691,1545,530,950,362,2,0,0,3498,0,9863,0,910,6699,6350,6250,16422,12806,15094,8550,6927,1123,1248,1492,1982,2893,3819,4895,4532,26846,6624,26562,0,0,50000,0,0,0,50000,0,,,,,,0.034,0,0,0,0,0,0,0,0,5246,10905,16109,10768,11625,13705,8716,4771,7716,364,13361,20209,52872,10790,13589,64564,50000,50000,50000,50000,0,0,0,0,0,0,,,,,,,,,,,,,,,
,,,,,,,,Repayment of debt,,,,,,,,,,,,-1.204,-1.199,-1.118,-1.186,-0.592,-1.019,0.198,-0.012,0,0,0,0,0,0,0,0,0,0,0,0,0,0,0,0,0,0,0,-1783,-2435,-4869,-750,-2125,-1900,-3853,-4375,-4653,-3323,-2880,-2701,-2421,-2423,-3881,-2877,-2462,-3308,-3396,-3637,-3387,-3962,-2839,-3250,0,-18,-38,-2386,-1615,-3378,-2889,-555,-5,-345,89,-127,-29,-1947,829,-63,281,-937,-7441,-6392,-6365,-16420,-13162,-15758,-8693,-6949,-1253,-1411,-1929,-3071,-2423,-3164,-2889,-4121,-13876,-7696,-6333,0,0,0,0,0,0,0,0,,,,,,-4.503,-7.735,-7.386,-4.707,-1.425,0,0,0,0,-1783,-10179,-14781,-11325,-11643,-13728,-10051,-4057,-6827,-412,-900,-21135,-54033,-11542,-11547,-32026,0,0,0,0,0,0,0,0,0,0,,,,,,,,,,,,,,,
,,,,,,,,Cash dividend payments,,,,,,,,,,,,,,,,,,,,,,,,,,,,,,,,,,,,,,,,,,,,,,,,,,,,,,,,,,,,,,,,,,,,,,,,,,,,,,,,,,,,,,,,,,,,,-2466,-2455,-2442,-2434,-2543,-2537,-2536,-2538.15306883128,-2536.51201027085,-2534.25063157459,-2532.5004426199,-2531.520525527,-2529.86238970093,-2528.19998455845,-2526.68732280442,,,,,,,,,,,,,,,,,,,,,,,,,,,,0,-7363,-10050,-10141.4161532966,-10116.2702225908,-10093.1042226278,-10072.7455650053,-10055.6476408541,-10041.745235505,-10030.9744385817,-10023.2726179158,-10018.5783939822,-10016.8316148462,,,,,,,,,,,,,,,
,,,,,,,,Other,,,,,,,,,,,,0,4.3,0,0,0,0,0,0,0,0,0,0,0,0,0,0,0,0,0,0,0,0,0,0,0,0,0,0,0,0,0,0,0,0,0,0,0,0,0,0,0,0,0,0,0,0,0,0,0,0,0,0,0,0,0,0,0,0,0,0,0,0,0,0,0,0,0,0,0,0,0,0,0,0,0,0,0,0,0,0,0,0,0,0,0,0,0,0,0,0,0,0,0,0,0,0,,,,,,0,0,0,4.3,0,0,0,0,0,0,0,0,0,0,0,0,0,0,0,0,0,0,0,0,0,0,0,0,0,0,0,0,0,0,0,,,,,,,,,,,,,,,
,,,,,,,,Financing Cash Flow,,,,0,0,0,0,0,0,0,0,3.71,28.617,1162.001,0.290000000000013,3.505,7.956,4308.293,51.0760000000002,119.896,2299.056,129.418,418.028,88.51,120.129,49.011,145.417,28.656,43.577,4.28499999999999,11.049,-5,51,29,158.412,-123,-646,2067,1752,-111,958,-80,40,1230,639,52,-692,-611,-209,-371,-147,667,-1599,-630,-525,-496,-561,-609,-2559,-2911,-3440,-1089,-892,-1674,-2740,-706,-3178,-2018,-4937,-3478,-2746,-4183,-4746,-6954,-7326,-8186,-7498,546,-9270,-13606,-15991,-15254,-16511,-16214,-17817,-18097,-17629,-16568,-17835,-18382,-19308,-19714,-20889,-20094,-19036,-20201,-5832,-18383,7028,-16563.1530688313,-16842.0120102709,32874.1393684254,-17415.9426426199,-17712.631569527,-18014.5956545809,31677.3720852639,-18637.0038115856,,,,,,-2.439,-5.473,8.09,1194.618,4370.83,2966.398,403.067,87.567,233.412,3050,807,1229,-1338,-2087,-4225,-8332,-8298,-13179,-23209,-24408,-61362,-69757,-72093,-79733,-37388,-17946.9683532966,-22686.8589504296,-25091.4317931067,-27593.0082452188,-80195.6965130599,-82903.2280039523,-85719.4827384448,-88648.4950398137,-91694.4594458497,-94861.7368515262,,,,,,,,,,,,,,,
,,,,,,,,,,,,,,,,,,,,,,,,,,,,,,,,,,,,,,,,,,,,,,,,,,,,,,,,,,,,,,,,,,,,,,,,,,,,,,,,,,,,,,,,,,,,,,,,,,,,,,,,,,,,,,,,,,,,,,,,,,,,,,,,,,,,,,,,,,,,,,,,,,,,,,,,,,,,,,,,,,,,,,,,,,
,,,,,,,,Effects of FX,,,,,,,,,,,,-2.553,0.319,-0.845,10.651,-5.1,-13.176,-0.853000000000002,-2.629,1.922,8.739,3.033,6.047,5.696,1.598,20.784,11.956,37.048,-7.311,-45.353,-30.307,-57,42,31,-5.489,-43,-57,137,-56,145,42,-113,-52,50,-176,74,55,-78,-8,80,3,-5,-4,-227,-197,-293,45,-104,-82,60,9,68,-307,191,88,108,18,165,-331,-29,-107,18,13,-122,68,-272,51,35,210,-143,183,-146,-181,100,-368,-375,137,50,-26,-351,-94,-125,-238,141,-390,43,401,-200,-36,0,0,0,0,0,0,0,0,,,,,,0,0,1.662,7.572,-21.758,19.741,40.034,-45.923,10.511,-19,22,3,-3,-433,-434,-170,405,-302,-23,24,-287,-506,-421,-612,208,0,0,0,0,0,0,0,0,0,0,,,,,,,,,,,,,,,
,,,,,,,,,,,,,,,,,,,,,,,,,,,,,,,,,,,,,,,,,,,,,,,,,,,,,,,,,,,,,,,,,,,,,,,,,,,,,,,,,,,,,,,,,,,,,,,,,,,,,,,,,,,,,,,,,,,,,,,,,,,,,,,,,,,,,,,,,,,,,,,,,,,,,,,,,,,,,,,,,,,,,,,,,,
,,,,,,,,Beginning Cash,,,,0,0,0,0,0,0,0,0,148.995,251.354,254.698,344.469,426.873,482.572,753.472,5518.569,3877.174,2935.179,4015.922,3038.341,3544.671,4081.34,4493.652,5106.404,6081.593,6519.749,7363.536,8370.469,8656.672,10426.291,11911.351,12087.115,10198,9192,10713,11257,13630,12415,10320,10630,9983,23108,15437,16260,14778,15375,16164,15242,18898,16639,19620,15605,18347,16976,18453,18068,16549,15111,13627,9406,12918,18132,15711,10581,10715,12658,14148,13443,16701,19148,16587,16032,18498,19644,17742,20129,26465,26622,23630,23719,20945,20886,17936,21984,21879,25924,25929,30702,24048,24493,27225,19959,23466,23264,21036,23090,30708,35195.5460253406,22897.312490966,72506.0973018642,58414.4220478871,55399.1174878203,24275.2036594292,67654.7358195795,,,,,,18.118,17.677,57.752,148.995,426.873,3877.174,3544.671,6081.593,8656.672,10198,13630,9983,14778,18898,18347,16549,12918,10715,16701,18498,26465,20945,21879,24048,23466,30708,58414.4220478872,53279.7694042521,50557.7231697765,68963.5265175345,71771.9086021256,117611.085005478,215466.190533837,370701.205914938,586923.105094378,,,,,,,,,,,,,,,
,,,,,,,,(+/-) Net Changes in Cash,,,,0,0,0,0,0,0,0,0,102.359,3.34399999999993,89.7709999999998,82.4040000000003,55.699,270.9,4765.097,-1641.395,-941.995,1080.743,-977.581000000001,506.330000000003,536.669,412.312000000001,612.751999999999,975.189000000001,438.156,843.787,1006.933,286.202999999999,1769,1485,177,-1889.084,-1006,1521,544,2373,-1215,-2095,310,-647,13125,-7671,823,-1482,597,789,-922,3656,-2099,2981,-4015,2582,-1371,1477,-385,-1519,-1438,-1484,-4221,3512,5214,-2421,-5130,134,1943,1490,-705,3258,2447,-2561,-555,2466,1146,-1902,2387,6336,157,-2992,89,-2774,-59,-2950,4048,-105,4045,5,4773,-6654,445,2732,-7266,3507,-202,-2228,2054,7618,4487.54602534064,-12298.2335343746,49608.7848108982,-14091.675253977,-3015.30456006685,-31123.9138283911,43379.5321601503,-14374.9664153274,,,,,,-0.440999999999988,40.075,91.243,277.878,3450.301,-332.502999999997,2536.922,2575.079,1541.916,3432,-3647,4795,4120,-551,-1798,-3631,-2203,5986,1797,7967,-5520,934,2169,-582,7242,27706.4220478872,-5134.65264363505,-2722.04623447559,18405.803347758,2808.38208459102,45839.1764033527,97855.1055283585,155235.015381101,216221.89917944,290408.041090139,,,,,,,,,,,,,,,
,,,,,,,,(+/-) Restatements / Adjustments (pre-10-Q / K),,,,0,0,0,0,0,0,0,0,0,0,0,0,0,0,0,0,0,0,0,0,0,0,0,0,0,0,0,0,0.619,0.0600000000000001,-1.236,-0.0309999999999998,0,0,0,0,0,0,0,0,0,0,0,0,0,0,0,0,-160,0,0,160,0,0,0,0,0,0,0,0,0,0,0,0,0,0,0,0,0,0,0,0,0,0,0,0,0,0,0,0,0,0,0,0,0,0,0,0,0,0,0,0,0,0,0,0,0,0,0,0,0,0,0,0,,,,,,0,0,0,0,0,0,0,0,-0.588,0,0,0,0,0,0,0,0,0,0,0,0,0,0,0,0,0,0,0,0,0,0,0,0,0,0,,,,,,,,,,,,,,,
,,,,,,,,Ending Cash,,,,0,0,0,0,0,0,0,0,251.354,254.698,344.469,426.873,482.572,753.472,5518.569,3877.174,2935.179,4015.922,3038.341,3544.671,4081.34,4493.652,5106.404,6081.593,6519.749,7363.536,8370.469,8656.672,10426.291,11911.351,12087.115,10198,9192,10713,11257,13630,12415,10320,10630,9983,23108,15437,16260,14778,15375,16164,15242,18898,16639,19620,15605,18347,16976,18453,18068,16549,15111,13627,9406,12918,18132,15711,10581,10715,12658,14148,13443,16701,19148,16587,16032,18498,19644,17742,20129,26465,26622,23630,23719,20945,20886,17936,21984,21879,25924,25929,30702,24048,24493,27225,19959,23466,23264,21036,23090,30708,35195.5460253406,22897.312490966,72506.0973018642,58414.4220478871,55399.1174878203,24275.2036594292,67654.7358195795,53279.7694042521,,,,,,17.677,57.752,148.995,426.873,3877.174,3544.671,6081.593,8656.672,10198,13630,9983,14778,18898,18347,16549,12918,10715,16701,18498,26465,20945,21879,24048,23466,30708,58414.4220478872,53279.7694042521,50557.7231697765,68963.5265175345,71771.9086021256,117611.085005478,215466.190533837,370701.205914938,586923.105094378,877331.146184516,,,,,,,,,,,,,,,
,,,,,,,,Check,,,,,,,,,,,,,,,,,,,,,,,,,,,,,,,,,,,,,,,,,,,,OK,OK,OK,OK,OK,OK,OK,OK,OK,OK,OK,OK,OK,OK,OK,OK,OK,OK,OK,OK,OK,OK,OK,OK,OK,OK,OK,OK,OK,OK,OK,OK,OK,OK,OK,OK,OK,OK,OK,OK,OK,OK,OK,OK,OK,OK,OK,OK,OK,OK,OK,OK,OK,OK,OK,OK,OK,OK,OK,OK,OK,OK,OK,OK,,,,,,OK,OK,OK,OK,OK,OK,OK,OK,OK,OK,OK,OK,OK,OK,OK,OK,OK,OK,OK,OK,OK,OK,OK,OK,OK,OK,OK,OK,OK,OK,OK,OK,OK,OK,OK,,,,,,,,,,,,,,,
,,,,,,,,,,,,,,,,,,,,,,,,,,,,,,,,,,,,,,,,,,,,,,,,,,,,,,,,,,,,,,,,,,,,,,,,,,,,,,,,,,,,,,,,,,,,,,,,,,,,,,,,,,,,,,,,,,,,,,,,,,,,,,,,,,,,,,,,,,,,,,,,,,,,,,,,,,,,,,,,,,,,,,,,,,
,,,,,,,,PP&E Schedule,,,,,,,,,,,,,,,,,,,,,,,,,,,,,,,,,,,,,,,,,,,,,,,,,,,,,,,,,,,,,,,,,,,,,,,,,,,,,,,,,,,,,,,,,,,,,,,,,,,,,,,,,,,,,,,,,,,,,,,,,,,,,,,,,,,,,,,,,,,,,,,,,,,,,,,,,,,,,,,,,,
,,,,,,,,Gross PP&E,,,,,,,,,,,,,,,,,,,,,,,,,,,,,,,,,,,,,,,,,,,,,,,,,,,,25719,27574,29292,32746,34843,37112,38908,40146,41995,43904,46094,47527,50321,53341,56358,59647,67801,71876,77128,82507,85258,91430,97405,104207,109684,114292,120287,126462,130958,137075,141904,147013,156177,160258,163875,171710,178435,184125,190455,201803,213186,223971,238140,250426,268840,292580,317737,346500,375977.201279455,413649.278276503,459535.125426339,515499.228922067,567071.035930083,621556.092299824,678840.624221357,741528.576413192,,,,,,,,,,,,,7576.341,8130,11771,14400,17697,23837,32746,40146,47527,59647,82507,104207,126462,147013,171710,201803,250426,346500,515499.228922067,741528.576413192,998635.58316794,1283537.719245,1590138.29101143,1912478.59865712,2243001.31451297,2577600.833704,2911381.53486458,3238889.93794831,,,,,,,,,,,,,,,
,,,,,,,,Accumulated Depreciation,,,,,,,,,,,,,,,,,,,,,,,,,,,,,,,,,,,,,,,,,,,,,,,,,,,,-7842,-8088,-8311,-8863,-9395,-10104,-10570,-11130,-11833,-12491,-13341,-13293,-14385,-15665,-16238,-17264,-18956,-20204,-21828,-22788,-24730,-26539,-28153,-30561,-32937,-35544,-38651,-41713,-43352,-45378,-47273,-49414,-51959,-54035,-55512,-59042,-60875,-62917,-64750,-67458,-70004,-72816,-76870,-79390,-83778,-89349,-93950,-99903,-103360.069017815,-107530.422385608,-112607.358339621,-118753.46337828,-125960.387445906,-134377.441438199,-143948.564348812,-154832.373484467,,,,,,,,,,,,,-2342.498,-3285,-4012,-4797,-5843,-7313,-8863,-11130,-13293,-17264,-22788,-30561,-41713,-49414,-59042,-67458,-79390,-99903,-118753.46337828,-154832.373484467,-209140.475884254,-285084.658044245,-385764.820417458,-508337.230835494,-647477.341613811,-794705.392815007,-931098.27670904,-1052734.01972078,,,,,,,,,,,,,,,
,,,,,,,,"Net Prop., Plant, & Equip. ",,,,,,,,,,,,,,,,,,,,,,,,,,,,,,,,,,,,,,,,,,,,,,,,,,,,17877,19486,20981,23883,25448,27008,28338,29016,30162,31413,32753,34234,35936,37676,40120,42383,48845,51672,55300,59719,60528,64891,69252,73646,76747,78748,81636,84749,87606,91697,94631,97599,104218,106223,108363,112668,117560,121208,125705,134345,143182,151155,161270,171036,185062,203231,223787,246597,272617.13226164,306118.855890896,346927.767086718,396745.765543787,441110.648484177,487178.650861625,534892.059872546,586696.202928725,,,,,,,,,,,,,5233.843,4845,7759,9603,11854,16524,23883,29016,34234,42383,59719,73646,84749,97599,112668,134345,171036,246597,396745.765543787,586696.202928725,789495.107283686,998453.061200759,1204373.47059398,1404141.36782162,1595523.97289916,1782895.440889,1980283.25815554,2186155.91822753,,,,,,,,,,,,,,,
,,,,,,,,,,,,,,,,,,,,,,,,,,,,,,,,,,,,,,,,,,,,,,,,,,,,,,,,,,,,,,,,,,,,,,,,,,,,,,,,,,,,,,,,,,,,,,,,,,,,,,,,,,,,,,,,,,,,,,,,,,,,,,,,,,,,,,,,,,,,,,,,,,,,,,,,,,,,,,,,,,,,,,,,,,
,,,,,,,,Beginning Gross PP&E,,,,,,,,,,,,,,,,,,,,,,,,,,,,,,,,,,,,,,,,,,,,,,,,,,,,23837,25719,27574,29292,32746,34843,37112,38908,40146,41995,43904,46094,47527,50321,53341,56358,59647,67801,71876,77128,82507,85258,91430,97405,104207,109684,114292,120287,126462,130958,137075,141904,147013,156177,160258,163875,171710,178435,184125,190455,201803,213186,223971,238140,250426,268840,292580,317737,346500,375977.201279455,413649.278276503,459535.125426339,515499.228922067,567071.035930083,621556.092299824,678840.624221357,,,,,,,,,,,,,,7576.341,8130,11771,14400,17697,23837,32746,40146,47527,59647,82507,104207,126462,147013,171710,201803,250426,346500,515499.228922067,741528.576413192,998635.58316794,1283537.719245,1590138.29101143,1912478.59865712,2243001.31451297,2577600.833704,2911381.53486458,,,,,,,,,,,,,,,
,,,,,,,,Additions,,,,,,,,,,,,,,,,,,,,,,,,,,,,,,,,,,,,,,,,,,,,,,,,,,,,2345,2646,2417,3551,2927,2515,2373,2100,2428,2123,2357,3064,2467,2818,3538,4307,7299,5458,5262,7081,4638,6126,6732,6052,6005,5391,5406,5479,5942,5496,6819,6383,9786,6828,7276,7595,6289,6888,8055,11019,12012,13186,13061,14276,17197,22446,23953,27851,32942.2012794548,41431.8490098431,50022.3399326003,60559.4547499919,56726.799297237,60155.7667290413,63500.0928445315,69476.3584340483,,,,,,,,,,,,,,809.888,4018,3438,3273,7358,10959,9915,9972,13130,25100,23548,22281,24640,31485,32251,52535,91447,184955.84497189,249859.017304858,293609.783685794,335059.999082199,371068.041350865,402207.217962214,426579.617060393,447257.384131901,463244.292963217,473736.595472165,,,,,,,,,,,,,,,
,,,,,,,,"Other (Retirements, Acquisitions and Dispositions)",,,,,,,,,,,,,,,,,,,,,,,,,,,,,,,,,,,,,,,,,,,,,,,,,,,,-463,-791,-699,-97,-830,-246,-577,-862,-579,-214,-167,-1631,327,202,-521,-1018,855,-1383,-10,-1702,-1887,46,-757,750,-528,-783,589,696,-1446,621,-1990,-1274,-622,-2747,-3659,240,436,-1198,-1725,329,-629,-2401,1108,-1990,1217,1294,1204,912,-3465,-3759.77201279455,-4136.49278276503,-4595.35125426339,-5154.99228922067,-5670.71035930083,-6215.56092299824,-6788.40624221357,,,,,,,,,,,,,,-256.229000000001,-377,-809,24,-1218,-2050,-2515,-2591,-1010,-2240,-1848,-26,-4089,-6788,-2158,-3912,4627,-15956.616049823,-23829.6698137333,-36502.7769310454,-50157.8630051352,-64467.4695844359,-79866.9103165318,-96056.9012045356,-112657.864940869,-129463.591802642,-146228.192388434,,,,,,,,,,,,,,,
,,,,,,,,Ending Gross PP&E,,,,,,,,,,,,,,,,,,,,,,,,,,,,,,,,,,,,,,,,,,,,,,,,,,,,25719,27574,29292,32746,34843,37112,38908,40146,41995,43904,46094,47527,50321,53341,56358,59647,67801,71876,77128,82507,85258,91430,97405,104207,109684,114292,120287,126462,130958,137075,141904,147013,156177,160258,163875,171710,178435,184125,190455,201803,213186,223971,238140,250426,268840,292580,317737,346500,375977.201279455,413649.278276503,459535.125426339,515499.228922067,567071.035930083,621556.092299824,678840.624221357,741528.576413192,,,,,,,,,,,,,,8130,11771,14400,17697,23837,32746,40146,47527,59647,82507,104207,126462,147013,171710,201803,250426,346500,515499.228922067,741528.576413192,998635.58316794,1283537.719245,1590138.29101143,1912478.59865712,2243001.31451297,2577600.833704,2911381.53486458,3238889.93794831,,,,,,,,,,,,,,,
,,,,,,,,Average Gross PP&E,,,,,,,,,,,,,,,,,,,,,,,,,,,,,,,,,,,,,,,,,,,,,,,,,,,,24778,26646.5,28433,31019,33794.5,35977.5,38010,39527,41070.5,42949.5,44999,46810.5,48924,51831,54849.5,58002.5,63724,69838.5,74502,79817.5,83882.5,88344,94417.5,100806,106945.5,111988,117289.5,123374.5,128710,134016.5,139489.5,144458.5,151595,158217.5,162066.5,167792.5,175072.5,181280,187290,196129,207494.5,218578.5,231055.5,244283,259633,280710,305158.5,332118.5,361238.600639727,394813.239777979,436592.201851421,487517.177174203,541285.132426075,594313.564114954,650198.358260591,710184.600317275,,,,,,,,,,,,,,7853.1705,9950.5,13085.5,16048.5,20767,28291.5,36446,43836.5,53587,71077,93357,115334.5,136737.5,159361.5,186756.5,226114.5,298463,430999.614461034,628513.902667629,870082.079790566,1141086.65120647,1436838.00512822,1751308.44483427,2077739.95658504,2410301.07410849,2744491.18428429,3075135.73640645,,,,,,,,,,,,,,,
,,,,,,,,Average Depreciable Life,,,,,,,,,,,,,,,,,,,,,,,,,,,,,,,,,,,,,,,,,,,,,,,,,,,,7.59129901960784,8.19388068880689,8.04100678733032,7.6779702970297,9.00706289978678,8.89651335311573,9.22572815533981,8.57046834345186,8.88971861471861,8.44797403619197,8.16975308641975,7.99359631147541,9.5034965034965,9.09954353932584,8.78435297885971,7.91951119606772,8.89503070910106,9.37681256713212,8.71164639850328,8.40892330383481,8.67989445364239,8.41051028179741,8.63996156661786,8.17699545749513,9.22261986892032,8.8096286972939,8.91528580115537,8.71535038146369,12.7435643564356,12.2725732600733,11.3038492706645,11.2331648522551,10.5538150932888,10.6961533261222,10.3017098906687,10.3193419434194,14.3033088235294,13.8212869777371,12.7546989921002,14.7865651387214,15.198835335482,14.7369538834951,14.4953262233375,14.5233650416171,14.4658457766882,14.0411164465786,13.5964400285154,13.7466266556291,13.0466266556291,12.4466266556291,11.8466266556291,11.3466266556291,10.9466266556291,10.5466266556291,10.2966266556291,10.0466266556291,,,,,,-0.00565112878700302,,,,,,,,6.33304879720652,9.32567947516401,9.37356733524355,8.0726861167002,7.46745774901115,8.03051376667613,8.82042594385286,8.32285931270173,8.78043585122071,8.70614894659481,8.59957627118644,8.93719488570322,11.8336218087408,10.4246418525545,14.0144454449947,14.7681078962837,14.1210730507192,12.382527392202,10.4912168425251,9.58125376829334,9.04891470802281,8.70032460106171,8.65102905146841,8.83404061585836,9.27445823109131,10.3232060723455,11.4802156244451,,,,,,,,,,,,,,,
,,,,,,,,Retirement Rate,,,,,,,,,,,,,,,,,,,,,,,,,,,,,,,,,,,,,,,,,,,,,,,,,,,,-0.0194235851826992,-0.0307554726077997,-0.025349967360557,-0.00331148436433156,-0.0253466072192023,-0.00706024165542577,-0.0155475317956456,-0.022154826770844,-0.0144223583918697,-0.00509584474342184,-0.00380375364431487,-0.0353842148652753,0.00688029961916384,0.00401422865205381,-0.00976734594402055,-0.0180630966322439,0.014334333663051,-0.0203979292340821,-0.000139128499081752,-0.0220672129447153,-0.0228707867211267,0.000539538811607122,-0.00827955813190419,0.00769981007135157,-0.00506683812027983,-0.00713868932569928,0.00515346655933924,0.00578616143057853,-0.0114342648384495,0.00474197834420196,-0.0145175998540945,-0.00897790055248619,-0.00423091835415916,-0.0175890175890176,-0.0228319335072196,0.00146453089244851,0.00253916487100344,-0.00671392944209376,-0.00936863543788187,0.0017274421779423,-0.00311690113625665,-0.0112624656403329,0.00494706904018824,-0.00835642899134963,0.00485971903875796,0.00481327183454843,0.00411511381502495,0.00287029839143694,-0.01,-0.01,-0.01,-0.01,-0.01,-0.01,-0.01,-0.01,,,,,,,,,,,,,,-0.0338196234831565,-0.0463714637146372,-0.0687282303967377,0.00166666666666667,-0.0688252246143414,-0.0860007551285816,-0.0768032736822818,-0.0645394310765705,-0.0212510783344204,-0.0375542776669405,-0.0223980995551893,-0.000249503392286507,-0.0323338235991839,-0.0461727874405665,-0.012567701356939,-0.0193852420429825,0.0184765160167075,-0.0460508399706291,-0.0462263927408044,-0.0492263927408044,-0.0502263927408044,-0.0502263927408044,-0.0502263927408044,-0.0502263927408044,-0.0502263927408044,-0.0502263927408044,-0.0502263927408044,,,,,,,,,,,,,,,
,,,,,,,,,,,,,,,,,,,,,,,,,,,,,,,,,,,,,,,,,,,,,,,,,,,,,,,,,,,,,,,,,,,,,,,,,,,,,,,,,,,,,,,,,,,,,,,,,,,,,,,,,,,,,,,,,,,,,,,,,,,,,,,,,,,,,,,,,,,,,,,,,,,,,,,,,,,,,,,,,,,,,,,,,,
,,,,,,,,Beginning Acc. Depreciation,,,,,,,,,,,,,,,,,,,,,,,,,,,,,,,,,,,,,,,,,,,,,,,,,,,,-7313,-7842,-8088,-8311,-8863,-9395,-10104,-10570,-11130,-11833,-12491,-13341,-13293,-14385,-15665,-16238,-17264,-18956,-20204,-21828,-22788,-24730,-26539,-28153,-30561,-32937,-35544,-38651,-41713,-43352,-45378,-47273,-49414,-51959,-54035,-55512,-59042,-60875,-62917,-64750,-67458,-70004,-72816,-76870,-79390,-83778,-89349,-93950,-99903,-103360.069017815,-107530.422385608,-112607.358339621,-118753.46337828,-125960.387445906,-134377.441438199,-143948.564348812,,,,,,,,,,,,,,-2342.498,-3285,-4012,-4797,-5843,-7313,-8863,-11130,-13293,-17264,-22788,-30561,-41713,-49414,-59042,-67458,-79390,-99903,-118753.46337828,-154832.373484467,-209140.475884254,-285084.658044245,-385764.820417458,-508337.230835494,-647477.341613811,-794705.392815007,-931098.27670904,,,,,,,,,,,,,,,
,,,,,,,,Additions,,,,,,,,,,,,,,,,,,,,,,,,,,,,,,,,,,,,,,,,,,,,,,,,,,,,-816,-813,-884,-1010,-938,-1011,-1030,-1153,-1155,-1271,-1377,-1464,-1287,-1424,-1561,-1831,-1791,-1862,-2138,-2373,-2416,-2626,-2732,-3082,-2899,-3178,-3289,-3539,-2525,-2730,-3085,-3215,-3591,-3698,-3933,-4065,-3060,-3279,-3671,-3316,-3413,-3708,-3985,-4205,-4487,-4998,-5611,-6040,-6922.06901781516,-7930.12538058695,-9213.42873677812,-10741.4562929226,-12361.916356847,-14087.7643515935,-15786.6838336109,-17672.2153778691,,,,,,,,,,,,,,-1240.03,-1067,-1396,-1988,-2781,-3523,-4132,-5267,-6103,-8164,-10856,-12905,-11555,-15287,-13326,-15311,-21136,-34807.0794281028,-59908.5799199205,-90810.879330832,-126102.045165127,-165147.631957649,-202439.320734567,-235197.011982852,-259885.916142066,-265856.475696675,-267863.935400176,,,,,,,,,,,,,,,
,,,,,,,,"Other (Retirements, Acquisitions and Dispositions)",,,,,,,,,,,,,,,,,,,,,,,,,,,,,,,,,,,,,,,,,,,,,,,,,,,,287,567,661,458,406,302,564,593,452,613,527,1512,195,144,988,805,99,614,10,1702,1887,-46,757,-750,528,783,-589,-696,1446,-621,1990,1274,622,2747,3659,-240,-436,1198,1725,-329,629,2401,-1108,1990,-1217,-1294,-1204,-912,3465,3759.77201279455,4136.49278276503,4595.35125426339,5154.99228922067,5670.71035930083,6215.56092299824,6788.40624221357,,,,,,,,,,,,,,297.528,340,611,942,1311,1973,1865,3104,2132,2425,1848,26,4089,6788,2158,3912,-4627,15956.616049823,23829.6698137333,36502.7769310454,50157.8630051352,64467.4695844359,79866.9103165318,96056.9012045356,112657.864940869,129463.591802642,146228.192388434,,,,,,,,,,,,,,,
,,,,,,,,Ending Acc. Depreciation,,,,,,,,,,,,,,,,,,,,,,,,,,,,,,,,,,,,,,,,,,,,,,,,,,,,-7842,-8088,-8311,-8863,-9395,-10104,-10570,-11130,-11833,-12491,-13341,-13293,-14385,-15665,-16238,-17264,-18956,-20204,-22332,-22499,-23317,-27402,-28514,-31985,-32932,-35332,-39422,-42886,-42792,-46703,-46473,-49214,-52383,-52910,-54309,-59817,-62538,-62956,-64863,-68395,-70242,-71311,-77909,-79085,-85094,-90070,-96164,-100902,-103360.069017815,-107530.422385608,-112607.358339621,-118753.46337828,-125960.387445906,-134377.441438199,-143948.564348812,-154832.373484467,,,,,,,,,,,,,,-3285,-4012,-4797,-5843,-7313,-8863,-11130,-13293,-17264,-23003,-31796,-43440,-49179,-57913,-70210,-78857,-105153,-118753.46337828,-154832.373484467,-209140.475884254,-285084.658044245,-385764.820417458,-508337.230835494,-647477.341613811,-794705.392815007,-931098.27670904,-1052734.01972078,,,,,,,,,,,,,,,
,,,,,,,,,,,,,,,,,,,,,,,,,,,,,,,,,,,,,,,,,,,,,,,,,,,,,,,,,,,,,,,,,,,,,,,,,,,,,,,,,,,,,,,,,,,,,,,,,,,,,,,,,,,,,,,,,,,,,,,,,,,,,,,,,,,,,,,,,,,,,,,,,,,,,,,,,,,,,,,,,,,,,,,,,,
,,,,,,,,Intangible Asset schedule,,,,,,,,,,,,,,,,,,,,,,,,,,,,,,,,,,,,,,,,,,,,,,,,,,,,,,,,,,,,,,,,,,,,,,,,,,,,,,,,,,,,,,,,,,,,,,,,,,,,,,,,,,,,,,,,,,,,,,,,,,,,,,,,,,,,,,,,,,,,,,,,,,,,,,,,,,,,,,,,,,
,,,,,,,,Amortization of intangible and other assets,,,,,,,,,,,,2.389,2.474,5.53,9.557,9.715,9.962,8.303,9.02,15.29,16.01,15.76,30.449,34.703,35.218,41.96,48.034,55.96,82.891,76.764,72.035,82,66,68,68.278,67,76,85,101,100,108,129,118,133,197,321,323,315,283,281,279,270,266,663,257,239,223,218,251,216,219,219,223,216,201,200,195,195,252,217,207,197,209,188,331,209,208,189,186,228,215,219,224,191,201,113,136,126,118,129,110.635546535228,111.576341127923,105.888854821401,165.706134415877,192.147257700977,97.1875,100.211148648649,113.217905405405,126.925675675676,130.375844594595,131.431587837838,132.487331081081,133.543074324324,134.598817567568,135.654560810811,136.710304054054,137.766047297297,,,,,,4.351,11.168,11.198,19.95,37,77.509,159.915,287.65,284.278,329,455,974,1158,1456,931,877,812,728,712,749,865,537,255,226,98,98,102,102,102,102,102,102,102,102,102,,,,,,,,,,,,,,,
,,,,,,,,% of net revenue,,,,,,,,,,,,0.00627655186365511,0.00584576996871544,0.0109943199327219,0.0146198338384062,0.0122244927747774,0.0111908065086863,0.00791850888269201,0.00699120209147003,0.00998657788257117,0.00958228767092952,0.00845324406650386,0.0136548846628859,0.0136681356344755,0.0129283777855684,0.0139390369773152,0.0141827972832003,0.0151257837580545,0.0212911601012223,0.0189719170449442,0.0170800075115519,0.020132580407562,0.0162162162162162,0.0155038759689922,0.0137875106291938,0.0132306477093207,0.014937106918239,0.0155081189563948,0.0158530842881808,0.0152975370965275,0.015615962984384,0.0171770972037284,0.0145123601033083,0.0163491087891825,0.0213967633322472,0.0304727548889311,0.0284757118927973,0.0315346881569727,0.0280364573013671,0.0260619551103691,0.0225072604065828,0.0221529373153922,0.0210077396935713,0.0503225806451613,0.0177486187845304,0.0171781786818084,0.0155400696864112,0.0144284863326494,0.0145305082783374,0.013115550428077,0.0124964336661912,0.0119875198423559,0.0105109351432881,0.0107350529297749,0.00960848988957407,0.00898069151324652,0.00753681443976346,0.00784455708423847,0.0096047566413843,0.00799027910744532,0.00650125628140704,0.00668272329454866,0.00659181227527913,0.00569541640158745,0.0088092830148507,0.00620049247930697,0.00658165364047717,0.00497276817428368,0.00400585802894555,0.00499978071137231,0.00421974053502385,0.00408429690414025,0.0036188568289767,0.00340943574730904,0.00349741608811401,0.00197324765131142,0.00215452370768183,0.00216994454586161,0.00190117131486942,0.00201402007775054,0.00152972106818245,0.00165070852200558,0.00148397245913252,0.00222278145133908,0.0023541399603163,0.00127065737520592,0.00122622944151155,0.0012943627004162,0.00130540337624498,0.0013852002548648,0.00130061661020032,0.00124482472615253,0.00114668137180773,0.00121010523791007,0.00113880276047395,0.00107645751313124,0.000991459903789245,,,,,,0.0503436465878324,0.0323702638779391,0.0119199432849993,0.0101758561363473,0.00919560797880537,0.0106233219670134,0.0137147358947438,0.018140768326023,0.0162619615182354,0.0149518269405563,0.015638963360143,0.0248349014508274,0.0267677584891704,0.0277306923150176,0.0153513834383142,0.0119353828985152,0.00910487424733413,0.00661259117291744,0.00540343634266286,0.00500170284943472,0.00407882265844929,0.00229603943885993,0.000994121041059148,0.000765795376764548,0.000285789274153568,0.000234413384210138,0.000205519922196768,0.000174895417829839,0.000150214904597752,0.000130140568346584,0.000113724974972857,0.000100054020608802,8.85865883993336e-05,7.89238126665025e-05,7.07165249990144e-05,,,,,,,,,,,,,,,
,,,,,,,,% of intangibles (annualized),,,,,,,,,,,,,,,,,,,,,,,,,,,,,,,,,,,,,,,,,,,,,,,,,,,,0.121964991530209,0.117881675160647,0.30952380952381,0.118802727377788,0.110712217718587,0.102788660981793,0.10014930515677,0.115005727376861,0.0988106129917658,0.100160073176309,0.100343642611684,0.140317759949662,0.137142857142857,0.130604288499025,0.128658732711483,0.126561739412624,0.123144932112409,0.157820573038985,0.137603043753963,0.134045653229723,0.13383152173913,0.149046175788911,0.134309698160386,0.223309158374093,0.147990794830944,0.146763097548068,0.136289886425095,0.132762312633833,0.14846166368224,0.13986013986014,0.140227309108372,0.150234741784038,0.134791813690896,0.377642085486144,0.14981769970169,0.194772645900465,0.183807439824945,0.166372929150511,0.185478073328541,0.15223329416612,0.154591397475473,0.142779510967674,0.118849657103014,0.134698393060622,0.0670143078779521,0.0661023407972616,0.0616907262800193,0.0660469237287242,0.0672951001197985,0.0672972799988929,0.0672994252745348,0.0673015367641801,0.0673036152597375,0.0673056615285591,0.0673076763143844,0.0673096603382422,,,,,,,116.333333333333,0.618195870597328,0.280713109794707,0.446951668820893,0.22347127358069,0.358075307436699,0.288605283488346,0.366810322580645,0.315134099616858,0.146868947708199,0.0979189705438826,0.12080116837054,0.168265341500058,0.106643757159221,0.137958156363064,0.131754015901347,0.117856564675409,0.120087704503289,0.133654532476802,0.145036887994634,0.192266380236305,0.087719298245614,0.0396074307746232,0.0127487966697021,0.0123472344714628,0.0124587761084646,0.0120896053099443,0.0117416829745597,0.0114132259147365,0.011102645041907,0.0108085196566706,0.0105295757200372,0.0102646674046493,0.0100127613625209,,,,,,,,,,,,,,,
,,,,,,,,Expected amortization (most recent 10K),,,,,,,,,,,,,,,,,,,,,,,,,,,,,,,,,,,,,,,,,,,,,,,,,,,,,,,244,162.25,162.25,162.25,162.25,197.75,197.75,197.75,197.75,197.75,191,191,191,182,182,182,182,178,178,178,178,187.25,187.25,187.25,187.25,216.25,216.25,216.25,216.25,134.25,134.25,134.25,134.25,63.75,63.75,63.75,63.75,56.5,56.5,56.5,56.5,24.5,24.5,24.5,24.5,24.5,24.5,24.5,24.5,25.5,25.5,25.5,25.5,,,,,,,,,,,,,,,,,,,1093,649,791,764,728,712,749,865,537,255,226,98,98,102,102,102,102,102,102,102,102,102,,,,,,,,,,,,,,,
,,,,,,,,,,,,,,,,,,,,,,,,,,,,,,,,,,,,,,,,,,,,,,,,,,,,,,,,,,,,,,,,,,,,,,,,,,,,,,,,,,,,,,,,,,,,,,,,,,,,,,,,,,,,,,,,,,,,,,,,,,,,,,,,,,,1851,,,,,,,,,,,,,,,,,,,,,,,,,,,,,,,,,,,,,,,
,,,,,,,,Gross Intangible Assets,,,,,,,,,,,,,,,,,,,,,,,,,,,,,,,,,,,,,,,,,,,,,,,,,,,,8855,9026,8568,8653,8635,8678,8707,8730,8744,8746,8730,6357,6300,6156,6218,6163,6334,6387,6308,6177,5888,5609,5599,5929,5649,5669,5547,5604,6143,6149,6247,5964,5668,2129,3017,2793,2742,2837,2782,2907,2887,2966.5,5577,5706,5801,6064,7341,7687,7749.5,7812,7874.5,7937,7999.5,8062,8124.5,8187,,,,,,,,,,,,,1560.937,1561,2148,3098,9947,9586,8653,8730,6357,6163,6177,5929,5604,5964,2793,2907,5706,7687,7937,8187,8437,8687,8937,9187,9437,9687,9937,10187,,,,,,,,,,,,,,,
,,,,,,,,Accumulated Amortization,,,,,,,,,,,,,,,,,,,,,,,,,,,,,,,,,,,,,,,,,,,,,,,,,,,,-3538,-3792,-3824,-4046,-4255,-4465,-4684,-4883,-5087,-5294,-5363,-3050,-3163,-3223,-3335,-3471,-3525,-3725,-3860,-3957,-3825,-3707,-3852,-3950,-3809,-3972,-4027,-4159,-4320,-4523,-4698,-4547,-4355,-752,-825,-709,-774,-871,-949,-1059.63554653523,-1171.21188766315,-1277.10074248455,-1442.80687690043,-1634.95413460141,-1732.14163460141,-1832.35278325005,-1945.57068865546,-2072.49636433114,-2202.87220892573,-2334.30379676357,-2466.79112784465,-2600.33420216897,-2734.93301973654,-2870.58758054735,-3007.29788460141,-3145.0639318987,,,,,,,,,,,,,-564.247,-786,-1104,-1520,-2474,-3520,-4046,-4883,-3050,-3471,-3957,-3950,-4159,-4547,-709,-1059.63554653523,-1634.95413460141,-2072.49636433114,-2600.33420216897,-3145.0639318987,-3247.0639318987,-3349.0639318987,-3451.0639318987,-3553.0639318987,-3655.0639318987,-3757.0639318987,-3859.0639318987,-3961.0639318987,,,,,,,,,,,,,,,
,,,,,,,,Net Intangible Assets,,,,,,,,,,,,,,,,,,,,,,,,,,,,,,,,,,,,,,,,,,,,,,,,,,,,5317,5234,4744,4607,4380,4213,4023,3847,3657,3452,3367,3307,3137,2933,2883,2692,2809,2662,2448,2220,2063,1902,1747,1979,1840,1697,1520,1445,1823,1626,1549,1417,1313,1377,2192,2084,1968,1966,1833,1847.36445346477,1715.78811233685,1689.39925751545,4134.19312309957,4071.04586539859,4068.85836539859,4231.64721674995,5395.42931134454,5614.50363566886,5546.62779107427,5477.69620323643,5407.70887215535,5336.66579783103,5264.56698026346,5191.41241945265,5117.20211539859,5041.9360681013,,,,,,,,,,,,,996.69,775,1044,1578,7473,6066,4607,3847,3307,2692,2220,1979,1445,1417,2084,1847.36445346477,4071.04586539859,5614.50363566886,5336.66579783103,5041.9360681013,5189.9360681013,5337.9360681013,5485.9360681013,5633.9360681013,5781.9360681013,5929.9360681013,6077.9360681013,6225.9360681013,,,,,,,,,,,,,,,
,,,,,,,,,,,,,,,,,,,,,,,,,,,,,,,,,,,,,,,,,,,,,,,,,,,,,,,,,,,,,,,,,,,,,,,,,,,,,,,,,,,,,,,,,,,,,,,,,,,,,,,,,,,,,,,,,,,,,,,,,,,,,,,,,,,,,,,,,,,,,,,,,,,,,,,,,,,,,,,,,,,,,,,,,,
,,,,,,,,Beginning Gross Intangible Assets,,,,,,,,,,,,,,,,,,,,,,,,,,,,,,,,,,,,,,,,,,,,,,,,,,,,9586,8855,9026,8568,8653,8635,8678,8707,8730,8744,8746,8730,6357,6300,6156,6218,6163,6334,6387,6308,6177,5888,5609,5599,5929,5649,5669,5547,5604,6143,6149,6247,5964,5668,2129,3017,2793,2742,2837,2782,2907,2887,2966.5,5577,5706,5801,6064,7341,7687,7749.5,7812,7874.5,7937,7999.5,8062,8124.5,,,,,,,,,,,,,,1560.937,1561,2148,3098,9947,9586,8653,8730,6357,6163,6177,5929,5604,5964,2793,2907,5706,7687,7937,8187,8437,8687,8937,9187,9437,9687,9937,,,,,,,,,,,,,,,
,,,,,,,,Additions / dispositions,,,,,,,,,,,,,,,,,,,,,,,,,,,,,,,,,,,,,,,,,,,,,,,,,,,,-731,171,-458,85,-18,43,29,23,14,2,-16,-2373,-57,-144,62,-55,171,53,-79,-131,-289,-279,-10,330,-280,20,-122,57,539,6,98,-283,-296,-3539,888,-224,-51,95,-55,47.5,-20,79.5,2610.5,129,95,263,1277,346,62.5,62.5,62.5,62.5,62.5,62.5,62.5,62.5,,,,,,,,,,,,,,0.0630000000001019,587,950,6849,-361,-933,77,-2373,-194,14,-248,-325,-135,-200,-200,500,250,250,250,250,250,250,250,250,250,250,250,,,,,,,,,,,,,,,
,,,,,,,,Ending Gross Intangibles,,,,,,,,,,,,,,,,,,,,,,,,,,,,,,,,,,,,,,,,,,,,,,,,,,,,8855,9026,8568,8653,8635,8678,8707,8730,8744,8746,8730,6357,6300,6156,6218,6163,6334,6387,6308,6177,5888,5609,5599,5929,5649,5669,5547,5604,6143,6149,6247,5964,5668,2129,3017,2793,2742,2837,2782,2829.5,2887,2966.5,5577,5706,5801,6064,7341,7687,7749.5,7812,7874.5,7937,7999.5,8062,8124.5,8187,,,,,,,,,,,,,,1561,2148,3098,9947,9586,8653,8730,6357,6163,6177,5929,5604,5469,5764,2593,3407,5956,7937,8187,8437,8687,8937,9187,9437,9687,9937,10187,,,,,,,,,,,,,,,
,,,,,,,,Average Gross Intangibles,,,,,,,,,,,,,,,,,,,,,,,,,,,,,,,,,,,,,,,,,,,,,,,,,,,,9220.5,8940.5,8797,8610.5,8644,8656.5,8692.5,8718.5,8737,8745,8738,7543.5,6328.5,6228,6187,6190.5,6248.5,6360.5,6347.5,6242.5,6032.5,5748.5,5604,5764,5789,5659,5608,5575.5,5873.5,6146,6198,6105.5,5816,3898.5,2573,2905,2767.5,2789.5,2809.5,2805.75,2897,2926.75,4271.75,5641.5,5753.5,5932.5,6702.5,7514,7718.25,7780.75,7843.25,7905.75,7968.25,8030.75,8093.25,8155.75,,,,,,,,,,,,,,1560.9685,1854.5,2623,6522.5,9766.5,9119.5,8691.5,7543.5,6260,6170,6053,5766.5,5536.5,5864,2693,3157,5831,7812,8062,8312,8562,8812,9062,9312,9562,9812,10062,,,,,,,,,,,,,,,
,,,,,,,,Average Amortizable Life,,,,,,,,,,,,,,,,,,,,,,,,,,,,,,,,,,,,,,,,,,,,,,,,,,,,8.5375,8.40272556390977,3.31711915535445,8.37597276264592,9.0418410041841,9.70459641255605,9.96846330275229,8.68376494023904,10.1122685185185,9.98287671232877,9.97488584474886,8.45683856502242,7.32465277777778,7.74626865671642,7.73375,7.93653846153846,8.01089743589744,6.31001984126984,7.31278801843318,7.53925120772947,7.65545685279188,6.8761961722488,7.45212765957447,4.35347432024169,6.92464114832536,6.80168269230769,7.41798941798942,7.49395161290323,6.44024122807018,7.14651162790698,7.07534246575342,6.81417410714286,7.61256544502618,4.84888059701493,5.6924778761062,5.34007352941176,5.49107142857143,5.90995762711864,5.44476744186047,6.34007352941176,6.49107142857143,6.90995762711864,6.44476744186047,7.34007352941176,14.8,14.8,14.8,14.8,14.8,14.8,14.8,14.8,14.8,14.8,14.8,14.8,,,,,,,,,,,,,,5.49099297166858,5.63677811550152,5.76483516483517,6.69661190965092,8.4339378238342,6.26339285714286,9.33566058002148,8.60148232611175,7.70935960591133,8.47527472527472,8.50140449438202,7.69893190921228,6.40057803468208,10.9199255121043,10.5607843137255,13.9690265486726,59.5,79.7142857142857,79.0392156862745,79.0392156862745,79.0392156862745,79.0392156862745,79.0392156862745,79.0392156862745,79.0392156862745,79.0392156862745,79.0392156862745,,,,,,,,,,,,,,,
,,,,,,,,Acquisition (disposition) rate,,,,,,,,,,,,,,,,,,,,,,,,,,,,,,,,,,,,,,,,,,,,,,,,,,,,-0.0762570415188817,0.0193111236589497,-0.0507423000221582,0.00992063492063492,-0.00208020339766555,0.00497973364215402,0.00334178382115695,0.00264155277363041,0.00160366552119129,0.000228728270814273,-0.00182940772924766,-0.271821305841924,-0.00896649362907032,-0.0228571428571429,0.0100714749837557,-0.00884528787391444,0.0277462274866137,0.00836754025892011,-0.0123688742758729,-0.0207672796448954,-0.0467864659219686,-0.0473845108695652,-0.00178284899269032,0.0589390962671906,-0.0472255017709563,0.00354044963710391,-0.0215205503616158,0.010275824770146,0.0961812990720914,0.000976721471593684,0.0159375508212718,-0.045301744837522,-0.0496311200536553,-0.624382498235709,0.41709722874589,-0.074245939675174,-0.0182599355531686,0.0346462436177972,-0.0193866760662672,0.0170740474478792,-0.00687994496044032,0.0275372358850017,0.879993258048205,0.0231307154384077,0.0166491412548195,0.0453370108601965,0.210587071240106,0.0471325432502384,0.00813061012098348,0.00806503645396477,0.0080005120327701,0.00793701187376976,0.00787451178026962,0.00781298831176949,0.00775241875465145,0.00769278109422118,,,,,,,,,,,,,,4.03603732886733e-05,0.376040999359385,0.442271880819367,2.21078114912847,-0.0362923494520961,-0.0973294387648654,0.00889864786779152,-0.271821305841924,-0.0305175397199937,0.00227162096381632,-0.0401489396146997,-0.0548153145555743,-0.0240899357601713,-0.0335345405767941,-0.0716075904045829,0.171998624011008,0.043813529617946,0.0325224404839339,0.0314980471210785,0.0305362159521192,0.029631385563589,0.0287786347415679,0.0279735929282757,0.0272123652987918,0.0264914697467416,0.0258077836275421,0.0251584985408071,,,,,,,,,,,,,,,
,,,,,,,,,,,,,,,,,,,,,,,,,,,,,,,,,,,,,,,,,,,,,,,,,,,,,,,,,,,,,,,,,,,,,,,,,,,,,,,,,,,,,,,,,,,,,,,,,,,,,,,,,,,,,,,,,,,,,,,,,,,,,,,,,,,,,,,,,,,,,,,,,,,,,,,,,,,,,,,,,,,,,,,,,,
,,,,,,,,Beginning Acc. Amortization,,,,,,,,,,,,,,,,,,,,,,,,,,,,,,,,,,,,,,,,,,,,,,,,,,,,-3520,-3538,-3792,-3824,-4046,-4255,-4465,-4684,-4883,-5087,-5294,-5363,-3050,-3163,-3223,-3335,-3471,-3525,-3725,-3860,-3957,-3825,-3707,-3852,-3950,-3809,-3972,-4027,-4159,-4320,-4523,-4698,-4547,-4355,-752,-825,-709,-774,-871,-949,-1059.63554653523,-1171.21188766315,-1277.10074248455,-1442.80687690043,-1634.95413460141,-1732.14163460141,-1832.35278325005,-1945.57068865546,-2072.49636433114,-2202.87220892573,-2334.30379676357,-2466.79112784465,-2600.33420216897,-2734.93301973654,-2870.58758054735,-3007.29788460141,,,,,,,,,,,,,,-564.247,-786,-1104,-1520,-2474,-3520,-4046,-4883,-3050,-3471,-3957,-3950,-4159,-4547,-709,-1059.63554653523,-1634.95413460141,-2072.49636433114,-2600.33420216897,-3145.0639318987,-3247.0639318987,-3349.0639318987,-3451.0639318987,-3553.0639318987,-3655.0639318987,-3757.0639318987,-3859.0639318987,,,,,,,,,,,,,,,
,,,,,,,,Additions,,,,,,,,,,,,,,,,,,,,,,,,,,,,,,,,,,,,,,,,,,,,,,,,,,,,-270,-266,-663,-257,-239,-223,-218,-251,-216,-219,-219,-223,-216,-201,-200,-195,-195,-252,-217,-207,-197,-209,-188,-331,-209,-208,-189,-186,-228,-215,-219,-224,-191,-201,-113,-136,-126,-118,-129,-110.635546535228,-111.576341127923,-105.888854821401,-165.706134415877,-192.147257700977,-97.1875,-100.211148648649,-113.217905405405,-126.925675675676,-130.375844594595,-131.431587837838,-132.487331081081,-133.543074324324,-134.598817567568,-135.654560810811,-136.710304054054,-137.766047297297,,,,,,,,,,,,,,-284.278,-329,-455,-974,-1158,-1456,-931,-877,-812,-728,-712,-749,-865,-537,-255,-226,-98,-98,-102,-102,-102,-102,-102,-102,-102,-102,-102,,,,,,,,,,,,,,,
,,,,,,,,"Other (Retirements, Acquisitions and Dispositions)",,,,,,,,,,,,,,,,,,,,,,,,,,,,,,,,,,,,,,,,,,,,,,,,,,,,252,12,631,35,30,13,-1,52,12,12,150,2536,103,141,88,59,141,52,82,110,329,327,43,233,350,45,134,54,67,12,44,375,383,3804,40,252,61,21,51,0,0,0,0,0,0,0,0,0,0,0,0,0,0,0,0,0,,,,,,,,,,,,,,62.5249999999999,11,39,20,112,930,94,2710,391,385,932,583,498,4479,133,0,0,0,0,0,0,0,0,0,0,0,0,,,,,,,,,,,,,,,
,,,,,,,,Ending Acc. Amortization,,,,,,,,,,,,,,,,,,,,,,,,,,,,,,,,,,,,,,,,,,,,,,,,,,,,-3538,-3792,-3824,-4046,-4255,-4465,-4684,-4883,-5087,-5294,-5363,-3050,-3163,-3223,-3335,-3471,-3525,-3725,-3860,-3957,-3825,-3707,-3852,-3950,-3809,-3972,-4027,-4159,-4320,-4523,-4698,-4547,-4355,-752,-825,-709,-774,-871,-949,-1059.63554653523,-1171.21188766315,-1277.10074248455,-1442.80687690043,-1634.95413460141,-1732.14163460141,-1832.35278325005,-1945.57068865546,-2072.49636433114,-2202.87220892573,-2334.30379676357,-2466.79112784465,-2600.33420216897,-2734.93301973654,-2870.58758054735,-3007.29788460141,-3145.0639318987,,,,,,,,,,,,,,-786,-1104,-1520,-2474,-3520,-4046,-4883,-3050,-3471,-3814,-3737,-4116,-4526,-605,-831,-1285.63554653523,-1732.95413460141,-2170.49636433114,-2702.33420216897,-3247.0639318987,-3349.0639318987,-3451.0639318987,-3553.0639318987,-3655.0639318987,-3757.0639318987,-3859.0639318987,-3961.0639318987,,,,,,,,,,,,,,,
,,,,,,,,,,,,,,,,,,,,,,,,,,,,,,,,,,,,,,,,,,,,,,,,,,,,,,,,,,,,,,,,,,,,,,,,,,,,,,,,,,,,,,,,,,,,,,,,,,,,,,,,,,,,,,,,,,,,,,,,,,,,,,,,,,,,,,,,,,,,,,,,,,,,,,,,,,,,,,,,,,,,,,,,,,
,,,,,,,,,,,,,,,,,,,,,,,,,,,,,,,,,,,,,,,,,,,,,,,,,,,,,,,,,,,,,,,,,,,,,,,,,,,,,,,,,,,,,,,,,,,,,,,,,,,,,,,,,,,,,,,,,,,,,,,,,,,,,,,,,,,0.0488326078353779,,,,,,,,,,,,,,,,,,,,,,,,,,,,,,,,,,,,,,,
,,,,,,,,Stock Based Compensation Sanity Check,,,,,,,,,,,,,,,,,,,,,,,,,,,,,,,,,,,,,,,,,,,,,,,,,,,,,,,,,,,,,,,,,,,,,,,,,,,,,,,,,,,,,,,,,,,,,,,,,,,,,,,,,,,,,,,,,,,,,,,,,,,,,,,,,,,,,,,,,,,,,,,,,,,,,,,,,,,,,,,,,,
,,,,,,,,,,,,,,,,,,,,,,,,,,,,,,,,,,,,,,,,,,,,,,,,,,,,,,,,,,,,,,,,,,,,,,,,,,,,,,,,,,,,,,,,,,,,,,,,,,,,,,,,,,,,,,,,,,,,,,,,,,,,,,,,,,,,,,,,,,,,,,,,,,,,,,,,,,,,,,,,,,,,,,,,,,
,,,,,,,,Reported Average Basic Shares,,,,,,,,,,,,,,,,,,,,,,,,,,,,,,,,,,,,,,,,,,,,,,,,13218.16,13299.2,13344.64,13393.44,13451.74,13502.3,13541.94,13578.86,13618.3,13672.34,13728.7,13751.3966480447,13748.3660130719,13718.70604782,13752.7173913043,13798.1888745149,13824.2038216561,13846.7583497053,13866.1174047374,13885.0574712644,13896.5262379897,13891.3043478261,13919.03,13915.13,13903.38,13888.32,13849.56,13821.7397127789,13828.9764904907,13785.2085239111,13689.4362863981,13597.6599200505,13500.8798839102,13397.0966074184,13304.3103831126,13219.5214539948,13131.6000957759,13023.2675529285,12895.0630259349,12766.3046997788,12628.0447516422,12491.2443369363,12371.9425940887,12259.1396500449,12151.8356203847,12057.5306087734,11973.7247088222,11893.0290055019,11815.8325757346,11741.0244889175,11679.7158078206,11626.4065892797,11576.0968846866,11533.2867404922,11490.4761987177,11447.6652973755,11404.8540708395,11362.0425501945,11319.2307635562,11276.4187363534,,,,,,,,,,551.688,602.806,621.612,627.918,632.442,637.404,645.556,654.426,665.692,13518.36,13675.2,13786.41,13860.76,13903.39,13838.91,13635.57,13448.8331180125,13286.288750496,13056.6554896015,12882.1568188407,12821.4526739332,12842.4084436575,12898.7217564177,12950.578808182,13001.8140542023,13054.663147276,13110.2417785879,13169.0972804337,13231.4888203628,13297.5297250011,13367.2597685086,,,,,,,,,,,,,,,
,,,,,,,,Dilutive Options,,,,,,,,,,,,,,,,,,,,,,,,,,,,,,,,,,,,,,,,,,,,,,,,6.258,5.328,5.214,5.496,4.838,4.014,3.947,4.095,3.344,3.048,2.642,2.903,3.312,3.134,2.869,2.055,1.419,1.258,1.07,1.192,0.898,0.713,0.604386318081563,0.50616697050917,0.417902811915552,0.337750195342006,0.265319615446412,0.199879015441436,0.140654675798067,0.0871106571261434,0.0386945394861099,-0.00509182596153216,-0.0446867208956282,-0.0804929075352126,-0.112883914005189,-0.14217396088603,-0.168664057743486,-0.192623595964447,-0.214291396732217,-0.233888097041469,-0.25161173614593,-0.267640767282562,-0.282137588687025,-0.295248611613808,-0.307106213911374,-0.317830306484793,-0.327529221847714,-0.33630094985114,-0.344234143569527,-0.351408955811825,-0.357897883792987,-0.363766498445038,-0.369074097315321,-0.373874311356051,-0.378215644990992,-0.382141964893833,-0.385692944762303,-0.388904465630909,-0.391808978301638,-0.394435831523307,,,,,,,,,,17.798,3.734,7.38,5.62,5.138,6.8,5.916,5.888,5.496,4.090620816786,2.85661858424341,1.99432044211029,1.39322136277798,0.972928415104766,0,0,0,0,0,0,0,0,0,0,0,0,0,0,0,0,0,,,,,,,,,,,,,,,
,,,,,,,,Dilutive Restricted Stock Units,,,,,,,,,,,,,,,,,,,,,,,,,,,,,,,,,,,,,,,,,,,,,,,,6.16,6.386,6.024,241.183999999999,7.788,7.234,7.171,7.04,5.239,4.213,5.242,5.401,8.481,7.494,8.01,8.873,9.062,10.286,9.161,9.491,9.484,7.599,487.609439749813,533.77389528403,580.340780693598,627.233909105654,674.413811407744,721.691193573148,769.244480442778,817.044920043588,864.747601785524,912.313121279205,959.743321771778,1006.94961705279,1053.92660654316,1100.70396906081,1147.26449721859,1193.57293534122,1239.50450264043,1285.02662760507,1330.1377776619,1374.7509730709,1418.93683993776,1462.71510111236,1506.09122913329,1549.08170453769,1591.74350933062,1634.08053526976,1676.10445041152,1717.8228501185,1759.2412244893,1800.44108714383,1841.39424082785,1882.15081641877,1922.71259875457,1963.08119026049,2003.25803093204,2043.24441609715,2083.04151222804,2122.65037101191,,,,,,,,,,0.706,11.832,1.936,1.234,1.242,2.278,2.956,4.296,6.43,10.6303516204139,8.89495816911416,104.062625721922,124.195990334845,231.205509662449,234.547407852278,230.498088043179,221.949227902792,212.541979111198,202.039974508466,190.920340381628,180.634237241474,171.401194450735,163.193608531212,159.457001877136,157.937891210307,157.523978630236,157.669034250326,158.106435687736,158.706967661533,159.408520072086,160.181502915634,,,,,,,,,,,,,,,
,,,,,,,,Other,,,,,,,,,,,,,,,,,,,,,,,,,,,,,,,,,,,,,,,,,,,,,,,,235.942000000001,222.565999999999,213.522000000003,0,239.874,213.712000000003,211.242000000002,179.824999999999,163.077000000003,137.959000000001,149.796,180.799351955307,226.060986928105,207.605952180027,205.203608695652,195.303125485125,206.035178343949,211.757650294696,197.971595262617,-3.66047126436933,195.771762010347,165.323652173911,165.323652173911,165.323652173911,165.323652173911,165.323652173911,165.323652173911,165.323652173911,165.323652173911,165.323652173911,165.323652173911,165.323652173911,165.323652173911,165.323652173911,165.323652173911,165.323652173911,165.323652173911,165.323652173911,165.323652173911,165.323652173911,165.323652173911,165.323652173911,165.323652173911,165.323652173911,165.323652173911,165.323652173911,165.323652173911,165.323652173911,165.323652173911,165.323652173911,165.323652173911,165.323652173911,165.323652173911,165.323652173911,165.323652173911,165.323652173911,165.323652173911,165.323652173911,165.323652173911,165.323652173911,,,,,,,,,,13.556,0.723999999999933,1.49199999999996,0.255999999999972,0.00999999999999091,0.0199999999999818,0,0,0,0,0,0,0,0,0,0,0,0,0,0,0,0,0,0,0,0,0,0,0,0,0,,,,,,,,,,,,,,,
,,,,,,,,Reported Average Diluted Shares,,,,,,,,,,,,,,,,,,,,,,,,,,,,,,,,,,,,,,,,,,,,,,,,13466.52,13533.48,13569.4,13640.12,13704.24,13727.26,13764.3,13769.82,13789.96,13817.56,13886.38,13940.5,13986.22,13936.94,13968.8,14004.42,14040.72,14070.06,14074.32,13892.08,14102.68,14064.94,14572.5674782418,14614.7337144285,14649.4623356794,14681.2153114749,14689.5627831971,14708.9544375414,14763.6852777832,14767.6642067858,14719.546234897,14675.2916016776,14625.902171135,14569.2893837375,14523.4477579156,14485.4069012686,14444.0195811106,14381.9715168477,14299.6768893525,14216.4210914608,14123.2545697418,14031.0513214138,13955.9209486117,13886.8831547195,13822.943395478,13771.6181351785,13730.4643411049,13692.0968919957,13656.9164441765,13623.8195822541,13603.9227866,13591.807562099,13582.445703591,13580.3873347735,13578.1342340011,13575.687997845,13573.0500610007,13570.2217139999,13567.2041189799,13563.9983237077,,,,,,,,,,583.748,619.096,632.42,635.028,638.832,646.502,654.428,664.61,677.618,13533.0809724372,13686.9515767534,13892.466946164,13986.3492116976,14135.5684380776,14073.4574078523,13866.0680880432,13670.7823459153,13498.8307296072,13258.69546411,13073.0771592224,13002.0869111747,13013.8096381082,13061.9153649489,13110.0358100591,13159.7519454126,13212.1871259062,13267.9108128383,13327.2037161214,13390.1957880243,13456.9382450732,13527.4412714242,,,,,,,,,,,,,,,
,,,,,,,,,,,,,,,,,,,,,,,,,,,,,,,,,,,,,,,,,,,,,,,,,,,,,,,,,,,,,,,,,,,,,,,,,,,,,,,,,,,,,,,,,,,,,,,,,,,,,,,,,,,,,,,,,,,,,,,,,,,,,,,,,,,,,,,,,,,,,,,,,,,,,,,,,,,,,,,,,,,,,,,,,,
,,,,,,,,Period end share calculation:,,,,,,,,,,,,,,,,,,,,,,,,,,,,,,,,,,,,,,,,,,,,,,,,,,,,,,,,,,,,,,,,,,,,,,,,,,,,,,,,,,,,,,,,,,,,,,,,,,,,,,,,,,,,,,,,,,,,,,,,,,,,,,,,,,,,,,,,,,,,,,,,,,,,,,,,,,,,,,,,,,
,,,,,,,,BoP basic shares outstanding,,,,,,,,,,,,,,,,,,,,,,,,,,,,,,,,,,,,,,,,,,,,,,,,,,,,13433.28,13489.24,13518.1,13565.54,13603.44,13646.6,13709.8,13753.86,13746.96,13735.84,13735.56,13782.72,13825.86,13842.16,13857.52,13895.8,13895.66,13898.9,13918.92,13919.14,13911.12,13895.64,13881,13818.12,13825.3594255579,13832.5935554236,13737.8234923987,13641.0490803975,13554.2707597034,13447.4890081169,13346.7042067198,13261.9165595053,13177.1263484843,13086.0738430675,12960.4612627896,12829.6647890803,12702.9446104773,12553.144892807,12429.3437810656,12314.5414071119,12203.7378929779,12099.9333477915,12015.1278697553,11932.3215478891,11853.7364631146,11777.9286883545,11704.1202894804,11655.3113261607,11597.5018523986,11554.6919169746,11511.8815640098,11469.0708334255,11426.2597613255,11383.4483803536,11340.6367200355,11297.8248070769,,,,,,,,,,10676.68,11721.08,12359.88,12516.68,12604.56,12710.88,12852.04,12995.8,13199.16,13433.28,13603.44,13746.96,13825.86,13895.66,13911.12,13766.7,13504.44,13393.226236025,13179.3512649669,12933.9597142361,12830.3539234453,12812.551424421,12872.2654628939,12925.1780499416,12975.9795664224,13027.6485419822,13081.6777525698,13138.8058046061,13199.3887562612,13263.5888844643,13331.470565538,,,,,,,,,,,,,,,
,,,,,,,,Less: Share repurchases,,,,,,,,,,,,,,,,,,,,,,,,,,,,,,,,,,,,,,,,,,,,,,,,,,,,0,0,0,0,0,0,0,0,0,0,0,0,0,0,0,0,0,0,0,0,0,0,0,0,0,-102,-104,-94,-114,-108,-92,-92,-98.26,-132.818,-138,-133.922,-157,-131,-122,-118,-111,-92,-90,-85.778,-83,-81,-56,-65,-50,-50,-50,-50,-50,-50,-50,-50,,,,,,,,,,0,0,0,0,0,0,0,0,0,0,0,0,0,0,0,-300,-406,-503,-528,-378.778,-285,-200,-200,-196,-192.08,-188.2384,-184.473632,-180.78415936,-177.1684761728,-173.625106649344,-170.152604516357,,,,,,,,,,,,,,,
,,,,,,,,Add: RSUs vested,,,,,,,,,,,,,,,,,,,,,,,,,,,,,,,,,,,,,,,,,,,,,,,,,,,,2.436424,2.845245,2.741308,2.719763,2.617997,2.979745,2.724623,2.860241,0.829925323486583,0.868241675842871,0.87609773523651,0.889067600923778,7.14226100505902,7.21631182431042,7.22985740762261,7.23058821944037,7.20475461410811,7.22037801637038,7.22139456438537,7.21927885357606,7.21645151210998,7.21937573661045,7.21912516667046,7.21855781724174,7.21837755815816,7.2188590696702,7.21872990293514,7.21863108700131,7.2186494044412,7.21871736601196,7.2186819400974,7.21866994938797,7.21867966498463,7.21868723012049,7.21867969614763,7.21867913516018,7.21868143160323,7.21868187325788,7.21868053404223,7.21868074351588,7.21868114560481,7.2186810741052,7.21868087431703,7.21868095938573,7.21868101335319,7.21868098029029,7.21868095683656,7.21868097746644,7.21868098198662,7.21868097414498,7.21868097260865,7.21868097655167,7.21868097632298,7.21868097490707,7.21868097509759,7.21868097571983,,,,,,,,,,0,0.352629,0.570863,0.951551,1.290943,1.748951,2.691549,3.884811,10.208432,10.74274,11.182606,11.9225224123979,123.359653960198,152.137635723577,164.490263153381,168.002760983215,166.021392025032,160.610184941862,154.343605269257,147.157365209196,139.432656975692,132.199194472856,125.647743047681,119.786672480839,116.984131559762,115.752766587645,115.33684003626,115.352267015159,115.60376037585,115.991943723023,116.466166457544,,,,,,,,,,,,,,,
,,,,,,,,Add: Stock options exercised,,,,,,,,,,,,,,,,,,,,,,,,,,,,,,,,,,,,,,,,,,,,,,,,,,,,1.301382,0.306058,0.401941,0.319584,0.619179,0.523747,0.594061,0.335563,0.215121,0.28177,0.603785,0.298672200752236,0.276645773460188,0.280291921166438,0.209941004096889,0.189757107933855,0.133204431574309,0.093741818773058,0.0563953723048136,0.0478417535714896,0.0396495126729607,0.0329744303185589,0.0266198764444003,0.0208677406223784,0.0157523076076121,0.0110779053558568,0.00685809590305575,0.00304821892920571,-0.000400990949105586,-0.00351876310883709,-0.00632915462636196,-0.00888097037038847,-0.0111850818387202,-0.0132675079988084,-0.0151534054270489,-0.0168577381039481,-0.0183991019735892,-0.0197936145971687,-0.0210544878221532,-0.0221948775214515,-0.0232263319482461,-0.0241591102953814,-0.0250027405559401,-0.0257657338274136,-0.026455773451911,-0.0270798543968683,-0.0276442765397043,-0.0281547395992683,-0.0286164060168446,-0.0290339388995262,-0.0294115569272564,-0.0297530765585561,-0.0300619482421564,-0.0303412930047718,-0.0305939336246715,-0.030822422817525,,,,,,,,,,23.023172,16.256482,7.14586,3.07372,3.953142,5.036446,4.36271,4.818662,6.598552,2.328965,2.07255,1.44733161833988,1.01044047283347,0.705888192710618,0,0,0,0,0,0,0,0,0,0,0,0,0,0,0,0,0,,,,,,,,,,,,,,,
,,,,,,,,Other,,,,,,,,,,,,,,,,,,,,,,,,,,,,,,,,,,,,,,,,,,,,,,,,,,,,52.2221940000018,25.7086969999982,44.2967510000017,34.8606529999997,39.9228240000011,59.6965079999991,40.7413160000015,-10.0958040000023,-12.1650463234855,-1.43001167584043,45.6801172647629,0,0,0,0,0,0,0,0,0,0,0,0,0,0,0,0,0,0,0,0,0,0,0,0,0,0,0,0,0,0,0,0,0,0,0,0,0,0,0,0,0,0,0,0,0,,,,,,,,,,1021.376828,622.190889,149.083276999996,83.8547290000006,101.075914999999,134.374603,136.705741000002,194.656527000001,217.313016,157.088295000001,130.264843999999,130.014843999999,129.764843999999,129.514843999999,129.264843999999,129.014843999999,128.764843999999,128.514843999999,128.264843999999,128.014843999999,127.764843999999,127.514843999999,127.264843999999,127.014843999999,126.764843999999,126.514843999999,126.264843999999,126.014843999999,125.764843999999,125.514843999999,125.264843999999,,,,,,,,,,,,,,,
,,,,,,,,EoP basic shares outstanding,,,,,,,,,,,,,,,,,,,,,,,,,,,,,,,,,,,,,,,,,,,,,,,13199.16,13433.28,13325.36,13366.28,13433.28,13489.24,13518.1,13565.54,13603.44,13646.6,13709.8,13753.86,13746.96,13735.84,13735.56,13782.72,13825.86,13842.16,13857.52,13895.8,13895.66,13898.9,13918.92,13919.14,13911.12,13895.64,13881,13818.12,13825.3594255579,13832.5935554236,13737.8234923987,13641.0490803975,13554.2707597034,13447.4890081169,13346.7042067198,13261.9165595053,13177.1263484843,13086.0738430675,12960.4612627896,12829.6647890803,12702.9446104773,12553.144892807,12429.3437810656,12314.5414071119,12203.7378929779,12099.9333477915,12015.1278697553,11932.3215478891,11853.7364631146,11777.9286883545,11704.1202894804,11655.3113261607,11597.5018523986,11554.6919169746,11511.8815640098,11469.0708334255,11426.2597613255,11383.4483803536,11340.6367200355,11297.8248070769,11255.0126656298,,,,,,,,,10676.68,11721.08,12359.88,12516.68,12604.56,12710.88,12852.04,12995.8,13199.16,13433.28,13603.44,13746.96,13825.86,13895.66,13911.12,13766.7,13504.44,13393.226236025,13179.3512649669,12933.9597142361,12830.3539234453,12812.551424421,12872.2654628939,12925.1780499416,12975.9795664224,13027.6485419822,13081.6777525698,13138.8058046061,13199.3887562612,13263.5888844643,13331.470565538,13403.0489714791,,,,,,,,,,,,,,,
,,,,,,,,Dilutive Options,,,,,,,,,,,,,,,,,,,,,,,,,,,,,,,,,,,,,,,,,,,,,,,,,,,,4.838,4.014,3.947,4.095,3.344,3.048,2.642,2.903,3.312,3.134,2.869,2.055,1.419,1.258,1.07,1.192,0.898,0.713,0.604386318081563,0.50616697050917,0.417902811915552,0.337750195342006,0.265319615446412,0.199879015441436,0.140654675798067,0.0871106571261434,0.0386945394861099,-0.00509182596153216,-0.0446867208956282,-0.0804929075352126,-0.112883914005189,-0.14217396088603,-0.168664057743486,-0.192623595964447,-0.214291396732217,-0.233888097041469,-0.25161173614593,-0.267640767282562,-0.282137588687025,-0.295248611613808,-0.307106213911374,-0.317830306484793,-0.327529221847714,-0.33630094985114,-0.344234143569527,-0.351408955811825,-0.357897883792987,-0.363766498445038,-0.369074097315321,-0.373874311356051,-0.378215644990992,-0.382141964893833,-0.385692944762303,-0.388904465630909,-0.391808978301638,-0.394435831523307,,,,,,,,,,17.798,3.734,7.38,5.62,5.138,6.8,5.916,5.888,5.496,4.090620816786,2.85661858424341,1.99432044211029,1.39322136277798,0.972928415104766,0,0,0,0,0,0,0,0,0,0,0,0,0,0,0,0,0,,,,,,,,,,,,,,,
,,,,,,,,Dilutive Restricted Stock Units,,,,,,,,,,,,,,,,,,,,,,,,,,,,,,,,,,,,,,,,,,,,,,,,,,,,7.788,7.234,7.171,7.04,5.239,4.213,5.242,5.401,8.481,7.494,8.01,8.873,9.062,10.286,9.161,9.491,9.484,7.599,487.609439749813,533.77389528403,580.340780693598,627.233909105654,674.413811407744,721.691193573148,769.244480442778,817.044920043588,864.747601785524,912.313121279205,959.743321771778,1006.94961705279,1053.92660654316,1100.70396906081,1147.26449721859,1193.57293534122,1239.50450264043,1285.02662760507,1330.1377776619,1374.7509730709,1418.93683993776,1462.71510111236,1506.09122913329,1549.08170453769,1591.74350933062,1634.08053526976,1676.10445041152,1717.8228501185,1759.2412244893,1800.44108714383,1841.39424082785,1882.15081641877,1922.71259875457,1963.08119026049,2003.25803093204,2043.24441609715,2083.04151222804,2122.65037101191,,,,,,,,,,0.706,11.832,1.936,1.234,1.242,2.278,2.956,4.296,6.43,10.6303516204139,8.89495816911416,104.062625721922,124.195990334845,231.205509662449,234.547407852278,230.498088043179,221.949227902792,212.541979111198,202.039974508466,190.920340381628,180.634237241474,171.401194450735,163.193608531212,159.457001877136,157.937891210307,157.523978630236,157.669034250326,158.106435687736,158.706967661533,159.408520072086,160.181502915634,,,,,,,,,,,,,,,
,,,,,,,,Other,,,,,,,,,,,,,,,,,,,,,,,,,,,,,,,,,,,,,,,,,,,,,,,,,,,,239.874,213.712000000003,211.242000000002,179.824999999999,163.077000000003,137.959000000001,149.796,180.799351955307,226.060986928105,207.605952180027,205.203608695652,195.303125485125,206.035178343949,211.757650294696,197.971595262617,-3.66047126436933,195.771762010347,165.323652173911,165.323652173911,165.323652173911,165.323652173911,165.323652173911,165.323652173911,165.323652173911,165.323652173911,165.323652173911,165.323652173911,165.323652173911,165.323652173911,165.323652173911,165.323652173911,165.323652173911,165.323652173911,165.323652173911,165.323652173911,165.323652173911,165.323652173911,165.323652173911,165.323652173911,165.323652173911,165.323652173911,165.323652173911,165.323652173911,165.323652173911,165.323652173911,165.323652173911,165.323652173911,165.323652173911,165.323652173911,165.323652173911,165.323652173911,165.323652173911,165.323652173911,165.323652173911,165.323652173911,165.323652173911,,,,,,,,,,13.556,0.723999999999933,1.49199999999996,0.255999999999972,0.00999999999999091,0.0199999999999818,0,0,0,0,0,0,0,0,0,0,0,0,0,0,0,0,0,0,0,0,0,0,0,0,0,,,,,,,,,,,,,,,
,,,,,,,,Period end diluted shares,,,,,,,,,,,,,,,,,,,,,,,,,,,,,,,,,,,,,,,,,,,,,,,,,,,,13741.74,13743.06,13787.9,13794.4,13818.26,13855.02,13911.54,13936.0633519553,13973.6939869281,13953.79395218,13998.8026086957,14032.0911254851,14058.6761783439,14080.8216502947,14104.0025952626,13902.6825287356,14105.0537620103,14092.5556521739,14572.6774782418,14610.7237144285,14641.7223356794,14673.8953114749,14658.1227831971,14712.5741503204,14767.3023427161,14720.2791752733,14671.1590288964,14631.9024413306,14572.5112953417,14518.896983039,14481.0539343084,14443.0117957581,14398.4933284022,14319.1652267087,14234.2786524979,14153.0610021593,14048.3547109066,13969.1507655432,13898.5197616348,13831.4813976525,13771.0411228848,13729.2153961604,13689.0611801718,13652.8043496085,13619.0125567964,13586.915382817,13579.5183049402,13562.9028252179,13561.040735879,13558.9821582911,13556.728868709,13554.282461795,13551.6443705148,13548.8158838409,13545.7981625006,13542.5922529841,,,,,,,,,,11753.14,12376.17,12527.488,12611.67,12717.27,12861.138,13004.672,13209.344,13445.206,13618.1609724372,13758.7115767534,13931.916946164,14021.2492116976,14143.2984380776,14001.2474078523,13734.9380880432,13615.1754639278,13391.8932440781,13135.9996887446,13021.274263827,12993.1856616625,13043.6666573446,13088.3716584728,13135.4365682995,13185.5864331925,13239.2017312,13296.4748388564,13357.495191949,13422.2958521258,13490.87908561,13563.2304743948,,,,,,,,,,,,,,,
,,,,,,,,,,,,,,,,,,,,,,,,,,,,,,,,,,,,,,,,,,,,,,,,,,,,,,,,,,,,,,,,,,,,,,,,,,,,,,,,,,,,,,,,,,,,,,,,,,,,,,,,,,,,,,,,,,,,,,,,,,,,,,,,,,,,,,,,,,,,,,,,,,,,,,,,,,,,,,,,,,,,,,,,,,
,,,,,,,,(shares in millions),,,,,,,,,,,,,,,,,,,,,,,,,,,,,,,,,,,,,,,,,,,,,,,,,,,,,,,,,,,,,,,,,,,,,,,,,,,,,,,,,,,,,,,,,,,,,,,,,,,,,,,,,,,,,,,,,,,,,0.000999475867029826,0.00078180048254939,0.000854160234565384,0.000750648574542131,0.00194407182797337,0.000924869560565437,0.000930360005104248,0.00124601055725696,*2013 adjusted for stock split,,,,,,,,,,,,,,,,,,,,,,,,,,,,,,,,,,,,,
,,,,,,,,Stock Options BOP shares outstanding,,,,,,,,,,,,,,,,,,,,,,,,,,,,,,,,,,,,,,,,,,,,,,,,,,,,10.065726,8.748658,8.242023,7.571896,7.240419,6.617087,5.964635,5.237044,4.898983,4.6792,4.396157,3.791985,3.005923,2.661011,2.320935,1.976525,1.363107,0.995739000000005,0.586736000000005,0.497356536782478,0.416530692298276,0.343897088712602,0.277938567481331,0.218334600124218,0.164482768589126,0.115746370068801,0.0716843738002318,0.0318421869844633,-0.0041901228574552,-0.0367732228210624,-0.0662385506249381,-0.0928934869112889,-0.116996607453613,-0.138795616527606,-0.15851219944151,-0.176342884927174,-0.192469237735939,-0.207054226675062,-0.220244702990607,-0.232174306081166,-0.242963519472427,-0.252721278436894,-0.261546259054225,-0.269527609410998,-0.276745966496297,-0.283274283957099,-0.289178520472944,-0.294518334845952,-0.299347686159396,-0.303715371055265,-0.307665523068451,-0.311238057053908,-0.314469071408064,-0.317391214078621,-0.320034011986562,-0.322424169274603,,,,,,,,,,25.605501,18.589646,13.424872,12.892886,13.971438,12.776488,11.525422,9.807252,17.10279,10.065726,7.49182465641633,5.23179402392687,3.65252604193615,2.5516347334552,,,,,,,,,,,,,,,,,,,,,,,,,,,,,,,,
,,,,,,,,   Weighted Avg. Exercise Price,,,,,,,,,,,,,,,,,,,,,,,,,,,,,,,,,,,,,,,,,,,,,,,,,,,,,,,,,,,,,,,,,,,,,,,,,,,,,,,,,,,,,,,,,,,,,,,,,,,,,,,,,,,,,,,,,,,,,24.41,113.51,205.58,333.62,391.4,298.73,330.24,357.929470426578,202.989513692795,215.398019997763,220.235312318929,226.508428434376,232.278998632413,237.566528280086,,,,,,,,,,,,,,,,,,,,,,,,,,,,,,,,
,,,,,,,,Granted / Assumed in connection with acquisitions,,,,,,,,,,,,,,,,,,,,,,,,,,,,,,,,,,,,,,,,,,,,,,,,,,,,0,0,0,0,0,0,0,0,0,0,0,0,0,0,0,0,0,0,0,0,0,0,0,0,0,0,0,0,0,0,0,0,0,0,0,0,0,0,0,0,0,0,0,0,0,0,0,0,0,0,0,0,0,0,0,0,,,,,,,,,,5.335542,3.425848,3.408101,3.177238,9.260176,1.743195,0.718091,1.392191,0.003142,0,0,0,0,0,,,,,,,,,,,,,,,,,,,,,,,,,,,,,,,,
,,,,,,,,   Weighted Avg. Exercise Price,,,,,,,,,,,,,,,,,,,,,,,,,,,,,,,,,,,,,,,,,,,,,,,,,,,,,,,,,,,,,,,,,,,,,,,,,,,,,,,,,,,,,,,,,,,,,,,,,,,,,,,,,,,,,,,,,,,,,266.7,444.49,562.95,500.07,324.17,464.08,584.8,580.45,361.625,390.555,421.7994,455.543352,491.98682016,531.3457657728,,,,,,,,,,,,,,,,,,,,,,,,,,,,,,,,
,,,,,,,,Exercised,,,,,,,,,,,,,,,,,,,,,,,,,,,,,,,,,,,,,,,,,,,,,,,,,,,,-1.301382,-0.306058,-0.401941,-0.319584,-0.619179,-0.523747,-0.594061,-0.335563,-0.215121,-0.28177,-0.603785,-0.298672200752236,-0.276645773460188,-0.280291921166438,-0.209941004096889,-0.189757107933855,-0.133204431574309,-0.093741818773058,-0.0563953723048136,-0.0478417535714896,-0.0396495126729607,-0.0329744303185589,-0.0266198764444003,-0.0208677406223784,-0.0157523076076121,-0.0110779053558568,-0.00685809590305575,-0.00304821892920571,0.000400990949105586,0.00351876310883709,0.00632915462636196,0.00888097037038847,0.0111850818387202,0.0132675079988084,0.0151534054270489,0.0168577381039481,0.0183991019735892,0.0197936145971687,0.0210544878221532,0.0221948775214515,0.0232263319482461,0.0241591102953814,0.0250027405559401,0.0257657338274136,0.026455773451911,0.0270798543968683,0.0276442765397043,0.0281547395992683,0.0286164060168446,0.0290339388995262,0.0294115569272564,0.0297530765585561,0.0300619482421564,0.0303412930047718,0.0305939336246715,0.030822422817525,,,,,,,,,,-11.511586,-8.128241,-3.57293,-1.53686,-1.976571,-2.518223,-2.181355,-2.409331,-6.598552,-2.328965,-2.07255,-1.44733161833988,-1.01044047283347,-0.705888192710618,,,,,,,,,,,,,,,,,,,,,,,,,,,,,,,,
,,,,,,,,   Weighted Avg. Exercise Price,,,,,,,,,,,,,,,,,,,,,,,,,,,,,,,,,,,,,,,,,,,,,,,,,,,,,,,,,,,,,,,,,,,,,,,,,,,,,,,,,,,,,,,,,,,,,,,,,,,,,,,,,,,,,,,,,,,,,11.79,66.2,51.86,58.66,179.13,259.95,284,305.81,177.78,188.647478870045,192.884021995905,198.378072219071,203.431988311306,208.062853244486,,,,,,,,,,,,,,,,,,,,,,,,,,,,,,,,
,,,,,,,,Canceled / Expired,,,,,,,,,,,,,,,,,,,,,,,,,,,,,,,,,,,,,,,,,,,,,,,,,,,,-0.015686,-0.200577,-0.268186,-0.011893,-0.004153,-0.128705,-0.13353,-0.00249799999999999,-0.004662,-0.001273,-0.000387,-0.487389799247764,-0.0682662265398119,-0.0597840788335625,-0.134468995903111,-0.423660892066145,-0.234163568425691,-0.315261181226942,-0.0329840909127128,-0.0329840909127128,-0.0329840909127128,-0.0329840909127128,-0.0329840909127128,-0.0329840909127128,-0.0329840909127128,-0.0329840909127128,-0.0329840909127128,-0.0329840909127128,-0.0329840909127128,-0.0329840909127128,-0.0329840909127128,-0.0329840909127128,-0.0329840909127128,-0.0329840909127128,-0.0329840909127128,-0.0329840909127128,-0.0329840909127128,-0.0329840909127128,-0.0329840909127128,-0.0329840909127128,-0.0329840909127128,-0.0329840909127128,-0.0329840909127128,-0.0329840909127128,-0.0329840909127128,-0.0329840909127128,-0.0329840909127128,-0.0329840909127128,-0.0329840909127128,-0.0329840909127128,-0.0329840909127128,-0.0329840909127128,-0.0329840909127128,-0.0329840909127128,-0.0329840909127128,-0.0329840909127128,,,,,,,,,,-0.839811,-0.462381,-0.367157,-0.561826,-8.478555,-0.476038,-0.254906,-0.238717,-0.441654,-0.244936343583676,-0.187480632489453,-0.131936363650851,-0.090450835647479,-0.0638631993947177,,,,,,,,,,,,,,,,,,,,,,,,,,,,,,,,
,,,,,,,,   Weighted Avg. Exercise Price,,,,,,,,,,,,,,,,,,,,,,,,,,,,,,,,,,,,,,,,,,,,,,,,,,,,,,,,,,,,,,,,,,,,,,,,,,,,,,,,,,,,,,,,,,,,,,,,,,,,,,,,,,,,,,,,,,,,,49.3,103.06,264.11,450.19,507.74,357.52,377.73,460.45,297.96,321.7968,347.540544,375.34378752,405.3712905216,437.800993763328,,,,,,,,,,,,,,,,,,,,,,,,,,,,,,,,
,,,,,,,,Stock Options EOP shares outstanding,,,,,,,,,,,,,,,,,,,,,,,,,,,,,,,,,,,,,,,,,,,,,,,,,,,,8.748658,8.242023,7.571896,7.240419,6.617087,5.964635,5.237044,4.898983,4.6792,4.396157,3.791985,3.005923,2.661011,2.320935,1.976525,1.363107,0.995739000000005,0.586736000000005,0.497356536782478,0.416530692298276,0.343897088712602,0.277938567481331,0.218334600124218,0.164482768589126,0.115746370068801,0.0716843738002318,0.0318421869844633,-0.0041901228574552,-0.0367732228210624,-0.0662385506249381,-0.0928934869112889,-0.116996607453613,-0.138795616527606,-0.15851219944151,-0.176342884927174,-0.192469237735939,-0.207054226675062,-0.220244702990607,-0.232174306081166,-0.242963519472427,-0.252721278436894,-0.261546259054225,-0.269527609410998,-0.276745966496297,-0.283274283957099,-0.289178520472944,-0.294518334845952,-0.299347686159396,-0.303715371055265,-0.307665523068451,-0.311238057053908,-0.314469071408064,-0.317391214078621,-0.320034011986562,-0.322424169274603,-0.324585837369791,,,,,,,,,,18.589646,13.424872,12.892886,13.971438,12.776488,11.525422,9.807252,8.551395,10.065726,7.49182465641633,5.23179402392687,3.65252604193615,2.5516347334552,1.78188334134986,,,,,,,,,,,,,,,,,,,,,,,,,,,,,,,,
,,,,,,,,   Weighted Avg. Exercise Price,,,,,,,,,,,,,,,,,,,,,,,,,,,,,,,,,,,,,,,,,,,,,,,,,,,,,,,,,,,,,,,,,,,,,,,,,,,,,,,,,,,,,,,,,,,,,,,,,,,,,,,,,,,,,,,,,,,,,100.641779277023,226.975970789144,340.979797590702,397.030382945549,298.307908103541,329.783761603697,357.929470426578,405.97902738559,215.398019997763,220.235312318929,226.508428434376,232.278998632413,237.566528280086,242.077868651145,,,,,,,,,,,,,,,,,,,,,,,,,,,,,,,,
,,,,,,,,Vested and Exercisable,,,,,,,,,,,,,,,,,,,,,,,,,,,,,,,,,,,,,,,,,,,,,,,,,,,,,,,,,,,,,,,,,,,,,,,,,,,,,,,,,,,,,,,,,,,,,,,,,,,,,,,,,,,,,,,,,,,,,,2.841706,4.405716,7.026688,5.709255,6.00433,6.244783,6.023559,7.591822,,,,,,,,,,,,,,,,,,,,,,,,,,,,,,,,,,,,,
,,,,,,,,   Weighted Avg. Exercise Price,,,,,,,,,,,,,,,,,,,,,,,,,,,,,,,,,,,,,,,,,,,,,,,,,,,,,,,,,,,,,,,,,,,,,,,,,,,,,,,,,,,,,,,,,,,,,,,,,,,,,,,,,,,,,,,,,,,,,,104.05,211.1,295.02,262.19,283.46,314.38,3.5144,189.8,,,,,,,,,,,,,,,,,,,,,,,,,,,,,,,,,,,,,
,,,,,,,,Vested and Exercisable and expected to vest,,,,,,,,,,,,,,,,,,,,,,,,,,,,,,,,,,,,,,,,,,,,,,,,,,,,,,,,,,,,,,,,,,,,,,,,,,,,,,,,,,,,,,,,,,,,,,,,,,,,,,,,,,,,,,,,,,,,,,12.824806,12.001757,13.388416,12.076836,10.950756,9.437288,8.218732,9.761436,,,,,,,,,,,,,,,,,,,,,,,,,,,,,,,,,,,,,
,,,,,,,,   Weighted Avg. Exercise Price,,,,,,,,,,,,,,,,,,,,,,,,,,,,,,,,,,,,,,,,,,,,,,,,,,,,,,,,,,,,,,,,,,,,,,,,,,,,,,,,,,,,,,,,,,,,,,,,,,,,,,,,,,,,,,,,,,,,,,204.17,330.7,387.33,296.99,327.58,354.92,400.72,213.165,,,,,,,,,,,,,,,,,,,,,,,,,,,,,,,,,,,,,
,,,,,,,,% of outstanding shares in dilutive share count,,,,,,,,,,,,,,,,,,,,,,,,,,,,,,,,,,,,,,,,,,,,,,,,,,,,0.552999099976248,0.487016355086609,0.52126970576458,0.565575003325084,0.505358324592075,0.511011989836763,0.504483063346422,0.592571968508566,0.707813301419045,0.712895376575495,0.75659581986743,0.683650246529934,0.53325596925379,0.542022934722428,0.541354144268349,0.874472803675717,0.901842751966124,1.21519729486514,1.21519729486514,1.21519729486514,1.21519729486514,1.21519729486514,1.21519729486514,1.21519729486514,1.21519729486514,1.21519729486514,1.21519729486514,1.21519729486514,1.21519729486514,1.21519729486514,1.21519729486514,1.21519729486514,1.21519729486514,1.21519729486514,1.21519729486514,1.21519729486514,1.21519729486514,1.21519729486514,1.21519729486514,1.21519729486514,1.21519729486514,1.21519729486514,1.21519729486514,1.21519729486514,1.21519729486514,1.21519729486514,1.21519729486514,1.21519729486514,1.21519729486514,1.21519729486514,1.21519729486514,1.21519729486514,1.21519729486514,1.21519729486514,1.21519729486514,1.21519729486514,,,,,,,,,,,0.139070227261757,0.286204345559249,0.201124608648015,0.201072469993319,0.295000044250007,0.301613540673779,0.344271314797176,0.546011286220189,0.546011286220189,0.546011286220189,0.546011286220189,0.546011286220189,0.546011286220189,0.546011286220189,0.546011286220189,0.546011286220189,0.546011286220189,0.546011286220189,0.546011286220189,0.546011286220189,0.546011286220189,0.546011286220189,0.546011286220189,0.546011286220189,0.546011286220189,0.546011286220189,0.546011286220189,0.546011286220189,0.546011286220189,0.546011286220189,,,,,,,,,,,,,,,
,,,,,,,,,,,,,,,,,,,,,,,,,,,,,,,,,,,,,,,,,,,,,,,,,,,,,,,,,,,,,,,,,,,,,,,,,,,,,,,,,,,,,,,,,,,,,,,,,,,,,,,,,,,,,,,,,,,,,,,,,,,,,,,,,,,,,,,,,,,,,,,,,,,,,,,,,,,,,,,,,,,,,,,,,,
,,,,,,,,Incremental Stock Option Liability,,,,,,,,,,,,,,,,,,,,,,,,,,,,,,,,,,,,,,,,,,,,,,,,,,,,,,,,,,,,,,,,,,,,,,,,,,,,,,,,,,,,,,,,,,,,,,,,,,,,,,,,,,,,,,,,,,,,,,,,,,,150.84937637,270.46094557,0.67361338,0,0,0,0,0,0,0,0,0,0,0,0,0,0,0,0,0,0,0,0,0,0,,,,,,,,,,,,,,,
,,,,,,,,   Weighted Avg. Estimated FV,,,,,,,,,,,,,,,,,,,,,,,,,,,,,,,,,,,,,,,,,,,,,,,,,,,,,,,,,,,,,,,,,,,,,,,,,,,,,,,,,,,,,,,,,,,,,,,,,,,,,,,,,,,,,,,,,,,,,,,,,,,210.07,194.27,214.39,231.5412,250.064496,270.06965568,291.6752281344,315.009246385152,340.209986095964,367.426784983641,396.820927782333,428.566602004919,462.851930165313,499.880084578538,539.870491344821,583.060130652407,629.7049411046,680.081336392968,734.487843304405,793.246870768757,856.706620430258,925.243150064679,999.262602069853,1079.20361023544,1165.53989905428,,,,,,,,,,,,,,,
,,,,,,,,   Weighted Avg. Period to be Recognized,,,,,,,,,,,,,,,,,,,,,,,,,,,,,,,,,,,,,,,,,,,,,,,,,,,,,,,,,,,,,,,,,,,,,,,,,,,,,,,,,,,,,,,,,,,,,,,,,,,,,,,,,,,,,,,,,,,,,,,,,,,5.9,5.2,5.8,5.63333333333333,5.54444444444444,5.65925925925926,5.61234567901235,5.60534979423868,5.62565157750343,5.61444901691815,5.61515012955342,5.61841690799167,5.61600535148775,5.61652412967761,5.61698212971901,5.61650387029479,5.61667004323047,5.61671868108142,5.61663086486889,5.6166731963936,5.61667424744797,5.61665943623682,5.61666896002613,5.61666754790364,5.6166653147222,,,,,,,,,,,,,,,
,,,,,,,,"Incremental Stock Option Liability, annualized",,,,,,,,,,,,,,,,,,,,,,,,,,,,,,,,,,,,,,,,,,,,,,,,,,,,,,,,,,,,,,,,,,,,,,,,,,,,,,,,,,,,,,,,,,,,,,,,,,,,,,,,,,,,,,,,,,,,,,,,,,,25.5676909101695,52.0117203019231,0.116140237931034,0,0,0,0,0,0,0,0,0,0,0,0,0,0,0,0,0,0,0,0,0,0,,,,,,,,,,,,,,,
,,,,,,,,,,,,,,,,,,,,,,,,,,,,,,,,,,,,,,,,,,,,,,,,,,,,,,,,,,,,,,,,,,,,,,,,,,,,,,,,,,,,,,,,,,,,,,,,,,,,,,,,,,,,,,,,,,,,,,,,,,,,,,,,,,,,,*2013 adjusted for stock split,,,,,,,,,,,,,,,,,,,,,,,,,,,,,,,,,,,,,
,,,,,,,,Unvested RSUs BOP shares outstanding,,,,,,,,,,,,,,,,,,,,,,,,,,,,,,,,,,,,,,,,,,,,,,,,21.989854,20.250688,25.661334,23.656572,21.95396,21.202878,19.071808,26.750408,24.619549,22.855772,20.138186,27.656149,25.741186,93.2717194386885,160.708336525021,228.135697551959,295.785888713211,357.373817536707,418.969195540953,480.627827961886,542.477129571001,604.351564785449,666.226576597635,728.200671861805,790.177982836785,852.118021153231,913.977735245176,975.764499907062,1037.23743191838,1098.74674131656,1160.29173985257,1221.36301724018,1281.95052138372,1342.10411560635,1401.72373310948,1460.83946203154,1519.53126470823,1577.79910661423,1635.611678428,1692.79619487436,1749.32672951315,1805.22366096249,1860.37159338183,1914.90052158167,1968.85543770227,2022.25633585011,2075.13821134352,2127.59605964653,2179.63987625515,2231.29076738592,2282.56261967596,2333.46542999508,2384.12419547698,2434.49391358554,2484.64958202482,2534.59119870082,2584.31876171995,2633.83226937881,2683.13172013423,2732.21711258786,,,,,,,,,,,1.023386,1.771037,2.990222,3.268089,4.626487,6.671971,8.822648,21.989854,21.95396,26.2332623704139,27.9690314191142,289.38926832094,356.899502168908,385.877516446621,394.117481008151,389.469389880498,376.775245496494,362.074483552761,345.216291378921,327.094907345145,310.125936097884,294.756893842113,281.007415236547,274.432937759074,271.544280107424,270.568558495726,270.604748627531,271.194726608999,272.105365470297,273.21784403001,,,,,,,,,,,,,,,
,,,,,,,,   Weighted Avg. Grant Price,,,,,,,,,,,,,,,,,,,,,,,,,,,,,,,,,,,,,,,,,,,,,,,,,,,,,,,,,,,,,,,,,,,,,,,,,,,,,,,,,,,,,,,,,,,,,,,,,,,,,,,,,,,,,,,,,,,,,,271.85,369.54,526.92,514.56,492.42,509.04,518.689087030334,282.48162796306,358.330410711325,500.536755495873,583.124962115674,583.861239828423,669.40394117055,764.713961468336,870.882885050265,989.28367825763,1121.24237303659,1265.28484412976,1423.65033663454,1597.66491874527,1785.07462860164,1985.16263964697,2197.53629810595,2401.7751759701,2604.57282142341,2810.75701298521,3023.44050996522,3244.56316837731,3475.3467888391,3716.59190323123,,,,,,,,,,,,,,,
,,,,,,,,Granted,,,,,,,,,,,,,,,,,,,,,,,,,,,,,,,,,,,,,,,,,,,,,,,,0.707586,8.820604,0.844028000000001,1.055476,1.905174,1.101543,10.941966,1.57166,1.233138,0.880125,11.003376,1.299101,68.7348,68.6792,68.6778,68.9136,69.1293,69.2108,69.2876,69.479,69.4783,69.4945,69.5946,69.5957,69.5556,69.4782,69.405,69.0906,69.1267971277893,69.1629677771181,68.6891174619933,68.2052454019875,67.7713537985171,67.2374450405846,66.7335210335991,66.3095827975264,65.8856317424215,65.4303692153373,64.8023063139479,64.1483239454015,63.5147230523867,62.7657244640349,62.1467189053282,61.5727070355593,61.0186894648893,60.4996667389575,60.0756393487766,59.6616077394454,59.2686823155732,58.8896434417727,58.5206014474022,58.2765566308037,57.987509261993,57.7734595848728,57.5594078200491,57.3453541671275,57.1312988066274,56.9172419017678,56.7031836001774,56.4891240353847,,,,,,,,,,,1.155925,1.870558,1.520576,2.991909,4.134758,5.260421,6.704261,11.427694,15.520343,14.41574,274.9392,207.3879,201.48707,194.75568,185.85045,175.55772,167.415327950313,158.152215179603,148.740536713716,141.133893157899,134.531789956421,128.722654628939,129.251780499416,129.759795664224,130.276485419822,130.816777525698,131.388058046061,131.993887562612,132.635888844643,133.31470565538,,,,,,,,,,,,,,,
,,,,,,,,   Weighted Avg. Grant Price,,,,,,,,,,,,,,,,,,,,,,,,,,,,,,,,,,,,,,,,,,,,,,,,387.82,441.841786025084,441.762464041477,485.518354420185,594.91,518.482592263761,576.56,573.71,527.84,530.61,530.39,546.46,551.9246,557.443846,563.01828446,568.6484673046,574.334951977646,580.078301497422,585.879084512397,591.737875357521,597.655254111096,603.631806652207,609.668124718729,615.764805965916,621.922454025576,628.141678565831,634.42309535149,640.767326305004,647.174999568054,653.646749563735,660.183217059372,666.785049229966,673.452899722266,680.187428719488,686.989303006683,693.85919603675,700.797787997118,707.805765877089,714.88382353586,722.032661771218,729.252988388931,736.54551827282,743.910973455548,751.350083190104,758.863584022005,766.452219862225,774.116742060847,781.857909481455,789.67648857627,797.573253462033,805.548985996653,813.60447585662,821.740520615186,829.957925821338,838.257505079551,846.640080130347,855.10648093165,863.657545740967,872.294121198376,881.01706241036,,,,,,,,,,,434.36,618.61,473.43,463.5,518.18,531.2,603.57,444.025,574.401925912978,531.633479604238,574.164157972577,620.097290610383,669.705073859214,723.281479767951,781.143998149388,843.635518001339,911.126359441446,984.016468196762,1062.7377856525,1147.7568085047,1239.57735318508,1338.74354143989,1445.84302475508,1561.51046673548,1686.43130407432,1821.34580840027,1967.05347307229,2124.41775091807,2294.37117099152,2477.92086467084,,,,,,,,,,,,,,,
,,,,,,,,Dilution from shares granted (% of BoY basic),,,,,,,,,,,,,,,,,,,,,,,,,,,,,,,,,,,,,,,,,,,,,,,,,,,,0.000567299721289216,0.000326643458045079,0.00323772305279588,0.000463427183879152,0.000362595931617297,0.000257976345756452,0.0032103680578856,0.000377814228151225,0.02,0.02,0.02,0.02,0.02,0.02,0.02,0.02,0.02,0.02,0.02,0.02,0.02,0.02,0.02,0.02,0.02,0.02,0.02,0.02,0.02,0.02,0.02,0.02,0.02,0.02,0.02,0.02,0.02,0.02,0.02,0.02,0.02,0.02,0.02,0.02,0.02,0.02,0.02,0.02,0.02,0.02,0.02,0.02,0.02,0.02,0.02,0.02,,,,,,,,,,,0.000197238650363277,0.000302682226688285,0.000242967943576092,0.000474734381842762,0.00065058564001863,0.000818612609360071,0.00103175810646517,0.000865789489634189,0.00115536510814931,0.00105971283734114,0.02,0.015,0.0145,0.014,0.0135,0.013,0.0125,0.012,0.0115,0.011,0.0105,0.01,0.01,0.01,0.01,0.01,0.01,0.01,0.01,0.01,,,,,,,,,,,,,,,
,,,,,,,,Vested,,,,,,,,,,,,,,,,,,,,,,,,,,,,,,,,,,,,,,,,,,,,,,,,-2.224104,-2.92406,-2.508238,-2.55203,-2.436424,-2.845245,-2.741308,-2.719763,-2.617997,-2.979745,-2.724623,-2.860241,-0.829925323486583,-0.868241675842871,-0.87609773523651,-0.889067600923778,-7.14226100505902,-7.21631182431042,-7.22985740762261,-7.23058821944037,-7.20475461410811,-7.22037801637038,-7.22139456438537,-7.21927885357606,-7.21645151210998,-7.21937573661045,-7.21912516667046,-7.21855781724174,-7.21837755815816,-7.2188590696702,-7.21872990293514,-7.21863108700131,-7.2186494044412,-7.21871736601196,-7.2186819400974,-7.21866994938797,-7.21867966498463,-7.21868723012049,-7.21867969614762,-7.21867913516018,-7.21868143160323,-7.21868187325788,-7.21868053404223,-7.21868074351588,-7.21868114560481,-7.2186810741052,-7.21868087431703,-7.21868095938573,-7.21868101335319,-7.21868098029029,-7.21868095683656,-7.21868097746644,-7.21868098198662,-7.21868097414498,-7.21868097260865,-7.21868097655167,-7.21868097632298,-7.21868097490707,-7.21868097509759,-7.21868097571983,,,,,,,,,,,-0.352629,-0.570863,-0.951551,-1.290943,-1.748951,-2.691549,-3.884811,-10.208432,-9.98793341851681,-11.182606,-11.9225224123979,-123.359653960198,-152.137635723577,-164.490263153381,-168.002760983215,-166.021392025032,-160.610184941862,-154.343605269257,-147.157365209196,-139.432656975692,-132.199194472856,-125.647743047681,-119.786672480839,-116.984131559762,-115.752766587645,-115.33684003626,-115.352267015159,-115.60376037585,-115.991943723023,-116.466166457544,,,,,,,,,,,,,,,
,,,,,,,,   Weighted Avg. Exercise Price,,,,,,,,,,,,,,,,,,,,,,,,,,,,,,,,,,,,,,,,,,,,,,,,,,,,,,,,,,,,,,,,,,,,,,,,,,,,,,,,,,,,,,,,,,,,,,,,,,,,,,,,,,,,,,,,,,,,,,302.9,362.81,481.94,464.62,493.32,516.22,530.15,296.595,323.28855,352.3845195,384.099126255,418.66804761795,456.348171903566,497.419507374887,542.187263038627,590.984116712103,644.172687216192,702.14822906565,765.341569681558,834.222310952898,909.302318938659,991.139527643139,1080.34208513102,1177.57287279281,1283.55443134417,1399.07433016514,1524.99101988,1662.24021166921,1811.84183071943,1974.90759548418,,,,,,,,,,,,,,,
,,,,,,,,% BoP RSUs vested,,,,,,,,,,,,,,,,,,,,,,,,,,,,,,,,,,,,,,,,,,,,,,,,,,,,,0.129600536759655,0.129289429482167,0.14260645870596,0.0978675540201106,0.121031664714898,0.119209405834115,0.142030717165886,0.120034835433752,0.125576655787163,0.126712903555229,0.128588777985507,0.125228293190413,0.126526657629578,0.126764158090182,0.12677697172392,0.126324020158523,0.126597951900551,0.126615775468294,0.126578679812822,0.126529106835047,0.126580378504178,0.126575985155085,0.126566037576783,0.126562877017774,0.126571319563455,0.126569054828274,0.126567322246572,0.126567643414019,0.12656883501308,0.126568213875486,0.126568003637289,0.126568173984969,0.126568306627706,0.126568174531362,0.126568164695332,0.126568204959842,0.126568212703561,0.126568189222524,0.126568192895315,0.12656819994531,0.126568198691677,0.126568195188707,0.126568196680252,0.126568197626487,0.126568197046781,0.126568196635557,0.126568196997269,0.126568197076523,0.126568196939032,0.126568196912095,0.12656819698123,0.12656819697722,0.126568196952394,0.126568196955735,0.126568196966645,,,,,,,,,,,0.344570865733946,0.32233262207396,0.318220854505117,0.395014640054172,0.378030025805757,0.403411375738893,0.440322565288789,0.464233732520461,0.454949057870052,0.426275841795865,0.426275841795865,0.426275841795865,0.426275841795865,0.426275841795865,0.426275841795865,0.426275841795865,0.426275841795865,0.426275841795865,0.426275841795865,0.426275841795865,0.426275841795865,0.426275841795865,0.426275841795865,0.426275841795865,0.426275841795865,0.426275841795865,0.426275841795865,0.426275841795865,0.426275841795865,0.426275841795865,,,,,,,,,,,,,,,
,,,,,,,,Canceled / Expired,,,,,,,,,,,,,,,,,,,,,,,,,,,,,,,,,,,,,,,,,,,,,,,,-0.222648,-0.485898,-0.340552,-0.206058,-0.219832,-0.387368,-0.522058,-0.982756,-0.378918,-0.617966,-0.76079,-0.353823,-0.374341237824945,-0.374341237824945,-0.374341237824945,-0.374341237824945,-0.399110171444177,-0.399110171444177,-0.399110171444177,-0.399110171444177,-0.399110171444177,-0.399110171444177,-0.399110171444177,-0.399110171444177,-0.399110171444177,-0.399110171444177,-0.399110171444177,-0.399110171444177,-0.399110171444177,-0.399110171444177,-0.399110171444177,-0.399110171444177,-0.399110171444177,-0.399110171444177,-0.399110171444177,-0.399110171444177,-0.399110171444177,-0.399110171444177,-0.399110171444177,-0.399110171444177,-0.399110171444177,-0.399110171444177,-0.399110171444177,-0.399110171444177,-0.399110171444177,-0.399110171444177,-0.399110171444177,-0.399110171444177,-0.399110171444177,-0.399110171444177,-0.399110171444177,-0.399110171444177,-0.399110171444177,-0.399110171444177,-0.399110171444177,-0.399110171444177,-0.399110171444177,-0.399110171444177,-0.399110171444177,-0.399110171444177,,,,,,,,,,,-0.055645,-0.08051,-0.291158,-0.342568,-0.340323,-0.418195,-0.647171,-1.255156,-1.25310721106925,-1.49736495129978,-1.59644068577671,-16.5180121918334,-20.3714199987102,-22.0254522850891,-22.4957801444369,-22.2304723589728,-21.5059049521837,-20.6668020841862,-19.7045555382951,-18.6702074294674,-17.7016377393354,-16.824390186824,-16.0395854960494,-15.6643217561121,-15.4994404438754,-15.4437473576342,-15.4458130494335,-15.4794883254634,-15.5314665619079,-15.5949655800957,,,,,,,,,,,,,,,
,,,,,,,,   Weighted Avg. Exercise Price,,,,,,,,,,,,,,,,,,,,,,,,,,,,,,,,,,,,,,,,,,,,,,,,,,,,,,,,,,,,,,,,,,,,,,,,,,,,,,,,,,,,,,,,,,,,,,,,,,,,,,,,,,,,,,,,,,,,,,341.56,396.85,520.07,464.62,474.24,538.01,543.04,311.81,336.7548,363.695184,392.79079872,424.2140626176,458.151187627008,494.803282637169,534.387545248142,577.138548867994,623.309632777433,673.174403399628,727.028355671598,785.190624125326,848.005874055353,915.846343979781,989.114051498163,1068.24317561802,1153.70262966746,1245.99884004085,1345.67874724412,1453.33304702365,1569.59969078555,1695.16766604839,,,,,,,,,,,,,,,
,,,,,,,,% BoP shares cancelled,,,,,,,,,,,,,,,,,,,,,,,,,,,,,,,,,,,,,,,,,,,,,,,,,,,,,,,,,,,,,,,,,,,,,,,,,,,,,,,,,,,,,,,,,,,,,,,,,,,,,,,,,,,,,,,,,,,,,,0.0543734231267577,0.045459242240563,0.0973700280447405,0.104822114697611,0.0735597009134577,0.0626793791519777,0.0733533741797247,0.0570788691912188,0.0570788691912188,0.0570788691912188,0.0570788691912188,0.0570788691912188,0.0570788691912188,0.0570788691912188,0.0570788691912188,0.0570788691912188,0.0570788691912188,0.0570788691912188,0.0570788691912188,0.0570788691912188,0.0570788691912188,0.0570788691912188,0.0570788691912188,0.0570788691912188,0.0570788691912188,0.0570788691912188,0.0570788691912188,0.0570788691912188,0.0570788691912188,0.0570788691912188,,,,,,,,,,,,,,,
,,,,,,,,Unvested RSUs EOP shares outstanding,,,,,,,,,,,,,,,,,,,,,,,,,,,,,,,,,,,,,,,,,,,,,,,,20.250688,25.661334,23.656572,21.95396,21.202878,19.071808,26.750408,24.619549,22.855772,20.138186,27.656149,25.741186,93.2717194386885,160.708336525021,228.135697551959,295.785888713211,357.373817536707,418.969195540953,480.627827961886,542.477129571001,604.351564785449,666.226576597635,728.200671861805,790.177982836785,852.118021153231,913.977735245176,975.764499907062,1037.23743191838,1098.74674131656,1160.29173985257,1221.36301724018,1281.95052138372,1342.10411560635,1401.72373310948,1460.83946203154,1519.53126470823,1577.79910661423,1635.611678428,1692.79619487436,1749.32672951315,1805.22366096249,1860.37159338183,1914.90052158167,1968.85543770227,2022.25633585011,2075.13821134352,2127.59605964653,2179.63987625515,2231.29076738592,2282.56261967596,2333.46542999508,2384.12419547698,2434.49391358554,2484.64958202482,2534.59119870082,2584.31876171995,2633.83226937881,2683.13172013423,2732.21711258786,2781.08844547608,,,,,,,,,,,1.771037,2.990222,3.268089,4.626487,6.671971,8.822648,10.994927,21.95396,26.2332623704139,27.9690314191142,289.38926832094,356.899502168908,385.877516446621,394.117481008151,389.469389880498,376.775245496494,362.074483552761,345.216291378921,327.094907345145,310.125936097884,294.756893842113,281.007415236547,274.432937759074,271.544280107424,270.568558495726,270.604748627531,271.194726608999,272.105365470297,273.21784403001,274.47141764775,,,,,,,,,,,,,,,
,,,,,,,,   Weighted Avg. Exercise Price,,,,,,,,,,,,,,,,,,,,,,,,,,,,,,,,,,,,,,,,,,,,,,,,,,,,,,,,,,,,,,,,,,,,,,,,,,,,,,,,,,,,,,,,,,,,,,,,,,,,,,,,,,,,,,,,,,,,,,369.544869361849,525.897307567799,515.739027278633,499.172658762469,509.075405474634,518.689087030334,564.96325592612,358.330410711325,500.536755495873,583.124962115674,583.861239828423,669.40394117055,764.713961468336,870.882885050265,989.28367825763,1121.24237303659,1265.28484412976,1423.65033663454,1597.66491874527,1785.07462860164,1985.16263964697,2197.53629810595,2401.7751759701,2604.57282142341,2810.75701298521,3023.44050996522,3244.56316837731,3475.3467888391,3716.59190323123,3968.85230829656,,,,,,,,,,,,,,,
,,,,,,,,Vested and outstanding,,,,,,,,,,,,,,,,,,,,,,,,,,,,,,,,,,,,,,,,,,,,,,,,,,,,,,,,,,,,,,,,,,,,,,,,,,,,,,,,,,,,,,,,,,,,,,,,,,,,,,,,,,,,,,,,,,,,,,1.670619,2.795858,3.005008,4.168465,5.978086,7.903328,9.547995,19.253622,23.0065699995251,24.5288393824963,253.794376190352,313.000848445945,338.41456575315,345.641014328309,341.56463860414,330.431874511327,317.539306902722,302.754673072722,286.862220034493,271.980432961745,258.501783547487,246.443491386589,240.677674914354,238.144322274909,237.288614462339,237.320353206414,237.837763871438,238.636394114636,239.612037764884,240.71142177511,,,,,,,,,,,,,,,
,,,,,,,,   Weighted Avg. Exercise Price,,,,,,,,,,,,,,,,,,,,,,,,,,,,,,,,,,,,,,,,,,,,,,,,,,,,,,,,,,,,,,,,,,,,,,,,,,,,,,,,,,,,,,,,,,,,,,,,,,,,,,,,,,,,,,,,,,,,,,369.54,526.92,514.56,492.42,509.04,520.27,566.32,359.195,501.744464092335,584.531941766671,585.269995990163,671.019097071452,766.55908395926,872.984174786211,991.670648623848,1123.94773690401,1268.33775756009,1427.08535860052,1601.51980779277,1789.38170485652,1989.9524936566,2202.83857301208,2407.5702439545,2610.85720504161,2817.53888338708,3030.73554885035,3252.39173798222,3483.73219939384,3725.55939651078,3978.42846229162,,,,,,,,,,,,,,,
,,,,,,,,,,,,,,,,,,,,,,,,,,,,,,,,,,,,,,,,,,,,,,,,,,,,,,,,,,,,,,,,,,,,,,,,,,,,,,,,,,,,,,,,,,,,,,,,,,,,,,,,,,,,,,,,,,,,,,,,,,,,,,,,,,,,,,,,,,,,,,,,,,,,,,,,,,,,,,,,,,,,,,,,,,
,,,,,,,,Avg RSUs granted per employee,,,,,,,,,,,,,,,,,,,,,,,,,,,,,,,,,,,,,,,,,,,,,,,,,,,,,,,,,,,,,,,,,,,,,,,,,,,,,,,,,,,,,,,,,,,,,,,,,,,,,,,,,,,,,,,,,,,,,0,108.293516957092,111.309610235049,75.1941449906043,150.687937547217,169.457295081967,162.023623987433,124.473385195225,239.293366278583,289.558638059702,233.211570194454,3815.79115373406,2588.78916489827,2039.94158204331,1637.99258193929,1373.60736432103,1121.7745686901,880.049454620693,866.577983691152,811.357749511603,739.617928717633,683.874491441749,637.177777591025,625.03883408006,614.733520294027,605.966368795656,598.474450797815,592.034798260031,586.461726530467,581.600984720236,577.323532918248,,,,,,,,,,,,,,,
,,,,,,,,Average equity granted per employee,,,,,,,,,,,,,,,,,,,,,,,,,,,,,,,,,,,,,,,,,,,,,,,,,,,,,,,,,,,,,,,,,,,,,,,,,,,,,,,,,,,,,,,,,,,,,,,,,,,,,,,,,,,,,,,,,,,,,0,47038.3720254825,68857.2379875037,35599.1640629018,69843.8590531352,87809.3811655738,86066.9490621246,75128.4011022818,106252.236961848,166323.039366231,123983.078546446,2190890.51478292,1605301.14711493,1366159.2278708,1184729.69851398,1072985.14845317,946368.869337597,801836.255716982,852727.006928838,862260.538087959,848901.513377809,847715.332012155,853017.634499005,903708.038455701,959912.826192272,1021920.65355324,1090028.93239525,1164564.10609705,1245889.70207538,1334408.53236239,1430562.02788361,,,,,,,,,,,,,,,
,,,,,,,,Total Employees,,,,,,,,,,,,,,,,,,,,,,,,,,,,,,,,,,,,,,,,,,,,,,,,,,,,,,,,,,,,,,,,,,,,,,,,,,,,,,,,,,,,,,,,,,,,,,,,,,,,,,,,,,,,,,,,,,,,,5680,10674,16805,20222,19855,24400,32467,53861,47756,53600,61814,72053,80110,98771,118899,135301,156500,190234,182502,183323,190820,196720,202020,206790,211083,214989.63,218583.7296,221926.242228,225068.20409832,228053.067875124,230918.537100856,,,,,,,,,,,,,,,
,,,,,,,,,,,,,,,,,,,,,,,,,,,,,,,,,,,,,,,,,,,,,,,,,,,,,,,,,,,,,,,,,,,,,,,,,,,,,,,,,,,,,,,,,,,,,,,,,,,,,,,,,,,,,,,,,,,,,,,,,,,,,,,,,,,,,,,,,,,,,,,,,,,,,,,,,,,,,,,,,,,,,,,,,,
,,,,,,,,Calculation of RSU dilution,,,,,,,,,,,,,,,,,,,,,,,,,,,,,,,,,,,,,,,,,,,,,,,,,,,,,,,,,,,,,,,,,,,,,,,,,,,,,,,,,,,,,,,,,,,,,,,,,,,,,,,,,,,,,,,,,,,,,,,,,,,,,,,,,,,,,,,,,,,,,,,,,,,,,,,,,,,,,,,,,,
,,,,,,,,Avg share price,,,,,,,,,,,,,,,,,,,,,,,,,,,,,,,,,,,,,,,,,,,,,,,,375.75611525129,419.045564556612,439.495865443201,499.639180329658,559.347013190483,571.23269478994,589.54046875,573.71,527.84,530.61,530.39,546.46,557.3892,568.536984,579.90772368,591.5058781536,603.335995716672,615.402715631006,627.710769943626,640.264985342498,653.070285049348,666.131690750335,679.454324565342,693.043411056649,706.904279277782,721.042364863337,735.463212160604,750.172476403816,765.175925931893,780.47944445053,796.089033339541,812.010814006332,828.251030286459,844.816050892188,861.712371910032,878.946619348232,896.525551735197,914.456062769901,932.745184025299,951.400087705805,970.428089459921,989.836651249119,1009.6333842741,1029.82605195958,1050.42257299878,1071.43102445875,1092.85964494793,1114.71683784688,1137.01117460382,1159.7513980959,1182.94642605782,1206.60535457897,1230.73746167055,1255.35221090396,1280.45925512204,1306.06844022448,1332.18980902897,1358.83360520955,1386.01027731374,1413.73048286002,,,,,,,,,,71.6875,103.915,137.3225,113.859166666667,112.589583333334,131.464583333334,285.081207197896,333.231898032383,433.48418139519,573.457544182606,533.825,576.531,622.65348,672.4657584,726.263019072,784.36406059776,847.113185445581,914.882240281228,988.072819503726,1067.11864506402,1152.48813666915,1244.68718760268,1344.26216261089,1451.80313561976,1567.94738646934,1693.38317738689,1828.85383157784,1975.16213810407,2133.1751091524,2303.82911788459,2488.13544731536,,,,,,,,,,,,,,,
,,,,,,,,Tax rate,,,,,,,,,,,,,,,,,,,,,,,,,,,,,,,,,,,,,,,,,,,,,,,,0.35,0.35,0.35,0.35,0.35,0.35,0.35,0.35,0.35,0.35,0.35,0.35,0.35,0.35,0.35,0.35,0.35,0.35,0.35,0.35,0.21,0.21,0.21,0.21,0.21,0.21,0.21,0.21,0.21,0.21,0.21,0.21,0.21,0.21,0.21,0.21,0.21,0.21,0.21,0.21,0.21,0.21,0.21,0.21,0.21,0.21,0.21,0.21,0.21,0.21,0.21,0.21,0.21,0.21,0.21,0.21,0.21,0.21,0.21,0.21,,,,,,,,,,,0.35,0.35,0.35,0.35,0.35,0.35,0.35,0.35,0.35,0.35,0.35,0.35,0.21,0.21,0.21,0.21,0.21,0.21,0.21,0.21,0.21,0.21,0.21,0.21,0.21,0.21,0.21,0.21,0.21,0.21,,,,,,,,,,,,,,,
,,,,,,,,Hypothetical tax benefit from RSUs,,,,,,,,,,,,,,,,,,,,,,,,,,,,,,,,,,,,,,,,,,,,,,,,4238.26194891607,6248.64386765702,5913.93795459579,6009.17050278653,6355.91826811977,5843.05409742471,9124.65682505081,8338.5685098765,7407.466742368,6609.933005711,9228.9907038385,8808.284975546,33957.2681481926,58630.3138327109,82961.6188508186,107142.382522376,129933.298539579,152622.568453515,175299.345721505,198087.604034175,132588.517323367,146425.157386483,160422.969752938,174590.558493158,188949.64886219,203520.219044105,218333.415550932,233349.203714008,248694.995623082,264396.24361667,280326.759670502,296507.287833044,312975.59724242,329722.083205014,346776.626735392,364184.316210834,381963.908431327,400123.211411537,418621.80975734,437467.647884792,456683.826071121,476245.171397374,496212.774842322,516617.214724547,537479.803849369,558827.35285711,580709.600546556,603144.115558219,626152.977146524,649755.666679309,673970.359621126,698862.929613489,724429.506803285,750717.268927034,777742.109997983,805520.409524305,834069.030325596,863405.317423737,893547.097934264,924512.681880973,,,,,,,,,,,249.21305844925,610.12866620825,597.975661546375,827.257985269479,1219.09476063448,2184.75989988273,2962.35113752812,5500.84303264396,7415.54942511795,8013.66885686588,104499.162908161,142358.46844152,101273.630694374,112932.805620649,121497.775367512,127706.072456725,133079.617081675,137445.610273531,140969.561221645,144545.19990701,148471.415982309,152899.372613795,161011.292663007,171744.818460552,184533.045974334,199096.590586904,215325.681246842,233213.248040185,252817.011511131,274238.147372943,,,,,,,,,,,,,,,
,,,,,,,,Hypothetical shares repurchased,,,,,,,,,,,,,,,,,,,,,,,,,,,,,,,,,,,,,,,,,,,,,,,,11.2792893499064,14.9116096104457,13.456185642684,12.0270201764836,11.3631039734457,10.2288509581431,15.4775750075271,14.5344660366326,14.0335456622613,12.4572341375229,17.4003859496569,16.1188101151887,60.9220059308516,103.124889818445,143.060034317801,181.13494130747,215.358108022773,248.004379208862,279.2677043557,309.383784165882,203.023350409133,219.814128977333,236.105598202739,251.918647097399,267.291703277328,282.258337320692,296.86517549875,311.060737435529,325.016753918652,338.761315876562,352.129910010881,365.151895416422,377.875288768642,390.28861117968,402.427350516905,414.341790723183,426.049104447774,437.55323815073,448.806187291969,459.81459696908,470.600378360114,481.135115371187,491.478176703799,501.654831649979,511.679601776794,521.571001865855,531.367045375919,541.073836045407,550.70081203441,560.254264617477,569.73870056579,579.197603393155,588.614167817703,598.013260666066,607.393095006256,616.752066519465,626.088733506785,635.401799097091,644.690095419831,653.952569524183,,,,,,,,,,,2.39823950776356,4.44303494480693,5.25188861865646,7.34755348388042,9.27318011987622,7.66364055125575,8.88975861860693,12.6898356819832,12.9009989939371,15.0024939661574,181.255063315175,228.63193255022,150.60042750033,155.49849387203,154.899722553477,150.75443830986,145.460925157721,139.104737586613,132.102987679675,125.420119572568,119.284120107536,113.742227421492,110.904356598095,109.534809613275,108.973000581648,108.864135093362,109.01671163742,109.326818524922,109.737744674081,110.218335448273,,,,,,,,,,,,,,,
,,,,,,,,Calculated dilutive RSUs,,,,,,,,,,,,,,,,,,,,,,,,,,,,,,,,,,,,,,,,,,,,,,,,8.97139865009362,10.7497243895543,10.200386357316,9.92693982351638,9.83977402655429,8.84295704185695,11.2728329924729,10.0850829633674,8.82222633773871,7.68095186247715,10.2557630503431,9.62237588481134,32.3497135078369,57.5834467065758,85.0756632341584,114.65094740574,142.015709513934,170.964816332091,201.360123606186,233.09334540512,401.328214376316,446.412447620301,492.095073659066,538.259335739386,584.826317875903,631.719397924484,678.899324408311,726.176694482847,773.729987397911,821.530423976005,869.233107229299,916.798625967301,964.228826837713,1011.4351219298,1058.41211151464,1105.18947398505,1151.75000216645,1198.05844027727,1243.99000758239,1289.51213254407,1334.62328260238,1379.23647801064,1423.42234487787,1467.20060605229,1510.57673407331,1553.56720947766,1596.22901427061,1638.56604020974,1680.58995535151,1722.30835505848,1763.72672942929,1804.92659208382,1845.87974576783,1886.63632135876,1927.19810369456,1967.56669520048,2007.74353587202,2047.72992103713,2087.52701716803,2127.1358759519,,,,,,,,,,,-0.627202507763556,-1.45281294480693,-1.98379961865646,-2.72106648388042,-2.60120911987623,1.15900744874425,2.10516838139307,9.2641243180168,13.3322633764768,12.9665374529568,108.134205005764,128.267569618688,235.277088946291,238.618987136121,234.569667327022,226.020807186634,216.613558395041,206.111553792308,194.99191966547,184.705816525317,175.472773734578,167.265187815055,163.528581160979,162.009470494149,161.595557914078,161.740613534168,162.178014971579,162.778546945375,163.480099355929,164.253082199477,,,,,,,,,,,,,,,
,,,,,,,,Adjustment,,,,,,,,,,,,,,,,,,,,,,,,,,,,,,,,,,,,,,,,,,,,,,,,-2.81139865009362,-4.36372438955429,-4.17638635731599,231.257060176483,-2.05177402655429,-1.60895704185694,-4.1018329924729,-3.04508296336738,-3.58322633773871,-3.46795186247715,-5.01376305034315,-4.22137588481134,-4.61756946757724,-4.41947267619429,-4.51852107188577,-4.46899687404003,-4.4937589729629,-4.48137792350147,-4.48756844823218,-4.48447318586682,-4.4860208170495,-4.48524700145816,-4.48563390925383,-4.485440455356,-4.48553718230492,-4.48548881883046,-4.48551300056769,-4.48550090969907,-4.48550695513338,-4.48550393241622,-4.4855054437748,-4.48550468809551,-4.48550506593516,-4.48550487701533,-4.48550497147525,-4.48550492424529,-4.48550494786027,-4.48550493605278,-4.48550494195652,-4.48550493900465,-4.48550494048059,-4.48550493974262,-4.4855049401116,-4.48550493992711,-4.48550494001936,-4.48550493997323,-4.4855049399963,-4.48550493998476,-4.48550493999053,-4.48550493998765,-4.48550493998909,-4.48550493998837,-4.48550493998873,-4.48550493998855,-4.48550493998864,-4.48550493998859,-4.48550493998862,-4.48550493998861,-4.48550493998861,-4.48550493998861,,,,,,,,,,,12.4592025077636,3.38881294480693,3.21779961865646,3.96306648388042,4.87920911987623,1.79699255125575,2.19083161860693,-2.8341243180168,-2.70191175606288,-4.07157928384259,-4.07157928384259,-4.07157928384259,-4.07157928384259,-4.07157928384259,-4.07157928384259,-4.07157928384259,-4.07157928384259,-4.07157928384259,-4.07157928384259,-4.07157928384259,-4.07157928384259,-4.07157928384259,-4.07157928384259,-4.07157928384259,-4.07157928384259,-4.07157928384259,-4.07157928384259,-4.07157928384259,-4.07157928384259,-4.07157928384259,,,,,,,,,,,,,,,
,,,,,,,,Actual dilutive RSUs,,,,,,,,,,,,,,,,,,,,,,,,,,,,,,,,,,,,,,,,,,,,,,,,6.16,6.386,6.024,241.183999999999,7.788,7.234,7.171,7.04,5.239,4.213,5.242,5.401,27.7321440402597,53.1639740303815,80.5571421622726,110.1819505317,137.521950540971,166.483438408589,196.872555157954,228.608872219253,396.842193559266,441.927200618843,487.609439749813,533.77389528403,580.340780693598,627.233909105654,674.413811407744,721.691193573148,769.244480442778,817.044920043588,864.747601785524,912.313121279205,959.743321771778,1006.94961705279,1053.92660654316,1100.70396906081,1147.26449721859,1193.57293534122,1239.50450264043,1285.02662760507,1330.1377776619,1374.7509730709,1418.93683993776,1462.71510111236,1506.09122913329,1549.08170453769,1591.74350933062,1634.08053526976,1676.10445041152,1717.8228501185,1759.2412244893,1800.44108714383,1841.39424082785,1882.15081641877,1922.71259875457,1963.08119026049,2003.25803093204,2043.24441609715,2083.04151222804,2122.65037101191,,,,,,,,,,,11.832,1.936,1.234,1.242,2.278,2.956,4.296,6.43,10.6303516204139,8.89495816911416,104.062625721922,124.195990334845,231.205509662449,234.547407852278,230.498088043179,221.949227902792,212.541979111198,202.039974508466,190.920340381628,180.634237241474,171.401194450735,163.193608531212,159.457001877136,157.937891210307,157.523978630236,157.669034250326,158.106435687736,158.706967661533,159.408520072086,160.181502915634,,,,,,,,,,,,,,,
,,,,,,,,,,,,,,,,,,,,,,,,,,,,,,,,,,,,,,,,,,,,,,,,,,,,,,,,,,,,,,,,,,,,,,,,,,,,,,,,,,,,,,,,,,,,,,,,,,,,,,,,,,,,,,,,,,,,,,,,,,,,,,,,,,,,,,,,,,,,,,,,,,,,,,,,,,,,,,,,,,,,,,,,,,
,,,,,,,,Period end unrecognized compensation cost (RSUs),,,,,,,,,,,,,,,,,,,,,,,,,,,,,,,,,,,1088,,,,,,,,,,,,4800,4500,7100,6500,6200,6300,5800,10300,9700,9100,8200,11700,11100,45032.1170571381,76146.5494275818,104735.543659119,131162.001072324,155621.50778079,178229.700594118,199160.009543727,218635.471541367,236689.843331578,253468.018329559,269139.807937527,283755.967305112,297394.357074163,310127.232556407,322044.037780983,333079.711431477,343527.32876789,353445.878987281,362575.628012896,370981.779486998,378760.87036601,385906.449471704,392493.832361559,398624.161466155,404338.53985027,409653.610093487,414489.691015261,418869.671756942,422845.137697281,426370.161439251,429570.481286885,432503.352590713,435203.933811202,437715.172979621,440119.937788541,442433.565487409,444678.307246742,446869.413824171,449018.074120356,451221.692201383,453441.458452206,455733.791631313,458093.098805918,460514.299762819,462992.779306638,465524.343971885,468105.182740094,470731.831391027,,,,,,,,,,,528,1332.6,1336.4,1842.7,2606,3727,4800,6200,9700,11100,131727.152626122,184513.764225747,222765.967512137,251542.313234204,273075.042958188,288952.876146255,302456.947632274,313404.071703041,322234.55053148,330894.013521442,340126.613550057,350344.614826305,368297.841696446,392065.324554637,420552.545067489,453182.471424162,489706.830838143,530090.883693779,574443.306403401,622973.876346892,,,,,,,,,,,,,,,
,,,,,,,,   Weighted Avg. Period to be Recognized,,,,,,,,,,,,,,,,,,,,,,,,,,,,,,,,,,,3.1,,,,,,,,,,,,2.7,2.6,3,2.8,2.7,2.8,2.7,3,2.9,2.7,2.6,2.8,2.7,2.7,2.7,2.7,2.7,2.7,2.7,2.7,2.7,2.7,2.7,2.7,2.7,2.7,2.7,2.7,2.7,2.7,2.7,2.7,2.7,2.7,2.7,2.7,2.7,2.7,2.7,2.7,2.7,2.7,2.7,2.7,2.7,2.7,2.7,2.7,2.7,2.7,2.7,2.7,2.7,2.7,2.7,2.7,2.7,2.7,2.7,2.7,2.7,,,,,,,,,,,3.1,3.42,2.8,3,3,2.9,2.7,2.7,2.9,2.7,2.7,2.7,2.7,2.7,2.7,2.7,2.7,2.7,2.7,2.7,2.7,2.7,2.7,2.7,2.7,2.7,2.7,2.7,2.7,2.7,,,,,,,,,,,,,,,
,,,,,,,,% of net revenue,,,,,,,,,,,,,,,,,,,,,,,,,,,,,,,,,,,,,,,,,,,,,,,0.423168473948691,0.45049554509961,0.703388151377056,0.602856612873307,0.500161342368506,0.516901870692484,0.458063497077871,0.781783681214421,0.669889502762431,0.6540645439517,0.571428571428571,0.774372890330267,0.642584230635637,2.73435649141649,4.34502421840695,5.73296533248229,6.18222101585237,7.73428297702848,8.51999142378306,8.94297303743725,8.45033322542293,9.52167685781551,9.66070885884664,9.91014831495425,8.91193364651733,10.0883461811514,9.78134209791228,9.75624944048542,8.86463276285402,10.1915723371374,11.1839344045591,9.53970658070607,7.98978677392743,8.30579514859019,7.57407017471108,7.31991481465048,6.44001682552191,7.21762445958248,7.12800560445246,7.23797176361647,6.63576939874439,7.28214682770091,6.86951458003853,6.70669437302907,5.9800806453005,6.43859473334815,6.13433078242058,5.90376715701808,5.42058496572461,5.81385230299325,5.46809850132975,5.13339515399973,4.64071841492305,4.81766561718061,4.50983624999327,4.30415203944638,3.95425349956107,4.16251789932887,3.90801757651454,3.68586219146297,3.38771232402658,,,,,,,,,,,0.0723672605579105,0.114287321723013,0.0842806285099849,0.105410606834339,0.118433012179604,0.128102014160995,0.122389658073893,0.143316150805575,0.184744310065708,0.183029383636184,1.79271836342522,2.06893426130257,2.02343443735875,1.90897875989773,1.82355169622627,1.36252894618432,1.29320871568137,1.22181012562197,1.09188375677349,0.964958774959734,0.813573781042884,0.705909784129008,0.631505930483605,0.577392699255505,0.536577914065543,0.505276129616181,0.480364091617163,0.460381793411959,0.444482901001062,0.431907330396254,,,,,,,,,,,,,,,
,,,,,,,,,,,,,,,,,,,,,,,,,,,,,,,,,,,,,,,,,,,,,,,,,,,,,,,,,,,,,,,,,,,,,,,,,,,,,,,,,,,,,,,,,,,,,,,,,,,,,,,,,,,,,,,,,,,,,,,,,,,,,,,,,,,,,,,,,,,,,,,,,,,,,,,,,,,,,,,,,,,,,,,,,,
,,,,,,,,Calculation of stock based comp expense,,,,,,,,,,,,,,,,,,,,,,,,,,,,,,,,,,,,,,,,,,,,,,,,,,,,,,,,,,,,,,,,,,,,,,,,,,,,,,,,,,,,,,,,,,,,,,,,,,,,,,,,,,,,,,,,,,,,,,,,,,,,,,,,,,,,,,,,,,,,,,,,,,,,,,,,,,,,,,,,,,
,,,,,,,,Stock comp related to current period (RSUs only),,,,,,,,,,,,,,,,,,,,,,,,,,,,,,,,,,,,,,,,,,,,,,,,19.7896155663462,243.58196407375,24.9682961383929,35.5870118506944,75.8977944870536,39.66186598125,394.29374481,58.2980856853448,45.2013584666667,33.6781100661058,390.808968525,49.2990786430556,2634.47409695,2658.66648529189,2685.19841225604,2721.36201503071,2757.17869414919,2788.03356314429,2819.03858722647,2855.09415569203,2883.61604456298,2913.1312907911,2946.50064392709,2976.0126879557,3004.04093355704,3030.70508137032,3057.78714811598,3074.37493297282,3106.7454792582,3139.45479706213,3149.12517659915,3158.21096618793,3169.50102317465,3175.97672609883,3183.6954931982,3195.10512565444,3206.42395735289,3216.11059681128,3217.09170219841,3216.47118655976,3216.54872171169,3210.40368438414,3210.52959430076,3212.6846217644,3215.61537358692,3220.14610229158,3229.55265346509,3239.36804885176,3250.21423149335,3261.72253576901,3273.69521915757,3292.6435633565,3309.07542014778,3329.82921420722,3350.66705507575,3371.58855883055,3392.59332455485,3413.6809341129,3434.85095192131,3456.10292470758,,,,,,,,,,,,84.5866874546784,64.2755621142857,115.562485125,19.7896155663462,263.371579640096,288.339875778489,323.926887629183,1729.18608168685,1596.64375359792,32887.5488045112,26791.8072698702,28111.8568950055,29346.4950882528,30244.9924105964,30855.5683440279,31778.4413062634,32421.7467121931,32931.7059633123,33747.372246407,34742.2000236315,35901.3796919769,38932.8719317197,42212.7664773215,45771.3214993269,49638.0394614293,53843.1949791098,58418.7828647287,63399.15825083,68821.5188981076,,,,,,,,,,,,,,,
,,,,,,,,Stock comp related to prior periods,,,,,,,,,,,,,,,,,,,,,,,,,,,,,,,,,,,,,,,,,,,,,,,,444.444444444444,432.692307692308,591.666666666667,580.357142857143,574.074074074074,562.5,537.037037037037,858.333333333333,836.206896551724,842.592592592593,788.461538461539,1044.64285714286,1027.77777777778,4169.64046825353,7050.6064284798,9697.73552399249,12144.6297289189,14409.3988685917,16502.7500550109,18440.7416244192,20244.0251427192,21915.7262344054,23469.2609564407,24920.3525868081,26273.7006763992,27536.5145439039,28715.4844959636,29818.8923871281,30840.714021433,31808.0859970268,32726.4702766001,33571.8174086014,34350.1647673147,35070.4509598157,35732.0786547874,36342.0215149591,36909.6445801995,37438.7536898398,37930.8898234711,38378.6750940056,38784.2288663835,39152.3275645631,39478.7186517825,39775.0445636005,40046.6067213624,40296.6605380742,40529.1826832982,40751.8460915315,40966.0708784638,41173.9173376613,41376.7975763121,41575.7476037367,41779.7863149428,41985.3202270561,42197.5732991956,42416.0276672146,42640.2129410017,42869.7017876516,43104.1059233227,43343.0724759346,,,,,,,,,,,,42.5806451612903,97.4122807017544,119.321428571429,444.444444444444,877.136752136752,1468.80341880342,2049.16056166056,1370.90985372124,2434.24764685162,4111.11111111111,48787.8343059709,68338.4311947213,82505.9138933841,93163.8197163717,101138.904799329,107019.583757872,112021.091715657,116075.582112237,119346.129826474,122553.338341275,125972.819833354,129757.264750483,136406.608035721,145209.37946468,155760.201876848,167845.359786727,181372.900310423,196329.956923622,212756.780149408,,,,,,,,,,,,,,,
,,,,,,,,Other (immediately vesting),,,,,,,,,,,,,,,,,,,,,,,,,,,,,,,,,,,,,,,,,,,,,,,,190.765939989209,66.7257282339424,239.36503719494,257.055845292163,189.028131438872,277.83813401875,323.669218152963,284.368580981322,321.591744981609,255.729297341302,252.729493013462,342.058064214087,342.058064214087,342.058064214087,342.058064214087,342.058064214087,342.058064214087,342.058064214087,342.058064214087,342.058064214087,342.058064214087,342.058064214087,342.058064214087,342.058064214087,342.058064214087,342.058064214087,342.058064214087,342.058064214087,342.058064214087,342.058064214087,342.058064214087,342.058064214087,342.058064214087,342.058064214087,342.058064214087,342.058064214087,342.058064214087,342.058064214087,342.058064214087,342.058064214087,342.058064214087,342.058064214087,342.058064214087,342.058064214087,342.058064214087,342.058064214087,342.058064214087,342.058064214087,342.058064214087,342.058064214087,342.058064214087,342.058064214087,342.058064214087,342.058064214087,342.058064214087,342.058064214087,342.058064214087,342.058064214087,342.058064214087,342.058064214087,,,,,,,,,,,,741.478667384031,958.34815718396,929.170086303572,190.765939989209,257.491668223152,496.856705418092,753.912550710255,1074.90406459191,1172.10859955046,234.421719910092,234.421719910092,234.421719910092,234.421719910092,234.421719910092,234.421719910092,234.421719910092,234.421719910092,234.421719910092,234.421719910092,234.421719910092,234.421719910092,234.421719910092,234.421719910092,234.421719910092,234.421719910092,234.421719910092,234.421719910092,234.421719910092,234.421719910092,,,,,,,,,,,,,,,
,,,,,,,,Total stock based compensation expense,,,,,,,,,,,,,,,,,,,,,,,,,,,,,,,,,,,,,,,,,,,,,,,,655,743,856,873,839,880,1255,1201,1203,1132,1432,1436,1494,1503,1860,1846,2009,2003,1820,21637.8938443253,23469.6992514963,25170.9155894106,26757.8196645818,28238.4233389779,29619.7996741704,30909.2776894883,32115.3297082937,33235.325384315,34289.5175649053,35289.598858303,36217.6535174133,37072.0864390035,37861.7238547034,38588.4857501286,39257.8322121997,39879.1847048277,40458.1266017665,40996.9223508652,41490.0395898836,41937.2043447795,42342.8356523093,42704.7893131613,43031.3063102974,43329.7872495789,43604.2801591634,43858.8647045799,44100.7934009774,44333.2722045974,44558.3431741712,44777.6979376444,44992.5508596838,45210.4492313073,45430.9197993047,45657.2075054774,45890.2984184854,46129.6742902592,46374.8643297706,46625.4407859786,46881.0149394581,47141.2334648563,,,,,,,,,,200.709,458.1,868.646,1120.036,1164.054,1376,1974,2661,3127,4175,5203,37233.0816355324,75814.0632957513,96684.7098096369,112086.830701547,123643.233846878,132228.894863267,139032.446784046,144677.26014776,149241.70979546,153327.923792791,157529.960084816,162108.621245241,168924.558402113,178853.796232952,191215.122683917,205632.663058187,221922.976485747,240026.104895062,259963.536894362,281812.720767425,,,,,,,,,,,,,,,
,,,,,,,,% of net revenue,,,,,,,,,,,,,,,,,,,,,,,,,,,,,,,,,,,,,,,,,,,,,,,,0.0655721293422765,0.0736080840103032,0.079391578556854,0.0704259438528558,0.0688382015096817,0.0694992892118149,0.0952561669829222,0.0829419889502762,0.0864658952059225,0.0788850174216028,0.0947779469190549,0.0831307166840338,0.0907158904608659,0.0857631954350927,0.101811812359735,0.0870098039215686,0.0998459321107301,0.0957502748697356,0.0817242927705433,0.836311747548615,0.944150746298828,0.959367137607598,0.985264734685244,0.886885155118652,1.00477627036773,0.974871560256366,0.972926465760661,0.884529871302363,1.01728179799167,1.11665344613812,0.952920607188501,0.798416747910998,0.830264546614258,0.757364639558176,0.732149052819838,0.644272588853075,0.722195723063967,0.713349730313814,0.72451436436775,0.6643728014318,0.72921908952415,0.688043393641731,0.671828797525369,0.599106620894571,0.645100530515931,0.614657202782985,0.591567873492299,0.543160120613536,0.582568616141139,0.547920388845788,0.514376939061207,0.464979782490227,0.48268850629826,0.451813170896585,0.431176156208392,0.39609720282262,0.416931346403939,0.391414636986947,0.369141310188615,0.339260969683708,,,,,,,,,,0.0498821968058932,0.0627868220863235,0.0744973922147744,0.0706355417792647,0.0665890478797092,0.0625340847118706,0.0678490410393896,0.0678497666947143,0.0722821941240378,0.0795162365489001,0.0857929624377535,0.506717315634841,0.850095458728135,0.87820942121331,0.850637717059886,0.825669846522369,0.623512384358385,0.59445806535822,0.564026307747751,0.505701820273449,0.447137510696075,0.376807459775202,0.326632855154386,0.289648345328025,0.263397117039987,0.2439690661034,0.229270288822494,0.21768907904776,0.208461703523864,0.201150132215412,0.195380552090097,,,,,,,,,,,,,,,
,,,,,,,,SBC per employee,,,,,,,,,,,,,,,,,,,,,,,,,,,,,,,,,,,,,,,,,,,,,,,,,,,,,,,,,,,,,,,,,,,,,,,,,,,,,,,,,,,,,,,,,,,,,,,,,,,,,,,,,,,,,,,,,,,,,35.3360915492958,42.9173693086003,51.6897351978578,55.387004252794,58.6277511961723,56.3934426229508,60.8001971232328,49.4049497781326,65.4786833068096,77.8917910447761,84.1718704500599,516.745751537513,946.374526223334,978.877502603364,942.706252378465,913.838285355454,844.913066218958,730.849620909227,792.743422799532,814.091574954913,803.521244066613,800.782635648721,802.438477602422,816.889396982992,847.315019366564,889.415562433953,940.750088922388,999.985284560219,1066.45941329948,1139.92562922552,1220.39886578851,,,,,,,,,,,,,,,
,,,,,,,,% change Y/Y,,,,,,,,,,,,,,,,,,,,,,,,,,,,,,,,,,,,,,,,,,,,,,,,,,,,,,,,0.433849821215733,0.286363636363636,0.141035856573705,0.195670274771024,0.241895261845386,0.32773851590106,0.298882681564246,0.285515320334262,0.34471218206158,0.332667997338656,-0.0215053763440859,10.7215026242282,10.6822793685895,11.566607882881,13.7020987168032,0.30504491528336,0.262044279169108,0.227975898599887,0.200222219555628,0.176954002897173,0.157655282686032,0.141715416737297,0.127737247177016,0.115442259412907,0.104177793783082,0.0934804304540697,0.0839419012422951,0.0757199967809439,0.0685759253072305,0.0624133482804137,0.0568601792788284,0.0516063619450748,0.0465841898487829,0.0416584188364093,0.037147872975027,0.0332063838435814,0.0297912146747135,0.0270244956123207,0.024853697979047,0.0231592402990206,0.0218800313071408,0.0209497723950096,0.0202208937739126,0.0197859752526666,0.0195827888331204,0.0196416879013706,0.0199532487411394,0.0203321372510368,0.0207775791165117,0.021206581247551,0.021588801012755,0.0219285999773602,,,,,,,,,,,,,,,,,0.348024316109423,0.175122134535889,0.3351455068756,0.24622754491018,6.15607949942965,1.03620167779505,0.275287270020986,0.159302550757358,0.10310223844318,0.0694389878787975,0.0514528381093566,0.040600690660952,0.0315491850138558,0.0273798390740216,0.0274055513704345,0.0290653356222503,0.0420454945857582,0.0587791255739358,0.0691141407748748,0.0753995822710227,0.0792204564454333,0.081573925764636,0.0830635984699091,0.0840471095834576,,,,,,,,,,,,,,,
,,,,,,,,,,,,,,,,,,,,,,,,,,,,,,,,,,,,,,,,,,,,,,,,,,,,,,,,,,,,,,,,,,,,,,,,,,,,,,,,,,,,,,,,,,,,,,,,,,,,,,,,,,,,,,,,,,,,,,,,,,,,,,,,,,,,,,,,,,,,,,,,,,,,,,,,,,,,,,,,,,,,,,,,,,
,,,,,,,,,,,,,,,,,,,,,,,,,,,,,,,,,,,,,,,,,,,,,,,,,,,,,,,,,,,,,,,,,,,,,,,,,,,,,,,,,,,,,,,,,,,,,,,,,,,,,,,,,,,,,,,,,,,,,,,,,,,,,,,,,,,,,,,,,,,,,,,,,,,,,,,,,,,,,,,,,,,,,,,,,,
,,,,,,,,,,,,,,,,,,,,,,,,,,,,,,,,,,,,,,,,,,,,,,,,,,,,,,,,,,,,,,,,,,,,,,,,,,,,,,,,,,,,,,,,,,,,,,,,,,,,,,,,,,,,,,,,,,,,,,,,,,,,,,,,,,,,,,,,,,,,,,,,,,,,,,,,,,,,,,,,,,,,,,,,,,
,,,,,,,,Methode KEIs - Do Not Remove,,,,,,,,,,,,,,,,,,,,,,,,,,,,,,,,,,,,,,,,,,,,,,,,,,,,,,,,,,,,,,,,,,,,,,,,,,,,,,,,,,,,,,,,,,,,,,,,,,,,,,,,,,,,,,,,,,,,,,,,,,,,,,,,,,,,,,,,,,,,,,,,,,,,,,,,,,,,,,,,,,
,,,,,,,,,,,,,,,,,,,,,,,,,,,,,,,,,,,,,,,,,,,,,,,,,,,,,,,,,,,,,,,,,,,,,,,,,,,,,,,,,,,,,,,,,,,,,,,,,,,,,,,,,,,,,,,,,,,,,,,,,,,,,,,,,,,,,,,,,,,,,,,,,,,,,,,,,,,,,,,,,,,,,,,,,,
,,,,,,,,Total operating income (GAAP),,,,15.207,31.097,56.913,83.249,84.706,104.784,66.556,86.418,155.323,170.958,11.112,302.799,442.77,475.698,529.171,569.639,742.699,815.372,931.331,1005.744,1221.209,1104.615,1317.842,1440.734,1546.235,1577.965,1647.565,765.446999999999,1884,1874,2074,2480.186,2488,2365,2547,2982,2296,2881,3058,3507,3389,3237,2736,3394,3748,3465,3761,4429,4115,4258,3724,4399,4447,4825,4708,5380,5342,5968,5767,6639,6568,4132,7782,7664,7633,3045,8625,8221,6608,9180,9177,9266,7977,6383,11213,15651,16437,19361,21031,21885,20094,19453,17135,18160,17415,21838,21343,23697,25472,27425,28521,30972,30606,31271,31228,35934,40108.0805088389,43177.3397040771,44405.9563102754,46706.8236446517,45837.0719249246,48814.0581088141,51705.0802232918,54887.5082793853,,,,,,10.964,186.466,342.464,640.192,2017.278,3495.146,5084.4,5537.212,8312.186,10382,11742,12756,15403,16496,19360,23716,26146,27524,34231,41224,78714,74842,84293,112390,129039,174398.200167843,201243.718536416,231976.004992324,267312.133594769,307039.997294334,350159.941873797,403496.044586766,468406.130083191,558197.170751858,654510.712730585,,,,,,,,,,,,,,,
,,,,,,,,GAAP Operating Income (Loss) ,,,,,,,,,,,,,,,,,,,,,,,,,,,,,,,,,,,,,,,,,,,,,,,,,,,,,,,5223,5188,5630,5835,6772,6272,6994,6778,7883,7446,7664,8582,8595,8368,8959,9490,9576,9325,10388,10865,11459,9270,7572,12589,16912,17707,20884,22444,23460,21054,20917,18485,19522,18765,23161,22662,24685,26617,28684,29762,32271,31957,32642,32779,39676,41858.0805088389,44927.3397040771,46155.9563102754,48456.8236446517,47612.0719249246,50589.0581088141,53530.0802232918,56712.5082793853,,,,,,0,0,0,0,0,0,0,0,0,0,0,0,16260,19011,23425,27927,32287,36393,42037,46343,84495,79978,89273,117334,137054,181398.200167843,208443.718536416,238526.004992324,272862.133594769,311339.997294334,353359.941873797,405596.044586766,469406.130083191,558097.170751858,653810.712730585,,,,,,,,,,,,,,,
,,,,,,,,,,,,,,,,,,,,,,,,,,,,,,,,,,,,,,,,,,,,,,,,,,,,,,,,,,,,,,,,,,,,,,,,,,,,,,,,,,,,,,,,,,,,,,,,,,,,,,,,,,,,,,,,,,,,,,,,,,,,,,,,,,,,,,,,,,,,,,,,,,,,,,,,,,,,,,,,,,,,,,,,,,
,,,,,,,,,,,,,,,,,,,,,,,,,,,,,,,,,,,,,,,,,,,,,,,,,,,,,,,,,,,,,,,,,,,,,,,,,,,,,,,,,,,,,,,,,,,,,,,,,,,,,,,,,,,,,,,,,,,,,,,,,,,,,,,,,,,,,,,,,,,,,,,,,,,,,,,,,,,,,,,,,,,,,,,,,,
,,,,,,,,,,,,,,,,,,,,,,,,,,,,,,,,,,,,,,,,,,,,,,,,,,,,,,,,,,,,,,,,,,,,,,,,,,,,,,,,,,,,,,,,,,,,,,,,,,,,,,,,,,,,,,,,,,,,,,,,,,,,,,,,,,,,,,,,,,,,,,,,,,,,,,,,,,,,,,,,,,,,,,,,,,
,,,,,,,,,,,,,,,,,,,,,,,,,,,,,,,,,,,,,,,,,,,,,,,,,,,,,,,,,,,,,,,,,,,,,,,,,,,,,,,,,,,,,,,,,,,,,,,,,,,,,,,,,,,,,,,,,,,,,,,,,,,,,,,,,,,,,,,,,,,,,,,,,,,,,,,,,,,,,,,,,,,,,,,,,,
,,,,,,,,ModelWare items - DO NOT REMOVE,,,,,,,,,,,,,,,,,,,,,,,,,,,,,,,,,,,,,,,,,,,,,,,,,,,,,,,,,,,,,,,,,,,,,,,,,,,,,,,,,,,,,,,,,,,,,,,,,,,,,,,,,,,,,,,,,,,,,,,,,,,,,,,,,,,,,,,,,,,,,,,,,,,,,,,,,,,,,,,,,,
,,,,,,,,Company Reported EBITDA Adj.,,,,0,0,0,0,0,0,0,0,0,0,0,0,0,0,0,0,0,0,0,0,0,0,0,0,0,0,0,0,0,0,0,0,0,0,0,0,0,0,0,0,0,0,83,66,0,36,0,0,0,0,0,0,0,0,0,0,0,0,0,0,0,0,0,0,0,0,0,0,0,0,0,0,0,0,0,0,0,0,0,0,0,0,0,0,0,0,0,0,0,0,0,0,0,0,0,0,0,0,0,0,,,,,,,,,,0,0,0,0,0,0,0,0,0,0,0,149,36,0,0,0,0,0,0,0,0,0,0,0,0,0,0,0,0,0,0,0,0,0,0,,,,,,,,,,,,,,,
,,,,,,,,Company Reported EBITDA Adj. Toggle,,,,1,1,1,1,1,1,1,1,1,1,1,1,1,1,1,1,1,1,1,1,1,1,1,1,1,1,1,1,1,1,1,1,1,1,1,1,1,1,1,1,1,1,1,1,1,1,1,1,1,1,1,1,1,1,1,1,1,1,1,1,1,1,1,1,1,1,1,1,1,1,1,1,1,1,1,1,1,1,1,1,1,1,1,1,1,1,1,1,1,1,1,1,1,1,1,1,1,1,1,1,,,,,,,,,,1,1,1,1,1,1,1,1,1,1,1,1,1,1,1,1,1,1,1,1,1,1,1,1,1,1,1,1,1,1,1,1,1,1,1,,,,,,,,,,,,,,,
,,,,,,,,"Unrecorded Goodwill from Poolings, Write-Offs and Cumulative Amortization",,,,ND,ND,ND,ND,ND,ND,ND,ND,ND,ND,ND,ND,ND,ND,ND,ND,ND,ND,ND,ND,ND,ND,ND,ND,ND,ND,ND,ND,ND,ND,ND,ND,ND,ND,ND,ND,ND,ND,ND,ND,ND,ND,ND,ND,ND,ND,ND,ND,ND,ND,ND,ND,ND,ND,ND,ND,ND,ND,ND,ND,ND,ND,ND,ND,ND,ND,ND,ND,ND,ND,ND,ND,ND,ND,ND,ND,ND,ND,ND,ND,ND,ND,ND,ND,ND,ND,ND,ND,ND,ND,ND,ND,ND,ND,ND,ND,ND,ND,ND,ND,,,,,,,,,,ND,ND,ND,ND,ND,ND,ND,ND,ND,ND,ND,ND,ND,ND,ND,ND,ND,ND,ND,ND,ND,ND,ND,ND,ND,ND,ND,ND,ND,ND,ND,ND,ND,ND,ND,,,,,,,,,,,,,,,
,,,,,,,,Net Issuances,,,,0,0,0,0,0,0,0,0,433.297,170.935,1600.65,128.267,139.347,189.579,4429.935,267.06,246.402,2409.224,275.332,1593.187,328.685,364.971,254.878000000001,409.785,320.728000000001,342.323,289.927,256.141,244.164000000001,349.601999999999,336.571,436.01,354,938,326,800,569,412,481,567,531,562,847,631,594,905,670,918,730,459,837,819,760,1195,1142,1118,713,598,1044,970,1391,811,1100,638,1240,756,868,1938,1483,1405,1103,1512,3136,2249,1370,1203,926,1000,757,581,1058,1570,1856,1926,2085,1979,2343,1943,1379,1819,2298,2770,1925,2558,2412,1431,6468.12034504245,6801.01981428091,7116.33267104655,7395.25031051559,,,,,,,,,,0,43.854,307.558,1981.737,5025.921,4524.145,1358.319,1209.119,1366.347,2418,2029,2571,3087,2845,4215,3325,3940,4802,5503,7958,3264,6410,8350,8266,8326,27780.7231408855,30178.1413166897,32452.6812574949,35909.8403131577,39368.8494728617,43029.1292282224,46668.9331446901,50241.5177173762,53907.9036343431,57619.8835175213,,,,,,,,,,,,,,,
,,,,,,,,Stock-based compensation adjustment (net of tax),,,,3.774,3.735,6.182,7.944,36.418,34.165,73.794,84.984,76.473,74.761,67.981,59.531,48.908,47.338,46.308,58.155,114.664,109.149,99.86,134.427,183.866,241.524,197.956,245.3,281.049,272.776,280.039,286.172,278,293,318,275.054,291,309,380,396,432,435,571,536,556,635,762,708,655,743,856,873,839,880,1255,1201,1203,1132,1432,1436,1494,1503,1860,1846,2009,2003,1820,1847,2457,2413,2230,2253,2769,2760,2621,2644,3190,3329,3117,3223,3745,3803,3874,3954,4504,4782,4976,5100,5284,5774,5743,5659,5264,5865,5846,5810,5516,5998,6368,7071,6468.12034504245,6801.01981428092,7116.33267104654,7395.2503105156,,,,,,,,,,12.383,21.635,229.361,278.746,200.709,458.1,868.646,1120.036,1164.054,1376,1974,2661,3127,4175,5203,6703,7679,9353,10794,12859,15376,19362,22460,22785,24953,27780.7231408855,30178.1413166897,32452.6812574949,35909.8403131577,39368.8494728617,43029.1292282223,46668.93314469,50241.5177173762,53907.9036343431,57619.8835175213,,,,,,,,,,,,,,,
,,,,,,,,Tax Adjustments,,,,0,0,0,0,0,0,0,0,35.577594200168,34.7254129020491,47.9355,27.2683040142114,21.171715526786,12.0686306002987,13.5482030918162,17.7728243150947,31.1181170785746,30.1838221961796,25.6415324128364,38.958410607782,35.9784078880895,51.9800234750291,42.4650918377743,53.9957150534692,64.2747341060635,67.6852748030428,80.4268303565115,104.055593207861,84.2613756613756,83.1928879310345,87.0803096274794,77.8118136936183,79.7314445331206,88.5472473294988,102.131540162122,108.25493316359,116.832775919732,111.304700162075,140.225892857143,140.515333906563,142.574047954866,210.602847181871,302.448017148982,276.485833333333,141,160,200,184,190,195,258,255,257,234,309,316,453,516,595,586,639.018715059588,638.384467514627,581.219895326198,591.022073055396,787.788584712563,775.228214335058,717.868394448037,726.722963083771,894.949168463613,893.824421946368,850.50697012365,859.686344854995,1039.29055936748,1086.74541337887,1019.57351288944,1056.35470096463,1229.89775110852,1251.44345788001,1277.35686030471,1306.34237576048,1491.03024596512,1586.227098019,1653.87958423715,1698.48381257409,1763.28196913192,1930.64959688631,1924.12471011221,1899.77345951489,1732.17872814399,1891.73167199873,1848.26835466077,1800.5162582271,1675.55956218746,1785.89850075619,1858.52353119201,2022.83539812427,1813.72941959733,1869.3178115074,1917.25572926726,1952.95114299639,,,,,,,,,,1.33235329757648,0,0,145.506811116428,64.5613735339957,125.901882295372,184.419238254362,316.442432473478,332.346386913508,378.665165188332,508.878702845514,932.110745619052,685,898,1116,2150,2449.64515095581,3007.60815657943,3498.96690538863,4201.96418660042,5065.04044505372,6429.62074079537,7517.82973564533,7272.69501303059,7342.81699225993,8862.21040918296,9627.00059139055,10352.5919101363,11455.4455260742,12558.8893358386,13726.539622837,14887.6579995013,16027.3330190169,17196.9312066756,18381.0741317013,,,,,,,,,,,,,,,
,,,,,,,,Motorola COGS adjustments,,,,0,0,0,0,0,0,0,0,0,0,0,0,0,0,0,0,0,0,0,0,0,0,0,0,0,0,0,0,0,0,0,0,0,0,0,0,0,0,0,0,,,83,66,,36,,,,,,,,,,,,,,,,,,,,,,,,,,,,,,,,,,,,,,,,,,,,,,,,,,,,,,,,,,,,,,,,0,0,0,0,0,0,0,0,0,0,0,149,36,0,0,0,0,0,0,0,0,0,0,0,0,0,0,0,0,0,0,0,0,0,0,,,,,,,,,,,,,,,
,,,,,,,,Other non-operating expense (For modelware purpose),,,,,,,,,,,,,,,,-2.08,-4.093,4.166,-2.13,10.997,-57.795,0.029,-2.469,-0.595000000000001,0.854,-8.314,-22.32,-45.34,30.163,69.779,18.547,60,68,54,-21.003,77,67,5,11,90,-5,-112,197,6,0,88,0,25,-73,163,0,-213,-3,29,0,,,,,,,,,,,,,,,,,,,,,,,,,,,,,,,,,,,,,,,,,,,,,,,,,,,,,,,,,,0,0,0,0,0,54.85,0,0,0,0,0,0,0,0,0,,,,,,,,,,,,,,,,,,,,,,,,,,,,,,,,,,,
,,,,,,,,Company Reported EBITDA Adj.,,,,1,1,1,1,1,1,1,1,1,1,1,1,1,1,1,1,1,1,1,1,1,1,1,1,1,1,1,1,1,1,1,1,1,1,1,1,1,1,1,1,1,1,1,1,1,1,1,1,1,1,1,1,1,1,1,1,1,1,1,1,1,1,1,1,1,1,1,1,1,1,1,1,1,1,1,1,1,1,1,1,1,1,1,1,1,1,1,1,1,1,1,1,1,1,1,1,1,1,1,1,,,,,,,,,,1,1,1,1,1,1,1,1,1,1,1,1,1,1,1,1,1,1,1,1,1,1,0,0,0,0,0,0,0,0,0,0,0,0,0,,,,,,,,,,,,,,,
,,,,,,,,Adjustment to EBITDA Adj.,,,,0,0,0,0,0,0,0,0,2.389,2.474,5.53,9.557,9.715,9.962,8.303,9.02,15.29,16.01,15.76,30.449,34.703,35.218,41.96,48.034,55.96,82.891,76.764,72.035,82,66,68,68.278,67,76,85,101,100,108,129,118,133,197,321,323,315,283,281,279,270,266,663,257,239,223,218,251,216,219,219,223,216,201,200,195,195,252,217,207,197,209,188,331,209,208,189,186,228,215,219,224,191,201,113,136,126,118,129,0,0,0,0,0,0,0,0,0,130.375844594595,131.431587837838,132.487331081081,133.543074324324,,,,,,,,,,4.351,11.168,11.198,19.95,37,77.509,159.915,287.65,284.278,329,455,974,1158,1456,931,877,812,871,925,792,886,641,373,0,0,527.837837837838,544.72972972973,102,102,102,102,102,102,102,102,,,,,,,,,,,,,,,
,,,,,,,,Adjusted EBITDA including stock compensation,,,,3.774,3.735,6.182,7.944,36.418,34.165,73.794,84.984,76.473,74.761,268.981,59.531,48.908,47.338,46.308,148.155,144.664,109.149,99.8599999999999,159.277,183.866,241.524,197.956,245.3,281.049,272.776,375.139,1380.929,278,293,318,275.054,291,309,380,396,932,435,571,536,556,696,803,812,655,743,856,873,839,880,1255,1201,1203,1132,1432,1436,1494,1503,1860,1846,2009,4739,1820,1847,2457,7484,2230,2253,2769,2760,2621,2644,3190,3329,3117,3223,3745,3803,3874,3954,4504,4782,4976,5099.99999999999,5284,5774,5743,5659,5264,5865,5845.99999999999,5810,5516,5998,6367.99999999999,7071,6468.12034504244,6801.01981428091,7116.33267104655,7395.25031051559,,,,,,,,,,12.383,21.635,229.361,278.746,200.709,458.100000000001,868.646000000001,1120.036,1164.054,1376,1974,2661,3127,4175,5203,6703,10415,9353,10794,12859,15376,19362,97992,127701,150175,209733.117433784,261697.028186066,322888.884323156,393516.178759896,472289.629251983,552701.262608365,638795.056569619,728394.046225257,824155.646448533,922476.648130761,,,,,,,,,,,,,,,
,,,,,,,,Free Cash flow (FCF tab),,,,,,,,,,,,,,,,,,,,,,,,,,,,,,,,,,,,,,,,,,,,,,,,,,,,,,,,,,,,,,,,,,,,,,,,,,,,,,,,,,,,,,,,,,,,,,,,,,,,,,,,,,,,,,,,,,,,,,,,,,,,11371,9897,8312,11087,18950,18429,19579,23395,33512,62311,42180,51398,54488,62477,-5627.33273970166,-18125.9350098952,0,0,0,0,0,0,0,0,,,,,,,,,,,,,,,
,,,,,,,,Other Operating Expenses,,,,,,,,,,,,,,,,,,,,,,,,,,,,,,,,,,,,,,,,,,,,,,,,,,,,,,,,160,163,231,252,241,255,325,336,324.075635876841,339.830339321357,318.010752688172,336.182015167931,396.343373493976,409.39121756487,389.650537634409,410.080173347779,446.672690763052,468.263473053892,457.970430107527,481.248104008667,514.585006693441,564.800399201597,544.637096774194,586.63488624052,604.11311914324,645.219560878243,676.908602150538,719.687973997833,726.548862115127,811.317365269461,869.462365591398,928.277356446371,852.372155287818,979.620758483034,1003.4811827957,1030.02383531961,849.145917001339,995.059880239521,1021.47849462366,1057.50812567714,889.796519410978,1017.624750499,1112.68817204301,1287.0292524377,1043.38487493657,1153.86563715345,1243.44522477964,1346.04772715777,,,,,,,,,,,,,,,,,,,,,360,469,535,806,1157,1318.0987430543,1605.46530204103,1854.15469793314,2210.65738890975,2645.92925616985,3335.60594942236,3865.49793188616,3923.19241754166,4307.13869439069,4786.74346402742,5202.03277389042,5594.11229904818,6190.04875926231,6786.30413579924,7417.25403590006,8044.67436193346,8660.50758504619,9292.51005006363,9932.37188932262,,,,,,,,,,,,,,,
,,,,,,,,FCF,,,,,,,,,,,,,,,,,,,,,,,,,,,,,,,,,,,,,,,,,,,,,,,,,,,,,,,,,,,,,,,,,,,,,,,,,,,,,,,,,,,,,,,,,,,,,,,,,,,,,,,,,,,,,,,,,,,,,,,,,,,,,,,,,,,,,,,,,,,,,,,,,,,,,,,,,,,,,,,,,,
,,,,,,,,,,,,,,,,,,,,,,,,,,,,,,,,,,,,,,,,,,,,,,,,,,,,,,,,,,,,,,,,,,,,,,,,,,,,,,,,,,,,,,,,,,,,,,,,,,,,,,,,,,,,,,,,,,,,,,,,,,,,,,,,,,,,,,,,,,,,,,,,,,,,,,,,,,,,,,,,,,,,,,,,,,
,,,,,,,,,,,,,,,,,,,,,,,,,,,,,,,,,,,,,,,,,,,,,,,,,,,,,,,,,,,,,,,,,,,,,,,,,,,,,,,,,,,,,,,,,,,,,,,,,,,,,,,,,,,,,,,,,,,,,,,,,,,,,,,,,,,,,,,,,,,,,,,,,,,,,,,,,,,,,,,,,,,,,,,,,,
,,,,,,,,,,,,,,,,,,,,,,,,,,,,,,,,,,,,,,,,,,,,,,,,,,,,,,,,,,,,,,,,,,,,,,,,,,,,,,,,,,,,,,,,,,,,,,,,,,,,,,,,,,,,,,,,,,,,,,,,,,,,,,,,,,,,,,,,,,,,,,,,,,,,,,,,,,,,,,,,,,,,,,,,,,
,,,,,,,,,,,,,,,,,,,,,,,,,,,,,,,,,,,,,,,,,,,,,,,,,,,,,,,,,,,,,,,,,,,,,,,,,,,,,,,,,,,,,,,,,,,,,,,,,,,,,,,,,,,,,,,,,,,,,,,,,,,,,,,,,,,,,,,,,,,,,,,,,,,,,,,,,,,,,,,,,,,,,,,,,,
,,,,,,,,,,,,,,,,,,,,,,,,,,,,,,,,,,,,,,,,,,,,,,,,,,,,,,,,,,,,,,,,,,,,,,,,,,,,,,,,,,,,,,,,,,,,,,,,,,,,,,,,,,,,,,,,,,,,,,,,,,,,,,,,,,,,,,,,,,,,,,,,,,,,,,,,,,,,,,,,,,,,,,,,,,
,,,,,,,,,,,,,,,,,,,,,,,,,,,,,,,,,,,,,,,,,,,,,,,,,,,,,,,,,,,,,,,,,,,,,,,,,,,,,,,,,,,,,,,,,,,,,,,,,,,,,,,,,,,,,,,,,,,,,,,,,,,,,,,,,,,,,,,,,,,,,,,,,,,,,,,,,,,,,,,,,,,,,,,,,,
,,,,,,,,,,,,,,,,,,,,,,,,,,,,,,,,,,,,,,,,,,,,,,,,,,,,,,,,,,,,,,,,,,,,,,,,,,,,,,,,,,,,,,,,,,,,,,,,,,,,,,,,,,,,,,,,,,,,,,,,,,,,,,,,,,,,,,,,,,,,,,,,,,,,,,,,,,,,,,,,,,,,,,,,,,
,,,,,,,,,,,,,,,,,,,,,,,,,,,,,,,,,,,,,,,,,,,,,,,,,,,,,,,,,,,,,,,,,,,,,,,,,,,,,,,,,,,,,,,,,,,,,,,,,,,,,,,,,,,,,,,,,,,,,,,,,,,,,,,,,,,,,,,,,,,,,,,,,,,,,,,,,,,,,,,,,,,,,,,,,,
