,,,,,,,,,,,,,,,,,,,,,,,,,,,,,,,,,,,,,,,,,,,,,,,,,,,,,,,,,,,,,,,,,,,,,,,,,,,,,,,,,,,,,,,,,,,,,,,,,,,,,,,,,,,,,,,,,,,,,,,,,,,,,,,,,,,,,,,,,,,,,,,,,,,,,,,,,,,,,,,,,,,,,
,,,,,,,,300.784424583054,,,,,,,,,,,,,,,,,,,,,,,,,,,,,,,,,,,,,,,,,,,,,,,,,,,,,,,,,,,,,,,,,,,,,,,,,,,,,,,,,,,,,,,,,,,,,,,,,,,,,,,,,,,,,,,,,,,,,,,,,,,,,,,,,,,,,,,,,,,,,,,,,,,,,,,,,,,,,
,,,,,,,,,,,,,,,,,,,,,,,,,,,,,,,,,,,,,,,,,,,,,,,,,,,,,,,,,,,,,,,,,,,,,,,,,,,,,,,,,,,,,,,,,,,,,,,,,,,,,,,,,,,,,,,,,,,,,,,,,,,,,,,,,,,,,,,,,,,,,,,,,,,,,,,,,,,,,,,,,,,,,
,,,,,,,,,,,,2002-Q,2002-Q,2002-Q,2002-Q,2003-Q,2003-Q,2003-Q,2003-Q,2004-Q,2004-Q,2004-Q,2004-Q,2005-Q,2005-Q,2005-Q,2005-Q,2006-Q,2006-Q,2006-Q,2006-Q,2007-Q,2007-Q,2007-Q,2007-Q,2008-Q,2008-Q,2008-Q,2008-Q,2009-Q,2009-Q,2009-Q,2009-Q,2010-Q,2010-Q,2010-Q,2010-Q,2011-Q,2011-Q,2011-Q,2011-Q,2012-Q,2012-Q,2012-Q,2012-Q,2013-Q,2013-Q,2013-Q,2013-Q,2014-Q1,2014-Q2,2014-Q3,2014-Q4,2015-Q1,2015-Q2,2015-Q3,2015-Q4,2016-Q1,2016-Q2,2016-Q3,2016-Q4,2017-Q1,2017-Q2,2017-Q3,2017-Q4,2018-Q1,2018-Q2,2018-Q3,2018-Q4,2019-Q1,2019-Q2,2019-Q3,2019-Q4,2020-Q1,2020-Q2,2020-Q3,2020-Q4,2021-Q1,2021-Q2,2021-Q3,2021-Q4,2022-Q1,2022-Q2,2022-Q3,2022-Q4,2023-Q1,2023-Q2,2023-Q3,2023-Q4,2024-Q1,2024-Q2,2024-Q3,2024-Q4,2025-Q1,2025-Q2,2025-Q3,2025-Q4,2026-Q1,2026-Q2,2026-Q3,2026-Q4,2027-Q1,2027-Q2,2027-Q3,2027-Q4,2028-Q1,2028-Q2,2028-Q3,2028-Q4,,,,,,,,,,,,,,,,,,,,,,,,,,,,,,,,,,,,,,,,,,,,,,
,,,,,,,,Period-End Date,,,,2002-03-31 00:00:00,2002-06-30 00:00:00,2002-09-30 00:00:00,2002-12-31 00:00:00,2003-03-31 00:00:00,2003-06-30 00:00:00,2003-09-30 00:00:00,2003-12-31 00:00:00,2004-03-31 00:00:00,2004-06-30 00:00:00,2004-09-30 00:00:00,2004-12-31 00:00:00,2005-03-31 00:00:00,2005-06-30 00:00:00,2005-09-30 00:00:00,2005-12-31 00:00:00,2006-03-31 00:00:00,2006-06-30 00:00:00,2006-09-30 00:00:00,2006-12-31 00:00:00,2007-03-31 00:00:00,2007-06-30 00:00:00,2007-09-30 00:00:00,2007-12-31 00:00:00,2008-03-31 00:00:00,2008-06-30 00:00:00,2008-09-30 00:00:00,2008-12-31 00:00:00,2009-03-31 00:00:00,2009-06-30 00:00:00,2009-09-30 00:00:00,2009-12-31 00:00:00,2010-03-31 00:00:00,2010-06-30 00:00:00,2010-09-30 00:00:00,2010-12-31 00:00:00,2011-03-31 00:00:00,2011-06-30 00:00:00,2011-09-30 00:00:00,2011-12-31 00:00:00,2012-03-31 00:00:00,2012-06-30 00:00:00,2012-09-30 00:00:00,2012-12-31 00:00:00,2013-03-31 00:00:00,2013-06-30 00:00:00,2013-09-30 00:00:00,2013-12-31 00:00:00,2014-03-31 00:00:00,2014-06-30 00:00:00,2014-09-30 00:00:00,2014-12-31 00:00:00,2015-03-31 00:00:00,2015-06-30 00:00:00,2015-09-30 00:00:00,2015-12-31 00:00:00,2016-03-31 00:00:00,2016-06-30 00:00:00,2016-09-30 00:00:00,2016-12-31 00:00:00,2017-03-31 00:00:00,2017-06-30 00:00:00,2017-09-30 00:00:00,2017-12-31 00:00:00,2018-03-31 00:00:00,2018-06-30 00:00:00,2018-09-30 00:00:00,2018-12-31 00:00:00,2019-03-31 00:00:00,2019-06-30 00:00:00,2019-09-30 00:00:00,2019-12-31 00:00:00,2020-03-31 00:00:00,2020-06-30 00:00:00,2020-09-30 00:00:00,2020-12-31 00:00:00,2021-03-31 00:00:00,2021-06-30 00:00:00,2021-09-30 00:00:00,2021-12-31 00:00:00,2022-03-31 00:00:00,2022-06-30 00:00:00,2022-09-30 00:00:00,2022-12-31 00:00:00,2023-03-31 00:00:00,2023-06-30 00:00:00,2023-09-30 00:00:00,2023-12-31 00:00:00,2024-03-31 00:00:00,2024-06-30 00:00:00,2024-09-30 00:00:00,2024-12-31 00:00:00,2025-03-31 00:00:00,2025-06-30 00:00:00,2025-09-30 00:00:00,2025-12-31 00:00:00,2026-03-31 00:00:00,2026-06-30 00:00:00,2026-09-30 00:00:00,2026-12-31 00:00:00,2027-03-31 00:00:00,2027-06-30 00:00:00,2027-09-30 00:00:00,2027-12-31 00:00:00,2028-03-31 00:00:00,2028-06-30 00:00:00,2028-09-30 00:00:00,2028-12-31 00:00:00,,2001-12-31 00:00:00,2002-12-31 00:00:00,2003-12-31 00:00:00,2004-12-31 00:00:00,2005-12-31 00:00:00,2006-12-31 00:00:00,2007-12-31 00:00:00,2008-12-31 00:00:00,2009-12-31 00:00:00,2010-12-31 00:00:00,2011-12-31 00:00:00,2012-12-31 00:00:00,2013-12-31 00:00:00,2014-12-31 00:00:00,2015-12-31 00:00:00,,,,1900-12-31 00:00:00,1901-12-31 00:00:00,1902-12-31 00:00:00,1903-12-31 00:00:00,1904-12-31 00:00:00,1905-12-31 00:00:00,1906-12-31 00:00:00,1907-12-31 00:00:00,1908-12-31 00:00:00,1909-12-31 00:00:00,1910-12-31 00:00:00,1911-12-31 00:00:00,1912-12-31 00:00:00,1913-12-31 00:00:00,1914-12-31 00:00:00,1915-12-31 00:00:00,1916-12-31 00:00:00,,,,,,,,,,
,,,,,,,,Morgan Stanley | Google Model,,,,,,,,,,,,,,,,,,,,,,,,,,,,,,,,,,,,,,,,,,,,,,,,,,,,2014-12-31 00:00:00,,,,2015-12-31 00:00:00,,,,2016-12-31 00:00:00,,,,2017-12-31 00:00:00,,,,2018-12-31 00:00:00,,,,2019-12-31 00:00:00,,,,2020-12-31 00:00:00,,,,2021-12-31 00:00:00,,,,2022-12-31 00:00:00,,,,2023-12-31 00:00:00,,,,2024-12-31 00:00:00,,,,2025-12-31 00:00:00,,,,2026-12-31 00:00:00,,,,2027-12-31 00:00:00,,,,2028-12-31 00:00:00,,,,,,,,,,,,,,,,,,,,,,,,,,,,,,,,,,,,,,,,,,,,,,,,,
,,,,,,,,(USD millions),,,,,,,,,,,,,,,,,,,,,,,,,,,,,,,,,,,,,,,,,,,,,,,,,,,,1,2,3,4,1,2,3,4,1,2,3,4,1,2,3,4,1,2,3,4,1,2,3,4,1,2,3,4,1,2,3,4,1,2,3,4,1,2,3,4,1,2,3,4,1,2,3,4,1,2,3,4,1,2,3,4,1,2,3,4,,2001-12-31 00:00:00,2002-12-31 00:00:00,2003-12-31 00:00:00,2004-12-31 00:00:00,2005-12-31 00:00:00,2006-12-31 00:00:00,2007-12-31 00:00:00,2008-12-31 00:00:00,2009-12-31 00:00:00,2010-12-31 00:00:00,2011-12-31 00:00:00,2012-12-31 00:00:00,2013-12-31 00:00:00,2014-12-31 00:00:00,2015-12-31 00:00:00,2016-12-31 00:00:00,2017-12-31 00:00:00,2018-12-31 00:00:00,2019-12-31 00:00:00,2020-12-31 00:00:00,2021-12-31 00:00:00,2022-12-31 00:00:00,2023-12-31 00:00:00,2024-12-31 00:00:00,2025-12-31 00:00:00,2026-12-31 00:00:00,2027-12-31 00:00:00,2028-12-31 00:00:00,2029-12-31 00:00:00,2030-12-31 00:00:00,2031-12-31 00:00:00,2032-12-31 00:00:00,2033-12-31 00:00:00,2034-12-31 00:00:00,2035-12-31 00:00:00,,,,,,,,,,
,,,,,,,,Alphabet,,,,,,,,,,,,,,,,,,,,,,,,,,,,,,,,,,,,,,,,,,,,,,,,,,,,,,,,,,,,,,,,,,,,,,,,,,,,,,,,,,,,,,,,,,,,,,,,,,,,,,,,,,,,,,,,,,,,,,,,,,,,,,,,,,,,,,,,,,,,,,,,,,,,,,,,,,,,,
,,,,,,,,Total Alphabet Revenue,,,,,,,,,,,,,,,,,,,,,,,,,,,,,,,,,,,,,,,,,,,,,,,,,,,,15420,15955,16523,18103,17258,17727,18675,21329,20257,21500,22451,26064,24750,26010,27772,32323,31146,32657,33740,39276,36339,38944,40499,46075,41159,38297,46173,56898,55314,61880,65118,75325,68011,69685,69092,76048,69787,74604,76693,86310,80539,84742,88268,96469,90234,96428,102346,113828,109629.15839055,117258.962315188,122695.390880113,134459.096554829,127889.617011899,136436.50169869,144759.281940412,158477.61246467,,,,,,,,,,,,,,,,,,55519,66001,74989,90272,110855,136819,161857,182527,257637,282836,307394,350018,402836,484042.60814068,567563.013115671,659990.491713614,761262.369052504,871542.983667059,990965.1001939,1119926.16215119,1258509.73262744,1406729.68077991,1564846.11482466,,,,,,,,,,
,,,,,,,,Period-to-period addition,,,,,,,,,,,,,,,,,,,,,,,,,,,,,,,,,,,,,,,,,,,,,,,,,,,,,,,,-845,469,948,2654,-1072,1243,951,3613,-1314,1260,1762,4551,-1177,1511,1083,5536,-2937,2605,1555,5576,-4916,-2862,7876,10725,-1584,6566,3238,10207,-7314,1674,-593,6956,-6261,4817,2089,9617,-5771,4203,3526,8201,-6235,6194,5918,11482,-4198.84160945006,7629.80392463824,5436.42856492462,11763.7056747163,-6569.4795429298,8546.88468679076,8322.78024172172,13718.3305242579,,,,,,,,,,,,,,,,,,,10482,8988,15283,20583,25964,25038,20670,75110,25199,24558,42624,52818,81206.60814068,83520.4049749908,92427.4785979427,101271.87733889,110280.614614555,119422.116526841,128961.061957288,138583.570476255,148219.948152472,158116.434044746,,,,,,,,,,
,,,,,,,,% change Y/Y,,,,,,,,,,,,,,,,,,,,,,,,,,,,,,,,,,,,,,,,,,,,,,,,,,,,,,,,,,,0.178202507871623,0.17377448139993,0.212839171884696,0.202195448460509,0.22199821838811,0.221799871649306,0.209767441860465,0.237005033183377,0.240139656230816,0.258424242424242,0.255555555555556,0.214892697681118,0.215109983603007,0.166730880369871,0.192516152739076,0.200326022525193,0.173108259496894,0.132639863507526,-0.0166135990139688,0.14010222474629,0.234899620184482,0.343910201899949,0.61579235971486,0.410304723539731,0.323860241133256,0.229544057562281,0.126131221719457,0.0610276728400749,0.00959840690341851,0.0261134228286601,0.0705890794288584,0.110012736641,0.134941089837997,0.154068809377105,0.135890836952442,0.150926420924987,0.11770362646275,0.120376463576652,0.137900922800972,0.159491548466035,0.179943816148193,0.214942908333333,0.216026074534245,0.198829371740105,0.181247993066988,0.166565710158032,0.163548602212198,0.179826568072617,0.178630650697898,,,,,,,,,,,,,,,,,,,0.188800230551703,0.136179754852199,0.203803224472923,0.228010900389933,0.23421586757476,0.183000898997946,0.127705320128261,0.411500764270492,0.0978081564371578,0.0868277022726951,0.138662433229016,0.150900810815444,0.201587266631284,0.172547630250593,0.162849721461863,0.153444448988872,0.144865448625569,0.137023782836696,0.130136835224625,0.123743488776135,0.117774177115839,0.11240001274238,,,,,,,,,,
,,,,,,,,% change Q/Q,,,,,,,,,,,,,,,,,,,,,,,,,,,,,,,,,,,,,,,,,,,,,,,,,,,,,,,,-0.046677346296194,0.0271758025263646,0.0534777458114741,0.142115127175368,-0.0502602091049744,0.061361504665054,0.0442325581395349,0.160928243730792,-0.050414364640884,0.050909090909091,0.0677431757016531,0.163870084977675,-0.0364136992234632,0.0485134527708213,0.033162874728236,0.164078245406046,-0.0747784906813321,0.071686067310603,0.0399291290057517,0.137682411911405,-0.106695604991861,-0.0695352170849632,0.20565579549312,0.232278604379183,-0.0278392913634926,0.118704125537838,0.0523270846800259,0.156746214564329,-0.0970992366412213,0.0246136654364735,-0.00850972232187697,0.100677357725931,-0.0823295813170629,0.069024316849843,0.0280011795614177,0.125396059614306,-0.0668636310972077,0.0521858975154894,0.0416086474239457,0.0929102279421761,-0.0646321616270512,0.0686437484761842,0.061372215539055,0.112188067926446,-0.036887598916348,0.0695964836057332,0.0463625846381932,0.0958773234294574,-0.0488585726905499,0.0668301687540085,0.061001126077697,0.0947665002227969,,,,,,,,,,,,,,,,,,,NA,NA,NA,NA,NA,NA,NA,NA,NA,NA,NA,NA,NA,NA,NA,NA,NA,NA,NA,NA,NA,NA,,,,,,,,,,
,,,,,,,,% of Total Revenue,,,,,,,,,,,,,,,,,,,,,,,,,,,,,,,,,,,,,,,,,,,,,,,,,,,,,,,1.00588987053398,1.00465711957155,1.00424881033311,1.0076620083095,1.00713004060818,1.00826240605246,1.00867933380249,1.00885234115215,1.0101542516084,1.00536193029491,1.0037432948713,1.00423069969264,1.00406933399602,1.00483933410763,1.00445989173228,1.0043460141692,1.00393640406932,1.00470015759352,1.00417719560621,1.0038419591513,1.00374703178442,1.00329075663027,1.00387952502032,1.00386998586803,1.00345666819513,1.00359242325278,1.00311243677863,1.00280275964026,1.0024087086128,1.0065116692072,1.00277729810626,1.00303413033695,1.00298066524228,1.00414394451719,1.00383482016712,1.00388763809624,1.00767048439634,1.00618409874569,1.00432582338789,1.0044151115157,1.00416367402596,1.00501202886929,1.0038831919213,1.00337248289249,1.00326111865184,1.00500338399922,1.00490615535282,1.00494657050897,1.00478612754328,1.00771951390273,1.00759692468194,1.0074724468417,1.00711551685898,,,,,,,,,,,,,,,,,,1.00021618894914,1.00497913938545,1.00601011523859,1.00905412353849,1.00432151334505,1.00436780596664,1.00408814005137,1.00361247044592,1.00293128415939,1.00379035234661,1.00499236596298,1.00473060252031,1.00383006187406,1.00490507251277,1.00745832583964,1.00911370010325,1.01089905029636,1.01349281032959,1.01476304981648,1.01629525922358,1.01824488122469,1.02039974679155,1.02317628617846,,,,,,,,,,
,,,,,,,,,,,,,,,,,,,,,,,,,,,,,,,,,,,,,,,,,,,,,,,,,,,,,,,,,,,,,,,,,,,,,,,,,,,,,,,,,,,,,,,,,,,,,,,,,,,,,,,,,,,,,,,,,,,,,,,,,,,,,,,,,,,,,,,,,,,,,,,,,,,,,,,,,,,,,,,,,,,,,
,,,,,,,,GAAP Operating Income (Loss) ,,,,,,,,,,,,,,,,,,,,,,,,,,,,,,,,,,,,,,,,,,,,,,,,,,,,,,,4399,4447,4825,4708,5379,5342,5968,5767,6639,6568,4132,7782,7664,7633,3045,8625,8221,6608,9180,9177,9266,7977,6383,11213,15651,16437,19361,21031,21885,20094,19453,17135,18160,17415,21838,21343,23697,25472,27425,28521,30972,30606,31271,31228,35934,40108.0805088389,43177.3397040771,44405.9563102754,46706.8236446517,45837.0719249246,48814.0581088141,51705.0802232918,54887.5082793853,,,,,,,,,,,,,,,,,,15403,16496,19360,23716,26146,27524,34231,41224,78714,74842,84293,112390,129039,174398.200167843,201243.718536416,231976.004992324,267312.133594769,307039.997294334,350159.941873797,403496.044586766,468406.130083191,558197.170751858,654510.712730585,,,,,,,,,,
,,,,,,,,% GAAP Operating Margin,,,,,,,,,,,,,,,,,,,,,,,,,,,,,,,,,,,,,,,,,,,,,,,,,,,,,,,0.242998398055571,0.257677598794762,0.272183674620635,0.252101740294511,0.25219185146983,0.263711309670731,0.277581395348837,0.256870518017015,0.254719152854512,0.265373737373737,0.158861976163014,0.280210283739018,0.237106704204436,0.245071598279073,0.0932418776985026,0.255631298162419,0.209313575720542,0.181843198767165,0.235723089564503,0.226598187609571,0.201106890938687,0.193809373405574,0.166671018617646,0.24284755159942,0.275071180006327,0.297158043171711,0.312879767291532,0.322967535857981,0.290540989047461,0.295452206260752,0.279156202913109,0.248002663115846,0.238796549547654,0.249545044205941,0.29271888906761,0.278291369486133,0.274556830031283,0.316269136691541,0.32362936914399,0.323118230842434,0.321056505198561,0.339184786222488,0.324293773592732,0.305121841596154,0.315686825737077,0.365852306974348,0.368222085984506,0.361920329620735,0.347368269171776,0.358411206444225,0.35777858198546,0.357179722987128,0.346342347198231,,,,,,,,,,,,,,,,,,0.27743655325204,0.249935607036257,0.258171198442438,0.262717121588089,0.235857651887601,0.201170890007967,0.211489154006314,0.225851517857632,0.305522886852432,0.26461270842467,0.274218104452266,0.321097772114577,0.3203263859238,0.360295141863125,0.354575111284431,0.351483859093207,0.351143238470432,0.352294726764306,0.353352445818003,0.360288078110185,0.37219110662361,0.396804857662763,0.418258834865639,,,,,,,,,,
,,,,,,,,Y/Y Change in bp,,,,,,,,,,,,,,,,,,,,,,,,,,,,,,,,,,,,,,,,,,,,,,,,,,,,,,,,,,,,60.3371087596921,53.9772072820199,47.6877772250345,25.2730138468216,16.6242770300629,-1187.19419185823,233.397657220029,-176.124486500755,-203.021390946646,-656.200984645116,-245.789855765993,-277.931284838947,-632.28399511908,1424.81211866,-290.331105528479,-82.0668478185488,119.661746384087,-690.520709468566,162.49363989849,739.642890676402,1033.48669766137,1462.08748673886,801.199842585613,154.698090411339,-17.0583691095866,-337.23564378423,-749.648727421353,-517.444394998069,-459.07162054811,135.626861545013,302.887063702875,357.602804836284,667.240924855998,309.104800763797,448.268613563014,464.996751672787,229.156495309475,6.64404448742439,-179.963892462802,-53.696794614842,266.675207518596,439.283123917731,567.984880245811,316.814434346992,-74.4110053012331,-104.435039990456,-47.4060663360759,-10.2592197354551,,,,,,,,,,,,,,,,,,,,,45.4592314565111,-268.594697004884,-346.867618796342,103.182639983475,143.623638513178,796.713689947999,-409.101784277618,96.0539602759636,468.796676623105,-7.71386190776713,399.687559393243,-57.2003057869369,-30.9125219122375,-3.40620622775123,11.5148829387357,10.5771905369784,69.3563229218125,119.030285134249,246.137510391538,214.53977202876,,,,,,,,,,
,,,,,,,,Q/Q Change in bp,,,,,,,,,,,,,,,,,,,,,,,,,,,,,,,,,,,,,,,,,,,,,,,,,,,,,,,,,145.060758258733,-200.819343261238,0.901111753184303,115.194582009013,138.700856781061,-207.108773318224,-21.5136516250286,106.545845192254,-1065.11761210723,1213.48307576004,-431.035795345813,79.648940746363,-1518.2972058057,1623.89420463916,-463.177224418767,-274.70376953377,538.798907973381,-91.2490195493229,-254.912966708837,-72.9751753311342,-271.383547879272,761.765329817733,322.236284069076,220.868631653834,157.217241198214,100.877685664489,-324.265468105199,49.1121721329091,-162.960033476429,-311.535397972635,-92.0611356819143,107.484946582868,431.738448616694,-144.275195814773,-37.3453945485047,417.123066602582,73.6023245244927,-5.1113830155558,-20.6172564387319,181.28281023927,-148.910126297558,-191.719319965782,105.649841409228,501.654812372708,23.6977901015778,-63.0175636377023,-145.520604489591,110.429372724483,-6.32624458764497,-5.9885899833223,-108.37375788897,,,,,,,,,,,,,,,,,,,,,,,,,,,,,,,,,,,,,,,,,,,,,,,,,,
,,,,,,,,Period-to-period addition,,,,,,,,,,,,,,,,,,,,,,,,,,,,,,,,,,,,,,,,,,,,,,,,,,,,,,,,48,378,-117,671,-37,626,-201,872,-71,-2436,3650,-118,-31,-4588,5580,-404,-1613,2572,-3,89,-1289,-1594,4830,4438,786,2924,1670,854,-1791,-641,-2318,1025,-745,4423,-495,2354,1775,1953,1096,2451,-366,665,-43,4706,4174.08050883887,3069.25919523825,1228.61660619827,2300.86733437632,-869.751719727079,2976.98618388949,2891.02211447767,3182.42805609349,,,,,,,,,,,,,,,,,,,1093,2864,4356,2430,1378,6707,6993,37490,-3872,9451,28097,16649,45359.2001678431,26845.5183685728,30732.2864559083,35336.1286024452,39727.8636995647,43119.9445794632,53336.1027129691,64910.0854964245,89791.0406686675,96313.5419787266,,,,,,,,,,
,,,,,,,,% change Y/Y,,,,,,,,,,,,,,,,,,,,,,,,,,,,,,,,,,,,,,,,,,,,,,,,,,,,,,,,,,,0.222777904069107,0.201259275916348,0.236891191709845,0.224936278674597,0.234244283324038,0.229502059153875,-0.307640750670241,0.349401768683891,0.154390721494201,0.162149817295981,-0.263068731848984,0.108326908249807,0.0726774530271399,-0.134285339971178,2.01477832512315,0.0640000000000001,0.127113489843085,0.207173123486683,-0.304684095860566,0.221858995314373,0.689078350960501,1.06054907860098,2.03321322262259,0.875590832069919,0.398313206823845,0.222485855083044,0.00475182067042002,-0.185250344729209,-0.170207904957734,-0.133323380113467,0.122603197450265,0.245579223810913,0.304900881057269,0.462647143267298,0.255838446744207,0.336316356650893,0.307000886188125,0.201554648241206,0.140237010027347,0.094912520598857,0.16020922123208,0.310464631406877,0.380747008540729,0.421991684074401,0.299794724902647,0.142838833058172,0.130548070894806,0.164372631950895,0.175149667572616,,,,,,,,,,,,,,,,,,,0.0709602025579432,0.173617846750727,0.225,0.102462472592343,0.0527040465080701,0.243678244441215,0.204288510414536,0.90942169609936,-0.0491907411642147,0.126279361855643,0.333325424412466,0.148135955156153,0.351515434619325,0.153932313193234,0.152711779922449,0.152326653800312,0.148619754611625,0.140437548721471,0.152319258529556,0.160869199010119,0.191694845352943,0.172543945088432,,,,,,,,,,
,,,,,,,,% change Q/Q,,,,,,,,,,,,,,,,,,,,,,,,,,,,,,,,,,,,,,,,,,,,,,,,,,,,,,,,0.0109115708115481,0.0850011243534967,-0.0242487046632124,0.142523364485981,-0.00687860197062651,0.117184575065518,-0.0336796246648794,0.151205132651292,-0.0106943816839885,-0.37088915956151,0.883349467570184,-0.0151631971215626,-0.00404488517745305,-0.60107428271977,1.83251231527094,-0.0468405797101449,-0.196204841260187,0.389225181598063,-0.000326797385620914,0.00969815843957722,-0.13911072739046,-0.199824495424345,0.756697477675074,0.395790600196201,0.0502204331991567,0.17789134270244,0.0862558752130571,0.0406067234083021,-0.0818368745716244,-0.0319000696725391,-0.119158998612039,0.0598190837467172,-0.0410242290748899,0.253976457077232,-0.0226669108892755,0.110293773134049,0.0749039962864497,0.0766724246231156,0.0399635369188696,0.0859366782370885,-0.0118171251452925,0.0217277657975561,-0.00137507594896225,0.150698091456385,0.116159640141339,0.0765247091433821,0.0284551251795222,0.0518143854013546,-0.0186215129152049,0.0649471281404148,0.0592251950868976,0.0615496203148695,,,,,,,,,,,,,,,,,,,NA,NA,NA,NA,NA,NA,NA,NA,NA,NA,NA,NA,NA,NA,NA,NA,NA,NA,NA,NA,NA,NA,,,,,,,,,,
,,,,,,,,,,,,,,,,,,,,,,,,,,,,,,,,,,,,,,,,,,,,,,,,,,,,,,,,,,,,,,,,,,,,,,,,,,,,,,,,,,,,,,,,,,,,,,,,,,,,,,,,,,,,,,,,,,,,,,,,,,,,,,,,,,,,,,,,,,,,,,,,,,,,,,,,,,,,,,,,,,,,,
,,,,,,,,SBC (Including COGS),,,,,,,,,,,,,,,,,,,,,,,,,,,,,,,,,,,,,,,,,,,,,,,,,,,,,,,1201,1203,1132,1432,1436,1494,1503,1860,1846,2009,2003,1820,1847,2457,2413,2230,2253,2769,2760,2621,2644,3190,3329,3117,3223,3745,3803,3874,3954,4504,4782,4976,5100,5284,5774,5743,5659,5264,5865,5846,5810,5516,5998,6368,7071,6468.12034504245,6801.01981428092,7116.33267104654,7395.2503105156,7033.92893565446,7231.13459003057,7672.24194284182,8240.83584816282,,,,,,,,,,,,,,,,,,3127,4175,5203,6703,7679,9353,10794,12859,15376,19362,22460,22785,24953,27780.7231408855,30178.1413166897,32452.6812574949,35909.8403131577,39368.8494728617,43029.1292282223,46668.93314469,50241.5177173762,53907.9036343431,57619.8835175213,,,,,,,,,,
,,,,,,,,% of Alphabet revenue,,,,,,,,,,,,,,,,,,,,,,,,,,,,,,,,,,,,,,,,,,,,,,,,,,,,,,,0.0663425951499752,0.0697068026422529,0.0638573926778361,0.0766800535475234,0.0673261756294247,0.0737522831613763,0.069906976744186,0.082847089216516,0.0708256599140577,0.0811717171717172,0.0770088427527874,0.065533630995247,0.0571419732079324,0.0788865343864381,0.0738892121137888,0.0660936573799644,0.0573632752826153,0.0761991249071246,0.0708709942481512,0.0647176473493173,0.0573846988605534,0.0775043125440365,0.0869258688670131,0.0675069846013904,0.0566452247882175,0.0677043786383194,0.0614576599870718,0.0594919991400227,0.0524925323597743,0.066224581317728,0.0686230896175648,0.0720199154750188,0.0670629076372817,0.0757161075845071,0.0773953139241864,0.0748829749781597,0.0655659830842313,0.0653596394293448,0.069210072927238,0.0662301173698283,0.0602266012916066,0.0611299510162466,0.0622018500850375,0.0622203114923886,0.0621200407632568,0.059,0.058,0.058,0.055,0.055,0.053,0.053,0.052,,,,,,,,,,,,,,,,,,0.0563230605738576,0.0632566173239799,0.0693835095814053,0.0742533676001418,0.0692706688917956,0.068360388542527,0.0666884966359194,0.0704498512548828,0.0596808688193078,0.0684566321118952,0.0730658373292907,0.065096652172174,0.061943321848097,0.0573931357976888,0.0531714375660686,0.0491714375660686,0.0471714375660686,0.0451714375660686,0.0434214375660686,0.0416714375660686,0.0399214375660686,0.0383214375660686,0.0368214375660686,,,,,,,,,,
,,,,,,,,,,,,,,,,,,,,,,,,,,,,,,,,,,,,,,,,,,,,,,,,,,,,,,,,,,,,,,,,,,,,,,,,,,,,,,,,,,,,,,,,,,,,,,,,,,,,,,,,,,,,,,,,,,,,,,,,,,,,,,,,,,,,,,,,,,,,,,,,,,,,,,,,,,,,,,,,,,,,,
,,,,,,,,Non-GAAP Operating Income (Loss) ,,,,,,,,,,,,,,,,,,,,,,,,,,,,,,,,,,,,,,,,,,,,,,,,,,,,,,,5600,5650,5957,6140,6815,6836,7471,7627,8485,8577,6135,9602,9511,10090,5458,10855,10474,9377,11940,11798,11910,11167,9712,14330,18874,20182,23164,24905,25839,24598,24235,22111,23260,22699,27612,27086,29356,30736,33290,34367,36782,36122,37269,37596,43005,46576.2008538813,49978.359518358,51522.2889813219,54102.0739551673,52871.0008605791,56045.1926988447,59377.3221661336,63128.3441275481,,,,,,,,,,,,,,,,,,18530,20671,24563,30419,33825,36877,45025,54083,94090,94204,106753,135175,153992,202178.923308729,231421.859853106,264428.686249819,303221.973907927,346408.846767196,393189.07110202,450164.977731456,518647.647800567,612105.074386201,712130.596248106,,,,,,,,,,
,,,,,,,,% Non-GAAP Operating Margin,,,,,,,,,,,,,,,,,,,,,,,,,,,,,,,,,,,,,,,,,,,,,,,,,,,,,,,0.309340993205546,0.327384401437015,0.336041067298471,0.328781793842035,0.319518027099255,0.337463592832107,0.347488372093023,0.339717607233531,0.32554481276857,0.346545454545455,0.235870818915802,0.345743914734265,0.294248677412369,0.323958132665511,0.167131089812291,0.321724955542383,0.266676851003157,0.258042323674289,0.306594083812654,0.291315834958888,0.25849158979924,0.27131368594961,0.253596887484659,0.31035453620081,0.331716404794545,0.36486242181003,0.374337427278604,0.382459534998004,0.343033521407235,0.36167678757848,0.347779292530674,0.320022578590864,0.305859457184936,0.325261151790448,0.370114202991797,0.353174344464293,0.340122813115514,0.381628776120886,0.392839442071228,0.389348348212263,0.381283106490168,0.400314737238735,0.38649562367777,0.367342153088543,0.377806866500334,0.424852306974348,0.426222085984506,0.419920329620735,0.402368269171776,0.413411206444224,0.41077858198546,0.410179722987128,0.398342347198231,,,,,,,,,,,,,,,,,,0.333759613825897,0.313192224360237,0.327554708023844,0.336970489188231,0.305128320779397,0.269531278550494,0.278177650642234,0.296301369112515,0.36520375567174,0.333069340536565,0.347283941781557,0.386194424286751,0.382269707771897,0.417688277660813,0.4077465488505,0.400655296659276,0.398314676036501,0.397466164330374,0.396773883384072,0.401959515676253,0.412112544189678,0.435126295228832,0.455080272431708,,,,,,,,,,
,,,,,,,,%o% Change in bp,,,,,,,,,,,,,,,,,,,,,,,,,,,,,,,,,,,,,,,,,,,,,,,,,,,,,,,,,,,101.770338937085,100.791913950927,114.47304794552,109.35813391496,60.2678566931514,90.8186171334713,-1116.17553177222,60.2630750073396,-312.961353562008,-225.873218799437,-687.397291035102,-240.189591918818,-275.718264092117,-659.158089912215,1394.62994000363,-304.091205834951,-81.8526120391677,132.713622753207,-529.971963279947,190.387012419221,732.248149953043,935.4873586042,1207.40539793944,721.049987971936,113.171166126907,-31.8563423155011,-265.5813474793,-624.369564071393,-371.740642222995,-364.156357880319,223.34910461123,331.517658734283,342.63355930578,563.676243304375,227.252390794312,361.7400374797,411.60293374654,186.859611178493,-63.4381839345799,-220.061951237199,-34.7623998983398,245.375697356129,397.264623067356,525.781765321926,245.614026714423,-114.411005301233,-154.435039990455,-97.4060663360754,-40.2592197354545,,,,,,,,,,,,,,,,,,,-205.673894656604,143.624836636065,94.1578116438763,-318.421684088346,-355.970422289028,86.4637209173991,181.237184702813,689.023865592248,-321.344151351743,142.146012449919,389.104825051938,-39.2471651485377,354.185698889161,-99.4172881031386,-70.9125219122381,-23.4062062277512,-8.48511706126376,-6.92280946302248,51.8563229218122,101.530285134249,230.137510391537,199.539772028761,,,,,,,,,,
,,,,,,,,Period-to-period addition,,,,,,,,,,,,,,,,,,,,,,,,,,,,,,,,,,,,,,,,,,,,,,,,,,,,,,,,50,307,183,675,21,635,156,858,92,-2442,3467,-91,579,-4632,5397,-381,-1097,2563,-142,112,-743,-1455,4618,4544,1308,2982,1741,934,-1241,-363,-2124,1149,-561,4913,-526,2270,1380,2554,1077,2415,-660,1147,327,5409,3571.20085388132,3402.15866447672,1543.9294629639,2579.78497384537,-1231.07309458821,3174.19183826562,3332.12946728892,3751.02196141447,,,,,,,,,,,,,,,,,,,2141,3892,5856,3406,3052,8148,9058,40007,114,12549,28422,18817,48186.9233087286,29242.9365443769,33006.8263967135,38793.2876581079,43186.8728592687,46780.2243348238,56975.9066294368,68482.6700691106,93457.4265856345,100025.521861905,,,,,,,,,,
,,,,,,,,% change Y/Y,,,,,,,,,,,,,,,,,,,,,,,,,,,,,,,,,,,,,,,,,,,,,,,,,,,,,,,,,,,0.216964285714286,0.209911504424779,0.254154775893906,0.242182410423453,0.245047688921497,0.254681100058514,-0.178824789184848,0.258948472531795,0.120919269298763,0.176402005363181,-0.110350448247759,0.130493647156842,0.101251182840921,-0.0706640237859266,1.18761451080982,0.0868724090280977,0.137101393927821,0.190892609576624,-0.186599664991625,0.214612646211222,0.584718723761545,0.807289334646727,1.38509060955519,0.737962316817865,0.36902617357211,0.218808839560004,0.0462355379036437,-0.112186307970287,-0.0998103641781802,-0.0772013984876819,0.139343924076748,0.225001130658948,0.262080825451419,0.35406846116569,0.20563523105896,0.268810455585911,0.252963619021665,0.175234252993233,0.119525382997897,0.0939564116739895,0.169186014898592,0.289413677367846,0.341016918037995,0.370419432421586,0.258041482505925,0.135150568129114,0.121389202025693,0.15245893263126,0.166837784811366,,,,,,,,,,,,,,,,,,,0.115542363734485,0.18828310193024,0.238407360664414,0.111969492751241,0.090229120473023,0.220950728096103,0.2011771238201,0.739733372778877,0.00121160590923575,0.133210903995584,0.266240761383755,0.139204734603292,0.312918354906285,0.144638897397444,0.142626225619587,0.146706048455945,0.142426593635929,0.135043388098753,0.144907147265681,0.152127938548706,0.180194447968597,0.163412338906367,,,,,,,,,,
,,,,,,,,% change Q/Q,,,,,,,,,,,,,,,,,,,,,,,,,,,,,,,,,,,,,,,,,,,,,,,,,,,,,,,,0.0089285714285714,0.0543362831858407,0.0307201611549437,0.109934853420195,0.00308143800440197,0.0928905792861323,0.0208807388569134,0.112495083256851,0.0108426635238656,-0.28471493529206,0.565118174409128,-0.00947719225161425,0.0608768794027967,-0.459068384539148,0.988823744961525,-0.0350990327038231,-0.104735535611992,0.273328356617255,-0.011892797319933,0.00949313442956434,-0.062384550797649,-0.130294618071102,0.475494233937397,0.317096999302163,0.0693016848574759,0.147755425626796,0.0751597306164737,0.0375025095362378,-0.0480281744649561,-0.0147572973412473,-0.087641840313596,0.0519650852516846,-0.0241186586414446,0.216441252918631,-0.0190496885412139,0.0838071328361516,0.0470091293091701,0.0830947423217074,0.0323520576749774,0.0702708994093171,-0.0179435593496819,0.031753502020929,0.00877404813652105,0.143871688477498,0.0830415266569309,0.0730450015695774,0.030891959596969,0.0500712414927955,-0.0227546377539678,0.0600365377352314,0.0594543315283775,0.0631726360262488,,,,,,,,,,,,,,,,,,,NA,NA,NA,NA,NA,NA,NA,NA,NA,NA,NA,NA,NA,NA,NA,NA,NA,NA,NA,NA,NA,NA,,,,,,,,,,
,,,,,,,,,,,,,,,,,,,,,,,,,,,,,,,,,,,,,,,,,,,,,,,,,,,,,,,,,,,,,,,,,,,,,,,,,,,,,,,,,,,,,,,,,,,,,,,,,,,,,,,,,,,,,,,,,,,,,,,,,,,,,,,,,,,,,,,,,,,,,,,,,,,,,,,,,,,,,,,,,,,,,
,,,,,,,,D&A,,,,,,,,,,,,,,,,,,,,,,,,,,,,,,,,,,,,,,,,,,,,,,,,,,,,,,,1267,1177,1234,1248,1404,1371,1490,1596,1687,1503,1625,1761,2026,1986,2114,2355,2580,2613,2835,2920,3413,3108,3386,3478,3725,2753,2945,3304,3439,3782,3899,4046,4201,3186,3397,3800,3316,3413,3708,3985,4205,4487,4998,5611,6040,7052.44486240975,8061.55696842479,9345.9160678592,10874.9993672469,12496.5151744145,14223.4189124044,15923.394137665,17809.9814251664,,,,,,,,,,,,,,,,,,3939,4979,5063,6144,6915,9035,11781,13697,12441,15928,13699,15311,21136,35334.9172659407,60453.3096496502,90912.879330832,126204.045165127,165249.631957649,202541.320734567,235299.011982852,259987.916142066,265958.475696675,267965.935400176,,,,,,,,,,
,,,,,,,,% of Core Google revenue,,,,,,,,,,,,,,,,,,,,,,,,,,,,,,,,,,,,,,,,,,,,,,,,,,,,,,,0.0704006223259432,0.0685178716963558,0.0699070926807161,0.0673393406356229,0.0662952120124658,0.0682395102284605,0.0699038235984049,0.0717174440550013,0.0653825284861639,0.0610528881306361,0.0627098367614711,0.0636774543482191,0.0629348906560636,0.0640727835849787,0.0650221456692913,0.0701018038935524,0.0659475486938296,0.0722441870109763,0.0731009231086587,0.0723775530438231,0.0743524388384202,0.0757605304212169,0.0887572413431545,0.0756169148820524,0.0656943317696025,0.0499491980550112,0.0477402412138503,0.0508808673155107,0.0457654636431385,0.0559707566855604,0.0561071778046394,0.0587372791545084,0.0554060826672997,0.0458423862213845,0.0457083652901681,0.0497408241269176,0.0387143474250756,0.0426390485233122,0.0439456249925928,0.045345926263086,0.0437706231979098,0.0499754967477502,0.0520326896049139,0.0550087253191114,0.0532355585326729,0.0646518778055372,0.0690873265407379,0.0765484851002834,0.0812667107040682,0.098467588622675,0.105041341401816,0.110821086142868,0.11318134069097,,,,,,,,,,,,,,,,,,0.0709640225557137,0.0758138685019947,0.0679223514575871,0.0686772037289575,0.0626483538386273,0.0663245830396993,0.0730840333006613,0.0753120360697201,0.0484304199560891,0.0565287754464666,0.0447874402926762,0.0439503975658065,0.0526689575603229,0.0733576693460068,0.107308243708069,0.139004172333418,0.167589460069826,0.192164146849087,0.207405334761287,0.213525925601052,0.210353053241186,0.192918344558916,0.175209810094209,,,,,,,,,,
,,,,,,,,Period-to-period addition,,,,,,,,,,,,,,,,,,,,,,,,,,,,,,,,,,,,,,,,,,,,,,,,,,,,,,,,-90,57,14,156,-33,119,106,91,-184,122,136,265,-40,128,241,225,33,222,85,493,-305,278,92,247,-972,192,359,135,343,117,147,155,-1015,211,403,-484,97,295,277,220,282,511,613,429,1012.44486240975,1009.11210601504,1284.35909943441,1529.0832993877,1621.51580716763,1726.90373798982,1699.9752252606,1886.58728750141,,,,,,,,,,,,,,,,,,,1040,84,1081,771,2120,2746,1916,-1256,3487,-2229,1612,5825,14198.9172659406,25118.3923837096,30459.5696811818,35291.1658342947,39045.5867925222,37291.6887769185,32757.691248285,24688.9041592135,5970.55955460871,2007.45970350137,,,,,,,,,,
,,,,,,,,% change Y/Y,,,,,,,,,,,,,,,,,,,,,,,,,,,,,,,,,,,,,,,,,,,,,,,,,,,,,,,,,,,0.108129439621152,0.16482582837723,0.207455429497569,0.278846153846154,0.201566951566952,0.0962800875273524,0.0906040268456376,0.103383458646616,0.200948429164197,0.321357285429142,0.300923076923077,0.337308347529813,0.273445212240869,0.31570996978852,0.341059602649007,0.239915074309979,0.322868217054264,0.189437428243398,0.194356261022928,0.191095890410959,0.0914151772634047,-0.114221364221364,-0.130242173656232,-0.0500287521564118,-0.0767785234899329,0.373774064656738,0.323938879456706,0.224576271186441,0.22157603954638,-0.157588577472237,-0.128750961785073,-0.0608007909045971,-0.210664127588669,0.0712492153170119,0.0915513688548719,0.0486842105263159,0.268094089264174,0.314679167887489,0.34789644012945,0.408030112923463,0.436385255648038,0.571750582217462,0.612956576315484,0.665641787178614,0.800496583981275,0.771940854301779,0.764351349015347,0.703780990760855,0.637699536682834,,,,,,,,,,,,,,,,,,,0.264026402640264,0.0168708576019281,0.213509776812167,0.12548828125,0.306579898770788,0.303929164360819,0.162634750870045,-0.0916989121705483,0.280282935455349,-0.139942240080362,0.117672822833784,0.380445431389197,0.671788288509682,0.710866030749736,0.503852805705867,0.38818664741516,0.309384590180406,0.225668815931014,0.161733374352853,0.104925660125648,0.0229647579133878,0.00754801928475057,,,,,,,,,,
,,,,,,,,% change Q/Q,,,,,,,,,,,,,,,,,,,,,,,,,,,,,,,,,,,,,,,,,,,,,,,,,,,,,,,,-0.0710339384372534,0.0484282073067119,0.0113452188006482,0.125,-0.0235042735042735,0.086797957695113,0.0711409395973155,0.0570175438596492,-0.109069353882632,0.081170991350632,0.0836923076923077,0.150482680295287,-0.0197433366238894,0.0644511581067473,0.114001892147588,0.0955414012738853,0.0127906976744185,0.0849598163030998,0.0299823633156966,0.168835616438356,-0.0893641957222385,0.0894465894465895,0.0271707028942705,0.0710178263369752,-0.260939597315436,0.0697420995277878,0.121901528013582,0.040859564164649,0.0997382960162838,0.0309360126916975,0.03770197486535,0.0383094414236282,-0.24160914068079,0.0662272441933458,0.118634088901972,-0.127368421052632,0.0292521109770809,0.0864342220920011,0.0747033441208198,0.055207026348808,0.067063020214031,0.113884555382215,0.12264905962385,0.0764569595437534,0.167623321591018,0.143086847994191,0.159318988188627,0.163609782956028,0.149104910484066,0.138190824712917,0.11951945138718,0.118478966933244,,,,,,,,,,,,,,,,,,,NA,NA,NA,NA,NA,NA,NA,NA,NA,NA,NA,NA,NA,NA,NA,NA,NA,NA,NA,NA,NA,NA,,,,,,,,,,
,,,,,,,,,,,,,,,,,,,,,,,,,,,,,,,,,,,,,,,,,,,,,,,,,,,,,,,,,,,,,,,,,,,,,,,,,,,,,,,,,,,,,,,,,,,,,,,,,,,,,,,,,,,,,,,,,,,,,,,,,,,,,,,,,,,,,,,,,,,,,,,,,,,,,,,,,,,,,,,,,,,,,
,,,,,,,,Adj. EBITDA,,,,,,,,,,,,,,,,,,,,,,,,,,,,,,,,,,,,,,,,,,,,,,,,,,,,,,,6867,6827,7191,7388,8219,8207,8961,9223,10172,10080,7760,11363,11537,12076,7572,13210,13054,11990,14775,14718,15323,14275,13098,17808,22599,22935,26109,28209,29278,28380,28134,26157,27461,25885,31009,30886,32672,34149,36998,38352,40987,40609,42267,43207,49045,53628.6457162911,58039.9164867828,60868.2050491811,64977.0733224142,65367.5160349936,70268.6116112491,75300.7163037986,80938.3255527145,,,,,,,,,,,,,,,,,,22469,25650,29626,36563,40740,45912,56806,67780,106531,110132,120452,150486,175128,237513.840574669,291875.169502756,355341.565580651,429426.019073054,511658.478724845,595730.391836587,685463.989714309,778635.563942633,878063.550082876,980096.531648282,,,,,,,,,,
,,,,,,,,% Adj. EBITDA Margin,,,,,,,,,,,,,,,,,,,,,,,,,,,,,,,,,,,,,,,,,,,,,,,,,,,,,,,0.379329392918301,0.395584656391239,0.405652394652225,0.395609103078983,0.385343897979277,0.405143900873772,0.416790697674419,0.410805754754799,0.390270104358502,0.407272727272727,0.298346789696271,0.4091531038456,0.356928502923615,0.387722339947345,0.231864531340907,0.391523414344991,0.332365821366738,0.329948540135942,0.379390920295809,0.363416380651374,0.332566467715681,0.346825724628878,0.342011123586704,0.385679942823728,0.397184435305283,0.41463282351665,0.421929541047188,0.433198194047729,0.38868901427149,0.417285439120142,0.40373107555428,0.378582180281364,0.36110088365243,0.370914353676186,0.415647954533269,0.402722543126491,0.378542463213996,0.424005761184023,0.436595784852847,0.434494947206236,0.424872238750272,0.450041004499413,0.438327041938026,0.422165985969163,0.430869381874407,0.489182317036868,0.494972114206277,0.496092026053825,0.483247879743995,0.511124495969924,0.51502794879945,0.520178846526713,0.5107240341014,,,,,,,,,,,,,,,,,,0.404708298060124,0.388630475295829,0.395071277120644,0.405031460475009,0.367507103874431,0.335567428500428,0.350964122651476,0.371342321957847,0.413492627223574,0.389384661075676,0.391848897506132,0.42993788890857,0.434737709638662,0.490687878670465,0.514260377716458,0.538404068001093,0.564097263348947,0.587071995659947,0.601161828726382,0.612061770570346,0.618696497735495,0.624187832303405,0.626321350299739,,,,,,,,,,
,,,,,,,,%o% Change in bp,,,,,,,,,,,,,,,,,,,,,,,,,,,,,,,,,,,,,,,,,,,,,,,,,,,,,,,,,,,,,,,,,-1184.43907978148,-16.5265090919947,-333.416014348874,-195.503873253825,-664.822583553637,-176.296895006088,-245.626815568768,-577.737998114027,1475.26388954902,-281.07033693617,2.00646348942957,168.771844929361,-373.797967091054,222.63562172354,646.179675896022,678.070988877721,799.184174604842,475.182512240006,-84.9542103379292,26.5261560349195,-181.984654929082,-546.160137663648,-275.881306190602,-463.710854439562,119.16878978989,241.403628451274,174.41579561566,530.914075078366,209.478303195785,317.724040797442,463.297755362761,260.3524331539,17.3125708517885,-123.289612370721,59.9714312413485,391.413125374558,566.450722682504,739.260400846614,523.784978695877,219.421789330555,200.558345931736,240.868204728878,274.761543574056,,,,,,,,,,,,,,,,,,,-160.778227642947,64.4080182481555,99.6018335436449,-375.243566005783,-319.39675374003,153.966941510487,203.78199306371,421.503052657269,-241.079661478979,24.6423643045585,380.889914024382,47.9982073009144,559.501690318028,235.724990459932,241.43690284635,256.931953478544,229.747323109997,140.898330664349,108.999418439646,66.3472716514835,54.913345679104,21.335179963341,,,,,,,,,,
,,,,,,,,Period-to-period addition,,,,,,,,,,,,,,,,,,,,,,,,,,,,,,,,,,,,,,,,,,,,,,,,,,,,,,,,-40,364,197,831,-12,754,262,949,-92,-2320,3603,174,539,-4504,5638,-156,-1064,2785,-57,605,-1048,-1177,4710,4791,336,3174,2100,1069,-898,-246,-1977,1304,-1576,5124,-123,1786,1477,2849,1354,2635,-378,1658,940,5838,4583.64571629107,4411.27077049176,2828.28856239832,4108.86827323307,390.44271257941,4901.09557625544,5032.10469254952,5637.60924891589,,,,,,,,,,,,,,,,,,,3181,3976,6937,4177,5172,10894,10974,38751,3601,10320,30034,24642,62385.8405746692,54361.3289280865,63466.3960778954,74084.4534924026,82232.4596517909,84071.9131117422,89733.5978777218,93171.574228324,99427.9861402432,102032.981565406,,,,,,,,,,
,,,,,,,,% change Y/Y,,,,,,,,,,,,,,,,,,,,,,,,,,,,,,,,,,,,,,,,,,,,,,,,,,,,,,,,,,,0.196883646424931,0.202138567452761,0.246141009595328,0.24837574445046,0.237620148436549,0.228219812355307,-0.134025220399509,0.232028624091944,0.134191899331498,0.198015873015873,-0.0242268041237114,0.162545102525741,0.131489988731906,-0.00712156343159986,0.951267828843106,0.114155942467827,0.173816454726521,0.190575479566305,-0.113502538071066,0.209947003668977,0.474841741173399,0.606654991243433,0.993357764544205,0.584063342318059,0.295544050621709,0.237410071942446,0.0775594622543951,-0.0727427416781878,-0.0620602500170777,-0.0879140239605356,0.102189521575318,0.180792904385059,0.189760023305779,0.319258257678192,0.193137476216582,0.241727643592566,0.254499265426053,0.189170985973235,0.142413103410995,0.126590529828953,0.196598921609291,0.320609857821938,0.373173314566514,0.408757957025045,0.324846025536022,0.218891791167058,0.210694567888481,0.237110840429023,0.245644369839513,,,,,,,,,,,,,,,,,,,0.141572833681962,0.155009746588694,0.234152433673125,0.114241172770287,0.126951399116348,0.237280013939711,0.19318381861071,0.571717320743582,0.0338023673860191,0.0937057349362582,0.249344137083652,0.163749451776245,0.356229960798212,0.228876467984174,0.217443629021331,0.20848800328592,0.191493891844969,0.164312557316096,0.150627866409636,0.135924827017035,0.127695151293614,0.116202274374988,,,,,,,,,,
,,,,,,,,% change Q/Q,,,,,,,,,,,,,,,,,,,,,,,,,,,,,,,,,,,,,,,,,,,,,,,,,,,,,,,,-0.00582495995340027,0.0533177090962356,0.0273953553052426,0.112479696805631,-0.00146003163401875,0.0918727915194346,0.029237808280326,0.102894936571615,-0.00904443570585922,-0.23015873015873,0.46430412371134,0.0153128575200212,0.04671925110514,-0.372971182510765,0.744585314315901,-0.0118092354277063,-0.0815075838823349,0.232276897414512,-0.00385786802030452,0.0411061285500747,-0.0683939176401488,-0.0824518388791594,0.359596885020614,0.269036388140162,0.0148679145094917,0.13839110529758,0.0804320349304837,0.0378957070438513,-0.0306714939545051,-0.00866807610993658,-0.0702708466624014,0.0498528118668042,-0.0573904810458469,0.197952482132509,-0.00396659034473867,0.0578255520300459,0.0452069049951029,0.0834285044950072,0.0365965727877182,0.0687056737588652,-0.0092224363822675,0.0408283877958089,0.022239572243121,0.135116994931377,0.0934579613883386,0.0822558673927454,0.0487300591316735,0.0675043443438677,0.00600893042138173,0.0749775404289754,0.0716124109636449,0.0748679365302598,,,,,,,,,,,,,,,,,,,NA,NA,NA,NA,NA,NA,NA,NA,NA,NA,NA,NA,NA,NA,NA,NA,NA,NA,NA,NA,NA,NA,,,,,,,,,,
,,,,,,,,,,,,,,,,,,,,,,,,,,,,,,,,,,,,,,,,,,,,,,,,,,,,,,,,,,,,,,,,,,,,,,,,,,,,,,,,,,,,,,,,,,,,,,,,,,,,,,,,,,,,,,,,,,,,,,,,,,,,,,,,,,,,,,,,,,,,,,,,,,,,,,,,,,,,,,,,,,,,,
,,,,,,,,CapEx,,,,,,,,,,,,,,,,,,,,,,,,,,,,,,,,,,,,,,,,,,,,,,,,,,,,,,,3551,2927,2515,2373,2100,2428,2123,2554,3078,2508,2831,3538,4307,7299,5477,5282,7081,4638,5477,6732,6052,6005,5391,5406,5479,5942,5496,6819,6383,9786,6828,7276,7595,6289,6888,8055,11019,12012,13186,13061,14276,17197,22446,23953,27851,32942.2012794548,41431.8490098431,50022.3399326003,60559.4547499919,56726.799297237,60155.7667290413,63500.0928445315,69476.3584340483,,,,,,,,,,,,,,,,,,7358,10959,9915,10183,13184,25139,22899,22281,24640,31485,32251,52535,91447,184955.84497189,249859.017304858,293609.783685794,335059.999082199,371068.041350865,402207.217962214,426579.617060393,447257.384131901,463244.292963217,473736.595472165,,,,,,,,,,
,,,,,,,,% of Alphabet revenue,,,,,,,,,,,,,,,,,,,,,,,,,,,,,,,,,,,,,,,,,,,,,,,,,,,,,,,-0.19615533337016,-0.169602503186928,-0.141873977548373,-0.127068273092369,-0.0984574991795209,-0.119859801550081,-0.0987441860465116,-0.113758852612356,-0.118093922651934,-0.101333333333333,-0.108842752787389,-0.127394498055596,-0.133248770225536,-0.234347909843961,-0.167712894632085,-0.156550088915234,-0.180288216722681,-0.127631470321143,-0.140637838948233,-0.166226326575965,-0.131351058057515,-0.145897616560169,-0.140768206386923,-0.117081411214346,-0.0962951246089494,-0.107423075532415,-0.0888170652876535,-0.10471758960656,-0.0847394623299037,-0.14388848862684,-0.0979837841716295,-0.10530886354426,-0.0998711340206186,-0.0901170705145657,-0.0923274891426733,-0.105029142164213,-0.127667709419534,-0.14914513465526,-0.155601708715867,-0.147969819187021,-0.147985363173662,-0.190582263891659,-0.232774712739038,-0.234039434858226,-0.244676178093264,-0.300487587089735,-0.353336309581827,-0.407695346775314,-0.450393140380036,-0.44356063160279,-0.440906692711097,-0.438659904866552,-0.43839856843841,,,,,,,,,,,,,,,,,,-0.132531205533241,-0.166042938743352,-0.132219392177519,-0.112803527118043,-0.118930133958775,-0.183739100563518,-0.141476735637013,-0.122069611619103,-0.0956384370257378,-0.111318926869281,-0.104917467484726,-0.150092280968407,-0.227008013186508,-0.382106537443777,-0.440231325035157,-0.44486971762799,-0.440137346469953,-0.425759885977831,-0.405874251155278,-0.380899769535704,-0.355386511948655,-0.329305835579148,-0.30273685762721,,,,,,,,,,
,,,,,,,,,,,,,,,,,,,,,,,,,,,,,,,,,,,,,,,,,,,,,,,,,,,,,,,,,,,,,,,,,,,,,,,,,,,,,,,,,,,,,,,,,,,,,,,,,,,,,,,,,,,,,,,,,,,,,,,,,,,,,,,,,,,,,,,,,,,,,,,,,,,,,,,,,,,,,,,,,,,,,
,,,,,,,,Segment Results,,,,,,,,,,,,,,,,,,,,,,,,,,,,,,,,,,,,,,,,,,,,,,,,,,,,,,,,,,,,,,,,,,,,,,,,,,,,,,,,,,,,,,,,,,,,,,,,,,,,,,,,,,,,,,,,,,,,,,,,,,,,,,,,,,,,,,,,,,,,,,,,,,,,,,,,,,,,,
,,,,,,,,Revenues:,,,,,,,,,,,,,,,,,,,,,,,,,,,,,,,,,,,,,,,,,,,,,,,,,,,,,,,,,,,,,,,,,,,,,,,,,,,,,,,,,,,,,,,,,,,,,,,,,,,,,,,,,,,,,,,,,,,,,,,,,,,,,,,,,,,,,,,,,,,,,,,,,,,,,,,,,,,,,
,,,,,,,,Google Services,,,,,,,,,,,,,,,,,,,,,,,,,,,,,,,,,,,,,,,,,,,,,,,,,,,,,,,,,,,,,,,,,,,,,,,,34207,36574,37846,43198,38198,34991,42573,52873,51178,57067,59884,69400,61472,62841,61377,67838,61961,66285,67986,76311,70398,73928,76510,84094,77264,82543,87052,95862,89380.62239055,94201.6203151882,97182.8218801128,106491.352054829,97696.3840118993,102355.02669869,107294.168290412,118206.16508967,,,,,,,,,,,,,,,,,,,,,,106491,130524,151825,168635,237529,253528,272543,304930,342721,387256.41664068,425551.744090671,466006.502404762,506752.412969448,548713.349702467,595565.672795722,644117.094232857,694951.541556255,749153.190997105,807323.648863978,,,,,,,,,,
,,,,,,,,Period-to-period addition,,,,,,,,,,,,,,,,,,,,,,,,,,,,,,,,,,,,,,,,,,,,,,,,,,,,,,,,,,,,,,,,,,,,,,,,34207,2367,1272,5352,-5000,-3207,7582,10300,-1695,5889,2817,9516,-7928,1369,-1464,6461,-5877,4324,1701,8325,-5913,3530,2582,7584,-6830,5279,4509,8810,-6481.37760945005,4820.99792463823,2981.20156492462,9308.53017471627,-8794.96804292979,4658.64268679076,4939.14159172172,10911.9967992579,,,,,,,,,,,,,,,,,,,,,,106491,24033,21301,16810,68894,15999,19015,32387,37791,44535.4166406801,38295.3274499908,40454.758314091,40745.9105646859,41960.936733019,46852.3230932555,48551.4214371351,50834.4473233979,54201.6494408494,58170.4578668736,,,,,,,,,,
,,,,,,,,% change Y/Y,,,,,,,,,,,,,,,,,,,,,,,,,,,,,,,,,,,,,,,,,,,,,,,,,,,,,,,,,,,,,,,,,,,,,,,,,,,,0.116672026193469,-0.0432821129764314,0.124900914231359,0.223968702254734,0.339808366930206,0.630905089880255,0.40661921875367,0.312579199213209,0.20114111532299,0.101179315541381,0.0249315342996459,-0.022507204610951,0.00795484122852685,0.0548049840072564,0.107678772178503,0.124900498245821,0.136166298155291,0.115305121822433,0.125378754449446,0.101990538716568,0.0975311798630643,0.11653230169895,0.137785910338518,0.139938640093229,0.156821060138615,0.141242992321435,0.116376670037596,0.110881809839447,0.093037633873408,0.086552719116948,0.104044585397742,0.110007177191337,,,,,,,,,,,,,,,,,,,,,,,0.225681043468462,0.163196040574913,0.110719578462045,0.408539152607703,0.0673559860059192,0.0750015777350037,0.118832624576672,0.123933361755157,0.129946564817096,0.0988888132111274,0.0950642521758094,0.0874363562620313,0.0828036249243254,0.0853857904471627,0.0815215242497498,0.0789211275070127,0.0779934228499901,0.077648281507618,,,,,,,,,,
,,,,,,,,% change Q/Q,,,,,,,,,,,,,,,,,,,,,,,,,,,,,,,,,,,,,,,,,,,,,,,,,,,,,,,,,,,,,,,,,,,,,,,,,0.0691963633174497,0.0347788046153006,0.141415209004915,-0.115746099356452,-0.0839572752500131,0.216684290246063,0.241937378150471,-0.0320579501825128,0.115068974950174,0.049363029421557,0.158907220626545,-0.114236311239193,0.0222703019260802,-0.0232968921563947,0.105267445460026,-0.0866328606385801,0.0697858330239989,0.0256619144602852,0.122451681228488,-0.0774855525415733,0.0501434699849428,0.0349258738231792,0.099124297477454,-0.0812186362879634,0.0683241872023193,0.0546260736828077,0.1012038781418,-0.0676115416896168,0.0539378424058494,0.0316470306450127,0.0957836991623839,-0.0825885658621512,0.0476849039389558,0.0482549978347564,0.101701676550794,,,,,,,,,,,,,,,,,,,,,,NA,NA,NA,NA,NA,NA,NA,NA,NA,NA,NA,NA,NA,NA,NA,NA,NA,NA,NA,,,,,,,,,,
,,,,,,,,,,,,,,,,,,,,,,,,,,,,,,,,,,,,,,,,,,,,,,,,,,,,,,,,,,,,,,,,,,,,,,,,,,,,,,,,,,,,,,,,,,,,,,,,,,,,,,,,,,,,,,,,,,,,,,,,,,,,,,,,,,,,,,,,,,,,,,,,,,,,,,,,,,,,,,,,,,,,,
,,,,,,,,Google Cloud,,,,,,,,,,,,,,,,,,,,,,,,,,,,,,,,,,,,,,,,,,,,,,,,,,,,,,,,,,,,,,,,,,,,,,,,1825,2100,2379,2614,2777,3007,3444,3831,4047,4628,4990,5541,5821,6276,6868,7315,7454,8031,8411,9192,9574,10347,11353,11955,12260,13624,15157,17664,19752.75,22534.86,24808.635,27227.2715,29113.55,32952.792,36291.43065,39051.764375,,,,,,,,,,,,,,,,,,,,,,4056,5838,8918,13059,19206,26280,33088,43229,58705,94323.5165,137409.537025,187623.357308852,245902.374083056,310826.626964592,380582.596648177,457452.19273083,540608.251449312,629053.267112185,721676.647021807,,,,,,,,,,
,,,,,,,,Period-to-period addition,,,,,,,,,,,,,,,,,,,,,,,,,,,,,,,,,,,,,,,,,,,,,,,,,,,,,,,,,,,,,,,,,,,,,,,,1825,275,279,235,163,230,437,387,216,581,362,551,280,455,592,447,139,577,380,781,382,773,1006,602,305,1364,1533,2507,2088.75,2782.11,2273.775,2418.6365,1886.2785,3839.242,3338.63865,2760.333725,,,,,,,,,,,,,,,,,,,,,,4056,1782,3080,4141,6147,7074,6808,10141,15476,35618.5165,43086.020525,50213.8202838517,58279.0167742044,64924.2528815359,69755.9696835855,76869.5960826525,83156.0587184824,88445.0156628725,92623.3799096225,,,,,,,,,,
,,,,,,,,% change Y/Y,,,,,,,,,,,,,,,,,,,,,,,,,,,,,,,,,,,,,,,,,,,,,,,,,,,,,,,,,,,,,,,,,,,,,,,,,,,,0.521643835616438,0.431904761904762,0.447667087011349,0.465570007651109,0.457328051854519,0.539075490522115,0.448896631823461,0.446358653093187,0.438349394613294,0.35609334485739,0.376352705410822,0.320158816098177,0.28053599037966,0.279636711281071,0.22466511357018,0.256596035543404,0.2844110544674,0.288382517743743,0.34978004993461,0.300587467362924,0.280551493628577,0.316710157533585,0.335065621421651,0.477540777917189,0.611154159869494,0.654056077510276,0.636777396582437,0.541398975317029,0.473898571085039,0.462302938647056,0.462854794308514,0.43428857258062,,,,,,,,,,,,,,,,,,,,,,,0.439349112426036,0.52757793764988,0.464341780668311,0.470709855272226,0.368322399250234,0.259056316590563,0.306485735009671,0.358000416387148,0.60673735627289,0.456789803049805,0.365431842439844,0.310617066073867,0.264024506162787,0.224420830238369,0.201978747214532,0.181780872493079,0.163602785243771,0.147242506719394,,,,,,,,,,
,,,,,,,,% change Q/Q,,,,,,,,,,,,,,,,,,,,,,,,,,,,,,,,,,,,,,,,,,,,,,,,,,,,,,,,,,,,,,,,,,,,,,,,,0.150684931506849,0.132857142857143,0.0987810004203447,0.0623565416985463,0.0828231904933381,0.145327569005653,0.112369337979094,0.0563821456538762,0.143563133185075,0.078219533275713,0.110420841683367,0.0505323948745713,0.0781652637003951,0.0943275971956661,0.0650844496214327,0.019002050580998,0.0774081030319291,0.0473166479890426,0.0928545951729878,0.0415578764142732,0.0807395028201379,0.0972262491543443,0.0530256319915441,0.0255123379339188,0.111256117455139,0.112522019964768,0.165402124430956,0.118248980978261,0.140846717545658,0.100900338409025,0.097491720120837,0.0692790131394547,0.131871310781406,0.101315805046201,0.0760602069293181,,,,,,,,,,,,,,,,,,,,,,NA,NA,NA,NA,NA,NA,NA,NA,NA,NA,NA,NA,NA,NA,NA,NA,NA,NA,NA,,,,,,,,,,
,,,,,,,,,,,,,,,,,,,,,,,,,,,,,,,,,,,,,,,,,,,,,,,,,,,,,,,,,,,,,,,,,,,,,,,,,,,,,,,,,,,,,,,,,,,,,,,,,,,,,,,,,,,,,,,,,,,,,,,,,,,,,,,,,,,,,,,,,,,,,,,,,,,,,,,,,,,,,,,,,,,,,
,,,,,,,,Other Bets,,,,,,,,,,,,,,,,,,,,,,,,,,,,,,,,,,,,,,,,,,,,,,,,,,,,,,,,,,,,,,,,,,,,,,,,170,162,155,172,135,148,178,196,198,192,182,181,440,193,209,226,288,285,297,657,495,365,388,400,450,373,344,370,545.786,572.482,603.934,640.473,979.683,1028.683,1073.683,1119.683,,,,,,,,,,,,,,,,,,,,,,477,595,659,657,753,1068,1527,1648,1537,2362.675,4201.732,5960.632,8207.582,11603.007,14416.83075,17956.8751875,22549.939621875,28123.222670625,35445.818938875,,,,,,,,,,
,,,,,,,,Period-to-period addition,,,,,,,,,,,,,,,,,,,,,,,,,,,,,,,,,,,,,,,,,,,,,,,,,,,,,,,,,,,,,,,,,,,,,,,,170,-8,-7,17,-37,13,30,18,2,-6,-10,-1,259,-247,16,17,62,-3,12,360,-162,-130,23,12,50,-77,-29,26,175.786,26.6959999999999,31.452,36.539,339.21,49,45,46,,,,,,,,,,,,,,,,,,,,,,477,118,64,-2,96,315,459,121,-111,825.675,1839.057,1758.9,2246.95,3395.425,2813.82375,3540.0444375,4593.064434375,5573.28304875,7322.59626825,,,,,,,,,,
,,,,,,,,% change Y/Y,,,,,,,,,,,,,,,,,,,,,,,,,,,,,,,,,,,,,,,,,,,,,,,,,,,,,,,,,,,,,,,,,,,,,,,,,,,,-0.205882352941177,-0.0864197530864198,0.148387096774194,0.13953488372093,0.466666666666667,0.297297297297297,0.0224719101123596,-0.076530612244898,1.22222222222222,0.00520833333333326,0.148351648351648,0.248618784530387,-0.345454545454545,0.476683937823834,0.421052631578947,1.9070796460177,0.71875,0.280701754385965,0.306397306397306,-0.39117199391172,-0.0909090909090909,0.021917808219178,-0.11340206185567,-0.075,0.212857777777778,0.534804289544236,0.755622093023256,0.731008108108108,0.794994741528731,0.796882696748544,0.777815125493846,0.748212649089033,,,,,,,,,,,,,,,,,,,,,,,0.247379454926625,0.107563025210084,-0.00303490136570561,0.146118721461187,0.418326693227092,0.429775280898876,0.0792403405370006,-0.0673543689320388,0.537199089134678,0.778379167680701,0.418613086222539,0.376965060080877,0.413693704187177,0.242508148965178,0.245549420596479,0.255783057264456,0.247152903387091,0.260375432574394,,,,,,,,,,
,,,,,,,,% change Q/Q,,,,,,,,,,,,,,,,,,,,,,,,,,,,,,,,,,,,,,,,,,,,,,,,,,,,,,,,,,,,,,,,,,,,,,,,,-0.0470588235294118,-0.0432098765432098,0.109677419354839,-0.215116279069768,0.0962962962962963,0.202702702702703,0.101123595505618,0.010204081632653,-0.0303030303030303,-0.0520833333333334,-0.00549450549450548,1.43093922651934,-0.561363636363636,0.0829015544041452,0.0813397129186604,0.274336283185841,-0.0104166666666666,0.0421052631578946,1.21212121212121,-0.246575342465753,-0.262626262626263,0.0630136986301371,0.0309278350515463,0.125,-0.171111111111111,-0.0777479892761395,0.0755813953488371,0.475097297297298,0.0489129439010894,0.0549397186287079,0.0605016442194015,0.529624199614972,0.0500161787027029,0.0437452548549941,0.0428431855584934,,,,,,,,,,,,,,,,,,,,,,NA,NA,NA,NA,NA,NA,NA,NA,NA,NA,NA,NA,NA,NA,NA,NA,NA,NA,NA,,,,,,,,,,
,,,,,,,,,,,,,,,,,,,,,,,,,,,,,,,,,,,,,,,,,,,,,,,,,,,,,,,,,,,,,,,,,,,,,,,,,,,,,,,,,,,,,,,,,,,,,,,,,,,,,,,,,,,,,,,,,,,,,,,,,,,,,,,,,,,,,,,,,,,,,,,,,,,,,,,,,,,,,,,,,,,,,
,,,,,,,,Hedging Gains (Losses),,,,,,,,,,,,,,,,,,,,,,,,,,,,,,,,,,,,,,,,,,,,,,,,,,,,,,,,,,,,,,,,,,,,,,,,137,108,119,91,49,151,-22,-2,-109,-7,62,203,278,375,638,669,84,3,-1,150,72,102,17,20,260,-112,-207,-68,-50,-50,100,100,100,100,100,100,,,,,,,,,,,,,,,,,,,,,,-169,-138,455,176,149,1960,236,211,-127,100,400,400,400,400,400,400,400,400,400,,,,,,,,,,
,,,,,,,,,,,,,,,,,,,,,,,,,,,,,,,,,,,,,,,,,,,,,,,,,,,,,,,,,,,,,,,,,,,,,,,,,,,,,,,,,,,,,,,,,,,,,,,,,,,,,,,,,,,,,,,,,,,,,,,,,,,,,,,,,,,,,,,,,,,,,,,,,,,,,,,,,,,,,,,,,,,,,
,,,,,,,,Total Revenue,,,,,,,,,,,,,,,,,,,,,,,,,,,,,,,,,,,,,,,,,,,,,,,,,,,,,,,,,,,,,,,,,,,,,,,,36339,38944,40499,46075,41159,38297,46173,56898,55314,61880,65118,75325,68011,69685,69092,76048,69787,74604,76693,86310,80539,84742,88268,96469,90234,96428,102346,113828,109629.15839055,117258.962315188,122695.390880113,134459.096554829,127889.617011899,136436.50169869,144759.281940412,158477.61246467,,,,,,,,,,,,,,,,,,,,,,110855,136819,161857,182527,257637,282836,307394,350018,402836,484042.60814068,567563.013115671,659990.491713614,761262.369052504,871542.983667059,990965.1001939,1119926.16215119,1258509.73262744,1406729.68077991,1564846.11482466,,,,,,,,,,
,,,,,,,,Check,,,,,,,,,,,,,,,,,,,,,,,,,,,,,,,,,,,,,,,,,,,,,,,,,,,,,,,,,,,,,,,,,,,,,,,,0,0,0,0,0,0,0,0,0,0,0,0,0,0,0,0,0,0,0,0,0,0,0,0,0,0,0,0,0,0,0,0,0,0,0,0,,,,,,,,,,,,,,,,,,,,,,0,0,0,0,0,0,0,0,0,0,0,0,0,0,0,0,0,0,0,,,,,,,,,,
,,,,,,,,,,,,,,,,,,,,,,,,,,,,,,,,,,,,,,,,,,,,,,,,,,,,,,,,,,,,,,,,,,,,,,,,,,,,,,,,,,,,,,,,,,,-0.0257850547561982,,,,-0.00956344781128077,,,,,,,,,,0.0169608567655646,37027,0.425343472866792,4.4370394198618e-06,4.96420734292283e-11,5.26976853085238e-16,5.4225308844739e-21,5.09199177195347e-26,5.21205756329044e-31,5.09213639173146e-36,4.7459582127042e-41,,,,,,,,,,,,,,,,,,,,,,,,,,,,,,,,,,,,,,,,,,,,,,,,,,
,,,,,,,,Operating Income:,,,,,,,,,,,,,,,,,,,,,,,,,,,,,,,,,,,,,,,,,,,,,,,,,,,,,,,,,,,,,,,,,,,,,,,,,,,,,,,,,,, <-- Previous Disclosure /,/ New Disclosure -->,,,,,,,,,,,,,,,,,,,,,,,,,,,,,,,,,,,,,,,,,,,,,,,, <-- Previous Disclosure /,/ New Disclosure -->,,,,,,,,,,,,,,,,,,,,,,,,
,,,,,,,,Google Services,,,,,,,,,,,,,,,,,,,,,,,,,,,,,,,,,,,,,,,,,,,,,,,,,,,,,,,,,,,,,,,,,,,,,,,,,,,13488,11548,9539,14453,19066,19546,22343,23973,25993,21973,21621,18883,20222,21973,23454,23937,26730,27897,29674,30856,32836,32682,33063,33527,40132,40488.6445591667,42066.1915896223,42773.8158197567,46072.7877212443,44939.4869357763,46116.5549613933,47653.3764257643,51495.7435390631,,,,,,,,,,,,,,,,,,,,,,,43137,48999,54606,88132,82699,96094,121263,139404,171401.43968979,190205.161861997,208752.879836791,228018.975834865,248545.913634631,271852.682787521,296913.054783792,323820.525546661,353196.739273612,385465.801005486,,,,,,,,,,
,,,,,,,,% GAAP Operating Margin,,,,,,,,,,,,,,,,,,,,,,,,,,,,,,,,,,,,,,,,,,,,,,,,,,,,,,,,,,,,,,,,,,,,,,,,,,,0.312236677623964,0.302319493167182,0.272612957617673,0.339487468583374,0.360599928129669,0.381921919574817,0.391522245781275,0.400323959655334,0.374538904899135,0.357447293076523,0.344058815104788,0.307655962331166,0.298092514519886,0.35462629718694,0.353835709436524,0.352087194422381,0.35027715532492,0.39627546237109,0.401390542149118,0.403293687099726,0.390467809831855,0.422991302547111,0.400554862314188,0.385137618894454,0.418643466649976,0.452991302547111,0.446554862314188,0.440137618894454,0.432643466649976,0.459991302547111,0.450554862314188,0.444137618894454,0.435643466649976,,,,,,,,,,,,,,,,,,,,,,,0.330490944194171,0.32273341017619,0.323811782844605,0.371036799717087,0.326192767662743,0.352582895176174,0.397674876201095,0.406756516233321,0.442604518155284,0.446961302598893,0.447961302598893,0.449961302598893,0.452961302598893,0.456461302598893,0.460961302598893,0.465961302598893,0.471461302598893,0.477461302598893,,,,,,,,,,
,,,,,,,,Y/Y Change in bp,,,,,,,,,,,,,,,,,,,,,,,,,,,,,,,,,,,,,,,,,,,,,,,,,,,,,,,,,,,,,,,,,,,,,,,,,,,,,,,483.632505057052,796.024264076358,1189.09288163602,608.364910719592,139.389767694662,-244.746264982947,-474.634306764864,-926.679973241673,-764.463903792498,-28.2099588958246,97.7689433173584,444.312320912147,521.846408050348,416.491651841499,475.54832712594,512.064926773445,401.906545069344,267.158401760211,-8.35679834930325,-181.560682052716,281.756568181212,300,460,550,140,70,40,40,30,,,,,,,,,,,,,,,,,,,,,,,3304.90944194171,-77.5753401798152,10.7837266841554,472.25016872482,-448.440320543438,263.901275134307,450.919810249213,90.8164003222567,358.480019219626,43.5678444360937,10,20,30,35,45,50,55,60,,,,,,,,,,
,,,,,,,,Q/Q Change in bp,,,,,,,,,,,,,,,,,,,,,,,,,,,,,,,,,,,,,,,,,,,,,,,,,,,,,,,,,,,,,,,,,,,,,,,,,,,,-99.1718445678253,-297.065355495084,668.745109657013,211.124595462948,213.219914451481,96.0032620645734,88.0171387405898,-257.850547561982,-170.916118226128,-133.884779717344,-364.028527736219,-95.6344781128077,565.337826670546,-7.90587750416072,-17.4851501414303,-18.1003909746069,459.983070461697,51.15079778028,19.0314495060745,-128.258772678707,325.234927152564,-224.364402329235,-154.172434197338,335.058477555221,343.478358971352,-64.3644023292345,-64.1724341973382,-74.9415224447791,273.478358971352,-94.3644023292345,-64.1724341973382,-84.9415224447792,,,,,,,,,,,,,,,,,,,,,,,,,,,,,,,,,,,,,,,,,,,,,,,,,,
,,,,,,,,Period-to-period addition,,,,,,,,,,,,,,,,,,,,,,,,,,,,,,,,,,,,,,,,,,,,,,,,,,,,,,,,,,,,,,,,,,,,,,,,,,,,-1940,-2009,4914,4613,480,2797,1630,2020,-4020,-352,-2738,1339,1751,1481,483,2793,1167,1777,1182,1980,-154,381,464,6605,356.644559166714,1577.54703045553,707.624230134432,3298.97190148761,-1133.30078546797,1177.06802561698,1536.821464371,3842.36711329878,,,,,,,,,,,,,,,,,,,,,,,43137,5862,5607,33526,-5433,13395,25169,18141,31997.4396897899,18803.7221722071,18547.7179747943,19266.0959980736,20526.9377997664,23306.7691528903,25060.3719962704,26907.4707628695,29376.2137269509,32269.0617318741,,,,,,,,,,
,,,,,,,,% change Y/Y,,,,,,,,,,,,,,,,,,,,,,,,,,,,,,,,,,,,,,,,,,,,,,,,,,,,,,,,,,,,,,,,,,,,,,,,,,,,,,,0.413552787663108,0.692587461032213,1.3422790648915,0.658686777831592,0.36331689919228,0.124168627852246,-0.0323143713914873,-0.212322195803612,-0.222021313430539,0,0.0847786873872625,0.267648149128846,0.321827712392444,0.269603604423611,0.26519996589068,0.289050424029745,0.228432472876917,0.171523819765566,0.11420772393341,0.0865633912367125,0.222195151662809,0.238866793928362,0.272304134217169,0.27580206459739,0.148031190103765,0.109928164429054,0.0962854781646141,0.114078216135064,0.117704095758856,,,,,,,,,,,,,,,,,,,,,,,,0.135892621183671,0.114430906753199,0.613961835695711,-0.0616461671129669,0.161972938004087,0.26192061939351,0.149600455208926,0.229530283849746,0.109705742298541,0.0975142724478295,0.0922914022222656,0.0900229365762626,0.0937724898070615,0.0921836479202871,0.0906240743858946,0.0907175778229594,0.0913628528911081,,,,,,,,,,
,,,,,,,,% change Q/Q,,,,,,,,,,,,,,,,,,,,,,,,,,,,,,,,,,,,,,,,,,,,,,,,,,,,,,,,,,,,,,,,,,,,,,,,,,,,-0.143831553973903,-0.173969518531347,0.515148338400252,0.319172490140455,0.0251757054442463,0.143098332139568,0.0729534977397843,0.084261460810078,-0.154657023044666,-0.0160196604924225,-0.126636140789048,0.0709103426362336,0.0865888636138859,0.0674009011059027,0.0205935021744692,0.116681288382003,0.0436588103254769,0.0636986055848299,0.0398328503066658,0.0641690432978999,-0.00468997441832131,0.0116577932807049,0.0140338142334331,0.197005398633937,0.00888678758015327,0.0389627029413207,0.0168216851441576,0.077125966862275,-0.0245980510735496,0.0261922889172976,0.0333247239664272,0.0806315816736412,,,,,,,,,,,,,,,,,,,,,,,NA,NA,NA,NA,NA,NA,NA,NA,NA,NA,NA,NA,NA,NA,NA,NA,NA,NA,,,,,,,,,,
,,,,,,,,% Incremental Margin,,,,,,,,,,,,,,,,,,,,,,,,,,,,,,,,,,,,,,,,,,,,,,,,,,,,,,,,,,,,,,,,,,,,,,,,,,,,,,,0.576537467700258,0.61617873651772,0.579996376155101,0.549939344925192,0.419132328916319,0.235768408781815,-0.1250432975407,-3.40924313462827,3.69462227912932,0,0.532229965156794,0.764714782871842,0.768086864156733,0.702145312314804,0.813816564176371,0.811708118254341,0.784530386740332,0.69691232158462,0.393383633197911,0.253367482451148,0.619986403806934,0.644292139140633,0.772234736720383,0.912740933478314,0.558904032023787,0.535229673393091,0.49676947048375,0.482582675739159,0.462914414569875,,,,,,,,,,,,,,,,,,,,,,,,0.275198347495423,0.333551457465794,0.486631637007577,-0.339583723982749,0.704443860110439,0.77713280019761,0.480034928951338,0.718471771533006,0.491018707093248,0.458480503845547,0.472835082860348,0.489191600520532,0.497451729479884,0.516161448099286,0.529315693975976,0.541980069425918,0.554732813101174,,,,,,,,,,
,,,,,,,,,,,,,,,,,,,,,,,,,,,,,,,,,,,,,,,,,,,,,,,,,,,,,,,,,,,,,,,,,,,,,,,,,,,,,,,,,,,,,,,,,,,,,,,,,,,,,,,,,,,,,,,,,,,,,,,,,,,,,,,,,,,,,,,,,,,,,,,,,,,,,,,,,,,,,,,,,,,,,
,,,,,,,,Google Services (OLD),,,,,,,,,,,,,,,,,,,,,,,,,,,,,,,,,,,,,,,,,,,,,,,,,,,,,,,,,,,,,,,,,,,,,,,,,,,13488,11548,9539,14453,19066,19546,22343,23973,25993,22920,22770,19781,21101,22606.6369609578,23487.6294858452,23950.573792463,26025.8554134851,25156.914029672,26454.6214650308,27313.0639029115,29184.8104276659,27031.0175366996,29826.3398949253,31485.5636769083,33844.0651102922,31806.3340977737,34604.3111135719,35732.8456631642,38235.7044143744,,,,,,,,,,,,,,,,,,,,,,,,,,,43137,48999,54606,91855,86572,96070.6956527511,108109.40982528,122186.986218825,138645.649968277,152675.317558593,167189.282448005,181807.704111322,196862.041050908,213671.262035082,231090.06900455,249327.957806062,268773.898647555,289643.72999164,,,,,,,,,,
,,,,,,,,% GAAP Operating Margin,,,,,,,,,,,,,,,,,,,,,,,,,,,,,,,,,,,,,,,,,,,,,,,,,,,,,,,,,,,,,,,,,,,,,,,,,,,0.312236677623964,0.302319493167182,0.272612957617673,0.339487468583374,0.360599928129669,0.381921919574817,0.391522245781275,0.400323959655334,0.374538904899135,0.372852680895367,0.36234305628491,0.32228685012301,0.311049854064094,0.364852680895367,0.35434305628491,0.35228685012301,0.341049854064094,0.357352680895367,0.35784305628491,0.35698685012301,0.347049854064094,0.349852680895367,0.36134305628491,0.36168685012301,0.353049854064094,0.355852680895367,0.36734305628491,0.36768685012301,0.359049854064094,,,,,,,,,,,,,,,,,,,,,,,,,,,0.330490944194171,0.32273341017619,0.323811782844605,0.386710675328065,0.341469186835379,0.352497388128666,0.35453845087489,0.356520278065322,0.358020278065322,0.358770278065322,0.358770278065322,0.358770278065322,0.358770278065322,0.358770278065322,0.358770278065322,0.358770278065322,0.358770278065322,0.358770278065322,,,,,,,,,,
,,,,,,,,Y/Y Change in bp,,,,,,,,,,,,,,,,,,,,,,,,,,,,,,,,,,,,,,,,,,,,,,,,,,,,,,,,,,,,,,,,,,,,,,,,,,,,,,,483.632505057052,796.024264076358,1189.09288163602,608.364910719592,139.389767694662,-90.6923867945031,-291.791894963651,-780.371095323234,-634.890508350416,-80,-80,300,300,-75,35,47,60,-75,35,47,60,60,60,60,60,,,,,,,,,,,,,,,,,,,,,,,,,,,3304.90944194171,-77.5753401798152,10.7837266841554,628.9889248346,-452.414884926861,110.282012932871,20.4106274622395,19.8182719043222,15,7.5,0,0,0,0,0,0,0,0,,,,,,,,,,
,,,,,,,,Q/Q Change in bp,,,,,,,,,,,,,,,,,,,,,,,,,,,,,,,,,,,,,,,,,,,,,,,,,,,,,,,,,,,,,,,,,,,,,,,,,,,,-99.1718445678253,-297.065355495084,668.745109657013,211.124595462948,213.219914451481,96.0032620645734,88.0171387405898,-257.850547561982,-16.8622400376844,-105.096246104575,-400.562061618993,-112.369960589164,538.028268312731,-105.096246104575,-20.5620616189933,-112.369960589164,163.028268312732,4.90375389542552,-8.56206161899353,-99.3699605891635,28.0282683127314,114.903753895426,3.43793838100626,-86.3699605891632,28.0282683127314,114.903753895426,3.43793838100626,-86.3699605891632,,,,,,,,,,,,,,,,,,,,,,,,,,,,,,,,,,,,,,,,,,,,,,,,,,,,,,
,,,,,,,,Period-to-period addition,,,,,,,,,,,,,,,,,,,,,,,,,,,,,,,,,,,,,,,,,,,,,,,,,,,,,,,,,,,,,,,,,,,,,,,,,,,,-1940,-2009,4914,4613,480,2797,1630,2020,-3073,-150,-2989,1320,1505.63696095783,880.992524887395,462.944306617745,2075.28162102209,-868.94138381302,1297.70743535875,858.442437880716,1871.7465247544,-2153.79289096627,2795.32235822565,1659.22378198299,2358.50143338388,-2037.7310125185,2797.97701579819,1128.53454959238,2502.8587512102,,,,,,,,,,,,,,,,,,,,,,,,,,,43137,5862,5607,37249,-5283,9498.69565275108,12038.7141725292,14077.5763935451,16458.6637494513,14029.6675903163,14513.9648894118,14618.4216633171,15054.3369395866,16809.2209841736,17418.8069694676,18237.8888015124,19445.9408414927,20869.8313440853,,,,,,,,,,
,,,,,,,,% change Y/Y,,,,,,,,,,,,,,,,,,,,,,,,,,,,,,,,,,,,,,,,,,,,,,,,,,,,,,,,,,,,,,,,,,,,,,,,,,,,,,,0.413552787663108,0.692587461032213,1.3422790648915,0.658686777831592,0.36331689919228,0.172618438555203,0.0191111310029988,-0.174863387978142,-0.188204516600623,-0.0136720348622237,0.0315164464578492,0.210786805139425,0.233394408487042,0.112810988786992,0.126321474075262,0.140392883259719,0.121377567192049,0.0744965580761268,0.127452907778379,0.152765716392294,0.159646563207054,0.176660629019631,0.160193011796915,0.13489617114179,0.129760987333249,,,,,,,,,,,,,,,,,,,,,,,,,,,,0.135892621183671,0.114430906753199,0.682141156649452,-0.0575145609928692,0.109720182654335,0.125310991980773,0.130216013724397,0.134700627773692,0.101190824187606,0.0950642521758094,0.0874363562620313,0.0828036249243254,0.0853857904471627,0.08152152424975,0.0789211275070127,0.0779934228499901,0.077648281507618,,,,,,,,,,
,,,,,,,,% change Q/Q,,,,,,,,,,,,,,,,,,,,,,,,,,,,,,,,,,,,,,,,,,,,,,,,,,,,,,,,,,,,,,,,,,,,,,,,,,,,-0.143831553973903,-0.173969518531347,0.515148338400252,0.319172490140455,0.0251757054442463,0.143098332139568,0.0729534977397843,0.084261460810078,-0.118224137267726,-0.00654450261780104,-0.13126921387791,0.0667307011778979,0.0713538202434876,0.0389705256208117,0.0197101332382963,0.0866485136850945,-0.0333876205030628,0.0515845239932105,0.0324496209108662,0.0685293503287587,-0.0737984197740265,0.103411658641059,0.0556294801114801,0.0749073911328329,-0.0602094046881743,0.0879691764287303,0.0326125420005765,0.070043644852789,,,,,,,,,,,,,,,,,,,,,,,,,,,NA,NA,NA,NA,NA,NA,NA,NA,NA,NA,NA,NA,NA,NA,NA,NA,NA,NA,,,,,,,,,,
,,,,,,,,% Incremental Margin,,,,,,,,,,,,,,,,,,,,,,,,,,,,,,,,,,,,,,,,,,,,,,,,,,,,,,,,,,,,,,,,,,,,,,,,,,,,,,,0.576537467700258,0.61617873651772,0.579996376155101,0.549939344925192,0.419132328916319,0.327763745871381,0.0739521995150675,-2.80776959142666,3.13188220230474,-0.640824210720179,0.208370930849369,0.630893295878797,0.581241049626468,0.302272972468201,0.388197301999943,0.394473264951729,0.405878840316182,0.272954195605533,0.391377647114857,0.395797739897247,0.395925788802367,0.394112848214071,0.409823039903109,0.41924357535034,0.413161524938585,,,,,,,,,,,,,,,,,,,,,,,,,,,,0.275198347495423,0.333551457465794,0.540671176009522,-0.330208138008626,0.499536978845705,0.371714396903979,0.372511349092247,0.369563484321765,0.366354553532343,0.358770278065322,0.358770278065322,0.358770278065322,0.358770278065323,0.358770278065322,0.358770278065322,0.358770278065323,0.358770278065322,,,,,,,,,,
,,,,,,,,,,,,,,,,,,,,,,,,,,,,,,,,,,,,,,,,,,,,,,,,,,,,,,,,,,,,,,,,,,,,,,,,,,,,,,,,,,,,,,,,,,,,,,,,,,,,,,,,,,,,,,,,,,,,,,,,,,,,,,,,,,,,,,,,,,,,,,,,,,,,,,,,,,,,,,,,,,,,,
,,,,,,,,Google Cloud,,,,,,,,,,,,,,,,,,,,,,,,,,,,,,,,,,,,,,,,,,,,,,,,,,,,,,,,,,,,,,,,,,,,,,,,,,,-1194,-1730,-1426,-1208,-1243,-974,-591,-644,-890,-706,-590,-440,-186,191,395,266,864,900,1172,1947,2093,2177,2826,3594,5313,6725.89386919966,8599.09623021428,9514.60542540446,9519.82713736819,9965.18277583848,12533.6932493422,14726.779277833,15234.3319380611,,,,,,,,,,,,,,,,,,,,,,,-4348,-4645,-5607,-2282,-1922,1865,6112,13565,34359.4226621866,52459.9872410748,63833.2731214964,84206.3685874792,107278.439169719,130173.610956358,161507.842780667,201233.531662274,261534.215794865,323576.303552803,,,,,,,,,,
,,,,,,,,% GAAP Operating Margin,,,,,,,,,,,,,,,,,,,,,,,,,,,,,,,,,,,,,,,,,,,,,,,,,,,,,,,,,,,,,,,,,,,,,,,,,,,-0.456771231828615,-0.622974432841196,-0.474226804123711,-0.35075493612079,-0.32445836596189,-0.240672102792192,-0.127700950734659,-0.129058116232465,-0.160620826565602,-0.121285002576877,-0.0940089228808158,-0.064065230052417,-0.0254272043745728,0.0256238261336195,0.0491844104096626,0.0316252526453454,0.0939947780678851,0.0940045957802382,0.11326954672852,0.171496520743416,0.175073191133417,0.177569331158238,0.207428068115091,0.237118163224913,0.30078125,0.340504176339986,0.381590843263028,0.383519908507843,0.349643082575064,0.342286762550032,0.380352998596969,0.405792194302294,0.390106111257132,,,,,,,,,,,,,,,,,,,,,,,-0.0317792119515564,-0.520856694326082,-0.429359062715369,-0.11881703634281,-0.0731354642313546,0.0563648452611219,0.141386569201231,0.231070607273656,0.364272070604859,0.381778356705549,0.340220290464256,0.342438209071693,0.345139154316854,0.342037739252419,0.353059500745906,0.372235405439685,0.415758457142269,0.44836743005074,,,,,,,,,,
,,,,,,,,Y/Y Change in bp,,,,,,,,,,,,,,,,,,,,,,,,,,,,,,,,,,,,,,,,,,,,,,,,,,,,,,,,,,,,,,,,,,,,,,,,,,,,,,,1323.12865866725,3823.02330049004,3465.25853389053,2216.96819888325,1638.37539396288,1193.87100215315,336.920278538428,649.928861800479,1351.93622191029,1469.08828710496,1431.93333290478,956.904826977624,1194.21982442458,683.807696466186,640.851363188578,1398.7126809807,810.784130655319,835.64735378,941.585213865707,656.216424814967,1257.08058866583,1629.34845181748,1741.62775147937,1464.0174528293,488.618325750641,17.8258621004573,-12.3784466605875,222.722857944512,404.63028682068,,,,,,,,,,,,,,,,,,,,,,,-317.792119515564,-4890.77482374526,914.976316107133,3105.42026372559,456.815721114549,1295.00309492476,850.217239401088,896.840380724258,1332.01463331203,175.062861006901,-415.58066241293,22.1791860743681,27.0094524516096,-31.0141506443484,110.217614934874,191.759046937782,435.230517025841,326.089729084716,,,,,,,,,,
,,,,,,,,Q/Q Change in bp,,,,,,,,,,,,,,,,,,,,,,,,,,,,,,,,,,,,,,,,,,,,,,,,,,,,,,,,,,,,,,,,,,,,,,,,,,,,-1662.0320101258,1487.47628717484,1234.71868002922,262.965701588999,837.862631696981,1129.71152057533,-13.5716549780635,-315.627103331369,393.35823988725,272.76079696061,299.436928283988,386.380256778442,510.510305081923,235.60584276043,-175.591577643172,623.695254225397,0.0981771235303297,192.649509482822,582.269740148955,35.7667039000115,24.9614002482118,298.587369568528,296.900951098216,636.630867750874,397.229263399859,410.866669230423,19.2906524481445,-338.768259327785,-73.5632002503245,380.662360469378,254.391957053244,-156.860830451617,,,,,,,,,,,,,,,,,,,,,,,,,,,,,,,,,,,,,,,,,,,,,,,,,,
,,,,,,,,Period-to-period addition,,,,,,,,,,,,,,,,,,,,,,,,,,,,,,,,,,,,,,,,,,,,,,,,,,,,,,,,,,,,,,,,,,,,,,,,,,,,-536,304,218,-35,269,383,-53,-246,184,116,150,254,377,204,-129,598,36,272,775,146,84,649,768,1719,1412.89386919966,1873.20236101463,915.509195190178,5.22171196372801,445.355638470286,2568.51047350375,2193.0860284908,507.552660228037,,,,,,,,,,,,,,,,,,,,,,,-4348,-297,-962,3325,360,3787,4247,7453,20794.4226621866,18100.5645788882,11373.2858804216,20373.0954659828,23072.0705822403,22895.1717866384,31334.2318243091,39725.6888816068,60300.6841325917,62042.0877579376,,,,,,,,,,
,,,,,,,,% change Y/Y,,,,,,,,,,,,,,,,,,,,,,,,,,,,,,,,,,,,,,,,,,,,,,,,,,,,,,,,,,,,,,,,,,,,,,,,,,,,,,,0.0410385259631492,-0.436994219653179,-0.585553997194951,-0.466887417218543,-0.283990345937249,-0.275154004106776,-0.00169204737732653,-0.316770186335404,-0.791011235955056,-1.27053824362606,-1.66949152542373,-1.60454545454545,-5.64516129032258,3.71204188481675,1.96708860759494,6.31954887218045,1.4224537037037,1.41888888888889,1.41126279863481,0.845916795069337,1.53846153846154,2.08952405567279,2.04285075379132,1.64735821519323,0.791798821262599,0.481614632885112,0.457559365983499,0.547807672456054,0.600274008995575,,,,,,,,,,,,,,,,,,,,,,,,0.0683072677092915,0.207104413347686,-0.593008739076155,-0.157756354075372,-1.97034339229969,2.27721179624665,1.21940445026178,1.53294674988475,0.526800603049956,0.216799249838868,0.319161065534049,0.27399436609443,0.213418203730735,0.240711090320866,0.245967553015711,0.299655249473001,0.237223598332542,,,,,,,,,,
,,,,,,,,% change Q/Q,,,,,,,,,,,,,,,,,,,,,,,,,,,,,,,,,,,,,,,,,,,,,,,,,,,,,,,,,,,,,,,,,,,,,,,,,,,,0.44891122278057,-0.175722543352601,-0.152875175315568,0.0289735099337749,-0.216411906677393,-0.393223819301848,0.089678510998308,0.381987577639752,-0.206741573033708,-0.164305949008499,-0.254237288135593,-0.577272727272727,-2.02688172043011,1.06806282722513,-0.326582278481013,2.24812030075188,0.0416666666666667,0.302222222222222,0.661262798634812,0.0749871597329224,0.040133779264214,0.298116674322462,0.271762208067941,0.478297161936561,0.26593146418213,0.278506083718137,0.10646574601333,0.000548810142960488,0.0467819039194664,0.257748455927105,0.174975243518577,0.0344646070028369,,,,,,,,,,,,,,,,,,,,,,,NA,NA,NA,NA,NA,NA,NA,NA,NA,NA,NA,NA,NA,NA,NA,NA,NA,NA,,,,,,,,,,
,,,,,,,,,,,,,,,,,,,,,,,,,,,,,,,,,,,,,,,,,,,,,,,,,,,,,,,,,,,,,,,,,,,,,,,,,,,,,,,,,,,,,,,,,,,,,,,,,,,,,,,0.444806369887803,0.475428145941921,0.504729935916997,0.432965299684543,0.564021720091084,0.607106051743306,0.647871948410623,0.613430307445781,0.439894144735741,0.346048297863304,0.377675436845618,0.453911574436889,0.483276945667141,,,,,,,,,,,,,,,,,,,,,,,,,,0.540914267122173,0.0508905852417303,0.556257344300823,0.418794990632088,0.481584388730938,0.583809341475145,0.420102955862114,0.226497124021435,0.349578572077084,0.355369057913362,0.32821809933245,0.407628417750727,0.477724527759242,0.681787251442647,0.669831826677836,,,,,,,,,,
,,,,,,,,Google Cloud (OLD),,,,,,,,,,,,,,,,,,,,,,,,,,,,,,,,,,,,,,,,,,,,,,,,,,,,,,,,,,,,,,,,,,,,,,,,,,,-1194,-1730,-1426,-1208,-1243,-974,-591,-644,-890,-931,-858,-699,-480,,,,,,,,,,,,,,,,,,,,,,,,,,,,,,,,,,,,,,,,,,,-4348,-4645,-5607,-3099,-2968,,,,,,,,,,,,,,,,,,,,,,,
,,,,,,,,% GAAP Operating Margin,,,,,,,,,,,,,,,,,,,,,,,,,,,,,,,,,,,,,,,,,,,,,,,,,,,,,,,,,,,,,,,,,,,,,,,,,,,-0.456771231828615,-0.622974432841196,-0.474226804123711,-0.35075493612079,-0.32445836596189,-0.240672102792192,-0.127700950734659,-0.129058116232465,-0.160620826565602,-0.159938154956193,-0.136711281070746,-0.101776354105999,-0.0656185919343814,,,,,,,,,,,,,,,,,,,,,,,,,,,,,,,,,,,,,,,,,,,-0.0317792119515564,-0.520856694326082,-0.429359062715369,-0.16135582630428,-0.112937595129376,,,,,,,,,,,,,,,,,,,,,,,
,,,,,,,,Y/Y Change in bp,,,,,,,,,,,,,,,,,,,,,,,,,,,,,,,,,,,,,,,,,,,,,,,,,,,,,,,,,,,,,,,,,,,,,,,,,,,,,,,1323.12865866725,3823.02330049004,3465.25853389053,2216.96819888325,1638.37539396288,807.339478359987,-90.1033033608711,272.817621264661,950.022346312205,,,,,,,,,,,,,,,,,,,,,,,,,,,,,,,,,,,,,,,,,,,-317.792119515564,-4890.77482374526,914.976316107133,2680.03236411089,484.18231174904,,,,,,,,,,,,,,,,,,,,,,,
,,,,,,,,Q/Q Change in bp,,,,,,,,,,,,,,,,,,,,,,,,,,,,,,,,,,,,,,,,,,,,,,,,,,,,,,,,,,,,,,,,,,,,,,,,,,,,-1662.0320101258,1487.47628717484,1234.71868002922,262.965701588999,837.862631696981,1129.71152057533,-13.5716549780635,-315.627103331369,6.82671609408769,232.268738854474,349.349269647469,361.577621716174,,,,,,,,,,,,,,,,,,,,,,,,,,,,,,,,,,,,,,,,,,,,,,,,,,,,,,,,,,,,,,,,,,,,,,
,,,,,,,,Period-to-period addition,,,,,,,,,,,,,,,,,,,,,,,,,,,,,,,,,,,,,,,,,,,,,,,,,,,,,,,,,,,,,,,,,,,,,,,,,,,,-536,304,218,-35,269,383,-53,-246,-41,73,159,219,,,,,,,,,,,,,,,,,,,,,,,,,,,,,,,,,,,,,,,,,,,-4348,-297,-962,2508,131,,,,,,,,,,,,,,,,,,,,,,,
,,,,,,,,% change Y/Y,,,,,,,,,,,,,,,,,,,,,,,,,,,,,,,,,,,,,,,,,,,,,,,,,,,,,,,,,,,,,,,,,,,,,,,,,,,,,,,0.0410385259631492,-0.436994219653179,-0.585553997194951,-0.466887417218543,-0.283990345937249,-0.0441478439425052,0.451776649746193,0.0854037267080745,-0.460674157303371,,,,,,,,,,,,,,,,,,,,,,,,,,,,,,,,,,,,,,,,,,,,0.0683072677092915,0.207104413347686,-0.447298020331728,-0.0422717005485641,,,,,,,,,,,,,,,,,,,,,,,
,,,,,,,,% change Q/Q,,,,,,,,,,,,,,,,,,,,,,,,,,,,,,,,,,,,,,,,,,,,,,,,,,,,,,,,,,,,,,,,,,,,,,,,,,,,0.44891122278057,-0.175722543352601,-0.152875175315568,0.0289735099337749,-0.216411906677393,-0.393223819301848,0.089678510998308,0.381987577639752,0.0460674157303371,-0.0784103114930183,-0.185314685314685,-0.313304721030043,,,,,,,,,,,,,,,,,,,,,,,,,,,,,,,,,,,,,,,,,,,NA,NA,NA,NA,NA,,,,,,,,,,,,,,,,,,,,,,,
,,,,,,,,,,,,,,,,,,,,,,,,,,,,,,,,,,,,,,,,,,,,,,,,,,,,,,,,,,,,,,,,,,,,,,,,,,,,,,,,,,,,,,,,,,,,,,,,,,,,,,,,,,,,,,,,,,,,,,,,,,,,,,,,,,,,,,,,,,,,,,,,,,,,,,,,,,,,,,,,,,,,,
,,,,,,,,Other Bets,,,,,,,,,,,,,,,,,,,,,,,,,,,,,,,,,,,,,,,,,,,,,,,,,,,,,,,,,,,,,,,,,,,,,,,,,,,-2026,-1121,-1116,-1103,-1136,-1145,-1398,-1288,-1450,-835,-1339,-1225,-1237,-1225,-813,-1194,-863,-1020,-1134,-1116,-1174,-1226,-1246,-1426,-3617,-1625,-1625,-1625,-1625,-1650,-1650,-1700,-1700,,,,,,,,,,,,,,,,,,,,,,,-3358,-4824,-4476,-4051,-4636,-4480,-4444,-7515,-6500,-6700,-6050,-5050,-3800,-2700,-1600,-500,600,1200,,,,,,,,,,
,,,,,,,,,,,,,,,,,,,,,,,,,,,,,,,,,,,,,,,,,,,,,,,,,,,,,,,,,,,,,,,,,,,,,,,,,,,,,,,,,,,,,,,,,,,,,,,,,,,,,,,,,,,,,,,,,,,,,,,,,,,,,,,,,,,,,,,,,,,,,,,,,,,,,,,,,,,,,,,,,,,,,
,,,,,,,,Other Bets (OLD),,,,,,,,,,,,,,,,,,,,,,,,,,,,,,,,,,,,,,,,,,,,,,,,,,,,,,,,,,,,,,,,,,,,,,,,,,,-2026,-1121,-1116,-1103,-1136,-1145,-1398,-1288,-1450,-1155,-1686,-1611,-1631,,,,,,,,,,,,,,,,,,,,,,,,,,,,,,,,,,,,,,,,,,,-3358,-4824,-4476,-5281,-6083,,,,,,,,,,,,,,,,,,,,,,,
,,,,,,,,,,,,,,,,,,,,,,,,,,,,,,,,,,,,,,,,,,,,,,,,,,,,,,,,,,,,,,,,,,,,,,,,,,,,,,,,,,,,,,,,,,,,,,,,,,,,,,,,,,,,,,,,,,,,,,,,,,,,,,,,,,,,,,,,,,,,,,,,,,,,,,,,,,,,,,,,,,,,,
,,,,,,,,"Corporate Costs, Unalloacted",,,,,,,,,,,,,,,,,,,,,,,,,,,,,,,,,,,,,,,,,,,,,,,,,,,,,,,,,,,,,,,,,,,,,,,,,,,-1002,-720,-614,-929,-1036,-990,-993,-1010,-1768,-338,-239,-83,-639,-3288,-1198,-1666,-3034,-2305,-2287,-3166,-2783,-3027,-3027,-4467,-5894,-5481.4579195275,-5862.94811575941,-6257.46493488575,-7260.79121396077,-7417.59778669016,-8186.1901019214,-8975.07548030553,-10142.5671977389,,,,,,,,,,,,,,,,,,,,,,,-7907,-5299,-3299,-3085,-1299,-9186,-10541,-16415,-24862.6621841334,-34721.430566656,-34560.1479659635,-39863.2108275747,-44984.3555100166,-49166.3518700821,-53324.8529776925,-56147.9271257443,-57133.7843166193,-55731.3918277044,,,,,,,,,,
,,,,,,,,% GAAP Operating Margin,,,,,,,,,,,,,,,,,,,,,,,,,,,,,,,,,,,,,,,,,,,,,,,,,,,,,,,,,,,,,,,,,,,,,,,,,,,-0.0217471513836137,-0.0174931363735756,-0.0160325874089354,-0.0201199835401642,-0.0182080213715772,-0.0178978197201432,-0.0160471881060116,-0.0155103043705274,-0.0234716229671424,-0.0049697842995986,-0.0034297194518189,-0.00120129682162913,-0.00840258783925942,-0.0471147921532664,-0.0160581202080317,-0.0217229734134797,-0.035152357780095,-0.0286196749400911,-0.0269877982582427,-0.0358680382471564,-0.0288486456789228,-0.0335461134383935,-0.0313912971336126,-0.0436460633537217,-0.0517798784130442,-0.05,-0.05,-0.051,-0.054,-0.058,-0.06,-0.062,-0.064,,,,,,,,,,,,,,,,,,,,,,,-0.0577916809799809,-0.0327387755858567,-0.0180740383614479,-0.0119742117785877,-0.00459276754019997,-0.0298834720261293,-0.0301155940551629,-0.0407485924793216,-0.0513646149450287,-0.0533646149450287,-0.0523646149450287,-0.0523646149450287,-0.0516146149450287,-0.0496146149450287,-0.0476146149450287,-0.0446146149450287,-0.0406146149450287,-0.0356146149450287,,,,,,,,,,
,,,,,,,,Y/Y Change in bp,,,,,,,,,,,,,,,,,,,,,,,,,,,,,,,,,,,,,,,,,,,,,,,,,,,,,,,,,,,,,,,,,,,,,,,,,,,,,,,35.3913001203647,-4.04683346567538,-0.146006970762093,46.0967916963681,-52.6360159556518,129.280354205446,126.174686541927,143.090075488982,150.69035127883,-421.450078536678,-126.284007562128,-205.216765918506,-267.497699408356,184.951172131752,-109.296780502109,-141.450648336767,63.0371210117224,-49.2643849830238,-44.0349887536997,-77.780251065653,-229.312327341215,-164.538865616065,-186.087028663874,-73.5393664627831,-22.2012158695576,-80,-99.9999999999999,-110,-100,,,,,,,,,,,,,,,,,,,,,,,-577.916809799809,250.529053941242,146.647372244088,60.9982658286019,73.8144423838773,-252.907044859294,-2.32122029033544,-106.329984241587,-106.160224657071,-20,10,0,7.50000000000001,20,20,30,40,50,,,,,,,,,,
,,,,,,,,Q/Q Change in bp,,,,,,,,,,,,,,,,,,,,,,,,,,,,,,,,,,,,,,,,,,,,,,,,,,,,,,,,,,,,,,,,,,,,,,,,,,,,42.5401501003803,14.6054896464022,-40.8739613122874,19.1196216858696,3.10201651434024,18.5063161413155,5.36883735484283,-79.6131859661503,185.018386675438,15.400648477797,22.2842263018977,-72.0129101763028,-387.12204314007,310.566719452346,-56.6485320544798,-134.293843666153,65.3268284000387,16.3187668184847,-88.8023998891372,70.1939256823363,-46.9746775947075,21.5481630478087,-122.54766220109,-81.3381505932255,17.7987841304424,0,-9.99999999999994,-30,-40,-19.9999999999999,-20,-20,,,,,,,,,,,,,,,,,,,,,,,,,,,,,,,,,,,,,,,,,,,,,,,,,,
,,,,,,,,Period-to-period addition,,,,,,,,,,,,,,,,,,,,,,,,,,,,,,,,,,,,,,,,,,,,,,,,,,,,,,,,,,,,,,,,,,,,,,,,,,,,282,106,-315,-107,46,-3,-17,-758,1430,99,156,-556,-2649,2090,-468,-1368,729,18,-879,383,-244,0,-1440,-1427,412.542080472503,-381.490196231912,-394.516819126343,-1003.32627907502,-156.80657272939,-768.592315231243,-788.885378384126,-1167.49171743333,,,,,,,,,,,,,,,,,,,,,,,-7907,2608,2000,214,1786,-7887,-1355,-5874,-8447.66218413343,-9858.76838252253,161.282600692444,-5303.06286161116,-5121.14468244197,-4181.99636006544,-4158.50110761044,-2823.07414805181,-985.85719087498,1402.39248891491,,,,,,,,,,
,,,,,,,,% change Y/Y,,,,,,,,,,,,,,,,,,,,,,,,,,,,,,,,,,,,,,,,,,,,,,,,,,,,,,,,,,,,,,,,,,,,,,,,,,,,,,,0.0339321357285429,0.375,0.617263843648209,0.0871905274488698,0.706563706563707,-0.658585858585859,-0.759315206445116,-0.917821782178218,-0.638574660633484,8.72781065088758,4.01255230125523,19.0722891566265,3.74804381846635,-0.298965936739659,0.909015025041736,0.900360144057623,-0.0827290705339486,0.313232104121475,0.323567993003935,0.410928616550853,1.11785842615882,0.810854945334489,0.936884081849821,0.400820446582886,0.231895353573256,0.353216223783317,0.396258322654638,0.434298965107887,0.396895586012324,,,,,,,,,,,,,,,,,,,,,,,,-0.329834324016694,-0.377429703717683,-0.0648681418611701,-0.578930307941653,6.0715935334873,0.147507075985195,0.557252632577554,0.514630653922231,0.396529072772186,-0.004645044805479,0.153444448988872,0.128467942650006,0.0929655724229335,0.0845802250815542,0.0529410582572594,0.0175582116979516,-0.0245457657967001,,,,,,,,,,
,,,,,,,,% change Q/Q,,,,,,,,,,,,,,,,,,,,,,,,,,,,,,,,,,,,,,,,,,,,,,,,,,,,,,,,,,,,,,,,,,,,,,,,,,,,-0.281437125748503,-0.147222222222222,0.513029315960912,0.115177610333692,-0.0444015444015444,0.00303030303030294,0.0171198388721048,0.750495049504951,-0.808823529411765,-0.292899408284024,-0.652719665271967,6.69879518072289,4.14553990610329,-0.635644768856448,0.390651085141903,0.821128451380552,-0.240276862228082,-0.0078091106290672,0.384346305203323,-0.120972836386608,0.0876751706791232,0,0.475718533201189,0.319453772106559,-0.0699935664188162,0.0695964836057332,0.0672898363309569,0.160340695395896,0.0215963478508909,0.103617415952423,0.0963678302802868,0.130081548617081,,,,,,,,,,,,,,,,,,,,,,,NA,NA,NA,NA,NA,NA,NA,NA,NA,NA,NA,NA,NA,NA,NA,NA,NA,NA,,,,,,,,,,
,,,,,,,,,,,,,,,,,,,,,,,,,,,,,,,,,,,,,,,,,,,,,,,,,,,,,,,,,,,,,,,,,,,,,,,,,,,,,,,,,,,,,,,,,,,,,,,,,,,,,,,,,,,,,,,,,,,,,,,,,,,,,,,,,,,,,,,,,,,,,,,,,,,,,,,,,,,,,,,,,,,,,
,,,,,,,,"Corporate Costs, Unalloacted (OLD",,,,,,,,,,,,,,,,,,,,,,,,,,,,,,,,,,,,,,,,,,,,,,,,,,,,,,,,,,,,,,,,,,,,,,,,,,,-1002,-720,-614,-929,-1036,-990,-993,-1010,-1768,-740,-773,-336,-830,-3476.75215357275,-559.53,-1112.0485,-1596.735,-1208.085,-847.42,-882.68,-964.69,-1353.51,-964.28,-1023.46,-1138.28,-1096.2915839055,-1172.58962315188,-1226.95390880113,-1344.59096554829,-1278.89617011899,-1364.3650169869,-1447.59281940412,-1584.7761246467,,,,,,,,,,,,,,,,,,,,,,,-7907,-5299,-3299,-4761,-2679,-6745.06565357275,-3902.875,-4479.53,-5382.54620849284,-6311.29180148259,-7339.08391341857,-8465.22560059618,-9691.5443049432,-11019.516367136,-12453.561352861,-13994.6084823516,-15642.811980419,-17401.0642463447,,,,,,,,,,
,,,,,,,,% GAAP Operating Margin,,,,,,,,,,,,,,,,,,,,,,,,,,,,,,,,,,,,,,,,,,,,,,,,,,,,,,,,,,,,,,,,,,,,,,,,,,,-0.0217471513836137,-0.0174931363735756,-0.0160325874089354,-0.0201199835401642,-0.0182080213715772,-0.0178978197201432,-0.0160471881060116,-0.0155103043705274,-0.0234716229671424,-0.010880592845275,-0.0110927746286862,-0.00486308110924564,-0.0109141594782243,-0.0498194814732364,-0.0075,-0.0145,-0.0185,-0.015,-0.01,-0.01,-0.01,-0.015,-0.01,-0.01,-0.01,-0.01,-0.01,-0.01,-0.01,-0.01,-0.01,-0.01,-0.01,,,,,,,,,,,,,,,,,,,,,,,-0.0577916809799809,-0.0327387755858567,-0.0180740383614479,-0.0184794885827734,-0.00947192012332235,-0.0219427368574948,-0.0111504979743899,-0.0111199843112334,-0.0111199843112334,-0.0111199843112334,-0.0111199843112334,-0.0111199843112334,-0.0111199843112334,-0.0111199843112334,-0.0111199843112334,-0.0111199843112334,-0.0111199843112334,-0.0111199843112334,,,,,,,,,,
,,,,,,,,Y/Y Change in bp,,,,,,,,,,,,,,,,,,,,,,,,,,,,,,,,,,,,,,,,,,,,,,,,,,,,,,,,,,,,,,,,,,,,,,,,,,,,,,,35.3913001203647,-4.04683346567538,-0.146006970762093,46.0967916963681,-52.6360159556518,70.1722687486816,49.544134773254,106.472232612817,125.574634889181,-389.388886279614,35.9277462868623,-96.3691889075436,-75.8584052177572,348.194814732364,-25,45,85,0,0,0,0,50,0,0,0,0,0,0,0,,,,,,,,,,,,,,,,,,,,,,,-577.916809799809,250.529053941242,146.647372244088,-4.05450221325539,90.0756845945109,-124.708167341724,107.922388831049,0.30513663156536,0,0,0,0,0,0,0,0,0,0,,,,,,,,,,
,,,,,,,,Q/Q Change in bp,,,,,,,,,,,,,,,,,,,,,,,,,,,,,,,,,,,,,,,,,,,,,,,,,,,,,,,,,,,,,,,,,,,,,,,,,,,,42.5401501003803,14.6054896464022,-40.8739613122874,19.1196216858696,3.10201651434024,18.5063161413155,5.36883735484283,-79.6131859661503,125.910301218674,-2.12181783411203,62.2969351944059,-60.5107836897864,-389.053219950122,423.194814732364,-70,-40,35,50,0,0,-50,50,0,0,0,0,0,0,0,0,0,0,,,,,,,,,,,,,,,,,,,,,,,,,,,,,,,,,,,,,,,,,,,,,,,,,,
,,,,,,,,Period-to-period addition,,,,,,,,,,,,,,,,,,,,,,,,,,,,,,,,,,,,,,,,,,,,,,,,,,,,,,,,,,,,,,,,,,,,,,,,,,,,282,106,-315,-107,46,-3,-17,-758,1028,-33,437,-494,-2646.75215357275,2917.22215357275,-552.5185,-484.6865,388.65,360.665,-35.26,-82.01,-388.82,389.23,-59.1800000000001,-114.82,41.9884160945005,-76.2980392463824,-54.3642856492461,-117.637056747163,65.694795429298,-85.4688468679076,-83.2278024172172,-137.183305242579,,,,,,,,,,,,,,,,,,,,,,,-7907,2608,2000,-1462,2082,-4066.06565357275,2842.19065357275,-576.654999999999,-903.016208492837,-928.745592989752,-1027.79211193598,-1126.14168717761,-1226.31870434702,-1327.97206219275,-1434.04498572503,-1541.04712949066,-1648.20349806731,-1758.25226592574,,,,,,,,,,
,,,,,,,,% change Y/Y,,,,,,,,,,,,,,,,,,,,,,,,,,,,,,,,,,,,,,,,,,,,,,,,,,,,,,,,,,,,,,,,,,,,,,,,,,,,,,,0.0339321357285429,0.375,0.617263843648209,0.0871905274488698,0.706563706563707,-0.252525252525253,-0.221550855991944,-0.667326732673267,-0.530542986425339,3.69831372104426,-0.276157826649418,2.30966815476191,0.923777108433735,-0.652524843118726,0.51452111593659,-0.206257640741389,-0.395835877587702,0.120376463576652,0.137900922800972,0.159491548466035,0.179943816148193,-0.190038061111112,0.216026074534245,0.198829371740105,0.181247993066988,0.166565710158032,0.163548602212198,0.179826568072617,0.178630650697898,,,,,,,,,,,,,,,,,,,,,,,,-0.329834324016694,-0.377429703717683,0.443164595331919,-0.437303087586642,1.51775500319998,-0.421373311921328,0.147751337155302,0.201587266631284,0.172547630250593,0.162849721461863,0.153444448988872,0.144865448625569,0.137023782836696,0.130136835224625,0.123743488776135,0.117774177115839,0.11240001274238,,,,,,,,,,
,,,,,,,,% change Q/Q,,,,,,,,,,,,,,,,,,,,,,,,,,,,,,,,,,,,,,,,,,,,,,,,,,,,,,,,,,,,,,,,,,,,,,,,,,,,-0.281437125748503,-0.147222222222222,0.513029315960912,0.115177610333692,-0.0444015444015444,0.00303030303030294,0.0171198388721048,0.750495049504951,-0.581447963800905,0.0445945945945947,-0.565329883570505,1.4702380952381,3.18885801635271,-0.839065318640841,0.987468947152074,0.435850145025149,-0.243402944132871,-0.298542734989674,0.0416086474239457,0.0929102279421761,0.403051757559423,-0.287570834349211,0.061372215539055,0.112188067926446,-0.036887598916348,0.0695964836057332,0.0463625846381932,0.0958773234294574,-0.0488585726905501,0.0668301687540087,0.061001126077697,0.0947665002227969,,,,,,,,,,,,,,,,,,,,,,,NA,NA,NA,NA,NA,NA,NA,NA,NA,NA,NA,NA,NA,NA,NA,NA,NA,NA,,,,,,,,,,
,,,,,,,,,,,,,,,,,,,,,,,,,,,,,,,,,,,,,,,,,,,,,,,,,,,,,,,,,,,,,,,,,,,,,,,,,,,,,,,,,,,,,,,,,,,,,,,,,,,,,,,,,,,,,,,,,,,,,,,,,,,,,,,,,,,,,,,,,,,,,,,,,,,,,,,,,,,,,,,,,,,,,
,,,,,,,,Total Operating Income,,,,,,,,,,,,,,,,,,,,,,,,,,,,,,,,,,,,,,,,,,,,,,,,,,,,,,,,,,,,,,,,,,,,,,,,,,,9266,7977,6383,11213,15651,16437,19361,21031,21885,20094,19453,17135,18160,17415,21838,21343,23697,25472,27425,28521,30972,30606,31271,31228,35934,40108.0805088389,43177.3397040771,44405.9563102754,46706.8236446517,45837.0719249246,48814.0581088141,51705.0802232918,54887.5082793853,,,,,,,,,,,,,,,,,,,,,,,27524,34231,41224,78714,74842,84293,112390,129039,174398.200167843,201243.718536416,231976.004992324,267312.133594769,307039.997294334,350159.941873797,403496.044586766,468406.130083191,558197.170751858,654510.712730585,,,,,,,,,,
,,,,,,,,Check,,,,,,,,,,,,,,,,,,,,,,,,,,,,,,,,,,,,,,,,,,,,,,,,,,,,,,,,,,,,,,,,,,,,,,,,,,,0,0,0,0,0,0,0,0,0,0,0,0,0,0,0,0,0,0,0,0,0,0,0,0,0,0,0,0,0,0,0,0,0,,,,,,,,,,,,,,,,,,,,,,,0,0,0,0,0,0,0,0,0,0,0,0,0,0,0,0,0,0,,,,,,,,,,
,,,,,,,,,,,,,,,,,,,,,,,,,,,,,,,,,,,,,,,,,,,,,,,,,,,,,,,,,,,,,,,,,,,,,,,,,,,,,,,,,,,,,,,,,,,,,,,,,,,,,,,,,,,,,,,,,,,,,,,,,,,,,,,,,,,,,,,,,,,,,,,,,,,,,,,,,,,,,,,,,,,,,
,,,,,,,,Core Google,,,,,,,,,,,,,,,,,,,,,,,,,,,,,,,,,,,,,,,,,,,,,,,,,,,,,,,,,,,,,,,,,,,,,,,,,,,,,,,,,,,,,,,,,,,,,,,,,,,,,,,,,,,,,,,,,,,,,,,,,,,,,,,,,,,,,,,,,,,,,,,,,,,,,,,,,,,,,
,,,,,,,,"Core ""Google"" Revenue",,,,,,,,,,,,,,,,,,,,,,,,,,,,,,,,,,,,,,,,,,,,,,,,,,,,,,,17997,17178,17652,18533,21178,20091,21315,22254,25802,24618,25913,27655,32192,30996,32512,33594,39122,36169,38782,40344,45903,41024,38149,45995,56702,55116,61688,64936,75144,67571,69492,68883,75822,69499,74319,76396,85653,80044,84377,87880,96069,89784,96055,102002,113458,109083.37239055,116686.480315188,122091.456880113,133818.623554829,126909.934011899,135407.81869869,143685.598940412,157357.92946467,,,,,,,,,,,,,,,,,,55507,65674,74541,89462,110378,136224,161198,181870,256884,281768,305867,348370,401299,481679.93314068,563361.281115671,654029.859713614,753054.787052504,859939.976667059,976548.2694439,1101969.28696369,1235959.79300557,1378606.45810929,1529400.29588579,,,,,,,,,,
,,,,,,,,Period-to-period addition,,,,,,,,,,,,,,,,,,,,,,,,,,,,,,,,,,,,,,,,,,,,,,,,,,,,,,,,-819,474,881,2645,-1087,1224,939,3548,-1184,1295,1742,4537,-1196,1516,1082,5528,-2953,2613,1562,5559,-4879,-2875,7846,10707,-1586,6572,3248,10208,-7573,1921,-609,6939,-6323,4820,2077,9257,-5609,4333,3503,8189,-6285,6271,5947,11456,-4374.62760945005,7603.10792463823,5404.97656492463,11727.1666747163,-6908.6895429298,8497.88468679077,8277.78024172172,13672.3305242579,,,,,,,,,,,,,,,,,,,10167,8867,14921,20916,25846,24974,20672,75014,24884,24099,42503,52929,80380.93314068,81681.3479749908,90668.5785979427,99024.9273388903,106885.189614555,116608.292776841,125421.017519788,133990.50604188,142646.665103722,150793.837776496,,,,,,,,,,
,,,,,,,,% change Y/Y,,,,,,,,,,,,,,,,,,,,,,,,,,,,,,,,,,,,,,,,,,,,,,,,,,,,,,,,,,,0.176751680835695,0.169577366398882,0.207511896668933,0.20077699239195,0.21833978657097,0.225324772286098,0.215716631480178,0.242697941943022,0.247655220525541,0.259078722885693,0.254659823254737,0.214753209184596,0.215270874751491,0.166892502258356,0.19285187007874,0.200928737274513,0.173329584377077,0.134230971273743,-0.016322005053891,0.140070394606385,0.235256954883123,0.34350624024961,0.617027969278356,0.411805631046853,0.325244259461747,0.225977937441034,0.126507586564648,0.060782924725884,0.00902267646119448,0.0285329505261134,0.0694612329476774,0.109069001059768,0.129658938039092,0.151728801853264,0.135335513125849,0.150322006387769,0.121606948968513,0.12168307430913,0.138402645270631,0.160696404187529,0.181005319093568,0.214953359067873,0.214788197545033,0.196951597812914,0.179455160101792,0.163421438397825,0.160441366754166,0.176868575509777,0.17590455860724,,,,,,,,,,,,,,,,,,,0.183166087160178,0.135015378993209,0.200171717578246,0.233797590038229,0.23415898095635,0.183330396993188,0.128239804464075,0.412459449057019,0.0968686255274753,0.0855278101132846,0.13895909006202,0.151933289318828,0.200301852585429,0.169575982628977,0.160942154949634,0.151407349172485,0.141935475947121,0.135600502291787,0.128432993477332,0.121591869779847,0.115413677622019,0.109381351646433,,,,,,,,,,
,,,,,,,,% change Q/Q,,,,,,,,,,,,,,,,,,,,,,,,,,,,,,,,,,,,,,,,,,,,,,,,,,,,,,,,-0.0455075845974329,0.0275934334614041,0.0499093587128938,0.142718394215723,-0.0513268486164888,0.0609228012542931,0.0440534834623505,0.159432012222522,-0.0458879156654523,0.0526037858477537,0.0672249450082969,0.164057132525764,-0.0371520874751491,0.0489095367144148,0.0332800196850394,0.164553194022742,-0.0754818260825111,0.0722441870109762,0.0402764168944356,0.13779000594884,-0.106289349280003,-0.0700809282371295,0.205667252090487,0.232786172410045,-0.0279707946809636,0.119239422309311,0.0526520555051226,0.157200936306517,-0.100779836048121,0.0284293557887259,-0.00876359868761867,0.100736030660685,-0.0833926828624937,0.0693535158779264,0.0279470929372032,0.121171265511283,-0.0654851552193152,0.0541327270001499,0.0415160529528189,0.0931838871187984,-0.0654217281329045,0.0698454067539873,0.0619124459944824,0.112311523303465,-0.0385572424108485,0.0696999712973385,0.0463205038863539,0.0960523117209724,-0.0516272650203963,0.0669599645839702,0.0611322176316973,0.0951544944314706,,,,,,,,,,,,,,,,,,,NA,NA,NA,NA,NA,NA,NA,NA,NA,NA,NA,NA,NA,NA,NA,NA,NA,NA,NA,NA,NA,NA,,,,,,,,,,
,,,,,,,,% of Total Alphabet revenue,,,,,,,,,,,,,,,,,,,,,,,,,,,,,,,,,,,,,,,,,,,,,,,,,,,,,,,0.994144616914324,0.995364468652219,0.995769165679472,0.99239625167336,0.992920436963758,0.991805301870958,0.991395348837209,0.99122533517438,0.989947820748926,0.994666666666667,0.996270665128797,0.995787123721734,0.995947158370201,0.99518397225968,0.995559910585786,0.995672791938352,0.996079030451166,0.995321830540191,0.995840180772391,0.99617274500605,0.996266956049919,0.996720036929955,0.996135467530094,0.996144933186061,0.996555239199972,0.996420436055971,0.996897220426632,0.997205073865905,0.997597079322934,0.993530458308215,0.997230393915477,0.996975047762404,0.997028192720387,0.995873156891685,0.996179829499759,0.99612741710456,0.992387904066736,0.993853909286184,0.995692808760709,0.995604296007613,0.995853590272523,0.995012966287652,0.996131828929357,0.996638852519884,0.996749481674105,0.995021525221824,0.995117797491153,0.99507777761114,0.995236670359905,0.99233962050329,0.992460353445064,0.992582976472335,0.992934756003788,,,,,,,,,,,,,,,,,,0.999783857778418,0.995045529613188,0.994025790449266,0.991027118043247,0.995697081773488,0.995651188796878,0.995928504791266,0.996400532523955,0.997077283154205,0.996223960174801,0.995032433944709,0.995291670714078,0.996184551529655,0.995118869784882,0.99259688897461,0.990968609283259,0.989218458269236,0.986686821857965,0.98545172706165,0.983966018658759,0.982082030009576,0.980008083248067,0.977348687130909,,,,,,,,,,
,,,,,,,,,,,,,,,,,,,,,,,,,,,,,,,,,,,,,,,,,,,,,,,,,,,,,,,,,,,,,,,,,,,,,,,,,,,,,,,,,,,,,,,,,,,,,,,,,,,,,,,,,,,,,,,,,,,,,,,,,,,,,,,,,,,,,,,,,,,,,,,,,,,,,,,,,,,,,,,,,,,,,
,,,,,,,,GAAP Operating Income (Loss) ,,,,,,,,,,,,,,,,,,,,,,,,,,,,,,,,,,,,,,,,,,,,,,,,,,,,,,,5223,5188,5630,5835,6772,6272,6994,6778,7883,7446,7664,8582,8595,8368,8959,9490,9576,9325,10388,10865,11459,9270,7572,12589,16912,17707,20884,22444,23460,21054,20917,18485,19522,18765,23161,22662,24685,26617,28684,29762,32271,31957,32642,32779,39676,41858.0805088389,44927.3397040771,46155.9563102754,48456.8236446517,47612.0719249246,50589.0581088141,53530.0802232918,56712.5082793853,,,,,,,,,,,,,,,,,,16260,19011,23425,27927,32287,36393,42037,46343,84495,79978,89273,117334,137054,181398.200167843,208443.718536416,238526.004992324,272862.133594769,311339.997294334,353359.941873797,405596.044586766,469406.130083191,558097.170751858,653810.712730585,,,,,,,,,,
,,,,,,,,% GAAP Operating Margin,,,,,,,,,,,,,,,,,,,,,,,,,,,,,,,,,,,,,,,,,,,,,,,,,,,,,,,0.290215035839307,0.302014204214693,0.318944029005212,0.314843792154535,0.319765794692606,0.312179582897815,0.328125733051841,0.30457445852431,0.305518952019223,0.302461613453571,0.295758885501486,0.310323630446574,0.266991799204771,0.269970318750807,0.275559793307087,0.282490920997797,0.244772762128726,0.257817467997456,0.267856221958641,0.269308943089431,0.24963510010239,0.225965288611544,0.198484888201526,0.273703663441678,0.298261084265105,0.321267871398505,0.338542342108676,0.34563262289023,0.312200574896199,0.311583371564725,0.300998676106602,0.26835358506453,0.257471446282082,0.270003884947985,0.311643052247743,0.296638567464265,0.288197728042217,0.332529608715207,0.33995046043353,0.338666363222576,0.335914811229429,0.355932014612849,0.339826141273229,0.321356443991294,0.349697685487141,0.383725581557699,0.385026093706156,0.37804411127306,0.362108220495914,0.375164263504073,0.373605147730687,0.372550071949043,0.360404515185989,,,,,,,,,,,,,,,,,,0.2929360260868,0.289475287023784,0.314256583625119,0.312166059332454,0.292513000779141,0.267155567300916,0.260778669710542,0.254813878044757,0.328922782267483,0.283843445671616,0.291868688024534,0.336808565605534,0.341525894657101,0.376594887366553,0.370000079032087,0.364702010848205,0.36234034798818,0.362048521689875,0.361845853328909,0.368064744984251,0.379790776965086,0.404827039267805,0.427494825579275,,,,,,,,,,
,,,,,,,,YoY Change in bp,,,,,,,,,,,,,,,,,,,,,,,,,,,,,,,,,,,,,,,,,,,,,,,,,,,,,,,,,3189.44029005212,3148.43792154535,295.507588532989,101.653786831217,91.817040466296,-102.693336302249,-142.468426733822,-97.1796944424441,-323.668475503557,57.491719222636,-385.271528144519,-324.91294702764,-201.990921943991,-278.327094487766,-222.190370760459,-121.528507533502,-77.0357134844602,-131.819779083663,48.6233797366428,-318.521793859119,-693.71333757115,43.9472035224758,486.259841627155,953.025827869605,1400.5745390715,719.289594485519,139.39490631094,-96.844998337805,-375.436660020737,-772.790378257007,-547.291286141176,-415.794866167396,106.443761411407,282.849823997354,307.262817601351,625.257237672218,283.074081857876,420.277957583111,477.17083187212,234.02405897642,-1.24319160301589,-173.099192312819,137.828742577118,277.935669448508,451.999524329267,566.876672817658,124.10535008773,-85.6131805362692,-114.20945975469,-54.9403932401676,-17.0370530992503,,,,,,,,,,,,,,,,,,,-34.6073906301569,247.812966013349,-20.9052429266504,-196.530585533132,-253.574334782246,-63.7689759037385,-59.6479166578506,741.089042227254,-450.793365958663,80.2524235291718,449.398775810008,47.1732905156669,350.689927094519,-65.9480833446618,-52.9806818388195,-23.6166286002437,-2.91826298305653,-2.0266836096583,62.1889165534179,117.260319808348,250.36262302719,226.677863114701,,,,,,,,,,
,,,,,,,,Period-to-period addition,,,,,,,,,,,,,,,,,,,,,,,,,,,,,,,,,,,,,,,,,,,,,,,,,,,,,,,,-35,442,205,937,-500,722,-216,1105,-437,218,918,13,-227,591,531,86,-251,1063,477,594,-2189,-1698,5017,4323,795,3177,1560,1016,-2406,-137,-2432,1037,-757,4396,-499,2023,1932,2067,1078,2509,-314,685,137,6897,2182.08050883887,3069.25919523825,1228.61660619827,2300.86733437632,-844.751719727079,2976.98618388949,2941.02211447767,3182.42805609349,,,,,,,,,,,,,,,,,,,2751,4414,4502,4360,4106,5644,4306,38152,-4517,9295,28061,19720,44344.2001678431,27045.5183685727,30082.2864559083,34336.1286024452,38477.8636995647,42019.9445794632,52236.1027129691,63810.0854964245,88691.0406686675,95713.5419787266,,,,,,,,,,
,,,,,,,,% change Y/Y,,,,,,,,,,,,,,,,,,,,,,,,,,,,,,,,,,,,,,,,,,,,,,,,,,,,,,,,,,,0.296572850852001,0.208943716268311,0.242273534635879,0.161610968294773,0.164057885410514,0.18718112244898,0.0957963969116384,0.266155208025966,0.0903209438031207,0.123824872414719,0.168971816283925,0.105802843160103,0.11413612565445,0.114364244741874,0.159504408974216,0.144889357218124,0.196637426900585,-0.00589812332439676,-0.271082017712745,0.158674643350207,0.475870494807575,0.910140237324703,1.7580559957739,0.782826276908412,0.387180700094608,0.189021291014853,0.00158015705803494,-0.176394582070932,-0.167860187553282,-0.108720433171844,0.107281158865994,0.22596700027049,0.264470853396168,0.41843858246736,0.238461206338241,0.313299797017033,0.307312132874215,0.200623661569673,0.137986333844652,0.101370875613198,0.229462985342878,0.309825093370431,0.376366022427459,0.408095314386509,0.221313228265241,0.137464292345435,0.126019444775253,0.159765380299893,0.170371972692122,,,,,,,,,,,,,,,,,,,0.169188191881919,0.23218136868129,0.192187833511206,0.156121316288896,0.127171926781677,0.155084769048993,0.102433570426053,0.823252702673543,-0.0534587845434641,0.116219460351597,0.314327960301547,0.168067226890756,0.323552761450546,0.149094744840622,0.144318507974865,0.143951300419215,0.14101576936545,0.134964813209459,0.147826894118138,0.157324230223784,0.188943081448359,0.171499779957284,,,,,,,,,,
,,,,,,,,% change Q/Q,,,,,,,,,,,,,,,,,,,,,,,,,,,,,,,,,,,,,,,,,,,,,,,,,,,,,,,,-0.00670112961899294,0.0851966075558983,0.0364120781527531,0.160582690659812,-0.073833431777909,0.115114795918367,-0.0308836145267372,0.163027441723222,-0.0554357478117468,0.0292774644104217,0.119780793319415,0.0015147984152879,-0.0264107038976149,0.0706261950286806,0.0592700078133721,0.00906217070600635,-0.0262113617376776,0.113994638069705,0.0459183673469388,0.0546709618039576,-0.191028885592111,-0.183171521035599,0.66257263602747,0.343395027404877,0.0470080416272469,0.179420568136895,0.0746983336525571,0.0452682231331314,-0.102557544757033,-0.00650707703999243,-0.11626906344122,0.0560995401677036,-0.0387767646757504,0.234265920596856,-0.0215448383057726,0.0892683787838673,0.078266153534535,0.0776571364165759,0.0375819272068052,0.0843021302331832,-0.00973009823060955,0.021435053352943,0.00419704674958643,0.210409103389365,0.0549974924094887,0.073325368911509,0.0273467473100075,0.0498498464403845,-0.0174330807549808,0.0625258692497912,0.0581355380871433,0.0594512102880944,,,,,,,,,,,,,,,,,,,NA,NA,NA,NA,NA,NA,NA,NA,NA,NA,NA,NA,NA,NA,NA,NA,NA,NA,NA,NA,NA,NA,,,,,,,,,,
,,,,,,,,,,,,,,,,,,,,,,,,,,,,,,,,,,,,,,,,,,,,,,,,,,,,,,,,,,,,,,,,,,,,,,,,,,,,,,,,,,,,,,,,,,,,,,,,,,,,,,,,,,,,,,,,,,,,,,,,,,,,,,,,,,,,,,,,,,,,,,4987.840645,43850.7472485,46582.9853488825,51538.040240268,,,,,,,,,,,,,,,,,,,,
,,,,,,,,SBC (Including COGS),,,,,,,,,,,,,,,,,,,,,,,,,,,,,,,,,,,,,,,,,,,,,,,,,,,,,,,1078,1055,992,1269,1271,1316,1320,1628,1653,1882,1884,1690,1712,2304,2288,2071,2092,2612,2600,2470,2503,2988,3126,2921,3060.384,3597.2823,3659.7868,3738.294,3819.0539,4219.32015,4657.889495,4874.7545,4987.840645,5138.5268,5630.510539,5602.87635,5339.450742,5052.88335,5722.485225,5695.64694875,5668.36729375,5375.7145625,5874.2477825,6244.233765,6949.4064213825,6309.60178504245,6634.54778228092,6940.80377504654,7209.4843665156,6780.63027465446,6964.99792903057,7394.68778184182,7950.80968716282,,,,,,,,,,,,,,,,,,2911,3677,4587,5917,7168,8755,10185,12095.384,14814.417,18739.80479,21711.364431,22139.3828175,24443.6025313825,27094.4377088855,29091.1256726897,31030.3183278949,34097.3408740177,36997.0194746982,40329.8836697075,43629.9550006471,46902.8619545302,50389.0935322701,54030.3045290931,,,,,,,,,,
,,,,,,,,% of Core Google revenue,,,,,,,,,,,,,,,,,,,,,,,,,,,,,,,,,,,,,,,,,,,,,,,,,,,,,,,0.0598988720342279,0.0614157643497497,0.0561975980058917,0.0684724545405493,0.0600151100198319,0.0655019660544522,0.0619282195636875,0.0731553877954525,0.0640648011782032,0.0764481273864652,0.0727048199745302,0.061110106671488,0.0531809145129225,0.0743321718931475,0.0703740157480315,0.0616479133178544,0.0534737487858494,0.072216539025132,0.0670414109638492,0.0612234780884394,0.0545280264906433,0.0728354134165367,0.0819418595507091,0.0635069029242309,0.0539731226411767,0.0652674776834313,0.0593273699909221,0.0575688986078601,0.0508231382412435,0.0624427661274807,0.0670277081534565,0.0707686148977251,0.0657835541795257,0.0739367012475,0.0757613872495593,0.0733399176658464,0.0623381637771006,0.0631263223976813,0.0678204395155078,0.0648116402907374,0.0590030841764773,0.0598738590673171,0.0611550443235646,0.0612167777592596,0.0612509159458346,0.0578420124604532,0.0568578961706616,0.0568492174015258,0.0538750450049404,0.0534286801695027,0.0514371917069952,0.0514643627223108,0.050526908394203,,,,,,,,,,,,,,,,,,0.0524438359125876,0.0559886713158937,0.0615366040165815,0.0661398135521227,0.064940477269021,0.0642691449377496,0.0631831660442437,0.0665056578875021,0.057669675806979,0.0665079242142472,0.0709830234415612,0.063551347181158,0.0609111972154989,0.0562498784871992,0.0516384896297419,0.047444803730341,0.0452786987882734,0.0430227928443223,0.0412984026817983,0.039592714167981,0.0379485337791396,0.036550745309417,0.0353277717249298,,,,,,,,,,
,,,,,,,,,,,,,,,,,,,,,,,,,,,,,,,,,,,,,,,,,,,,,,,,,,,,,,,,,,,,,,,,,,,,,,,,,,,,,,,,,,,,,,,,,,,,,,,,,,,,,,,,,,,,,,,,,,,,,,,,,,,,,,,,,,,,,,,,,,,,,,,,,,,,,,,,,,,,,,,,,,,,,
,,,,,,,,Operating Income (Non-GAAP),,,,,,,,,,,,,,,,,,,,,,,,,,,,,,,,,,,,,,,,,,,,,,,,,,,,,,,6301,6243,6622,7104,8043,7588,8314,8406,9536,9328,9548,10272,10307,10672,11247,11561,11668,11937,12988,13335,13962,12258,10698,15510,19972.384,21304.2823,24543.7868,26182.294,27279.0539,25273.32015,25574.889495,23359.7545,24509.840645,23903.5268,28791.510539,28264.87635,30024.450742,31669.88335,34406.485225,35457.64694875,37939.36729375,37332.7145625,38516.2477825,39023.233765,46625.4064213825,48167.6822938813,51561.887486358,53096.7600853219,55666.3080111673,54392.7021995791,57554.0560378447,60924.7680051336,64663.3179665481,,,,,,,,,,,,,,,,,,19171,22688,28012,33844,39455,45148,52222,58438.384,99309.417,98717.80479,110984.364431,139473.3828175,161497.602531383,208492.637876729,237534.844209105,269556.323320219,306959.474468787,348337.016769032,393689.825543505,449225.999587413,516308.992037721,608486.264284128,707841.017259678,,,,,,,,,,
,,,,,,,,% Non-GAAP Operating Margin,,,,,,,,,,,,,,,,,,,,,,,,,,,,,,,,,,,,,,,,,,,,,,,,,,,,,,,0.350113907873534,0.363429968564443,0.375141627011104,0.383316246695084,0.379780904712437,0.377681548952267,0.390053952615529,0.377729846319763,0.369583753197427,0.378909740840036,0.368463705476016,0.371433737118062,0.320172713717694,0.344302490643954,0.345933809055118,0.344138834315652,0.298246510914575,0.330034007022588,0.33489763292249,0.33053242117787,0.304163126593033,0.298800702028081,0.280426747752235,0.337210566365909,0.352234206906282,0.386535349081936,0.397869712099598,0.40320152149809,0.363023713137443,0.374026137692205,0.368026384260059,0.339122199962255,0.323255000461607,0.343940586195485,0.387404439497302,0.369978485130112,0.350535891819318,0.395655931112888,0.407770899949038,0.403478003513314,0.394917895405906,0.415805873680166,0.400981185596794,0.382573221750554,0.410948601432975,0.441567594018153,0.441883989876817,0.434893328674586,0.415983265500854,0.428592943673575,0.425042339437682,0.424014434671354,0.410931423580192,,,,,,,,,,,,,,,,,,0.345379861999387,0.345463958339678,0.375793187641701,0.378305872884577,0.357453478048162,0.331424712238666,0.323961835754786,0.321319535932259,0.386592458074462,0.350351369885864,0.362851711466095,0.400359912786692,0.4024370918726,0.432844765853752,0.421638568661829,0.412146814578546,0.407619046776454,0.405071314534197,0.403144256010707,0.407657459152232,0.417739310744225,0.441377784577222,0.462822597304204,,,,,,,,,,
,,,,,,,,YoY Change in bp,,,,,,,,,,,,,,,,,,,,,,,,,,,,,,,,,,,,,,,,,,,,,,,,,,,,,,,,,,,,142.515803878243,149.123256044254,-55.8640037532171,-101.971515150109,12.2819188776857,-215.90247139513,-62.9610920170093,-494.110394797327,-346.072501960817,-225.298964208978,-272.949028024102,-219.262028031189,-142.684836213657,-110.361761326283,-136.064131377813,59.1661567845819,-312.333049945073,-544.708851702552,66.7814518803905,480.710803132488,877.346470538551,1174.42964347363,659.909551321811,107.895062311608,-125.09211389731,-298.433278395393,-640.793215358356,-397.687126758353,-300.855514967204,193.780552372435,308.562851678567,272.808913577101,517.153449174031,203.664604517361,334.995183832021,443.820035865887,201.499425672778,-67.8971435224468,-209.047817627597,160.307060270691,257.61720337987,409.028042800237,523.201069240321,50.3466406787889,-129.746503445774,-168.416504391354,-108.788940032318,-50.5184192066249,,,,,,,,,,,,,,,,,,,0.840963402903294,303.292293020228,25.1268524287612,-208.523948364149,-260.287658094961,-74.6287648387967,-26.4229982252673,652.729221422023,-362.410881885981,125.003415802313,375.082013205976,20.7717908590765,304.076739811521,-112.061971919236,-94.9175408328268,-45.2776780209208,-25.4773224225674,-19.2705852348979,45.1320314152442,100.818515919934,236.384738329964,214.448127269829,,,,,,,,,,
,,,,,,,,Period-to-period addition,,,,,,,,,,,,,,,,,,,,,,,,,,,,,,,,,,,,,,,,,,,,,,,,,,,,,,,,-58,379,482,939,-455,726,92,1130,-208,220,724,35,365,575,314,107,269,1051,347,627,-1704,-1560,4812,4462.384,1331.8983,3239.5045,1638.5072,1096.7599,-2005.73375,301.569345,-2215.134995,1150.086145,-606.313845000001,4887.983739,-526.634189,1759.574392,1645.432608,2736.601875,1051.16172375,2481.720345,-606.652731250004,1183.53322,506.985982499995,7602.17265638251,1542.27587249882,3394.20519247672,1534.87259896389,2569.54792584538,-1273.60581158822,3161.3538382656,3370.71196728892,3738.54996141449,,,,,,,,,,,,,,,,,,,,,,,,,,,,,,,,,,,,,,,,,,,,,,,,,,
,,,,,,,,% change Y/Y,,,,,,,,,,,,,,,,,,,,,,,,,,,,,,,,,,,,,,,,,,,,,,,,,,,,,,,,,,,0.276464053324869,0.21544129424956,0.255511929930535,0.183277027027027,0.185627253512371,0.229309435951502,0.148424344479192,0.221984296930764,0.0808515100671141,0.144082332761578,0.177943024717218,0.125486760124611,0.132046182206268,0.118534482758621,0.154796834711479,0.153446933656258,0.196606102159753,0.0268911786881125,-0.176316599938405,0.16310461192351,0.430481592895001,0.737990071789852,1.29424068050103,0.68809116698904,0.365838645001017,0.186302349645451,0.0420107420017191,-0.107803368948496,-0.101514270441762,-0.0541991848269291,0.125772627272891,0.209981738035817,0.224995754842861,0.324904212461234,0.195021885996365,0.254477341760952,0.2636156984107,0.178808085584565,0.119447323102734,0.100559036571255,0.228945281569401,0.290227160236155,0.33870484418748,0.360644799584613,0.1939050462762,0.129236442553279,0.116213134227719,0.147429106921642,0.161623974659427,,,,,,,,,,,,,,,,,,,0.183454175577696,0.23466149506347,0.208196487219763,0.165790095733365,0.144290964389811,0.156684681491982,0.11903764696871,0.699386776335225,-0.00595726193821078,0.124258837269471,0.2566939814681,0.157909841067676,0.290995250757447,0.139296076006042,0.134807502527607,0.13875820343541,0.134798062095499,0.130198074253314,0.141065809783727,0.149330164576225,0.178531216128177,0.163281833637508,,,,,,,,,,
,,,,,,,,% change Q/Q,,,,,,,,,,,,,,,,,,,,,,,,,,,,,,,,,,,,,,,,,,,,,,,,,,,,,,,,-0.00920488811299791,0.0607079929521064,0.0727876774388403,0.132179054054054,-0.0565709312445605,0.0956773853452819,0.011065672359875,0.134427789674042,-0.0218120805369127,0.0235849056603774,0.0758273984080435,0.00340732087227424,0.0354128262345979,0.0538793103448276,0.0279185560593935,0.0092552547357494,0.0230545080562221,0.0880455725894278,0.0267169695103173,0.0470191226096739,-0.12204555221315,-0.127263827704356,0.449803701626472,0.287710122501612,0.0666869964046355,0.152058842179349,0.0667585329579215,0.0418893737882555,-0.0735265144221149,0.0119323200596579,-0.0866136682793124,0.0492336571859093,-0.0247375678113063,0.204487972837548,-0.018291301121094,0.0622530369569441,0.0548030877280385,0.0864102290733571,0.0305512672066317,0.0699911178140795,-0.015990059258314,0.0317023081195613,0.0131629120615,0.194811447512607,0.0330780145605665,0.0704664420382104,0.0297675797723653,0.0483936858240754,-0.0228792937252587,0.0581209189914096,0.0585660194838833,0.0613633844465271,,,,,,,,,,,,,,,,,,,NA,NA,,,,,,,,,,,,,,,,,,,,,,,,,,,,,,
,,,,,,,,,,,,,,,,,,,,,,,,,,,,,,,,,,,,,,,,,,,,,,,,,,,,,,,,,,,,,,,,,,,,,,,,,,,,,,,,,,,,,,,,,,,,,,,,,,,,,,,,,,,,,,,,,,,,,,,,,,,,,,,,,,,,,,,,,,,,,,,,,,,,,,,,,,,,,,,,,,,,,
,,,,,,,,D&A,,,,,,,,,,,,,,,,,,,,,,,,,,,,,,,,,,,,,,,,,,,,,,,,,,,,,,,1214,1137,1189,1200,1313,1317,1409,1488,1586,1416,1564,1693,1935,1901,2031,2277,2499,2529,2756,2837,3036,3013,3292,3383,3625,2646,2838,3197,3332,3676.2,3793.2,3914.7,4069.7,3011,3222,3625,3141,3155.5,3450.5,3727.5,3947.5,4172.625,4683.625,5296.625,5725.625,6684.94486240975,7694.05696842479,8978.4160678592,10507.4993672469,12029.0151744145,13755.9189124044,15455.894137665,17342.4814251664,,,,,,,,,,,,,,,,,,3668,4778,4839,5800,6608,8708,11158,13313,12013,15453.8,12999,14281,19878.5,33864.9172659407,58583.3096496502,88755.379330832,124134.045165127,163179.631957649,200471.320734567,233229.011982852,257917.916142066,263888.475696675,265895.935400176,,,,,,,,,,
,,,,,,,,% of Core Google revenue,,,,,,,,,,,,,,,,,,,,,,,,,,,,,,,,,,,,,,,,,,,,,,,,,,,,,,,0.0674556870589543,0.0661893119105833,0.067357806480852,0.0647493659957913,0.0619983001227689,0.0655517395848888,0.0661036828524513,0.0668643839309787,0.0614681032478103,0.0575188886180843,0.0603558059661174,0.0612185861507865,0.0601081013916501,0.0613304942573235,0.0624692421259843,0.0677799607072692,0.0638771023976279,0.0699217562000608,0.0710638956216802,0.0703202458853857,0.0661394680086269,0.0734448127925117,0.0862932186951165,0.0735514729861942,0.0639307255475997,0.0480078380143697,0.0460057061340942,0.049233091043489,0.0443415309272863,0.0544049962261917,0.054584700397168,0.0568311484691433,0.0536743952942418,0.0433243643793436,0.0433536511524644,0.0474501282789675,0.0366712199222444,0.0394220678626755,0.0408938454792183,0.0424157942649067,0.0410902580436978,0.0464740376904571,0.048759825100203,0.0519266779082763,0.0504647094078866,0.0612828950545801,0.065937861418409,0.0735384464834056,0.0785204561825559,0.094783873839905,0.101588808124988,0.107567454578901,0.110210406835965,,,,,,,,,,,,,,,,,,0.066081755454267,0.072753296586168,0.0649172938382903,0.0648319957076748,0.0598670024823787,0.0639241249706366,0.0692192210821474,0.0732006378182218,0.0467642982824933,0.0548458306124187,0.0424988638852835,0.0409937709906134,0.0495353838409764,0.0703058502876225,0.103988881759202,0.135705393282344,0.164840656084259,0.18975700209926,0.20528562387267,0.211647470344187,0.208678241478122,0.19141682830834,0.173856338406275,,,,,,,,,,
,,,,,,,,Period-to-period addition,,,,,,,,,,,,,,,,,,,,,,,,,,,,,,,,,,,,,,,,,,,,,,,,,,,,,,,,-77,52,11,113,4,92,79,98,-170,148,129,242,-34,130,246,222,30,227,81,199,-23,279,91,242,-979,192,359,135,344.2,117,121.5,155,-1058.7,211,403,-484,14.5,295,277,220,225.125,511,613,429,959.319862409751,1009.11210601504,1284.35909943441,1529.0832993877,1521.51580716763,1726.90373798982,1699.9752252606,1886.58728750141,,,,,,,,,,,,,,,,,,,1110,61,961,808,2100,2450,2155,-1300,3440.8,-2454.8,1282,5597.5,13986.4172659406,24718.3923837096,30172.0696811818,35378.6658342947,39045.5867925222,37291.6887769185,32757.691248285,24688.9041592135,5970.55955460871,2007.45970350137,,,,,,,,,,
,,,,,,,,% change Y/Y,,,,,,,,,,,,,,,,,,,,,,,,,,,,,,,,,,,,,,,,,,,,,,,,,,,,,,,,,,,0.0815485996705108,0.158311345646438,0.185029436501261,0.24,0.207920792079208,0.0751708428246014,0.110007097232079,0.137768817204301,0.220050441361917,0.342514124293785,0.298593350383632,0.344949793266391,0.291472868217054,0.33035244608101,0.356967011324471,0.245937637241985,0.214885954381753,0.191379992091736,0.194484760522496,0.192456820585125,0.194005270092227,-0.121805509459011,-0.137910085054678,-0.054980786284363,-0.0808275862068966,0.389342403628118,0.336575052854123,0.224491710979043,0.22139855942377,-0.180947717752027,-0.150585257829801,-0.074003116458477,-0.228198638720299,0.0479907007638658,0.0709186840471756,0.0282758620689656,0.256765361349889,0.32233401996514,0.357375742645993,0.420959087860496,0.450443318556048,0.602095770027201,0.642756832245278,0.695120207275237,0.835170722366013,0.799418756922757,0.787862888051973,0.721449977462475,0.650486078469336,,,,,,,,,,,,,,,,,,,0.302617230098146,0.012766848053579,0.198594750981608,0.139310344827586,0.317796610169492,0.281350482315113,0.193134970424807,-0.097648914594757,0.28642304170482,-0.1588476620637,0.0986229709977691,0.391954344933828,0.703595204162318,0.729911494825055,0.515028424676276,0.398608693929662,0.314543739717679,0.228531516645393,0.163403379237759,0.105856916981789,0.0231490686801301,0.00760722762978427,,,,,,,,,,
,,,,,,,,% change Q/Q,,,,,,,,,,,,,,,,,,,,,,,,,,,,,,,,,,,,,,,,,,,,,,,,,,,,,,,,-0.0634266886326195,0.0457343887423043,0.00925147182506314,0.0941666666666667,0.00304645849200313,0.0698557327258922,0.0560681334279631,0.0658602150537635,-0.10718789407314,0.1045197740113,0.0824808184143222,0.142941523922032,-0.0175710594315246,0.0683850604944767,0.121122599704579,0.0974967061923584,0.0120048019207684,0.0897587979438512,0.0293904208998548,0.0701445188579486,-0.00757575757575757,0.0925987387985396,0.0276427703523694,0.0715341412947088,-0.270068965517241,0.0725623582766439,0.126497533474278,0.0422270878949014,0.103301320528211,0.0318263424188021,0.0320310028472002,0.0395943495031548,-0.260142025210704,0.0700763865825307,0.125077591558038,-0.13351724137931,0.00461636421521816,0.0934875614007289,0.0802782205477468,0.0590207914151577,0.0570297656744776,0.122464875228423,0.130881528730417,0.0809949732140749,0.167548496873224,0.150952943784084,0.166928722350929,0.170306576107727,0.144802845471527,0.143561522946859,0.123581364217526,0.1220626429437,,,,,,,,,,,,,,,,,,,NA,NA,NA,NA,NA,NA,NA,NA,NA,NA,NA,NA,NA,NA,NA,NA,NA,NA,NA,NA,NA,NA,,,,,,,,,,
,,,,,,,,,,,,,,,,,,,,,,,,,,,,,,,,,,,,,,,,,,,,,,,,,,,,,,,,,,,,,,,,,,,,,,,,,,,,,,,,,,,,,,,,,,,,,,,,,,,,,,,,,,,,,,,,,,,,,,,,,,,,,,,,,,,,,,,,,,,,,,,,,,,,,,,,,,,,,,,,,,,,,
,,,,,,,,Adj. EBITDA,,,,,,,,,,,,,,,,,,,,,,,,,,,,,,,,,,,,,,,,,,,,,,,,,,,,,,,7515,7380,7811,8304,9356,8905,9723,9894,11122,10744,11112,11965,12242,12573,13278,13838,14167,14466,15744,16172,16998,15271,13990,18893,23597.384,23950.2823,27381.7868,29379.294,30611.0539,28949.52015,29368.089495,27274.4545,28579.540645,26914.5268,32013.510539,31889.87635,33165.450742,34825.38335,37856.985225,39185.14694875,41886.86729375,41505.3395625,43199.8727825,44319.858765,52351.0314213825,54852.6271562911,59255.9444547828,62075.1761531811,66173.8073784142,66421.7173739936,71309.974950249,76380.6621427986,82005.7993917145,,,,,,,,,,,,,,,,,,22839,27466,32851,39644,46063,53856,63380,71751.384,111322.417,114171.60479,123983.364431,153754.3828175,181376.102531383,242357.555142669,296118.153858756,358311.702651051,431093.519633914,511516.648726681,594161.146278072,682455.011570266,774226.908179787,872374.739980803,973736.952659854,,,,,,,,,,
,,,,,,,,% Adj. EBITDA Margin,,,,,,,,,,,,,,,,,,,,,,,,,,,,,,,,,,,,,,,,,,,,,,,,,,,,,,,0.417569594932489,0.429619280475026,0.442499433491956,0.448065612690876,0.441779204835206,0.443233288537156,0.45615763546798,0.444594230250741,0.431051856445237,0.43642862945812,0.428819511442133,0.432652323268848,0.380280815109344,0.405632984901278,0.408403051181102,0.411918795022921,0.362123613312203,0.399955763222649,0.40596152854417,0.400852667063256,0.37030259460166,0.372245514820593,0.366719966447351,0.410762039352104,0.416164932453882,0.434543187096306,0.443875418233692,0.452434612541579,0.407365244064729,0.428431133918397,0.422611084657227,0.395953348431398,0.376929395755849,0.387264950574828,0.430758090649767,0.417428613409079,0.387207111741562,0.435077998975564,0.448664745428256,0.44589379777822,0.436008153449604,0.462279911370623,0.449741010696997,0.43449989965883,0.461413310840862,0.502850489072733,0.507821851295226,0.508431775157992,0.49450372168341,0.52337681751348,0.52663114756267,0.531581889250255,0.521141830416157,,,,,,,,,,,,,,,,,,0.411461617453655,0.418217254925846,0.440710481479991,0.443137868592251,0.417320480530541,0.395348837209302,0.393181056836933,0.394520173750481,0.433356756356955,0.405197200498282,0.405350575351378,0.441353683777306,0.451972475713576,0.503150616141375,0.525627450421031,0.54785220786089,0.572459702860713,0.594828316633457,0.608429879883378,0.619304929496419,0.626417552222347,0.632794612885562,0.636678935710479,,,,,,,,,,
,,,,,,,,YoY Change in bp,,,,,,,,,,,,,,,,,,,,,,,,,,,,,,,,,,,,,,,,,,,,,,,,,,,,,,,,,,,,,,-34.7138244013429,-107.273483899695,-68.0465907903588,-273.38124025847,-119.419069818932,-507.710413358929,-307.956445568425,-204.164602610309,-207.335282459275,-181.572017971411,-56.7722167862833,-24.4152263693237,-110.661279596648,81.7898128945721,-277.102484020564,-392.415620968188,99.0937228884747,458.623378522216,622.976722757132,771.55451786341,416.725731894759,-87.9968838915263,-61.1205317790903,-212.643335764654,-564.812641101812,-304.358483088798,-411.661833435685,81.4700599253981,214.752649776808,102.777159857127,478.130484007351,179.066547784899,284.651843691413,488.01041708042,272.019123950593,10.7626526874005,-113.938981193901,254.051573912579,405.705777021099,580.808405982297,739.318754991614,330.904108425482,205.263284407476,188.092962674434,231.501140922638,266.381087327467,,,,,,,,,,,,,,,,,,,67.5563747219132,224.93226554145,24.2738711226059,-258.17388061711,-219.716433212382,-21.6778037236887,13.391169135476,388.365826064739,-281.595558586726,1.53374853095911,360.031084259275,106.187919362707,511.781404277981,224.768342796563,222.247574398587,246.074949998233,223.686137727445,136.015632499201,108.750496130416,71.1262272592827,63.7706066321409,38.843228249178,,,,,,,,,,
,,,,,,,,Period-to-period addition,,,,,,,,,,,,,,,,,,,,,,,,,,,,,,,,,,,,,,,,,,,,,,,,,,,,,,,,-135,431,493,1052,-451,818,171,1228,-378,368,853,277,331,705,560,329,299,1278,428,826,-1727,-1281,4903,4704.384,352.898300000001,3431.5045,1997.5072,1231.7599,-1661.53375,418.569345,-2093.634995,1305.086145,-1665.013845,5098.983739,-123.634189,1275.574392,1659.932608,3031.60187499999,1328.16172375,2701.720345,-381.527731250004,1694.53322,1119.98598249999,8031.17265638251,2501.59573490857,4403.31729849176,2819.2316983983,4098.63122523308,247.909995579408,4888.25757625542,5070.68719254952,5625.1372489159,,,,,,,,,,,,,,,,,,,4627,5385,6793,6419,7793,9524,8371.38399999999,39571.033,2849.18779000001,9811.759641,29771.0183865,27621.7197138825,60981.4526112867,53760.5987160865,62193.5487922954,72781.8169828627,80423.1290927674,82644.4975513909,88293.8652921937,91771.896609521,98147.8318010161,101362.212679051,,,,,,,,,,
,,,,,,,,% change Y/Y,,,,,,,,,,,,,,,,,,,,,,,,,,,,,,,,,,,,,,,,,,,,,,,,,,,,,,,,,,,0.244976713240186,0.206639566395664,0.24478299833568,0.191473988439306,0.18875587858059,0.206513194834363,0.142857142857143,0.209318779058015,0.100701312713541,0.170234549516009,0.194924406047516,0.15653990806519,0.157245548113053,0.150560725363875,0.185720741075463,0.168665992195404,0.199830592221359,0.0556477257016452,-0.111407520325203,0.168253771951521,0.388244734674668,0.568350618819986,0.957239942816297,0.555035939236755,0.297222348884097,0.20873398431717,0.0725410182143409,-0.0716436378627752,-0.066365348335818,-0.0702945451066483,0.0900780775831669,0.169221417425599,0.160461294810989,0.293925158290355,0.182531518337587,0.228764468029993,0.262966923609616,0.191812855162727,0.141133466538473,0.131037196899265,0.249819688215114,0.321580011981165,0.371669420257808,0.400617643714216,0.264040183769634,0.21091223552044,0.203423143557596,0.230454214971798,0.239248618758857,,,,,,,,,,,,,,,,,,,0.202592057445598,0.196060583994757,0.20678213753006,0.161916052870548,0.169181338601481,0.176841948900772,0.132082423477438,0.551502017020327,0.025594016612126,0.0859387030518413,0.240121072073894,0.179648340474745,0.336215475799715,0.221823490026705,0.210029503364933,0.203124308930938,0.186556107735192,0.161567561402191,0.148602556470213,0.134473181460507,0.126768820308458,0.116191136714116,,,,,,,,,,
,,,,,,,,% change Q/Q,,,,,,,,,,,,,,,,,,,,,,,,,,,,,,,,,,,,,,,,,,,,,,,,,,,,,,,,-0.0179640718562875,0.0584010840108402,0.0631161182947126,0.126685934489403,-0.048204360837965,0.0918585064570465,0.0175871644554151,0.124115625631696,-0.03398669304082,0.0342516753536857,0.0767638588912887,0.0231508566652736,0.0270380656755431,0.056072536387497,0.0421750263593914,0.0237751120104062,0.0211053857556294,0.0883450850269598,0.0271849593495934,0.0510759337125897,-0.101600188257442,-0.0838844869360226,0.350464617583989,0.249001429100725,0.0149549755176253,0.143276160882663,0.0729502137530338,0.0419261232077257,-0.0542788809371898,0.0144585935390711,-0.0712894516123172,0.0478501282216295,-0.0582589435457318,0.189450989678927,-0.00386193787930211,0.0399993520827811,0.050050054223985,0.0870515004682639,0.0350836633148726,0.0689475619048607,-0.00910852866065093,0.0408268728279726,0.0259256777939794,0.1812093467844,0.0477850324432538,0.0802754129887968,0.0475771962515863,0.0660268964057227,0.00374634625693715,0.0735942665970473,0.071107684388996,0.0736460917083874,,,,,,,,,,,,,,,,,,,NA,NA,NA,NA,NA,NA,NA,NA,NA,NA,NA,NA,NA,NA,NA,NA,NA,NA,NA,NA,NA,NA,,,,,,,,,,
,,,,,,,,,,,,,,,,,,,,,,,,,,,,,,,,,,,,,,,,,,,,,,,,,,,,,,,,,,,,,,,,,,,,,,,,,,,,,,,,,,,,,,,,,,,,,,,,,,,,,,,,,,,,,,,,,,,,,,,,,,,,,,,,,,,,,,,,,,,,,,,,,,,,,,,,,,,,,,,,,,,,,
,,,,,,,,CapEx,,,,,,,,,,,,,,,,,,,,,,,,,,,,,,,,,,,,,,,,,,,,,,,,,,,,,,,3755,2678,2058,2332,1781,2036,2056,2434,2888,2409,2838,3563,3809,7669,5299,5643,6849,4534,5299,7228,6593,5663,4836,5465,5309,5732,5286,6609,6173,9576,6618,7041,7360,5864,6463,7630,10594,11337,12511,12386,13601,16459.5,21708.5,23215.5,27113.5,32142.2012794548,40631.8490098431,49222.3399326003,59759.4547499919,55676.799297237,59105.7667290413,62450.0928445315,68426.3584340483,,,,,,,,,,,,,,,,,,7006,11173,8849,9414,12619,25460,23654,21273,23800,30595,30551,49835,88497,181755.84497189,245659.017304858,289159.783685794,330359.999082199,366368.041350865,397507.217962214,421879.617060393,442557.384131901,458544.292963217,469036.595472165,,,,,,,,,,
,,,,,,,,% of Core Google revenue,,,,,,,,,,,,,,,,,,,,,,,,,,,,,,,,,,,,,,,,,,,,,,,,,,,,,,,0.208645885425349,0.155897077657469,0.116587355540449,0.125829601251821,0.0840967041269242,0.101338907968742,0.0964578935022285,0.109373595758066,0.111929307805596,0.0978552278820375,0.109520317987111,0.128837461580184,0.118321322067594,0.247419021809266,0.162985974409449,0.167976424361493,0.175067736823271,0.125355967817744,0.136635552575937,0.179159230616696,0.143628956713069,0.138041146645866,0.126766101339485,0.118817262745951,0.0936298543261261,0.103998838812686,0.0856892750616003,0.101777134409265,0.0821489407005217,0.141717600745882,0.0952339837679157,0.102216802404076,0.0970694521379019,0.0843753147527303,0.0869629569827366,0.0998743389706267,0.123685101514249,0.141634600969467,0.148275003851761,0.140942193900774,0.141575326067722,0.183323309275595,0.226000728749154,0.227598478461207,0.238973893423117,0.294657201872861,0.34821385391084,0.403159575537983,0.446570538259249,0.438711120061071,0.43650187483312,0.434630145992782,0.43484531517944,,,,,,,,,,,,,,,,,,0.126218314807141,0.170128209032494,0.118713191398023,0.105229035791733,0.114325318451141,0.186898050270143,0.146738793285277,0.116968164073239,0.0926488220364055,0.108582237869453,0.099883282603223,0.143051927548296,0.220526340708549,0.377337382080242,0.436059462266131,0.442120156123163,0.438693179782105,0.426039085624125,0.407053322810737,0.382841538372471,0.358067783949269,0.332614351445948,0.306680073708573,,,,,,,,,,
,,,,,,,,,,,,,,,,,,,,,,,,,,,,,,,,,,,,,,,,,,,,,,,,,,,,,,,,,,,,,,,,,,,,,,,,,,,,,,,,,,,,,,,,,,,,,,,,,,,,,,,,,,,,,,,,,,,,,,,,,,,,,,,,,,,,,,,,,,,,,,,,,,,,,,,,,,,,,,,,,,,,,
,,,,,,,,Core Google Opex Sanity Check ,,,,,,,,,,,,,,,,,,,,,,,,,,,,,,,,,,,,,,,,,,,,,,,,,,,,,,,,,,,,,,,,,,,,,,,,,,,,,,,,,,,,,,,,,,,,,,,,,,,,,,,,,,,,,,,,,,,,,,,,,,,,,,,,,,,,,,,,,,,,,,,,,,,,,,,,,,,,,
,,,,,,,,Core Google Opex (non-GAAP),,,,,,,,,,,,,,,,,,,,,,,,,,,,,,,,,,,,,,,,,,,,,,,,,,,,,,,11696,10935,11030,11429,13135,12503,13001,13848,16266,15290,16365,17383,21885,20324,21265,22033,27454,24232,25794,27009,31941,28766,27451,30485,36729.616,33811.7177,37144.2132,38753.706,47864.9461,42297.67985,43917.110505,45523.2455,51312.159355,45595.4732,45527.489461,48131.12365,55628.549258,48374.11665,49970.514775,52422.35305125,58129.63270625,52451.2854375,57538.7522175,62978.766235,66832.5935786175,60915.6900966686,65124.5928288301,68994.6967947909,78152.3155436618,72517.2318123202,77853.7626608454,82760.8309352782,92694.6114981216,,,,,,,,,,,,,,,,,,36336,42986,46529,55618,70923,91076,108976,123431.616,157574.583,183050.19521,194882.635569,208896.6171825,239801.397468617,273187.295263951,325826.436906565,384473.536393394,446095.312583717,511602.959898026,582858.443900395,652743.287376274,719650.800967847,770120.193825161,821559.278626108,,,,,,,,,,
,,,,,,,,TAC ,,,,,,,,,,,,,,,,,,,,,,,,,,,,,,,,,,,,,,,,,,,,,,,,,,,,,,,3623,3345,3377,3566,4055,3788,3975,4182,4848,4629,5091,5502,6450,6288,6420,6582,7436,6860,7238,7490,8501,7452,6694,8166,10466,9712,10929,11498,13427,11990,12214,11826,12925,11721,12537,12642,13986,12946,13387,13719,14848,13748,14705,14876,16597,15508.5833063935,16205.6720472782,16264.8803852186,17998.6066509985,16660.5987820229,17316.1715421725,17759.0962513488,19524.895596573,,,,,,,,,,,,,,,,,,12258,13496,14343,16793,21672,26726,30089,32778,45566,48955,50886,54900,59926,65977.7423898888,71260.7621721173,76784.8179135193,82235.2094431605,87775.0833428604,94064.4851412761,100476.874862606,107093.904983184,114344.067948368,122467.547701607,,,,,,,,,,
,,,,,,,,Core Google Opex (non-GAAP),,,,,,,,,,,,,,,,,,,,,,,,,,,,,,,,,,,,,,,,,,,,,,,,,,,,,,,8073,7590,7653,7863,9080,8715,9026,9666,11418,10661,11274,11881,15435,14036,14845,15451,20018,17372,18556,19519,23440,21314,20757,22319,26263.616,24099.7177,26215.2132,27255.706,34437.9461,30307.67985,31703.110505,33697.2455,38387.159355,33874.4732,32990.489461,35489.12365,41642.549258,35428.11665,36583.514775,38703.35305125,43281.63270625,38703.2854375,42833.7522175,48102.766235,50235.5935786175,45407.1067902751,48918.9207815519,52729.8164095723,60153.7088926633,55856.6330302973,60537.5911186728,65001.7346839293,73169.7159015486,,,,,,,,,,,,,,,,,,24078,29490,32186,38825,49251,64350,78887,90653.616,112008.583,134095.19521,143996.635569,153996.6171825,179875.397468617,207209.552874063,254565.674734448,307688.718479875,363860.103140556,423827.876555166,488793.958759119,552266.412513668,612556.895984663,655776.125876793,699091.730924501,,,,,,,,,,
,,,,,,,,Core D&A,,,,,,,,,,,,,,,,,,,,,,,,,,,,,,,,,,,,,,,,,,,,,,,,,,,,,,,1214,1137,1189,1200,1313,1317,1409,1488,1586,1416,1564,1693,1935,1901,2031,2277,2499,2529,2756,2837,3036,3013,3292,3383,3625,2646,2838,3197,3332,3676.2,3793.2,3914.7,4069.7,3011,3222,3625,3141,3155.5,3450.5,3727.5,3947.5,4172.625,4683.625,5296.625,5725.625,6684.94486240975,7694.05696842479,8978.4160678592,10507.4993672469,12029.0151744145,13755.9189124044,15455.894137665,17342.4814251664,,,,,,,,,,,,,,,,,,3668,4778,4839,5800,6608,8708,11158,13313,12013,15453.8,12999,14281,19878.5,33864.9172659407,58583.3096496502,88755.379330832,124134.045165127,163179.631957649,200471.320734567,233229.011982852,257917.916142066,263888.475696675,265895.935400176,,,,,,,,,,
,,,,,,,,Core Google Opex (ex-D&A),,,,,,,,,,,,,,,,,,,,,,,,,,,,,,,,,,,,,,,,,,,,,,,,,,,,,,,6859,6453,6464,6663,7767,7398,7617,8178,9832,9245,9710,10188,13500,12135,12814,13174,17519,14843,15800,16682,20404,18301,17465,18936,22638.616,21453.7177,23377.2132,24058.706,31105.9461,26631.47985,27909.910505,29782.5455,34317.459355,30863.4732,29768.489461,31864.12365,38501.549258,32272.61665,33133.014775,34975.85305125,39334.13270625,34530.6604375,38150.1272175,42806.141235,44509.9685786175,38722.1619278654,41224.8638131271,43751.4003417131,49646.2095254164,43827.6178558828,46781.6722062685,49545.8405462644,55827.2344763822,,,,,,,,,,,,,,,,,,20410,24712,27347,33025,42643,55642,67729,77340.616,99995.583,118641.39521,130997.635569,139715.6171825,159996.897468617,173344.635608122,195982.365084798,218933.339149043,239726.05797543,260648.244597517,288322.638024552,319037.400530815,354638.979842597,391887.650180119,433195.795524325,,,,,,,,,,
,,,,,,,,Y/Y % Growth,,,,,,,,,,,,,,,,,,,,,,,,,,,,,,,,,,,,,,,,,,,,,,,,,,,,,,,,,,,0.132380813529669,0.146443514644351,0.178372524752475,0.227375056280954,0.265868417664478,0.249662070829954,0.274780097151109,0.245781364636831,0.37306753458096,0.312601406165495,0.31967044284243,0.293089909697684,0.297703703703704,0.22315615986815,0.233026377399719,0.266282070745408,0.164678349220846,0.232971771205282,0.105379746835443,0.135115693561923,0.109518525779259,0.172270242063275,0.338517789865445,0.27052735530207,0.374021543543121,0.241345682944266,0.193893825847471,0.237911361483864,0.103244352210846,0.158909432515069,0.0665920786692253,0.0698925533413521,0.121923067197875,0.0456573192805791,0.113023044666337,0.0976562053119574,0.0216246739234007,0.0699677938107324,0.151423360553522,0.22387697513128,0.131586373367401,0.121384921031324,0.0805957101557633,0.0220823246254249,0.1153952948254,0.131848421519651,0.134792644029837,0.132440108414697,0.124501447543573,,,,,,,,,,,,,,,,,,,0.21077902988731,0.106628358692133,0.207627893370388,0.291233913701741,0.30483314963769,0.217227993242515,0.141912858598237,0.292924574068559,0.186466358319047,0.104147800496858,0.0665506791449531,0.145161154458672,0.0834249810507888,0.13059377001924,0.11710734307301,0.0949728301189952,0.0872753959197543,0.106175253433102,0.106529139427644,0.111590613678984,0.105032645745976,0.105408132471692,,,,,,,,,,
,,,,,,,,Y/Y Abs Growth ,,,,,,,,,,,,,,,,,,,,,,,,,,,,,,,,,,,,,,,,,,,,,,,,,,,,,,,,,,,908,945,1153,1515,2065,1847,2093,2010,3668,2890,3104,2986,4019,2708,2986,3508,2885,3458,1665,2254,2234.616,3152.7177,5912.2132,5122.706,8467.3301,5177.76215,4532.69730500001,5723.83950000001,3211.513255,4231.99335,1858.578956,2081.57815,4184.089903,1409.14345,3364.525314,3111.72940125,832.58344825,2258.04378750001,5017.11244249999,7830.28818375,5175.8358723675,4191.50149036539,3074.73659562712,945.259106713056,5136.24094679886,5105.45592801739,5556.80839314135,5794.44020455131,6181.02495096588,,,,,,,,,,,,,,,,,,,4302,2635,5678,9618,12999,12087,9611.61600000001,22654.967,18645.81221,12356.240359,8717.98161350002,20281.2802861175,13347.7381395044,22637.729476676,22950.9740642452,20792.7188263864,20922.1866220876,27674.3934270345,30714.7625062636,35601.5793117816,37248.6703375219,41308.1453442058,,,,,,,,,,
,,,,,,,,Q/Q % Growth,,,,,,,,,,,,,,,,,,,,,,,,,,,,,,,,,,,,,,,,,,,,,,,,,,,,,,,,,0.00170463350379668,0.030785891089109,0.165691130121567,-0.0475086906141368,0.0296025952960259,0.0736510437179991,0.202249938860357,-0.0597030105777054,0.0502974580854516,0.0492276004119465,0.325088339222615,-0.101111111111111,0.0559538524927894,0.0280942718901203,0.329816304842872,-0.152748444545922,0.0644748366233241,0.0558227848101265,0.223114734444311,-0.103068025877279,-0.0456805639036119,0.0842255940452332,0.19553316434305,-0.0523396969143344,0.0896579104329316,0.0291520120114233,0.292918501103094,-0.143846010522085,0.048004491759402,0.0670957004560986,0.152267503628929,-0.100648073019332,-0.0354783057598325,0.0703977335412167,0.208304037509596,-0.161783947088979,0.0266603149763502,0.055619396205397,0.124608244682805,-0.122119694480686,0.104818927125682,0.122044521397146,0.0398033388308399,-0.130033941509735,0.0646322870588671,0.0612867161924116,0.134734183081293,-0.117201126232099,0.0674016634921713,0.0590865655209629,0.126779440228741,,,,,,,,,,,,,,,,,,,,,,,,,,,,,,,,,,,,,,,,,,,,,,,,,,
,,,,,,,,,,,,,,,,,,,,,,,,,,,,,,,,,,,,,,,,,,,,,,,,,,,,,,,,,,,,,,,,,,,,,,,,,,,,,,,,,,,,,,,,,,,,,,,,,,,,,,,,,,,,,,,,,,,,,,,,,,,,,,,,,,,,,,,,,,,,,,,,,,,,,,,,,,,,,,,,,,,,,
,,,,,,,,Total headcount,,,,,,,,,,,,,,,,,,,,,,,,,,,,,,,,,,,,,,,,,,,,,,,,,,,,,52069,55030,53600,55419,57148,59976,61814,64115,66575,69953,72053,73992,75606,78101,80110,85050,89058,94372,98771,103459,107646,114096,118899,123048,127498,132121,135301,139995,144056,150028,156500,163906,174014,186779,190234,190711,181798,182381,182502,180895,179582,181269,183323,185719,187103,190167,190820,192120,193420,195420,196720,197920,199020,200970,202020,,,,,,,,,,,,,,,,,,47756,53600,61814,72053,80110,98771,118899,135301,156500,190234,182502,183323,190820,196720,202020,206790,211083,214989.63,218583.7296,221926.242228,225068.20409832,228053.067875124,230918.537100856,,,,,,,,,,
,,,,,,,,Period-to-period addition,,,,,,,,,,,,,,,,,,,,,,,,,,,,,,,,,,,,,,,,,,,,,,,,,,,,,,,-1430,1819,1729,2828,1838,2301,2460,3378,2100,1939,1614,2495,2009,4940,4008,5314,4399,4688,4187,6450,4803,4149,4450,4623,3180,4694,4061,5972,6472,7406,10108,12765,3455,477,-8913,583,121,-1607,-1313,1687,2054,2396,1384,3064,653,1300,1300,2000,1300,1200,1100,1950,1050,,,,,,,,,,,,,,,,,,47756,5844,8214,10239,8057,18661,20128,16402,21199,33734,-7732,821,7497,5900,5300,4770,4293,3906.63,3594.09959999999,3342.512628,3141.96187032,2984.86377680401,2865.46922573185,,,,,,,,,,
,,,,,,,,% change Y/Y,,,,,,,,,,,,,,,,,,,,,,,,,,,,,,,,,,,,,,,,,,,,,,,,,,,,,,,NA,NA,0.0975436440108317,0.0898782482282392,0.153246268656716,0.156913693859507,0.164957653811157,0.166349873282647,0.165642087552982,0.154051314045075,0.135651520841157,0.116478206795992,0.11182046549068,0.149448589036653,0.177922387112134,0.20833279983611,0.232942204468855,0.216449147560259,0.208717914168295,0.209002670283559,0.203784511648156,0.18934070501358,0.184419300299129,0.157980998457439,0.137949015551014,0.137726740784084,0.129868703822805,0.135534850629347,0.156680290611304,0.170798957105611,0.207960793024935,0.244960940624417,0.215552715654952,0.163538857637914,0.0447320330548118,-0.0235465443117266,-0.0406446797102515,-0.0514705496798821,-0.012189353018185,-0.00609712634539783,0.00449858083747023,0.0266674037425025,0.0418805893686449,0.0490872680932757,0.0408950322654549,0.0344660481695465,0.0337621523973426,0.0276230891795106,0.0309191908604969,0.0301894649177596,0.0289525385172165,0.0284003684372121,0.0269418462789752,,,,,,,,,,,,,,,,,,NA,0.122372057961303,0.153246268656716,0.165642087552982,0.11182046549068,0.232942204468855,0.203784511648156,0.137949015551014,0.156680290611304,0.215552715654952,-0.0406446797102515,0.00449858083747023,0.0408950322654549,0.0309191908604969,0.0269418462789752,0.0236115236115235,0.0207601914986217,0.0185075539005983,0.0167175486557187,0.0152916808314905,0.0141576851785381,0.0132620411166566,0.0125649229472367,,,,,,,,,,
,,,,,,,,,,,,,,,,,,,,,,,,,,,,,,,,,,,,,,,,,,,,,,,,,,,,,,,,,,,,,,,,,,,,,,,,,,,,,,,,,,,,,,,,,,,,,,,,,,,,,,,,,,,,,,,,,,,,,,,,,,,,,,,,,,,,,,,,,,,,,,,,,,,,,,,,,,,,,,,,,,,,,
,,,,,,,,Opex per Employee,,,,,,,,,,,,,,,,,,,,,,,,,,,,,,,,,,,,,,,,,,,,,,,,,,,,,,,127966.417910448,116440.210036269,113109.82011619,111094.43777511,125651.146989355,115386.415035483,114412.316935787,116907.066173002,136455.109433334,124945.940101633,128428.960664498,130446.473156554,168518.287354887,142680.776014109,143883.761144423,139596.490484466,177369.875773253,143467.460539924,146777.399996284,146210.208946852,171607.835221491,148730.576685521,136982.540902602,143323.165885817,167320.389354107,153246.313796921,162278.649969456,160361.439198016,198760.038977636,162480.20115188,160388.879659108,159453.394118182,180396.035172472,161833.733764702,163744.867715816,174711.859513875,210965.081248425,178405.244202438,184500.756061298,192949.997248564,214561.908250738,185929.605681164,203899.067452152,225097.631213618,233256.30740288,201551.956734673,213136.510252958,223883.944026779,252369.914220295,221441.076474751,235060.155794737,246533.515182686,276345.087003179,,,,,,,,,,,,,,,,,,427380.852667728,461044.776119403,442407.868767593,458343.164059789,532305.579827737,563343.491510666,569634.731999428,571618.953296724,638949.412140575,623660.308935311,717787.397228523,762128.140945217,838470.272867716,881174.438837545,970113.677283427,1058723.04825689,1135695.71199684,1212375.89272337,1319048.94546438,1437583.03356953,1575695.6041986,1718405.51776618,1875968.04034456,,,,,,,,,,
,,,,,,,,% change Y/Y,,,,,,,,,,,,,,,,,,,,,,,,,,,,,,,,,,,,,,,,,,,,,,,,,,,,,,,,,,,-0.0180928008996302,-0.00905009532753154,0.0115153292460302,0.0523215069476153,0.0859837948386886,0.0828479250630136,0.122509919422203,0.115813418527806,0.234972351381375,0.141940073427364,0.120337347588592,0.0701438460274104,0.0525259813478014,0.00551359859254541,0.020110948093419,0.0473773978087366,-0.0324860156023837,0.0366850861218977,-0.0667327469619279,-0.0197458377347949,-0.0249839750140197,0.0303618611050529,0.184666665548568,0.118880107112438,0.187900887303053,0.0602552004428307,-0.0116452183371262,-0.00566249021195564,-0.0923928366065087,-0.00397874561082001,0.0209240694482149,0.0956923211329273,0.169455199205053,0.102398369315451,0.126757489471388,0.104389809515141,0.0170493950042736,0.0421756743326875,0.105139468287107,0.166611217535492,0.0871282293513886,0.0840229343588195,0.0453039972974552,-0.0053918256726887,0.0819425079228491,0.0986798643005022,0.102861989791232,0.101166572057522,0.0950001225659427,,,,,,,,,,,,,,,,,,NA,0.0787679729719846,-0.0404232046801962,0.0360194662373137,0.161369082311216,0.0583084469882387,0.0111676811458163,0.00348332218144587,0.117789059399681,-0.0239285034382346,0.150926853841159,0.0617742020658196,0.100169679901619,0.0509310435345236,0.100932612801628,0.0913391626655513,0.0727033041045797,0.0675182444703473,0.0879867814769815,0.0898632977288194,0.0960727606016156,0.0905694686126646,0.091691117695663,,,,,,,,,,
,,,,,,,,,,,,,,,,,,,,,,,,,,,,,,,,,,,,,,,,,,,,,,,,,,,,,,,,,,,,,,,,,,,,,,,,,,,,,,,,,,,,,,,,,,,,,,,,,,,,,,,,,,,,,,,,,,,,,,,,,,,,,,,,,,,,,,,,,,,,,,,,,,,,,,,,,,,,,,,,,,,,,
,,,,,,,,Other Bets,,,,,,,,,,,,,,,,,,,,,,,,,,,,,,,,,,,,,,,,,,,,,,,,,,,,,,,,,,,,,,,,,,,,,,,,,,,,,,,,,,, <-- Previous Disclosure /,/ New Disclosure -->,,,,,,,,,,,,,,,,,,,,,,,,,,,,,,,,,,,,,,,,,,,,,,,, <-- Previous Disclosure /,/ New Disclosure -->,,,,,,,,,,,,,,,,,,,,,,,,
,,,,,,,,Non-Core Revenue,,,,,,,,,,,,,,,,,,,,,,,,,,,,,,,,,,,,,,,,,,,,,,,,,,,,,,,106,80,75,142,151,166,185,197,262,132,97,117,131,150,145,146,154,170,162,155,172,135,148,178,196,198,192,182,181,440,193,209,226,288,285,297,657,495,365,388,400,450,373,344,370,545.786,572.482,603.934,640.473,979.683,1028.683,1073.683,1119.683,,,,,,,,,,,,,,,,,,12,327,448,810,477,595,659,657,753,1068,1527,1648,1537,2362.675,4201.732,5960.632,8207.582,11603.007,14416.83075,17956.8751875,22549.939621875,28123.222670625,35445.818938875,,,,,,,,,,
,,,,,,,,Period-to-period addition,,,,,,,,,,,,,,,,,,,,,,,,,,,,,,,,,,,,,,,,,,,,,,,,,,,,,,,,-26,-5,67,9,15,19,12,65,-130,-35,20,14,19,-5,1,8,16,-8,-7,17,-37,13,30,18,2,-6,-10,-1,259,-247,16,17,62,-3,12,360,-162,-130,23,12,50,-77,-29,26,175.786,26.6959999999999,31.452,36.539,339.21,49,45,46,,,,,,,,,,,,,,,,,,,315,121,362,-333,118,64,-2,96,315,459,121,-111,825.675,1839.057,1758.9,2246.95,3395.425,2813.82375,3540.0444375,4593.064434375,5573.28304875,7322.59626825,,,,,,,,,,
,,,,,,,,% change Y/Y,,,,,,,,,,,,,,,,,,,,,,,,,,,,,,,,,,,,,,,,,,,,,,,,,,,,,,,,,,,0.424528301886792,1.075,1.46666666666667,0.387323943661972,0.735099337748344,-0.204819277108434,-0.475675675675676,-0.406091370558376,-0.5,0.136363636363636,0.494845360824742,0.247863247863248,0.175572519083969,0.133333333333333,0.117241379310345,0.0616438356164384,0.116883116883117,-0.205882352941177,-0.0864197530864198,0.148387096774194,0.13953488372093,0.466666666666667,0.297297297297297,0.0224719101123596,-0.076530612244898,1.22222222222222,0.00520833333333326,0.148351648351648,0.248618784530387,-0.345454545454545,0.476683937823834,0.421052631578947,1.9070796460177,0.71875,0.280701754385965,0.306397306397306,-0.39117199391172,-0.0909090909090909,0.021917808219178,-0.11340206185567,-0.075,0.212857777777778,0.534804289544236,0.755622093023256,0.731008108108108,0.794994741528731,0.796882696748544,0.777815125493846,0.748212649089033,,,,,,,,,,,,,,,,,,,26.25,0.370030581039755,0.808035714285714,-0.411111111111111,0.247379454926625,0.107563025210084,-0.00303490136570561,0.146118721461187,0.418326693227092,0.429775280898876,0.0792403405370006,-0.0673543689320388,0.537199089134678,0.778379167680701,0.418613086222539,0.376965060080877,0.413693704187177,0.242508148965178,0.245549420596479,0.255783057264456,0.247152903387091,0.260375432574394,,,,,,,,,,
,,,,,,,,% change Q/Q,,,,,,,,,,,,,,,,,,,,,,,,,,,,,,,,,,,,,,,,,,,,,,,,,,,,,,,,-0.245283018867924,-0.0625,0.893333333333333,0.0633802816901408,0.0993377483443709,0.114457831325301,0.0648648648648649,0.32994923857868,-0.49618320610687,-0.265151515151515,0.206185567010309,0.11965811965812,0.145038167938931,-0.0333333333333333,0.00689655172413795,0.0547945205479452,0.103896103896104,-0.0470588235294118,-0.0432098765432098,0.109677419354839,-0.215116279069768,0.0962962962962963,0.202702702702703,0.101123595505618,0.010204081632653,-0.0303030303030303,-0.0520833333333334,-0.00549450549450548,1.43093922651934,-0.561363636363636,0.0829015544041452,0.0813397129186604,0.274336283185841,-0.0104166666666666,0.0421052631578946,1.21212121212121,-0.246575342465753,-0.262626262626263,0.0630136986301371,0.0309278350515463,0.125,-0.171111111111111,-0.0777479892761395,0.0755813953488371,0.475097297297298,0.0489129439010894,0.0549397186287079,0.0605016442194015,0.529624199614972,0.0500161787027029,0.0437452548549941,0.0428431855584934,,,,,,,,,,,,,,,,,,,NA,NA,NA,NA,NA,NA,NA,NA,NA,NA,NA,NA,NA,NA,NA,NA,NA,NA,NA,NA,NA,NA,,,,,,,,,,
,,,,,,,,% of Total Alphabet Revenue,,,,,,,,,,,,,,,,,,,,,,,,,,,,,,,,,,,,,,,,,,,,,,,,,,,,,,,0.00585538308567641,0.00463553134778074,0.00423083432052801,0.00760374832663989,0.00707956303624174,0.00819469812904181,0.0086046511627907,0.00877466482562024,0.0100521792510743,0.00533333333333333,0.00372933487120338,0.00421287627826588,0.00405284162979921,0.00481602774031978,0.00444008941421441,0.0043272080616479,0.00392096954883389,0.00467816945980902,0.00415981922760887,0.00382725499395047,0.00373304395008139,0.00327996307004543,0.00386453246990626,0.00385506681393888,0.00344476080002812,0.00357956394402864,0.00310277957336781,0.00279492613409503,0.00240292067706605,0.00646954169178515,0.00276960608452321,0.00302495223759625,0.00297180727961288,0.0041268431083153,0.00382017050024127,0.00387258289544026,0.00761209593326382,0.00614609071381567,0.00430719123929103,0.00439570399238682,0.00414640972747722,0.0049870337123479,0.00386817107064338,0.00336114748011647,0.00325051832589521,0.00497847477817587,0.00488220250884694,0.00492222238885983,0.0047633296400949,0.00766037949670963,0.00753964655493565,0.00741702352766552,0.00706524399621188,,,,,,,,,,,,,,,,,,0.000216142221581801,0.00495447038681232,0.00597420955073411,0.00897288195675292,0.00430291822651211,0.00434881120312237,0.00407149520873364,0.00359946747604464,0.00292271684579466,0.00377603982519906,0.0049675660552906,0.00470832928592244,0.00381544847034525,0.00488113021511801,0.00740311102538966,0.00903139071674152,0.0107815417307642,0.0133131781420347,0.0145482729383498,0.0160339813412412,0.017917969990424,0.0199919167519328,0.0226513128690911,,,,,,,,,,
,,,,,,,,,,,,,,,,,,,,,,,,,,,,,,,,,,,,,,,,,,,,,,,,,,,,,,,,,,,,,,,,,,,,,,,,,,,,,,,,,,,,,,,,,,,,,,,,,,,,,,,,,,,,,,,,,,,,,,,,,,,,,,,,,,,,,,,,,,,,,,,,,,,,,,,,,,,,,,,,,,,,,
,,,,,,,,Verily Revenue,,,,,,,,,,,,,,,,,,,,,,,,,,,,,,,,,,,,,,,,,,,,,,,,,,,,,,,,,,,,,,,,,,,,12.5,12.5,12.5,12.5,25,25,25,25,37.5,37.5,37.5,37.5,57.25,57.25,57.25,57.25,72,72,163,163,140,140,171.15,244.5,245,252,256.725,305.625,375,275,200,250,400,400,400,400,687.5,687.5,687.5,687.5,,,,,,,,,,,,,,,,,,,,,,,50,100,150,229,470,695.65,1059.35,1100,1600,2750,3750,5000,7000,8000,9000,10000,11000,12000,,,,,,,,,,
,,,,,,,,Period-to-period addition,,,,,,,,,,,,,,,,,,,,,,,,,,,,,,,,,,,,,,,,,,,,,,,,,,,,,,,,,,,,,,,,,,,,12.5,0,0,0,12.5,0,0,0,12.5,0,0,0,19.75,0,0,0,14.75,0,91,0,-23,0,31.15,73.35,0.5,7,4.72500000000002,48.9,69.375,-100,-75,50,150,0,0,0,,,,,,,,,,,,,,,,,,,,,,,,,,,,50,50,79,241,225.65,363.7,40.6500000000001,500,1150,1000,1250,2000,1000,1000,1000,1000,1000,,,,,,,,,,
,,,,,,,,,,,,,,,,,,,,,,,,,,,,,,,,,,,,,,,,,,,,,,,,,,,,,,,,,,,,,,,,,,,,,,,,,,,,,,,,,,,,,,,,,,,,,,,,,,,,,,,,,,,,,,,,,,,,,,,,,,,,,,,,,,,,,,,,,,,,,,,,,,,,,,,,,,,,,,,,,,,,,
,,,,,,,,Waymo Revenue,,,,,,,,,,,,,,,,,,,,,,,,,,,,,,,,,,,,,,,,,,,,,,,,,,,,,,,,,,,,,,,,,,,,,,0,0,0.008,0.011,0.013,0.015,0.019,0.025,0.03,0.036,0.044,0.054,0.07,0.092,0.11,0.163,0.3,0.673,1.2,2.251,6,9.378,12,17.5,28,39,50,62,74,90.817,106.603,123.299,144.751,171.29,210,245,275,305,,,,,,,,,,,,,,,,,,,,,,,0,0.047,0.11,0.26,1.246,18.829,96.5,276.817,545.943,1035,1593.9,2390.85,3586.275,5200.09875,7540.1431875,10933.207621875,15306.490670625,21429.086938875,,,,,,,,,,
,,,,,,,,Period-to-period addition,,,,,,,,,,,,,,,,,,,,,,,,,,,,,,,,,,,,,,,,,,,,,,,,,,,,,,,,,,,,,,,,,,,,,,0,0,0.008,0.003,0.002,0.002,0.004,0.006,0.005,0.006,0.008,0.01,0.016,0.022,0.018,0.053,0.137,0.373,0.527,1.051,3.749,3.378,2.622,5.5,10.5,11,11,12,12,16.817,15.786,16.696,21.452,26.539,38.71,35,30,30,,,,,,,,,,,,,,,,,,,,,,,,0.047,0.063,0.15,0.986,17.583,77.671,180.317,269.126,489.057,558.9,796.95,1195.425,1613.82375,2340.0444375,3393.064434375,4373.28304875,6122.59626825,,,,,,,,,,
,,,,,,,,,,,,,,,,,,,,,,,,,,,,,,,,,,,,,,,,,,,,,,,,,,,,,,,,,,,,,,,,,,,,,,,,,,,,,,,,,,,,,,,,,,,,,,,,,,,,,,,,,,,,,,,,,,,,,,,,,,,,,,,,,,,,,,,,,,,,,,,,,,,,,,,,,,,,,,,,,,,,,
,,,,,,,,Non-Core Revenue ex-Verily & Waymo,,,,,,,,,,,,,,,,,,,,,,,,,,,,,,,,,,,,,,,,,,,,,,,,,,,,,,,106,80,75,142,151,166,185,197,262,132,97,117,131,137.5,132.5,133.5,141.5,144.992,136.989,129.987,146.985,97.481,110.475,140.47,158.464,140.706,134.696,124.68,123.658,367.89,120.837,45.7,62.327,146.8,142.749,119.85,403.122,238,95.5,103.275,55.375,25,36,70,29.183,39.183,49.183,59.183,69.183,82.183,96.183,111.183,127.183,,,,,,,,,,,,,,,,,,,,448,810,477,545,558.953,506.89,523.74,596.754,812.521,492.15,160.183,216.732,416.732,616.732,816.732,1016.732,1216.732,1416.732,1616.732,1816.732,2016.732,,,,,,,,,,
,,,,,,,,Period-to-period addition,,,,,,,,,,,,,,,,,,,,,,,,,,,,,,,,,,,,,,,,,,,,,,,,,,,,,,,,,,,,,,,,,,,,,,,,,,,,,12.994,29.995,17.994,-17.758,-6.00999999999999,-10.016,-1.02200000000001,244.232,-247.053,-75.137,16.627,84.473,-4.05100000000002,-22.899,283.272,-165.122,-142.5,7.77499999999998,-47.9,-30.375,11,34,-40.817,10,10,10,10,13,14,15,16,,,,,,,,,,,,,,,,,,,,,,,,13.953,-52.063,16.85,73.014,215.767,-320.371,-331.967,56.549,200,200,200,200,200,200,200,200,200,,,,,,,,,,
,,,,,,,,,,,,,,,,,,,,,,,,,,,,,,,,,,,,,,,,,,,,,,,,,,,,,,,,,,,,,,,,,,,,,,,,,,,,,,,,,,,,,,,,,,,,,,,,,,,,,,,,,,,,,,,,,,,,,,,,,,,,,,,,,,,,,,,,,,,,,,,,,,,,,,,,,,,,,,,,,,,,,
,,,,,,,,GAAP Operating Income (Loss) ,,,,,,,,,,,,,,,,,,,,,,,,,,,,,,,,,,,,,,,,,,,,,,,,,,,,,,,-634,-633,-683,-1009,-1242,-802,-859,-865,-1088,-703,-633,-650,-748,-571,-732,-727,-1328,-868,-989,-941,-2026,-1121,-1116,-1103,-1136,-1145,-1398,-1288,-1450,-835,-1339,-1225,-1237,-1225,-1198,-1194,-863,-1020,-1134,-1116,-1174,-1226,-1246,-1426,-3617,-1625,-1625,-1625,-1625,-1650,-1650,-1700,-1700,,,,,,,,,,,,,,,,,,-527,-1942,-3567,-3614,-2734,-3358,-4824,-4476,-4051,-4636,-4480,-4444,-7515,-6500,-6700,-6050,-5050,-3800,-2700,-1600,-500,600,1200,,,,,,,,,,
,,,,,,,,% GAAP Operating Margin,,,,,,,,,,,,,,,,,,,,,,,,,,,,,,,,,,,,,,,,,,,,,,,,,,,,,,,-5.9811320754717,-7.9125,-9.10666666666667,-7.1056338028169,-8.22516556291391,-4.83132530120482,-4.64324324324324,-4.39086294416244,-4.15267175572519,-5.32575757575758,-6.52577319587629,-5.55555555555556,-5.70992366412214,-3.80666666666667,-5.04827586206897,-4.97945205479452,-8.62337662337662,-5.10588235294118,-6.10493827160494,-6.07096774193548,-11.7790697674419,-8.3037037037037,-7.54054054054054,-6.19662921348315,-5.79591836734694,-5.78282828282828,-7.28125,-7.07692307692308,-8.01104972375691,-1.89772727272727,-6.93782383419689,-5.86124401913876,-5.47345132743363,-4.25347222222222,-4.20350877192982,-4.02020202020202,-1.31354642313546,-2.06060606060606,-3.10684931506849,-2.87628865979381,-2.935,-2.72444444444444,-3.34048257372654,-4.1453488372093,-9.77567567567568,-2.97735742580425,-2.83851719355368,-2.69069136693745,-2.53718735996678,-1.68421826243795,-1.60399267801645,-1.58333511846607,-1.51828687226653,,,,,,,,,,,,,,,,,,-43.9166666666667,-5.9388379204893,-7.96205357142857,-4.46172839506173,-5.73165618448637,-5.6436974789916,-7.32018209408194,-6.81278538812785,-5.37981407702523,-4.34082397003745,-2.93385723641126,-2.69660194174757,-4.88939492517892,-2.75111896473277,-1.59458052060436,-1.01499304100639,-0.615284745251403,-0.327501310651627,-0.187281105453777,-0.0891023623705855,-0.0221730083709389,0.0213346815557773,0.0338544865353331,,,,,,,,,,
,,,,,,,,YoY Change in bp,,,,,,,,,,,,,,,,,,,,,,,,,,,,,,,,,,,,,,,,,,,,,,,,,,,,,,,,,-91066.6666666667,-71056.338028169,-22440.3348744221,30811.7469879518,44634.2342342342,27147.7085865446,40724.9380718872,-4944.32274552757,-18825.2995263305,-11646.9261139312,-15572.5190839695,15190.9090909091,14774.9733380732,5761.03500761035,-29134.5295925449,-12992.1568627451,-10566.6240953597,-10915.1568714096,-31556.9314406524,-31978.2135076253,-14356.022689356,-1256.61471547662,59831.5140009492,25208.7542087542,2592.9054054054,-8802.9386343993,-22151.3135640997,38851.0101010101,3434.26165803109,12156.7905778432,25375.9839632328,-23557.4494949495,27343.1506226707,18410.4199893674,41599.0490429816,21928.6616161616,10966.5945686133,11439.1336040821,-16214.5357686454,-6638.38383838384,-2336.33258658049,-12690.6017741549,-68406.7567567568,-2529.12981359808,5019.65380172857,14546.5747027186,72384.883157089,12931.391633663,12345.2451553723,11073.5624847138,10189.0048770025,,,,,,,,,,,,,,,,,,,379778.287461774,-20232.1565093927,35003.2517636684,-12699.2778942464,879.587054947759,-16764.8461509035,5073.96705954088,14329.7131110262,10389.9010698778,14069.6673362619,2372.55294663691,-21927.9298343135,21382.7596044615,11565.3844412841,5795.8747959797,3997.08295754987,2877.83434599776,1402.2020519785,981.787430831912,669.293539996466,435.076899267161,125.198049795559,,,,,,,,,,
,,,,,,,,Period-to-period addition,,,,,,,,,,,,,,,,,,,,,,,,,,,,,,,,,,,,,,,,,,,,,,,,,,,,,,,,1,-50,-326,-233,440,-57,-6,-223,385,70,-17,-98,177,-161,5,-601,460,-121,48,-1085,905,5,13,-33,-9,-253,110,-162,615,-504,114,-12,12,27,4,331,-157,-114,18,-58,-52,-20,-180,-2191,1992,0,0,0,-25,0,-50,0,,,,,,,,,,,,,,,,,,,-1415,-1625,-47,880,-624,-1466,348,425,-585,156,36,-3071,1015,-200,650,1000,1250,1100,1100,1100,1100,600,,,,,,,,,,
,,,,,,,,% change Y/Y,,,,,,,,,,,,,,,,,,,,,,,,,,,,,,,,,,,,,,,,,,,,,,,,,,,,,,,,,,,0.958990536277603,0.266982622432859,0.257686676427526,-0.142715559960357,-0.123993558776167,-0.123441396508728,-0.263096623981374,-0.248554913294798,-0.3125,-0.187766714082504,0.156398104265403,0.118461538461538,0.775401069518717,0.520140105078809,0.351092896174863,0.294360385144429,0.525602409638554,0.29147465437788,0.128412537917088,0.172157279489904,-0.43928923988154,0.0214094558429974,0.252688172043011,0.167724388032638,0.276408450704225,-0.270742358078603,-0.042203147353362,-0.0489130434782609,-0.146896551724138,0.467065868263473,-0.105302464525766,-0.0253061224489796,-0.30234438156831,-0.16734693877551,-0.0534223706176962,-0.0653266331658291,0.360370799536501,0.201960784313725,0.0987654320987654,0.277777777777778,2.0809199318569,0.325448613376835,0.304173354735152,0.139551192145863,-0.550732651368537,0.0153846153846153,0.0153846153846153,0.0461538461538462,0.0461538461538462,,,,,,,,,,,,,,,,,,,2.68500948766603,0.836766220391349,0.0131763386599384,-0.24349750968456,0.228237015362107,0.436569386539607,-0.072139303482587,-0.0949508489722967,0.144408787953592,-0.0336496980155306,-0.00803571428571426,0.691044104410441,-0.135063206919494,0.0307692307692307,-0.0970149253731343,-0.165289256198347,-0.247524752475248,-0.289473684210526,-0.407407407407407,-0.6875,-2.2,1,,,,,,,,,,
,,,,,,,,% change Q/Q,,,,,,,,,,,,,,,,,,,,,,,,,,,,,,,,,,,,,,,,,,,,,,,,,,,,,,,,-0.00157728706624605,0.0789889415481833,0.477306002928258,0.230921704658077,-0.35426731078905,0.0710723192019951,0.00698486612339933,0.257803468208093,-0.353860294117647,-0.0995732574679943,0.0268562401263823,0.150769230769231,-0.236631016042781,0.281961471103328,-0.00683060109289613,0.826685006877579,-0.346385542168675,0.139400921658986,-0.0485338725985844,1.15302869287992,-0.446692991115499,-0.00446030330062441,-0.0116487455197133,0.029918404351768,0.00792253521126751,0.220960698689956,-0.0786838340486409,0.125776397515528,-0.424137931034483,0.603592814371257,-0.0851381628080657,0.00979591836734683,-0.00970088924818113,-0.0220408163265307,-0.003338898163606,-0.277219430485762,0.181923522595597,0.111764705882353,-0.0158730158730159,0.0519713261648747,0.0442930153321977,0.0163132137030995,0.14446227929374,1.53646563814867,-0.550732651368537,0,0,0,0.0153846153846153,0,0.0303030303030303,0,,,,,,,,,,,,,,,,,,,,,,,,,,,,,,,,,,,,,,,,,,,,,,,,,,
,,,,,,,,,,,,,,,,,,,,,,,,,,,,,,,,,,,,,,,,,,,,,,,,,,,,,,,,,,,,,,,,,,,,,,,,,,,,,,,,,,,,,,,,,,,,,,,,,,,,,,,,,,,,,,,,,,,,,,,,,,,,,,,,,,,,,,,,,,,,,,,,,,,,,,,,,,,,,,,,,,,,,
,,,,,,,,Verily GAAP Operating Income (Loss),,,,,,,,,,,,,,,,,,,,,,,,,,,,,,,,,,,,,,,,,,,,,,,,,,,,,,,,,,,,,,,,,,,,,,,,,,,,,,,,-121.25,-121.25,-121.25,-121.25,-135,-135,-135,-135,-110,-110,-110,-110,-75,-75,-75,-75,-50,-50,-50,-50,-25,-25,-25,-25,0,0,0,0,,,,,,,,,,,,,,,,,,,,,,,0,0,0,-485,-540,-440,-300,-200,-100,0,200,450,700,800,900,1000,1100,1200,,,,,,,,,,
,,,,,,,,% of Verily revenue,,,,,,,,,,,,,,,,,,,,,,,,,,,,,,,,,,,,,,,,,,,,,,,,,,,,,,,,,,,,,,,,,,,,,,,,,,,,,,,,,,,,,,,,,,,,,,,,,,,,,,,,,,,,,,,,,,,,,,,,,,,,,,,,,,,,,-2.117903930131,-1.14893617021277,-0.632501976568677,-0.283192523717374,-0.181818181818182,-0.0625,0,0.0533333333333333,0.09,0.1,0.1,0.1,0.1,0.1,0.1,,,,,,,,,,
,,,,,,,,Period-to-period addition,,,,,,,,,,,,,,,,,,,,,,,,,,,,,,,,,,,,,,,,,,,,,,,,,,,,,,,,,,,,,,,,,,,,,,0,0,0,0,0,0,0,0,0,0,-121.25,0,0,0,-13.75,0,0,0,25,0,0,0,35,0,0,0,25,0,0,0,25,0,0,0,,,,,,,,,,,,,,,,,,,,,,,,,,,,,,,,,,,,,,,,,,,,,,,,,,,,,,
,,,,,,,,,,,,,,,,,,,,,,,,,,,,,,,,,,,,,,,,,,,,,,,,,,,,,,,,,,,,,,,,,,,,,,,,,,,,,,,,,,,,,,,,,,,,,,,,,,,,,,,,,,,,,,,,,,,,,,,,,,,,,,,,,,,,,,,,,,,,,,,,,,,,,,,,,,,,,,,,,,,,,
,,,,,,,,Waymo GAAP Operating Income (Loss),,,,,,,,,,,,,,,,,,,,,,,,,,,,,,,,,,,,,,,,,,,,,,,,,,,,,,,,,,,,,,,,,,,,,,0,-10,-5,-5,-5,-5,-13,-13,-13,-13,-100,-100,-100,-100,-200,-200,-200,-200,-300,-300,-300,-300,-400,-400,-400,-400,-500,-500,-500,-500,-600,-600,-600,-600,-650,-650,-700,-700,,,,,,,,,,,,,,,,,,,,,,,-10,-20,-52,-400,-800,-1200,-1600,-2000,-2400,-2700,-2750,-2500,-2000,-1500,-1000,-500,0,500,,,,,,,,,,
,,,,,,,,% of Waymo revenue,,,,,,,,,,,,,,,,,,,,,,,,,,,,,,,,,,,,,,,,,,,,,,,,,,,,,,,,,,,,,,,,,,,,,,,,,,,,,,,,,,,,,,,,,,,,,,,,,,,,,,,,,,,,,,,,,,,,,,,,,,,,,,,,,,,,,,,,,,-4.3960633252922,-2.60869565217391,-1.72532781228433,-1.04565321956626,-0.557681717102007,-0.288456060570004,-0.13262347612414,-0.045732233146255,0,0.0233327720133954,,,,,,,,,,
,,,,,,,,Period-to-period addition,,,,,,,,,,,,,,,,,,,,,,,,,,,,,,,,,,,,,,,,,,,,,,,,,,,,,,,,,,,,,,,,,,,,,,0,-10,5,0,0,0,-8,0,0,0,-87,0,0,0,-100,0,0,0,-100,0,0,0,-100,0,0,0,-100,0,0,0,-100,0,0,0,,,,,,,,,,,,,,,,,,,,,,,,,,,,,,,,,,,-400,-300,-50,250,500,500,500,500,500,500,,,,,,,,,,
,,,,,,,,,,,,,,,,,,,,,,,,,,,,,,,,,,,,,,,,,,,,,,,,,,,,,,,,,,,,,,,,,,,,,,,,,,,,,,,,,,,,,,,,,,,,,,,,,,,,,,,,,,,,,,,,,,,,,,,,,,,,,,,,,,,,,,,,,,,,,,,,,,,,,,,,,,,,,,,,,,,,,
,,,,,,,,Non-Core GAAP Operating Income (Loss) ex-Verily & Waymo,,,,,,,,,,,,,,,,,,,,,,,,,,,,,,,,,,,,,,,,,,,,,,,,,,,,,,,-634,-633,-683,-1009,-1242,-802,-859,-865,-1088,-703,-633,-650,-748,-571,-732,-727,-1318,-863,-984,-936,-2021,-1108,-1103,-1090,-1123,-923.75,-1176.75,-1066.75,-1228.75,-500,-1004,-890,-902,-815,-788,-784,-453,-545,-659,-641,-699,-676,-696,-876,-3067,-1000,-1000,-1000,-1000,-1000,-1000,-1000,-1000,,,,,,,,,,,,,,,,,,,,,,,-3348,-4804,-4424,-4396,-3296,-2840,-2544,-5315,-4000,-4000,-3500,-3000,-2500,-2000,-1500,-1000,-500,-500,,,,,,,,,,
,,,,,,,,Period-to-period addition,,,,,,,,,,,,,,,,,,,,,,,,,,,,,,,,,,,,,,,,,,,,,,,,,,,,,,,,,,,,,,,,,,,,,,5,-591,455,-121,48,-1085,913,5,13,-33,199.25,-253,110,-162,728.75,-504,114,-12,87,27,4,331,-92,-114,18,-58,23,-20,-180,-2191,2067,0,0,0,,,,,,,,,,,,,,,,,,,,,,,,,,,,,,,,,,,1315,0,500,500,500,500,500,500,500,0,,,,,,,,,,
,,,,,,,,,,,,,,,,,,,,,,,,,,,,,,,,,,,,,,,,,,,,,,,,,,,,,,,,,,,,,,,,,,,,,,,,,,,,,,,,,,,,,,,,,,,,,,,,,,,,,,,,,,,,,,,,,,,,,,,,,,,,,,,,,,,,,,,,,,,,,,,,,,,,,,,,,,,,,,,,,,,,,
,,,,,,,,SBC (Including COGS),,,,,,,,,,,,,,,,,,,,,,,,,,,,,,,,,,,,,,,,,,,,,,,,,,,,,,,101,117,109,134,138,145,150,200,161,86,81,94,102,112,127,125,125,123,125,117,109,135,136,130,137.616,122.7177,118.2132,110.706,109.9461,259.67985,99.110505,76.2455,87.159355,120.4732,118.489461,115.12365,294.549258,186.11665,117.514775,125.35305125,116.63270625,115.2854375,98.7522175,98.766235,96.5935786175,133.51856,141.472032,150.528896,160.765944,228.298661,241.136661,252.554161,265.026161,,,,,,,,,,,,,,,,,,124,347,498,656,363,489,474,538.616,461.583,522.19521,648.635569,545.6171825,409.3974686175,586.285432,987.015644,1322.3629296,1712.49943914,2271.8299981635,2599.24555851488,2938.97814404292,3238.655762846,3418.81010207302,3489.57898842816,,,,,,,,,,
,,,,,,,,% change Y/Y,,,,,,,,,,,,,,,,,,,,,,,,,,,,,,,,,,,,,,,,,,,,,,,,,,,,,,,,,,,0.366336633663366,0.239316239316239,0.376146788990826,0.492537313432836,0.166666666666667,-0.406896551724138,-0.46,-0.53,-0.366459627329193,0.302325581395349,0.567901234567901,0.329787234042553,0.225490196078431,0.0982142857142858,-0.015748031496063,-0.064,-0.128,0.0975609756097562,0.0880000000000001,0.111111111111111,0.262532110091743,-0.0909800000000002,-0.130785294117647,-0.148415384615385,-0.201066009766306,1.11607494273442,-0.161595278699841,-0.311279424782758,-0.207253781625724,-0.536070280385636,0.195528778710188,0.509907469949046,2.37943365918667,0.544880106114887,-0.00822592989936877,0.088855775941781,-0.604029875879029,-0.380574293057607,-0.159661263870862,-0.212095485390109,-0.17181396433987,0.158156336961466,0.432596002211292,0.524092682079053,0.664354362898341,0.709864613578816,0.704482911505788,0.67777860404955,0.648521785186047,,,,,,,,,,,,,,,,,,,1.79838709677419,0.435158501440922,0.317269076305221,-0.446646341463415,0.347107438016529,-0.0306748466257669,0.136320675105485,-0.143020259331323,0.131313783219919,0.242132360808135,-0.158823215104937,-0.249661701008655,0.432069020797406,0.683507025977067,0.339758835271308,0.295029829411516,0.326616491801241,0.14411974514645,0.130704305491686,0.101966603395979,0.0556262697918581,0.0206998587936258,,,,,,,,,,
,,,,,,,,% of Other Bets revenue,,,,,,,,,,,,,,,,,,,,,,,,,,,,,,,,,,,,,,,,,,,,,,,,,,,,,,,0.952830188679245,1.4625,1.45333333333333,0.943661971830986,0.913907284768212,0.873493975903614,0.810810810810811,1.01522842639594,0.614503816793893,0.651515151515152,0.835051546391753,0.803418803418804,0.778625954198473,0.746666666666667,0.875862068965517,0.856164383561644,0.811688311688312,0.723529411764706,0.771604938271605,0.754838709677419,0.633720930232558,1,0.918918918918919,0.730337078651685,0.702122448979592,0.619786363636364,0.61569375,0.608274725274725,0.607437016574586,0.590181477272727,0.513525932642487,0.364811004784689,0.385660862831858,0.418309722222222,0.415752494736842,0.387621717171717,0.448324593607306,0.375993232323232,0.321958287671233,0.32307487435567,0.291581765625,0.256189861111111,0.264751253351206,0.287111148255814,0.261063725993243,0.244635369906887,0.247120489377832,0.249247262118046,0.251011274479955,0.233033196452322,0.234412993118385,0.235222277897666,0.23669749473735,,,,,,,,,,,,,,,,,,10.3333333333333,1.0611620795107,1.11160714285714,0.809876543209877,0.761006289308176,0.821848739495798,0.719271623672231,0.819811263318113,0.61299203187251,0.488946825842697,0.424777713817944,0.33107838743932,0.266361397929408,0.248144764726422,0.234906853649876,0.221849449789888,0.208648471515728,0.195796658414797,0.180292437609069,0.16366868474359,0.143621482680347,0.121565374712337,0.0984482540647687,,,,,,,,,,
,,,,,,,,,,,,,,,,,,,,,,,,,,,,,,,,,,,,,,,,,,,,,,,,,,,,,,,,,,,,,,,,,,,,,,,,,,,,,,,,,,,,,,,,,,,,,,,,,,,,,,,,,,,,,,,,,,,,,,,,,,,,,,,,,,,,,,,,,,,,,,,,,,,,,,,,,,,,,,,,,,,,,
,,,,,,,,Verily SBC (Including COGS),,,,,,,,,,,,,,,,,,,,,,,,,,,,,,,,,,,,,,,,,,,,,,,,,,,,,,,,,,,,,,,,,,,,,,6.25,6.25,12.5,12.5,12.5,12.5,18.75,18.75,18.75,18.75,17.175,17.175,17.175,17.175,20.52,20.52,46.455,46.455,37.94,37.94,46.38165,66.2595,63.07525,64.8774,66.09385125,78.68315625,91.7165625,67.2588125,48.9155,61.144375,92.8,92.8,92.8,92.8,151.9375,151.9375,151.25,151.25,,,,,,,,,,,,,,,,,,,,,,,12.5,50,75,68.7,133.95,188.52115,272.7296575,269.03525,371.2,606.375,785.53125,995.00625,1323.3583125,1398.9787875,1447.9430450625,1464.03130111875,1465.49533241987,1454.83718454772,,,,,,,,,,
,,,,,,,,% of Waymo revenue,,,,,,,,,,,,,,,,,,,,,,,,,,,,,,,,,,,,,,,,,,,,,,,,,,,,,,,,,,,,,,,,,,,,,,0.5,0.5,0.5,0.5,0.5,0.5,0.5,0.5,0.5,0.5,0.3,0.3,0.3,0.3,0.285,0.285,0.285,0.285,0.271,0.271,0.271,0.271,0.25745,0.25745,0.25745,0.25745,0.2445775,0.2445775,0.2445775,0.2445775,0.232,0.232,0.232,0.232,0.221,0.221,0.22,0.22,,,,,,,,,,,,,,,,,,,,,,,0.25,0.5,0.5,0.3,0.285,0.271,0.25745,0.2445775,0.232,0.2205,0.209475,0.19900125,0.1890511875,0.1748723484375,0.1608825605625,0.146403130111875,0.133226848401806,0.121236432045644,,,,,,,,,,
,,,,,,,,,,,,,,,,,,,,,,,,,,,,,,,,,,,,,,,,,,,,,,,,,,,,,,,,,,,,,,,,,,,,,,,,,,,,,,,,,,,,,,,,,,,,,,,,,,,,,,,,,,,,,,,,,,,,,,,,,,,,,,,,,,,,,,,,,,,,,,,,,,,,,,,,,,,,,,,,,,,,,
,,,,,,,,Waymo SBC (Including COGS),,,,,,,,,,,,,,,,,,,,,,,,,,,,,,,,,,,,,,,,,,,,,,,,,,,,,,,,,,,,,,,,,,,,,,0,0,0.004,0.0055,0.0065,0.0075,0.0095,0.0125,0.015,0.018,0.0132,0.0162,0.021,0.0276,0.03135,0.046455,0.0855,0.191805,0.3252,0.610021,1.626,2.541438,3.0894,4.505375,7.2086,10.04055,12.228875,15.163805,18.098735,22.2117948175,24.731896,28.605368,33.582232,39.73928,46.2,53.9,60.5,67.1,,,,,,,,,,,,,,,,,,,,,,,0,0.0235,0.055,0.078,0.35511,5.102659,24.843925,67.7032098175,126.658776,227.7,333.1251,474.7032675,676.4521561875,907.291454486485,1184.01534810486,1459.29891653924,1634.41478652395,1716.13552585015,,,,,,,,,,
,,,,,,,,% of Waymo revenue,,,,,,,,,,,,,,,,,,,,,,,,,,,,,,,,,,,,,,,,,,,,,,,,,,,,,,,,,,,,,,,,,,,,,,0.5,0.5,0.5,0.5,0.5,0.5,0.5,0.5,0.5,0.5,0.3,0.3,0.3,0.3,0.285,0.285,0.285,0.285,0.271,0.271,0.271,0.271,0.25745,0.25745,0.25745,0.25745,0.2445775,0.2445775,0.2445775,0.2445775,0.232,0.232,0.232,0.232,0.22,0.22,0.22,0.22,,,,,,,,,,,,,,,,,,,,,,,,0.5,0.5,0.3,0.285,0.271,0.25745,0.2445775,0.232,0.22,0.209,0.19855,0.1886225,0.1744758125,0.15702823125,0.1334739965625,0.10677919725,0.0800843979375,,,,,,,,,,
,,,,,,,,,,,,,,,,,,,,,,,,,,,,,,,,,,,,,,,,,,,,,,,,,,,,,,,,,,,,,,,,,,,,,,,,,,,,,,,,,,,,,,,,,,,,,,,,,,,,,,,,,,,,,,,,,,,,,,,,,,,,,,,,,,,,,,,,,,,,,,,,,,,,,,,,,,,,,,,,,,,,,
,,,,,,,,Non-Core SBC (Including COGS) ex-Verily & Waymo,,,,,,,,,,,,,,,,,,,,,,,,,,,,,,,,,,,,,,,,,,,,,,,,,,,,,,,101,117,109,134,138,145,150,200,161,86,81,94,102,112,127,118.75,118.75,110.496,112.4945,104.4935,96.4925,116.2405,117.2375,111.235,118.848,105.5295,101.022,93.51,92.7435,239.1285,78.54405,29.705,40.51255,82.208,79.93944,67.116,225.74832,119.952,48.132,52.0506,27.909,11.34,16.3296,31.752,13.2374088,15.986664,20.066664,24.146664,28.226664,30.161161,35.299161,40.804161,46.676161,,,,,,,,,,,,,,,,,,,,498,656,363,476.5,423.9765,463.561,392.805,387.8901,455.01176,248.0436,72.6590088,88.426656,152.940644,203.7065796,242.78992164,272.019529476,292.9753165284,307.01975087556,315.325545188004,318.899983129204,318.606278030283,,,,,,,,,,
,,,,,,,,% of Non-Core ex-Waymo revenue,,,,,,,,,,,,,,,,,,,,,,,,,,,,,,,,,,,,,,,,,,,,,,,,,,,,,,,0.952830188679245,1.4625,1.45333333333333,0.943661971830986,0.913907284768212,0.873493975903614,0.810810810810811,1.01522842639594,0.614503816793893,0.651515151515152,0.835051546391753,0.803418803418804,0.778625954198473,0.814545454545455,0.958490566037736,0.889513108614232,0.839222614840989,0.76208342529243,0.821193672484652,0.803876541500304,0.656478552233221,1.19244262984582,1.061212944105,0.791877269167794,0.75,0.75,0.75,0.75,0.75,0.65,0.65,0.65,0.65,0.56,0.56,0.56,0.56,0.504,0.504,0.504,0.504,0.4536,0.4536,0.4536,0.4536,0.408,0.408,0.408,0.408,0.367,0.367,0.367,0.367,,,,,,,,,,,,,,,,,,,,1.11160714285714,0.809876543209877,0.761006289308176,0.874311926605505,0.758519052585817,0.914519915563535,0.75,0.65,0.56,0.504,0.4536,0.408,0.367,0.3303,0.29727,0.267543,0.2407887,0.21670983,0.195038847,0.1755349623,0.15798146607,,,,,,,,,,
,,,,,,,,,,,,,,,,,,,,,,,,,,,,,,,,,,,,,,,,,,,,,,,,,,,,,,,,,,,,,,,,,,,,,,,,,,,,,,,,,,,,,,,,,,,,,,,,,,,,,,,,,,,,,,,,,,,,,,,,,,,,,,,,,,,,,,,,,,,,,,,,,,,,,,,,,,,,,,,,,,,,,
,,,,,,,,Non-GAAP Operating Income (Loss) ,,,,,,,,,,,,,,,,,,,,,,,,,,,,,,,,,,,,,,,,,,,,,,,,,,,,,,,-533,-516,-574,-875,-1104,-657,-709,-665,-927,-617,-552,-556,-646,-459,-605,-602,-1203,-745,-864,-824,-1917,-986,-980,-973,-998.384,-1022.2823,-1279.7868,-1177.294,-1340.0539,-575.32015,-1239.889495,-1148.7545,-1149.840645,-1104.5268,-1079.510539,-1078.87635,-568.450742,-833.88335,-1016.485225,-990.64694875,-1057.36729375,-1110.7145625,-1147.2477825,-1327.233765,-3520.4064213825,-1491.48144,-1483.527968,-1474.471104,-1464.234056,-1421.701339,-1408.863339,-1447.445839,-1434.973839,,,,,,,,,,,,,,,,,,-403,-1595,-3069,-2958,-2371,-2869,-4350,-3937.384,-4819.417,-4113.80479,-3831.364431,-3898.3828175,-7105.6025313825,-5913.714568,-5712.984356,-4727.6370704,-3337.50056086,-1528.1700018365,-100.754441485115,1338.97814404292,2738.655762846,4018.81010207302,4689.57898842816,,,,,,,,,,
,,,,,,,,% Non-GAAP Operating Margin,,,,,,,,,,,,,,,,,,,,,,,,,,,,,,,,,,,,,,,,,,,,,,,,,,,,,,,-5.02830188679245,-6.45,-7.65333333333333,-6.16197183098592,-7.3112582781457,-3.9578313253012,-3.83243243243243,-3.3756345177665,-3.5381679389313,-4.67424242424242,-5.69072164948454,-4.75213675213675,-4.93129770992367,-3.06,-4.17241379310345,-4.12328767123288,-7.81168831168831,-4.38235294117647,-5.33333333333333,-5.31612903225807,-11.1453488372093,-7.3037037037037,-6.62162162162162,-5.46629213483146,-5.09379591836735,-5.16304191919192,-6.66555625,-6.46864835164835,-7.40361270718232,-1.30754579545455,-6.4242979015544,-5.49643301435407,-5.08779046460177,-3.8351625,-3.78775627719298,-3.6325803030303,-0.865221829528158,-1.68461282828283,-2.78489102739726,-2.55321378543814,-2.643418234375,-2.46825458333333,-3.07573132037534,-3.85823768895349,-9.51461194968243,-2.73272205589737,-2.59139670417585,-2.4414441048194,-2.28617608548682,-1.45118506598563,-1.36957968489807,-1.3481128405684,-1.28158937752918,,,,,,,,,,,,,,,,,,-33.5833333333333,-4.87767584097859,-6.85044642857143,-3.65185185185185,-4.9706498951782,-4.8218487394958,-6.60091047040971,-5.99297412480974,-6.40028818061089,-3.85187714419476,-2.50907952259332,-2.36552355430825,-4.62303352724951,-2.50297420000635,-1.35967366695448,-0.793143591216502,-0.406636273735675,-0.13170465223683,-0.00698866784470751,0.074566322373004,0.121448474309408,0.142900056268114,0.132302740600102,,,,,,,,,,
,,,,,,,,Period-to-period addition,,,,,,,,,,,,,,,,,,,,,,,,,,,,,,,,,,,,,,,,,,,,,,,,,,,,,,,,17,-58,-301,-229,447,-52,44,-262,310,65,-4,-90,187,-146,3,-601,458,-119,40,-1093,931,6,7,-25.384,-23.8983000000001,-257.5045,102.4928,-162.7599,764.73375,-664.569345,91.1349949999999,-1.08614499999999,45.3138449999999,25.0162610000002,0.634188999999878,510.425608,-265.432608,-182.601875,25.83827625,-66.7203450000001,-53.34726875,-36.53322,-179.9859825,-2193.1726563825,2028.9249813825,7.95347200000015,9.05686399999991,10.237048,42.5327170000001,12.838,-38.5825,12.472,,,,,,,,,,,,,,,,,,,-1192,-1474,111,587,-498,-1481,412.616,-882.033,705.61221,282.440359,-67.0183864999999,-3207.2197138825,1191.8879633825,200.730212,985.3472856,1390.13650954,1809.3305590235,1427.41556035138,1439.73258552804,1399.67761880307,1280.15433922703,670.768886355133,,,,,,,,,,
,,,,,,,,% change Y/Y,,,,,,,,,,,,,,,,,,,,,,,,,,,,,,,,,,,,,,,,,,,,,,,,,,,,,,,,,,,1.07129455909944,0.273255813953488,0.235191637630662,-0.24,-0.160326086956522,-0.060882800608828,-0.221438645980254,-0.16390977443609,-0.303128371089536,-0.256077795786062,0.0960144927536233,0.0827338129496402,0.862229102167183,0.623093681917211,0.428099173553719,0.368770764119601,0.593516209476309,0.323489932885906,0.134259259259259,0.180825242718447,-0.479194574856547,0.0367974645030427,0.305904897959184,0.209963001027749,0.34222293225853,-0.437219885348695,-0.0311749621108768,-0.0242416082983521,-0.141944480740663,0.919847236360486,-0.129349394963621,-0.0608294896777336,-0.505626501835826,-0.245031130073078,-0.0583832317731544,-0.0817789742540932,0.860086047262122,0.331978342654282,0.128641867371953,0.339764652457372,2.32940733290248,0.34281253740202,0.293119054688606,0.110935498239076,-0.584072439163152,-0.0467857655674214,-0.0503291010419292,-0.0183287857772763,-0.0199832922066662,,,,,,,,,,,,,,,,,,,2.95781637717122,0.924137931034483,-0.0361681329423265,-0.198444895199459,0.210037958667229,0.516207737887766,-0.0948542528735632,0.224014980504823,-0.146410283650491,-0.0686567237430826,0.0174920417274187,0.822705173921134,-0.167739183006427,-0.0339431688310055,-0.172475054052117,-0.294044675773384,-0.542121424709896,-0.934068564777458,-14.2895197899611,1.04533268524972,0.467438937231271,0.166907335584015,,,,,,,,,,
,,,,,,,,% change Q/Q,,,,,,,,,,,,,,,,,,,,,,,,,,,,,,,,,,,,,,,,,,,,,,,,,,,,,,,,-0.0318949343339587,0.112403100775194,0.524390243902439,0.261714285714286,-0.404891304347826,0.0791476407914764,-0.0620592383638928,0.393984962406015,-0.334412081984897,-0.105348460291734,0.00724637681159424,0.161870503597122,-0.289473684210526,0.318082788671024,-0.00495867768595037,0.998338870431894,-0.380714879467997,0.159731543624161,-0.0462962962962963,1.32645631067961,-0.48565466875326,-0.00608519269776875,-0.00714285714285712,0.0260883864337103,0.0239369821631759,0.251891771969445,-0.080085839297608,0.138249154416823,-0.570673873640456,1.15512961783105,-0.073502514028478,0.000945497928408479,-0.0394088043391438,-0.02264884926287,-0.000587478284915455,-0.473108533707315,0.466940384431761,0.218977720325031,-0.0254192344507517,0.0673502755791939,0.0504529211990297,0.0328916368196082,0.156885012327317,1.65243886511771,-0.57633259871902,-0.0053325987080336,-0.00610494995400035,-0.00694286105182296,-0.0290477583318824,-0.0090300259610292,0.0273855518359825,-0.00861655729282174,,,,,,,,,,,,,,,,,,,,,,,,,,,,,,,,,,,,,,,,,,,,,,,,,,
,,,,,,,,,,,,,,,,,,,,,,,,,,,,,,,,,,,,,,,,,,,,,,,,,,,,,,,,,,,,,,,,,,,,,,,,,,,,,,,,,,,,,,,,,,,,,,,,,,,,,,,,,,,,,,,,,,,,,,,,,,,,,,,,,,,,,,,,,,,,,,,,,,,,,,,,,,,,,,,,,,,,,
,,,,,,,,D&A,,,,,,,,,,,,,,,,,,,,,,,,,,,,,,,,,,,,,,,,,,,,,,,,,,,,,,,51,40,45,48,70,54,81,104,101,87,61,68,91,85,83,78,81,84,79,83,320,92,94,95,95,102,102,102,102,100.8,100.8,126.3,126.3,170,170,170,170,252.5,252.5,252.5,252.5,309.375,309.375,309.375,309.375,362.5,362.5,362.5,362.5,462.5,462.5,462.5,462.5,,,,,,,,,,,,,,,,,,24,148,203,340,307,327,566,376,408,454.2,680,1010,1237.5,1450,1850,2137.5,2050,2050,2050,2050,2050,2050,2050,,,,,,,,,,
,,,,,,,,% of Other Bets revenue,,,,,,,,,,,,,,,,,,,,,,,,,,,,,,,,,,,,,,,,,,,,,,,,,,,,,,,0.481132075471698,0.5,0.6,0.338028169014085,0.463576158940397,0.325301204819277,0.437837837837838,0.527918781725888,0.385496183206107,0.659090909090909,0.628865979381443,0.581196581196581,0.694656488549618,0.566666666666667,0.572413793103448,0.534246575342466,0.525974025974026,0.494117647058824,0.487654320987654,0.535483870967742,1.86046511627907,0.681481481481482,0.635135135135135,0.533707865168539,0.48469387755102,0.515151515151515,0.53125,0.56043956043956,0.56353591160221,0.229090909090909,0.522279792746114,0.604306220095694,0.558849557522124,0.590277777777778,0.596491228070175,0.572390572390572,0.258751902587519,0.51010101010101,0.691780821917808,0.650773195876289,0.63125,0.6875,0.829423592493298,0.899345930232558,0.836148648648649,0.664179733448641,0.633207681638899,0.600231151086046,0.56598794953105,0.472091482653062,0.449604008231885,0.430760289582679,0.413063340248981,,,,,,,,,,,,,,,,,,2,0.452599388379205,0.453125,0.419753086419753,0.643605870020964,0.549579831932773,0.858877086494689,0.572298325722983,0.541832669322709,0.425280898876404,0.445317616240995,0.612864077669903,0.805139882888744,0.613711153671157,0.440294621360905,0.358602913248125,0.249769055003045,0.176678338641009,0.14219491340009,0.114162401787313,0.0909093343208493,0.0728934953155723,0.0578347478311941,,,,,,,,,,
,,,,,,,,Period-to-period addition,,,,,,,,,,,,,,,,,,,,,,,,,,,,,,,,,,,,,,,,,,,,,,,,,,,,,,,,-11,5,3,22,-16,27,23,-3,-14,-26,7,23,-6,-2,-5,3,3,-5,4,237,-228,2,1,0,7,0,0,0,-1.2,0,25.5,0,43.7,0,0,0,82.5,0,0,0,56.875,0,0,0,53.125,0,0,0,100,0,0,0,,,,,,,,,,,,,,,,,,,124,55,137,-33,20,239,-190,32,46.2,225.8,330,227.5,212.5,400,287.5,-87.5,0,0,0,0,0,0,,,,,,,,,,
,,,,,,,,% change Y/Y,,,,,,,,,,,,,,,,,,,,,,,,,,,,,,,,,,,,,,,,,,,,,,,,,,,,,,,,,,,0.372549019607843,0.35,0.8,1.16666666666667,0.442857142857143,0.611111111111111,-0.246913580246914,-0.346153846153846,-0.099009900990099,-0.0229885057471264,0.360655737704918,0.147058823529412,-0.10989010989011,-0.0117647058823529,-0.0481927710843374,0.0641025641025641,2.95061728395062,0.0952380952380953,0.189873417721519,0.144578313253012,-0.703125,0.108695652173913,0.0851063829787233,0.0736842105263158,0.0736842105263158,-0.011764705882353,-0.011764705882353,0.238235294117647,0.238235294117647,0.686507936507937,0.686507936507937,0.346001583531275,0.346001583531275,0.485294117647059,0.485294117647059,0.485294117647059,0.485294117647059,0.225247524752475,0.225247524752475,0.225247524752475,0.225247524752475,0.171717171717172,0.171717171717172,0.171717171717172,0.171717171717172,0.275862068965517,0.275862068965517,0.275862068965517,0.275862068965517,,,,,,,,,,,,,,,,,,,5.16666666666667,0.371621621621622,0.67487684729064,-0.0970588235294118,0.0651465798045603,0.730886850152905,-0.335689045936396,0.0851063829787233,0.113235294117647,0.497137824746808,0.485294117647059,0.225247524752475,0.171717171717172,0.275862068965517,0.155405405405405,-0.0409356725146199,0,0,0,0,0,0,,,,,,,,,,
,,,,,,,,% change Q/Q,,,,,,,,,,,,,,,,,,,,,,,,,,,,,,,,,,,,,,,,,,,,,,,,,,,,,,,,-0.215686274509804,0.125,0.0666666666666667,0.458333333333333,-0.228571428571429,0.5,0.283950617283951,-0.0288461538461539,-0.138613861386139,-0.298850574712644,0.114754098360656,0.338235294117647,-0.0659340659340659,-0.0235294117647059,-0.0602409638554217,0.0384615384615386,0.037037037037037,-0.0595238095238095,0.0506329113924051,2.85542168674699,-0.7125,0.0217391304347827,0.0106382978723405,0,0.0736842105263158,0,0,0,-0.011764705882353,0,0.25297619047619,0,0.346001583531275,0,0,0,0.485294117647059,0,0,0,0.225247524752475,0,0,0,0.171717171717172,0,0,0,0.275862068965517,0,0,0,,,,,,,,,,,,,,,,,,,,,,,,,,,,,,,,,,,,,,,,,,,,,,,,,,
,,,,,,,,% of Capex,,,,,,,,,,,,,,,,,,,,,,,,,,,,,,,,,,,,,,,,,,,,,,,,,,,,,,,0.359154929577465,0.254777070063694,0.192307692307692,0.172043010752688,0.351758793969849,0.192857142857143,0.289285714285714,0.320987654320988,0.200396825396825,0.520958083832335,0.412162162162162,0.931506849315068,0.866666666666667,1.54545454545455,8.3,1.41818181818182,1.32786885245902,1.42372881355932,7.9,1.16901408450704,3.72093023255814,0.884615384615385,0.979166666666667,0.791666666666667,0.791666666666667,0.6375,0.6375,0.6375,0.6375,0.63,0.63,0.682702702702703,0.682702702702703,0.453333333333333,0.453333333333333,0.453333333333333,0.453333333333333,0.404,0.404,0.404,0.404,0.45,0.45,0.45,0.45,0.483333333333333,0.483333333333333,0.483333333333333,0.483333333333333,0.4625,0.4625,0.4625,0.4625,,,,,,,,,,,,,,,,,,0.128342245989305,0.295409181636727,0.233601841196778,0.244956772334294,0.622718052738337,1.80662983425414,2.50442477876106,0.854545454545455,0.6375,0.658260869565217,0.453333333333333,0.404,0.45,0.483333333333333,0.4625,0.502941176470588,0.455555555555556,0.455555555555556,0.455555555555556,0.455555555555556,0.455555555555556,0.455555555555556,0.455555555555556,,,,,,,,,,
,,,,,,,,,,,,,,,,,,,,,,,,,,,,,,,,,,,,,,,,,,,,,,,,,,,,,,,,,,,,,,,,,,,,,,,,,,,,,,,,,,,,,,,,,,,,,,,,,,,,,,,,,,,,,,,,,,,,,,,,,,,,,,,,,,,,,,,,,,,,,,,,,,,,,,,,,,,,,,,,,,,,,
,,,,,,,,Waymo D&A,,,,,,,,,,,,,,,,,,,,,,,,,,,,,,,,,,,,,,,,,,,,,,,,,,,,,,,,,,,,,,,,,,,,,,,0,6,6,6,6,8,8,8,8,15,15,15,15,13.8,13.8,13.8,13.8,57.5,57.5,57.5,57.5,140,140,140,140,196.875,196.875,196.875,196.875,250,250,250,250,350,350,350,350,,,,,,,,,,,,,,,,,,,,,,,0,24,32,60,55.2,230,560,787.5,1000,1400,1687.5,1600,1600,1600,1600,1600,1600,1600,,,,,,,,,,
,,,,,,,,% of Waymo capex,,,,,,,,,,,,,,,,,,,,,,,,,,,,,,,,,,,,,,,,,,,,,,,,,,,,,,,,,,,,,,,,,,,,,,,1,0.75,0.75,0.75,0.75,0.4,0.4,0.4,0.4,0.25,0.25,0.25,0.25,0.23,0.23,0.23,0.23,0.23,0.23,0.23,0.23,0.28,0.28,0.28,0.28,0.35,0.35,0.35,0.35,0.4,0.4,0.4,0.4,0.4,0.4,0.4,0.4,,,,,,,,,,,,,,,,,,,,,,,,0.75,0.4,0.25,0.23,0.23,0.28,0.35,0.4,0.4,0.45,0.4,0.4,0.4,0.4,0.4,0.4,0.4,,,,,,,,,,
,,,,,,,,% of Waymo revenue,,,,,,,,,,,,,,,,,,,,,,,,,,,,,,,,,,,,,,,,,,,,,,,,,,,,,,,,,,,,,,,,,,,,,,,N/A,750,545.454545454546,461.538461538462,400,421.052631578947,320,266.666666666667,222.222222222222,340.909090909091,277.777777777778,214.285714285714,163.04347826087,125.454545454545,84.6625766871166,46,20.5052005943536,47.9166666666667,25.5442025766326,9.58333333333333,6.13137129451909,11.6666666666667,8,5,3.58974358974359,3.9375,3.17540322580645,2.66047297297297,2.16782100267571,2.34514976126375,2.02759146465097,1.72710378512066,1.4595131064277,,,,,,,,,,,,,,,,,,,,,,,,,,,N/A,510.63829787234,290.909090909091,230.769230769231,44.3017656500803,12.2151999575123,5.80310880829016,2.84483973166388,1.83169305220508,1.35265700483092,1.05872388481084,0.669218060522408,0.446145373681606,0.307686464608004,0.212197561798623,0.146343146068016,0.104530818620011,0.0746648704428653,,,,,,,,,,
,,,,,,,,Waymo Depreciable Lifes,,,,,,,,,,,,,,,,,,,,,,,,,,,,,,,,,,,,,,,,,,,,,,,,,,,,,,,,,,,,,,,,,,,,,,,,,,,,,,,,,,,,,,,,,,,,,,,,,,,,,,,,,,,,,,,,,,,,,,,,,,,,,,,,,,,5.33333333333333,5.25,5,5.52173913043478,3.8695652173913,2.78571428571429,3.83809523809524,4.5225,4.73035714285714,5.14666666666667,6.928125,8.428125,9.928125,11.428125,12.928125,14.428125,15.928125,,,,,,,,,,
,,,,,,,,,,,,,,,,,,,,,,,,,,,,,,,,,,,,,,,,,,,,,,,,,,,,,,,,,,,,,,,,,,,,,,,,,,,,,,,,,,,,,,,,,,,,,,,,,,,,,,,,,,,,,,,,,,,,,,,,,,,,,,,,,,,,,,,,,,,,,,,,,,,,,,,,,,,,,,,,,,,,,
,,,,,,,,Non-Core D&A ex-Waymo,,,,,,,,,,,,,,,,,,,,,,,,,,,,,,,,,,,,,,,,,,,,,,,,,,,,,,,,,,,,,,,,,,,,85,83,78,81,78,73,77,314,84,86,87,87,87,87,87,87,87,87,112.5,112.5,112.5,112.5,112.5,112.5,112.5,112.5,112.5,112.5,112.5,112.5,112.5,112.5,112.5,112.5,112.5,112.5,112.5,112.5,112.5,112.5,,,,,,,,,,,,,,,,,,,,,,,327,542,344,348,399,450,450,450,450,450,450,450,450,450,450,450,450,450,,,,,,,,,,
,,,,,,,,% of non-Waymo capex,,,,,,,,,,,,,,,,,,,,,,,,,,,,,,,,,,,,,,,,,,,,,,,,,,,,,,,,,,,,,,,,,,,,,,1.41818181818182,1.32786885245902,1.52941176470588,36.5,1.22222222222222,4.02564102564103,1,1.13157894736842,0.87,0.87,0.87,0.87,0.87,0.87,0.87,0.87,0.9,0.9,0.9,0.9,0.9,0.9,0.9,0.9,0.9,0.9,0.9,0.9,0.9,0.9,0.9,0.9,0.9,0.9,0.9,0.9,0.9,0.9,,,,,,,,,,,,,,,,,,,,,,,1.80662983425414,2.79381443298969,0.955555555555556,0.87,0.886666666666667,0.9,0.9,0.9,0.9,0.9,0.9,0.9,0.9,0.9,0.9,0.9,0.9,0.9,,,,,,,,,,
,,,,,,,,% of non-Waymo revenue,,,,,,,,,,,,,,,,,,,,,,,,,,,,,,,,,,,,,,,,,,,,,,,,,,,,,,,,,,,,,,,,,,,,,,0.584269662921348,0.57243816254417,0.537960715073935,0.532889502076809,0.592366929000592,2.13627240874919,0.861706383808127,0.778456664403711,0.619349327258489,0.549020597738288,0.618310519807258,0.645898913108036,0.697786333012512,0.703553348752204,0.236483731550192,0.7199781523871,2.4617067833698,1.80499622956343,0.766348773841962,0.788096589117962,0.938673341677096,0.279071844255585,0.472689075630252,1.17801047120419,1.08932461873638,2.03160270880361,4.5,3.125,1.60714285714286,3.85498406606586,2.87114309777199,2.28737571925259,1.90088369971107,1.6261220241967,1.36889624374871,1.16964536352578,1.01184533606756,0.884552180715976,,,,,,,,,,,,,,,,,,,,,,,0.6,0.969670079595243,0.678648227426069,0.664451827242525,0.668617219155632,0.553831839423227,0.914355379457483,2.80928687813314,2.07629699352195,1.07983068254898,0.729652426013244,0.550976330056861,0.442594508680754,0.369843153627915,0.317632410364134,0.278339267114154,0.247697513997662,0.223133267087546,,,,,,,,,,
,,,,,,,,,,,,,,,,,,,,,,,,,,,,,,,,,,,,,,,,,,,,,,,,,,,,,,,,,,,,,,,,,,,,,,,,,,,,,,,,,,,,,,,,,,,,,,,,,,,,,,,,,,,,,,,,,,,,,,,,,,,,,,,,,,,,,,,,,,,,,,,,,,,,,,,,,,,,,,,,,,,,,
,,,,,,,,Adj EBITDA,,,,,,,,,,,,,,,,,,,,,,,,,,,,,,,,,,,,,,,,,,,,,,,,,,,,,,,-482,-476,-529,-827,-1034,-603,-628,-561,-826,-530,-491,-488,-555,-374,-522,-524,-1122,-661,-785,-741,-1597,-894,-886,-878,-903.384,-920.2823,-1177.7868,-1075.294,-1238.0539,-474.52015,-1139.089495,-1022.4545,-1023.540645,-934.5268,-909.510539,-908.87635,-398.450742,-581.38335,-763.985225,-738.14694875,-804.86729375,-801.3395625,-837.8727825,-1017.858765,-3211.0314213825,-1128.98144,-1121.027968,-1111.971104,-1101.734056,-959.201339,-946.363339,-984.945839,-972.473839,,,,,,,,,,,,,,,,,,-379,-1447,-2866,-2618,-2064,-2542,-3784,-3561.384,-4411.417,-3659.60479,-3151.364431,-2888.3828175,-5868.1025313825,-4463.714568,-3862.984356,-2590.1370704,-1287.50056086,521.8299981635,1949.24555851488,3388.97814404292,4788.655762846,6068.81010207303,6739.57898842816,,,,,,,,,,
,,,,,,,,% Adj EBITDA Margin,,,,,,,,,,,,,,,,,,,,,,,,,,,,,,,,,,,,,,,,,,,,,,,,,,,,,,,-4.54716981132076,-5.95,-7.05333333333333,-5.82394366197183,-6.8476821192053,-3.63253012048193,-3.39459459459459,-2.84771573604061,-3.15267175572519,-4.01515151515152,-5.06185567010309,-4.17094017094017,-4.23664122137405,-2.49333333333333,-3.6,-3.58904109589041,-7.28571428571429,-3.88823529411765,-4.84567901234568,-4.78064516129032,-9.28488372093023,-6.62222222222222,-5.98648648648649,-4.93258426966292,-4.60910204081633,-4.6478904040404,-6.13430625,-5.90820879120879,-6.84007679558011,-1.07845488636364,-5.90201810880829,-4.89212679425837,-4.52894090707965,-3.24488472222222,-3.19126504912281,-3.06018973063973,-0.606469926940639,-1.17451181818182,-2.09311020547945,-1.90244058956186,-2.012168234375,-1.78075458333333,-2.24630772788204,-2.95889175872093,-8.67846330103378,-2.06854232244873,-1.95818902253695,-1.84121295373336,-1.72018813595577,-0.979093583332568,-0.919975676666184,-0.917352550985719,-0.868526037280195,,,,,,,,,,,,,,,,,,-31.5833333333333,-4.42507645259939,-6.39732142857143,-3.2320987654321,-4.32704402515723,-4.27226890756303,-5.74203338391502,-5.42067579908676,-5.85845551128818,-3.42659624531835,-2.06376190635232,-1.75265947663835,-3.81789364436077,-1.88926304633519,-0.919379045593579,-0.434540677968377,-0.15686721873263,0.0449736864041795,0.135206245555382,0.188728724160317,0.212357808630258,0.215793551583687,0.190137488431296,,,,,,,,,,
,,,,,,,,Period-to-period addition,,,,,,,,,,,,,,,,,,,,,,,,,,,,,,,,,,,,,,,,,,,,,,,,,,,,,,,,6,-53,-298,-207,431,-25,67,-265,296,39,3,-67,181,-148,-2,-598,461,-124,44,-856,703,8,8,-25.384,-16.8983000000001,-257.5045,102.4928,-162.7599,763.53375,-664.569345,116.634995,-1.08614499999999,89.013845,25.0162610000002,0.634188999999878,510.425608,-182.932608,-182.601875,25.83827625,-66.7203450000001,3.52773124999999,-36.53322,-179.9859825,-2193.1726563825,2082.0499813825,7.95347200000015,9.05686399999991,10.237048,142.532717,12.838,-38.5825,12.472,,,,,,,,,,,,,,,,,,,-1068,-1419,248,554,-478,-1242,222.616,-850.033,751.81221,508.240359,262.9816135,-2979.7197138825,1404.3879633825,600.730212,1272.8472856,1302.63650954,1809.3305590235,1427.41556035138,1439.73258552804,1399.67761880307,1280.15433922703,670.768886355132,,,,,,,,,,
,,,,,,,,% change Y/Y,,,,,,,,,,,,,,,,,,,,,,,,,,,,,,,,,,,,,,,,,,,,,,,,,,,,,,,,,,,1.14522821576763,0.266806722689076,0.187145557655955,-0.321644498186215,-0.201160541586074,-0.12106135986733,-0.218152866242038,-0.130124777183601,-0.328087167070218,-0.29433962264151,0.0631364562118126,0.0737704918032787,1.02162162162162,0.767379679144385,0.503831417624521,0.41412213740458,0.423351158645276,0.35249621785174,0.128662420382166,0.184885290148448,-0.434324358171572,0.0293985458612975,0.329330474040632,0.224708428246014,0.37046250542405,-0.484375446534178,-0.0328559506695101,-0.0491395841509392,-0.173266491063111,0.969414365227694,-0.201546021631953,-0.111083818399743,-0.610713317593753,-0.377884775482094,-0.160003988694847,-0.187846676008238,1.01999195611989,0.378332493526002,0.0967133330359891,0.378937847976846,2.98951659027144,0.408867717048476,0.337945319879154,0.0924610979795415,-0.656890914033581,-0.150383429686851,-0.155807556979702,-0.114234321865975,-0.117324336391395,,,,,,,,,,,,,,,,,,,2.8179419525066,0.980649619903248,-0.0865317515701326,-0.21161191749427,0.231589147286822,0.488591660110149,-0.058830866807611,0.238680524200704,-0.170424199299227,-0.138878482285515,-0.0834500798806535,1.0316221575025,-0.239325737045639,-0.134580785318709,-0.329498431341822,-0.502921843182157,-1.40530467638394,2.73540341754011,0.738610165989019,0.413008747566991,0.267330625258017,0.110527249176244,,,,,,,,,,
,,,,,,,,% change Q/Q,,,,,,,,,,,,,,,,,,,,,,,,,,,,,,,,,,,,,,,,,,,,,,,,,,,,,,,,-0.0124481327800829,0.111344537815126,0.563327032136106,0.250302297460701,-0.416827852998066,0.0414593698175787,-0.106687898089172,0.472370766488414,-0.358353510895884,-0.0735849056603773,-0.00610997963340121,0.137295081967213,-0.326126126126126,0.39572192513369,0.00383141762452111,1.1412213740458,-0.410873440285205,0.187594553706505,-0.0560509554140127,1.15519568151147,-0.440200375704446,-0.00894854586129756,-0.00902934537246047,0.0289111617312072,0.0187055559983351,0.279810336458715,-0.087021522061548,0.151363162074744,-0.616720927901443,1.40050816598621,-0.102393179387542,0.00106229176946249,-0.0869665952542608,-0.0267689070019183,-0.000697286037715572,-0.561600714992749,0.459109718510701,0.31408170701827,-0.0338203873641667,0.0903889735139951,-0.00438299739273007,0.0455901863699635,0.214813019660296,2.1546925092132,-0.64840535895039,-0.00704482086082847,-0.00807907051253864,-0.00920621764646135,-0.129371254545298,-0.013384051374849,0.040769225106257,-0.0126626251984197,,,,,,,,,,,,,,,,,,,,,,,,,,,,,,,,,,,,,,,,,,,,,,,,,,
,,,,,,,,,,,,,,,,,,,,,,,,,,,,,,,,,,,,,,,,,,,,,,,,,,,,,,,,,,,,,,,,,,,,,,,,,,,,,,,,,,,,,,,,,,,,,,,,,,,,,,,,,,,,,,,,,,,,,,,,,,,,,,,,,,,,,,,,,,,,,,,,,,,,,,,,,,,,,,,,,,,,,
,,,,,,,,CapEx,,,,,,,,,,,,,,,,,,,,,,,,,,,,,,,,,,,,,,,,,,,,,,,,,,,,,,,142,157,234,279,199,280,280,324,504,167,148,73,105,55,10,55,61,59,10,71,86,104,96,120,120,160,160,160,160,160,160,185,185,375,375,375,375,625,625,625,625,687.5,687.5,687.5,687.5,750,750,750,750,1000,1000,1000,1000,,,,,,,,,,,,,,,,,,187,501,869,1388,493,181,226,440,640,690,1500,2500,2750,3000,4000,4250,4500,4500,4500,4500,4500,4500,4500,,,,,,,,,,
,,,,,,,,% of Other Bets revenue,,,,,,,,,,,,,,,,,,,,,,,,,,,,,,,,,,,,,,,,,,,,,,,,,,,,,,,1.33962264150943,1.9625,3.12,1.96478873239437,1.31788079470199,1.68674698795181,1.51351351351351,1.64467005076142,1.9236641221374,1.26515151515152,1.52577319587629,0.623931623931624,0.801526717557252,0.366666666666667,0.0689655172413793,0.376712328767123,0.396103896103896,0.347058823529412,0.0617283950617284,0.458064516129032,0.5,0.77037037037037,0.648648648648649,0.674157303370787,0.612244897959184,0.808080808080808,0.833333333333333,0.879120879120879,0.883977900552486,0.363636363636364,0.829015544041451,0.885167464114833,0.81858407079646,1.30208333333333,1.31578947368421,1.26262626262626,0.570776255707763,1.26262626262626,1.71232876712329,1.61082474226804,1.5625,1.52777777777778,1.84316353887399,1.99854651162791,1.85810810810811,1.37416496575581,1.31008485856324,1.24185755397113,1.1710095507539,1.02073834087149,0.972116774555427,0.931373599097685,0.893109924862662,,,,,,,,,,,,,,,,,,15.5833333333333,1.53211009174312,1.93973214285714,1.71358024691358,1.0335429769392,0.304201680672269,0.342943854324734,0.669710806697108,0.849933598937583,0.646067415730337,0.982318271119843,1.51699029126214,1.78919973975277,1.26974721449205,0.951988370510066,0.71301164037639,0.548273535372537,0.387830499455874,0.312135175756294,0.250600394167272,0.19955707533845,0.160010111668329,0.126954324507499,,,,,,,,,,
,,,,,,,,,,,,,,,,,,,,,,,,,,,,,,,,,,,,,,,,,,,,,,,,,,,,,,,,,,,,,,,,,,,,,,,,,,,,,,,,,,,,,,,,,,,,,,,,,,,,,,,,,,,,,,,,,,,,,,,,,,,,,,,,,,,,,,,,,,,,,,,,,,,,,,,,,,,,,,,,,,,,,
,,,,,,,,Waymo Capex,,,,,,,,,,,,,,,,,,,,,,,,,,,,,,,,,,,,,,,,,,,,,,,,,,,,,,,,,,,,,,,,,,,,,,,0,8,8,8,8,20,20,20,20,60,60,60,60,60,60,60,60,250,250,250,250,500,500,500,500,562.5,562.5,562.5,562.5,625,625,625,625,875,875,875,875,,,,,,,,,,,,,,,,,,,,,,,0,32,80,240,240,1000,2000,2250,2500,3500,3750,4000,4000,4000,4000,4000,4000,4000,,,,,,,,,,
,,,,,,,,% of Waymo revenue,,,,,,,,,,,,,,,,,,,,,,,,,,,,,,,,,,,,,,,,,,,,,,,,,,,,,,,,,,,,,,,,,,,,,,,,1000,727.272727272727,615.384615384615,533.333333333333,1052.63157894737,800,666.666666666667,555.555555555556,1363.63636363636,1111.11111111111,857.142857142857,652.173913043478,545.454545454546,368.098159509202,200,89.1530460624071,208.333333333333,111.061750333185,41.6666666666667,26.6581360631265,41.6666666666667,28.5714285714286,17.8571428571429,12.8205128205128,11.25,9.07258064516129,7.60135135135135,6.19377429335917,5.86287440315939,5.06897866162743,4.31775946280164,3.64878276606924,4.16666666666667,3.57142857142857,3.18181818181818,2.86885245901639,,,,,,,,,,,,,,,,,,,,,,,,680.851063829787,727.272727272727,923.076923076923,192.616372391653,53.1095650326624,20.7253886010363,8.12811351903966,4.57923263051271,3.38164251207729,2.35271974402409,1.67304515130602,1.11536343420401,0.76921616152001,0.530493904496558,0.36585786517004,0.261327046550029,0.186662176107163,,,,,,,,,,
,,,,,,,,Waymo Ride-Hailing Fleet,,,,,,,,,,,,,,,,,,,,,,,,,,,,,,,,,,,,,,,,,,,,,,,,,,,,,,,,,,,,,,,,,,,,,,,120,160,200,240,280,380,480,580,680,980,1280,1580,1880,2180,2480,2780,3080,4330,5580,6830,8080,10580,13080,15580,18080,21294.2857142857,24508.5714285714,27722.8571428571,30937.1428571429,34508.5714285714,38080,41651.4285714286,45222.8571428571,50222.8571428571,55222.8571428571,60222.8571428571,65222.8571428571,,,,,,,,,,,,,,,,,,,,,,,120,280,680,1880,3080,8080,18080,30937.1428571429,45222.8571428571,65222.8571428571,86651.4285714286,109508.571428571,132365.714285714,155222.857142857,178080,200937.142857143,223794.285714286,246651.428571429,,,,,,,,,,
,,,,,,,,Cost per vehicle ,,,,,,,,,,,,,,,,,,,,,,,,,,,,,,,,,,,,,,,,,,,,,,,,,,,,,,,,,,,,,,,,,,,,,,,0.2,0.2,0.2,0.2,0.2,0.2,0.2,0.2,0.2,0.2,0.2,0.2,0.2,0.2,0.2,0.2,0.2,0.2,0.2,0.2,0.2,0.2,0.2,0.2,0.2,0.175,0.175,0.175,0.175,0.175,0.175,0.175,0.175,0.175,0.175,0.175,0.175,,,,,,,,,,,,,,,,,,,,,,,0.2,0.2,0.2,0.2,0.2,0.2,0.2,0.175,0.175,0.175,0.175,0.175,0.175,0.175,0.175,0.175,0.175,0.175,,,,,,,,,,
,,,,,,,,Waymo est. Gross PP&E,,,,,,,,,,,,,,,,,,,,,,,,,,,,,,,,,,,,,,,,,,,,,,,,,,,,,,,,,,,,,,,,,,,,,,,,,,,,,,,,,,,,,,,,,,,,,,,,,,,,,,,,,,,,,,,,,,,,,,,,,,,,,,,,,,120,128,168,300,304.8,890,1560,3022.5,4522.5,6622.5,8685,11085,13485,15885,18285,20685,23085,25485,,,,,,,,,,
,,,,,,,,,,,,,,,,,,,,,,,,,,,,,,,,,,,,,,,,,,,,,,,,,,,,,,,,,,,,,,,,,,,,,,,,,,,,,,,,,,,,,,,,,,,,,,,,,,,,,,,,,,,,,,,,,,,,,,,,,,,,,,,,,,,,,,,,,,,,,,,,,,,,,,,,,,,,,,,,,,,,,
,,,,,,,,Non-Core Capex ex-Waymo,,,,,,,,,,,,,,,,,,,,,,,,,,,,,,,,,,,,,,,,,,,,,,,,,,,,,,,142,157,234,279,199,280,280,324,504,167,148,73,105,55,10,55,61,51,2,63,78,84,76,100,100,100,100,100,100,100,100,125,125,125,125,125,125,125,125,125,125,125,125,125,125,125,125,125,125,125,125,125,125,,,,,,,,,,,,,,,,,,187,501,869,1388,493,181,194,360,400,450,500,500,500,500,500,500,500,500,500,500,500,500,500,,,,,,,,,,
,,,,,,,,% of non-Waymo revenue,,,,,,,,,,,,,,,,,,,,,,,,,,,,,,,,,,,,,,,,,,,,,,,,,,,,,,,1.33962264150943,1.9625,3.12,1.96478873239437,1.31788079470199,1.68674698795181,1.51351351351351,1.64467005076142,1.9236641221374,1.26515151515152,1.52577319587629,0.623931623931624,0.801526717557252,0.4,0.0754716981132075,0.411985018726592,0.431095406360424,0.351743544471419,0.014599712385666,0.484663851000485,0.530666394530054,0.861706383808127,0.687938447612582,0.711895778458034,0.631058158319871,0.710701746904894,0.74241254380234,0.802053256336221,0.808682010060004,0.271820381092174,0.827561094697816,2.73522975929978,2.00555136618159,0.85149863760218,0.875662876797736,1.04297037964122,0.31007982695065,0.525210084033614,1.30890052356021,1.21036068748487,2.25733634311512,5,3.47222222222222,1.78571428571429,4.28331562896207,3.19015899752444,2.54152857694732,2.11209299967896,1.80680224910744,1.52099582638745,1.29960595947309,1.12427259563063,0.982835756351085,,,,,,,,,,,,,,,,,,,,1.93973214285714,1.71358024691358,1.0335429769392,0.332110091743119,0.347077482364349,0.710213261259839,0.763737732462672,0.754079570476277,0.615368710470253,1.01595042161943,3.12142986459237,2.30699665946884,1.19981186949886,0.810724917792493,0.612195922285401,0.491771676311949,0.41093683736435,0.352924900404593,0.30926585234906,0.275219459997402,0.247925852319495,,,,,,,,,,
,,,,,,,,,,,,,,,,,,,,,,,,,,,,,,,,,,,,,,,,,,,,,,,,,,,,,,,,,,,,,,,,,,,,,,,,,,,,,,,,,,,,,,,,,,,,,,,,,,,,,,,,,,,,,,,,,,,,,,,,,,,,,,,,,,,,,,,,,,,,,,,,,,,,,,,,,,,,,,,,,,,,,
,,,,,,,,Other Bets Opex Sanity Check ,,,,,,,,,,,,,,,,,,,,,,,,,,,,,,,,,,,,,,,,,,,,,,,,,,,,,,,,,,,,,,,,,,,,,,,,,,,,,,,,,,,,,,,,,,,,,,,,,,,,,,,,,,,,,,,,,,,,,,,,,,,,,,,,,,,,,,,,,,,,,,,,,,,,,,,,,,,,,
,,,,,,,,Other Bets Opex (non-GAAP),,,,,,,,,,,,,,,,,,,,,,,,,,,,,,,,,,,,,,,,,,,,,,,,,,,,,,,,596,649,1017,1255,823,894,862,1189,749,649,673,777,609,750,748,1357,915,1026,979,2089,1121,1128,1151,1194.384,1220.2823,1471.7868,1359.294,1521.0539,1015.32015,1432.889495,1357.7545,1375.840645,1392.5268,1364.510539,1375.87635,1225.450742,1328.88335,1381.485225,1378.64694875,1457.36729375,1560.7145625,1520.2477825,1671.233765,3890.4064213825,2037.26744,2056.009968,2078.405104,2104.707056,2401.384339,2437.546339,2521.128839,2554.656839,,,,,,,,,,,,,,,,,,415,1922,3517,3768,2848,3464,5009,4594.384,5572.417,5181.80479,5358.364431,5546.3828175,8642.6025313825,8276.389568,9914.716356,10688.2690704,11545.08256086,13131.1770018365,14517.5851914851,16617.8970434571,19811.283859029,24104.412568552,30756.2399504469,,,,,,,,,,
,,,,,,,,Other Bets D&A,,,,,,,,,,,,,,,,,,,,,,,,,,,,,,,,,,,,,,,,,,,,,,,,,,,,,,,,40,45,48,70,54,81,104,101,87,61,68,91,85,83,78,81,84,79,83,320,92,94,95,95,102,102,102,102,100.8,100.8,126.3,126.3,170,170,170,170,252.5,252.5,252.5,252.5,309.375,309.375,309.375,309.375,362.5,362.5,362.5,362.5,462.5,462.5,462.5,462.5,,,,,,,,,,,,,,,,,,24,148,203,340,307,327,566,376,408,454.2,680,1010,1237.5,1450,1850,2137.5,2050,2050,2050,2050,2050,2050,2050,,,,,,,,,,
,,,,,,,,Other Bets Google Opex (ex-D&A),,,,,,,,,,,,,,,,,,,,,,,,,,,,,,,,,,,,,,,,,,,,,,,,,,,,,,,,556,604,969,1185,769,813,758,1088,662,588,605,686,524,667,670,1276,831,947,896,1769,1029,1034,1056,1099.384,1118.2823,1369.7868,1257.294,1419.0539,914.52015,1332.089495,1231.4545,1249.540645,1222.5268,1194.510539,1205.87635,1055.450742,1076.38335,1128.985225,1126.14694875,1204.86729375,1251.3395625,1210.8727825,1361.858765,3581.0314213825,1674.76744,1693.509968,1715.905104,1742.207056,1938.884339,1975.046339,2058.628839,2092.156839,,,,,,,,,,,,,,,,,,391,1774,3314,3428,2541,3137,4443,4218.384,5164.417,4727.60479,4678.364431,4536.3828175,7405.1025313825,6826.389568,8064.716356,8550.7690704,9495.08256086,11081.1770018365,12467.5851914851,14567.8970434571,17761.283859029,22054.412568552,28706.2399504469,,,,,,,,,,
,,,,,,,,Y/Y % Growth,,,,,,,,,,,,,,,,,,,,,,,,,,,,,,,,,,,,,,,,,,,,,,,,,,,,,,,,,,,,0.383093525179856,0.346026490066225,-0.217750257997936,-0.0818565400843881,-0.139141742522757,-0.276752767527675,-0.201846965699208,-0.369485294117647,-0.208459214501511,0.134353741496599,0.107438016528926,0.860058309037901,0.58587786259542,0.419790104947526,0.337313432835821,0.386363636363636,0.238267148014441,0.091869060190074,0.178571428571429,-0.378527981910684,0.0867660835762878,0.324745454545455,0.190619318181818,0.290771832226046,-0.182209939297081,-0.0275205637840869,-0.0205516768552145,-0.119455120767435,0.336795914228899,-0.103280565244605,-0.02077068214863,-0.155329003323457,-0.119542123739128,-0.0548553669981475,-0.0661173935868301,0.141566579854657,0.162540801564796,0.0725320010277373,0.209308222618403,1.9721376287317,0.338379677418694,0.398586203666693,0.259972875381097,-0.513490151022635,0.15770362660024,0.166244295173821,0.199733501696024,0.200865782166824,,,,,,,,,,,,,,,,,,,3.53708439897698,0.868094701240135,0.0343995171997586,-0.258751458576429,0.234553325462416,0.416321326107746,-0.0505550303848751,0.224264315434536,-0.084581126969414,-0.0104154981618081,-0.0303485578334161,0.63238042936232,-0.0781505672514241,0.181402888842573,0.0602690402171906,0.110436088576981,0.167043775639676,0.125113802389299,0.168461800718747,0.219207124133691,0.241712746871086,0.301609818952054,,,,,,,,,,
,,,,,,,,,,,,,,,,,,,,,,,,,,,,,,,,,,,,,,,,,,,,,,,,,,,,,,,,,,,,,,,,,,,,,,,,,,,,,,,,,,,,,,,,,,,,,,,,,,,,,,,,,,,,,,,,,,,,,,,,,,,,,,,,,,,,,,,,,,,,,,,,,,,,,,,,,,,,,,,,,,,,,
,,,,,,,,Reconciling items,,,,,,,,,,,,,,,,,,,,,,,,,,,,,,,,,,,,,,,,,,,,,,,,,,,,,,,,,,,,,,,,,,,,,,,,,,,,,,,,,,,,,,,,,,,,,,,,,,,,,,,,,,,,,,,,,,,,,,,,,,,,,,,,,,,,,,,,,,,,,,,,,,,,,,,,,,,,,
,,,,,,,,,,,,,,,,,,,,,,,,,,,,,,,,,,,,,,,,,,,,,,,,,,,,,,,,,,,,,,,,,,,,,,,,,,,,,,,,,,,,,,,,,,,,,,,,,,,,,,,,,,,,,,,,,,,,,,,,,,,,,,,,,,,,,,,,,,,,,,,,,,,,,,,,,,,,,,,,,,,,,
,,,,,,,,GAAP Operating Income,,,,,,,,,,,,,,,,,,,,,,,,,,,,,,,,,,,,,,,,,,,,,,,,,,,,,,,,-108,-122,-118,-151,-128,-167,-146,-156,-175,-2899,-150,-183,-164,-5182,-138,-27,-1849,-219,-747,-167,-172,-73,-273,-125,-125,-125,-125,-125,-125,-125,-125,-125,-125,-125,-125,-125,-125,-125,-125,-125,-125,-125,-125,-125,-125,-125,-125,-125,-125,-125,-125,-125,,,,,,,,,,,,,,,,,,-330,-573,-498,-597,-3407,-5511,-2982,-643,-500,-500,-500,-500,-500,-500,-500,-500,-500,-500,-500,-500,-500,-500,-500,,,,,,,,,,
,,,,,,,,Non-GAAP Operating Income,,,,,,,,,,,,,,,,,,,,,,,,,,,,,,,,,,,,,,,,,,,,,,,,,,,,,,,-168,-77,-91,-89,-124,-95,-134,-114,-124,-134,-2861,-114,-150,-123,-5184,-104,9,-1815,-184,-713,-135,-105,-6,-207,-100,-100,-100,-100,-100,-100,-100,-100,-100,-100,-100,-100,-100,-100,-100,-100,-100,-100,-100,-100,-100,-100,-100,-100,-100,-100,-100,-100,-100,,,,,,,,,,,,,,,,,,-238,-422,-380,-467,-3259,-5402,-2847,-418,-400,-400,-400,-400,-400,-400,-400,-400,-400,-400,-400,-400,-400,-400,-400,,,,,,,,,,
,,,,,,,,SBC ,,,,,,,,,,,,,,,,,,,,,,,,,,,,,,,,,,,,,,,,,,,,,,,,,,,,,,,22,31,31,29,27,33,33,32,32,41,38,36,33,41,-2,34,36,34,35,34,32,67,67,66,25,25,25,25,25,25,25,25,25,25,25,25,25,25,25,25,25,25,25,25,25,25,25,25,25,25,25,25,25,,,,,,,,,,,,,,,,,,92,151,118,130,148,109,135,225,100,100,100,100,100,100,100,100,100,100,100,100,100,100,100,,,,,,,,,,
,,,,,,,,D&A,,,,,,,,,,,,,,,,,,,,,,,,,,,,,,,,,,,,,,,,,,,,,,,,,,,,,,,2,0,0,0,21,0,0,4,0,0,0,0,0,0,0,0,0,0,0,0,57,3,0,0,5,5,5,5,5,5,5,5,5,5,5,5,5,5,5,5,5,5,5,5,5,5,5,5,5,5,5,5,5,,,,,,,,,,,,,,,,,,247,53,21,4,0,0,57,8,20,20,20,20,20,20,20,20,20,20,20,20,20,20,20,,,,,,,,,,
,,,,,,,,CapEx,,,,,,,,,,,,,,,,,,,,,,,,,,,,,,,,,,,,,,,,,,,,,,,,,,,,,,,-346,92,223,-238,120,112,-213,-204,-314,-68,-155,-98,393,-425,168,-416,171,45,168,-567,-627,238,459,-179,50,50,50,50,50,50,50,50,50,50,50,50,50,50,50,50,50,50,50,50,50,50,50,50,50,50,50,50,50,,,,,,,,,,,,,,,,,,165,-715,197,-619,72,-502,-981,568,200,200,200,200,200,200,200,200,200,200,200,200,200,200,200,,,,,,,,,,
,,,,,,,,,,,,,,,,,,,,,,,,,,,,,,,,,,,,,,,,,,,,,,,,,,,,,,,,,,,,,,,,,,,,,,,,,,,,,,,,,,,,,,,,,,,,,,,,,,,,,,,,,,,,,,,,,,,,,,,,,,,,,,,,,,,,,,,,,,,,,,,,,,,,,,,,,,,,,,,,,,,,,
,,,,,,,,Alphabet Adj EBITDA,,,,,,,,,,,,,,,,,,,,,,,,,,,,,,,,,,,,,,,,,,,,,,,,,,,,,,,6867,6827,7191,7388,8219,8207,8961,9223,10172,10080,7760,11363,11537,12076,7572,13210,13054,11990,14775,14718,15323,14275,13098,17808,22599,22935,26109,28209,29278,28380,28134,26157,27461,25885,31009,30886,32672,34149,36998,38352,40987,40609,42267,43207,49045,53628.6457162911,58039.9164867828,60868.2050491811,64977.0733224142,65367.5160349936,70268.6116112491,75300.7163037986,80938.3255527145,,,,,,,,,,,,,,,,,,22469,25650,29626,36563,40740,45912,56806,67780,106531,110132,120452,150486,175128,237513.840574669,291875.169502756,355341.565580651,429426.019073054,511658.478724845,595730.391836587,685463.989714309,778635.563942633,878063.550082876,980096.531648282,,,,,,,,,,
,,,,,,,,Google Adj EBITDA,,,,,,,,,,,,,,,,,,,,,,,,,,,,,,,,,,,,,,,,,,,,,,,,,,,,,,,7515,7380,7811,8304,9356,8905,9723,9894,11122,10744,11112,11965,12242,12573,13278,13838,14167,14466,15744,16172,16998,15271,13990,18893,23597.384,23950.2823,27381.7868,29379.294,30611.0539,28949.52015,29368.089495,27274.4545,28579.540645,26914.5268,32013.510539,31889.87635,33165.450742,34825.38335,37856.985225,39185.14694875,41886.86729375,41505.3395625,43199.8727825,44319.858765,52351.0314213825,54852.6271562911,59255.9444547828,62075.1761531811,66173.8073784142,66421.7173739936,71309.974950249,76380.6621427986,82005.7993917145,,,,,,,,,,,,,,,,,,22839,27466,32851,39644,46063,53856,63380,71751.384,111322.417,114171.60479,123983.364431,153754.3828175,181376.102531383,242357.555142669,296118.153858756,358311.702651051,431093.519633914,511516.648726681,594161.146278072,682455.011570266,774226.908179787,872374.739980803,973736.952659854,,,,,,,,,,
,,,,,,,,Other Bets Adj EBITDA,,,,,,,,,,,,,,,,,,,,,,,,,,,,,,,,,,,,,,,,,,,,,,,,,,,,,,,-482,-476,-529,-827,-1034,-603,-628,-561,-826,-530,-491,-488,-555,-374,-522,-524,-1122,-661,-785,-741,-1597,-894,-886,-878,-903.384,-920.2823,-1177.7868,-1075.294,-1238.0539,-474.52015,-1139.089495,-1022.4545,-1023.540645,-934.5268,-909.510539,-908.87635,-398.450742,-581.38335,-763.985225,-738.14694875,-804.86729375,-801.3395625,-837.8727825,-1017.858765,-3211.0314213825,-1128.98144,-1121.027968,-1111.971104,-1101.734056,-959.201339,-946.363339,-984.945839,-972.473839,,,,,,,,,,,,,,,,,,-379,-1447,-2866,-2618,-2064,-2542,-3784,-3561.384,-4411.417,-3659.60479,-3151.364431,-2888.3828175,-5868.1025313825,-4463.714568,-3862.984356,-2590.1370704,-1287.50056086,521.8299981635,1949.24555851488,3388.97814404292,4788.655762846,6068.81010207303,6739.57898842816,,,,,,,,,,
,,,,,,,,Reconciling Item EBITDA,,,,,,,,,,,,,,,,,,,,,,,,,,,,,,,,,,,,,,,,,,,,,,,,,,,,,,,,-77,-91,-89,-103,-95,-134,-110,-124,-134,-2861,-114,-150,-123,-5184,-104,9,-1815,-184,-713,-78,-102,-6,-207,-95,-95,-95,-95,-95,-95,-95,-95,-95,-95,-95,-95,-95,-95,-95,-95,-95,-95,-95,-95,-95,-95,-95,-95,-95,-95,-95,-95,-95,,,,,,,,,,,,,,,,,,9,-369,-359,-463,-3259,-5402,-2790,-410,-380,-380,-380,-380,-380,-380,-380,-380,-380,-380,-380,-380,-380,-380,-380,,,,,,,,,,
,,,,,,,,,,,,,,,,,,,,,,,,,,,,,,,,,,,,,,,,,,,,,,,,,,,,,,,,,,,,,,,,,,,,,,,,,,,,,,,,,,,,,,,,,,,,,,,,,,,,,,,,,,,,,,,,,,,,,,,,,,,,,,,,,,,,,,,,,,,,,,,,,,,,,,,,,,,,,,,,,,,,,
,,,,,,,,,,,,,,,,,,,,,,,,,,,,,,,,,,,,,,,,,,,,,,,,,,,,,,,,,,,,,,,,TRUE,TRUE,TRUE,TRUE,TRUE,TRUE,TRUE,TRUE,TRUE,TRUE,TRUE,TRUE,TRUE,TRUE,TRUE,TRUE,TRUE,TRUE,TRUE,TRUE,TRUE,TRUE,TRUE,TRUE,TRUE,TRUE,TRUE,TRUE,TRUE,TRUE,TRUE,TRUE,TRUE,TRUE,TRUE,TRUE,TRUE,TRUE,TRUE,TRUE,TRUE,TRUE,TRUE,TRUE,TRUE,TRUE,TRUE,TRUE,TRUE,TRUE,TRUE,TRUE,,,,,,,,,,,,,,,,,,TRUE,TRUE,TRUE,TRUE,TRUE,TRUE,TRUE,TRUE,TRUE,TRUE,TRUE,TRUE,TRUE,TRUE,TRUE,TRUE,TRUE,TRUE,TRUE,TRUE,TRUE,TRUE,TRUE,,,,,,,,,,
,,,,,,,,,,,,,,,,,,,,,,,,,,,,,,,,,,,,,,,,,,,,,,,,,,,,,,,,,,,,,,,,,,,,,,,,,,,,,,,,,,,,,,,,,,,,,,,,,,,,,,,,,,,,,,,,,,,,,,,,,,,,,,,,,,,,,,,,,,,,,,,,,,,,,,,,,,,,,,,,,,,,,
,,,,,,,,,,,,,,,,,,,,,,,,,,,,,,,,,,,,,,,,,,,,,,,,,,,,,,,,,,,,,,,,,,,,,,,,,,,,,,,,,,,,,,,,,,,,,,,,,,,,,,,,,,,,,,,,,,,,,,,,,,,,,,,,,,,,,,,,,,,,,,,,,,,,,,,,,,,,,,,,,,,,,
,,,,,,,,,,,,,,,,,,,,,,,,,,,,,,,,,,,,,,,,,,,,,,,,,,,,,,,,,,,,,,,,,,,,,,,,,,,,,,,,,,,,,,,,,,,,,,,,,,,,,,,,,,,,,,,,,,,,,,,,,,,,,,,,,,,,,,,,,,,,,,,,,,,,,,,,,,,,,,,,,,,,,
,,,,,,,,,,,,,,,,,,,,,,,,,,,,,,,,,,,,,,,,,,,,,,,,,,,,,,,,,,,,,,,,,,,,,,,,,,,,,,,,,,,,,,,,,,,,,,,,,,,,,,,,,,,,,,,,,,,,,,,,,,,,,,,,,,,,,,,,,,,,,,,,,,,,,,,,,,,,,,,,,,,,,
,,,,,,,,,,,,,,,,,,,,,,,,,,,,,,,,,,,,,,,,,,,,,,,,,,,,,,,,,,,,,,,,,,,,,,,,,,,,,,,,,,,,,,,,,,,,,,,,,,,,,,,,,,,,,,,,,,,,,,,,,,,,,,,,,,,,,,,,,,,,,,,,,,,,,,,,,,,,,,,,,,,,,
,,,,,,,,,,,,,,,,,,,,,,,,,,,,,,,,,,,,,,,,,,,,,,,,,,,,,,,,,,,,,,,,,,,,,,,,,,,,,,,,,,,,,,,,,,,,,,,,,,,,,,,,,,,,,,,,,,,,,,,,,,,,,,,,,,,,,,,,,,,,,,,,,,,,,,,,,,,,,,,,,,,,,
,,,,,,,,,,,,,,,,,,,,,,,,,,,,,,,,,,,,,,,,,,,,,,,,,,,,,,,,,,,,,,,,,,,,,,,,,,,,,,,,,,,,,,,,,,,,,,,,,,,,,,,,,,,,,,,,,,,,,,,,,,,,,,,,,,,,,,,,,,,,,,,,,,,,,,,,,,,,,,,,,,,,,
,,,,,,,,,,,,,,,,,,,,,,,,,,,,,,,,,,,,,,,,,,,,,,,,,,,,,,,,,,,,,,,,,,,,,,,,,,,,,,,,,,,,,,,,,,,,,,,,,,,,,,,,,,,,,,,,,,,,,,,,,,,,,,,,,,,,,,,,,,,,,,,,,,,,,,,,,,,,,,,,,,,,,
,,,,,,,,,,,,,,,,,,,,,,,,,,,,,,,,,,,,,,,,,,,,,,,,,,,,,,,,,,,,,,,,,,,,,,,,,,,,,,,,,,,,,,,,,,,,,,,,,,,,,,,,,,,,,,,,,,,,,,,,,,,,,,,,,,,,,,,,,,,,,,,,,,,,,,,,,,,,,,,,,,,,,
