,,,,,,,,300.784424583054,,,,,,,,,,,,,,,,,,,,,,,,,,,,,,,,,,,,,,,,,,,,,,,,,,,,,,,,,,,,,,,,,,,,,,,,,,,,,,,,,,,,,,,,,,,,,,,,,,,,,,,,,,,,,,,,,,,,,,,,,,,,,,,,,,,,,,,,,,,,,,,,,,,,,,,,,,,,,,,,,,,,,,,,,,,,,,
,,,,,,,,,,,,,,,,,,,,,,,,,,,,,,,,,,,,,,,,,,,,,,,,,,,,,,,,,,,,,,,,,,,,,,,,,,,,,,,,,,,,,,,,,,,,,,,,,,,,,,,0.077728367611636,0.187664492504863,0.203071305841924,0.20777027027027,0.167196767815697,0.169597263705559,0.147651521913773,0.133128593628594,0.116860251878038,0.126795312725251,0.107494201665378,0.0834652599040069,0.143458362937391,,,,,,,,,,,,,,,,,,,,,,,,,,,,,0.0670456837301603,0.0630349611051841,0.0545773582493503,0.0334538259198989,0.0372561865835803,0.0369797158143588,0.0392475378286059,0.0377770149842924,0.0368132798824803,0.0365637206245857,0.0323421932053853,-0.00156486145648338,,,,,,,,,,,,,,,,,,,,,,,,,,,
,,,,,,,,,,,,,,,,,,,,,,,,,,,,,,,,,,,,,,,,,,,,,,,,,,,,,,,,,,,,,,,,,,,,,,,,,,,,,,,,,,,,,,,,,,,,,,,,,,,,,,,,,,,,,,,,,,,,,,,,,,,,,,,,,,,,,,,,,,,,,,,,0.131695166054401,0.133519113103532,0.154122086134005,0.106565029064292,0.102006601770652,0.0938493927232336,0.0896692747529071,0.0956671196186361,0.0918263586199468,0.0895412280252343,0.0894448492677491,0.0902946037451924,,,,,,,,,,,,,,,,,,,,,,,,,,,
,,,,,,,,,,,,2002-Q1,2002-Q2,2002-Q3,2002-Q4,2003-Q1,2003-Q2,2003-Q3,2003-Q4,2004-Q1,2004-Q2,2004-Q3,2004-Q4,2005-Q1,2005-Q2,2005-Q3,2005-Q4,2006-Q1,2006-Q2,2006-Q3,2006-Q4,2007-Q1,2007-Q2,2007-Q3,2007-Q4,2008-Q1,2008-Q2,2008-Q3,2008-Q4,2009-Q1,2009-Q2,2009-Q3,2009-Q4,2010-Q1,2010-Q2,2010-Q3,2010-Q4,2011-Q1,2011-Q2,2011-Q3,2011-Q4,2012-Q1,2012-Q2,2012-Q3,2012-Q4,2013-Q1,2013-Q2,2013-Q3,2013-Q4,2014-Q1,2014-Q2,2014-Q3,2014-Q4,2015-Q1,2015-Q2,2015-Q3,2015-Q4,2016-Q1,2016-Q2,2016-Q3,2016-Q4,2017-Q1,2017-Q2,2017-Q3,2017-Q4,2018-Q1,2018-Q2,2018-Q3,2018-Q4,2019-Q1,2019-Q2,2019-Q3,2019-Q4,2020-Q1,2020-Q2,2020-Q3,2020-Q4,2021-Q1,2021-Q2,2021-Q3,2021-Q4,2022-Q1,2022-Q2,2022-Q3,2022-Q4,2023-Q1,2023-Q2,2023-Q3,2023-Q4,2024-Q1,2024-Q2,2024-Q3,2024-Q4,2025-Q1,2025-Q2,2025-Q3,2025-Q4,2026-Q1,2026-Q2,2026-Q3,2026-Q4,2027-Q1,2027-Q2,2027-Q3,2027-Q4,2028-Q1,2028-Q2,2028-Q3,2028-Q4,,2001-FY,2002-FY,2003-FY,2004-FY,2005-FY,2006-FY,2007-FY,2008-FY,2009-FY,2010-FY,2011-FY,2012-FY,2013-FY,2014-FY,2015-FY,2016-FY,2017-FY,2018-FY,2019-FY,2020-FY,2021-FY,2022-FY,,,,,,,,,,,,,,,,,,,,,,,,,,,,,,,,,,,,,,,,
,,,,,,,,Period-End Date,,,,2002-03-31 00:00:00,2002-06-30 00:00:00,2002-09-30 00:00:00,2002-12-31 00:00:00,2003-03-31 00:00:00,2003-06-30 00:00:00,2003-09-30 00:00:00,2003-12-31 00:00:00,2004-03-31 00:00:00,2004-06-30 00:00:00,2004-09-30 00:00:00,2004-12-31 00:00:00,2005-03-31 00:00:00,2005-06-30 00:00:00,2005-09-30 00:00:00,2005-12-31 00:00:00,2006-03-31 00:00:00,2006-06-30 00:00:00,2006-09-30 00:00:00,2006-12-31 00:00:00,2007-03-31 00:00:00,2007-06-30 00:00:00,2007-09-30 00:00:00,2007-12-31 00:00:00,2008-03-31 00:00:00,2008-06-30 00:00:00,2008-09-30 00:00:00,2008-12-31 00:00:00,2009-03-31 00:00:00,2009-06-30 00:00:00,2009-09-30 00:00:00,2009-12-31 00:00:00,2010-03-31 00:00:00,2010-06-30 00:00:00,2010-09-30 00:00:00,2010-12-31 00:00:00,2011-03-31 00:00:00,2011-06-30 00:00:00,2011-09-30 00:00:00,2011-12-31 00:00:00,2012-03-31 00:00:00,2012-06-30 00:00:00,2012-09-30 00:00:00,2012-12-31 00:00:00,2013-03-31 00:00:00,2013-06-30 00:00:00,2013-09-30 00:00:00,2013-12-31 00:00:00,2014-03-31 00:00:00,2014-06-30 00:00:00,2014-09-30 00:00:00,2014-12-31 00:00:00,2015-03-31 00:00:00,2015-06-30 00:00:00,2015-09-30 00:00:00,2015-12-31 00:00:00,2016-03-31 00:00:00,2016-06-30 00:00:00,2016-09-30 00:00:00,2016-12-31 00:00:00,2017-03-31 00:00:00,2017-06-30 00:00:00,2017-09-30 00:00:00,2017-12-31 00:00:00,2018-03-31 00:00:00,2018-06-30 00:00:00,2018-09-30 00:00:00,2018-12-31 00:00:00,2019-03-31 00:00:00,2019-06-30 00:00:00,2019-09-30 00:00:00,2019-12-31 00:00:00,2020-03-31 00:00:00,2020-06-30 00:00:00,2020-09-30 00:00:00,2020-12-31 00:00:00,2021-03-31 00:00:00,2021-06-30 00:00:00,2021-09-30 00:00:00,2021-12-31 00:00:00,2022-03-31 00:00:00,2022-06-30 00:00:00,2022-09-30 00:00:00,2022-12-31 00:00:00,2023-03-31 00:00:00,2023-06-30 00:00:00,2023-09-30 00:00:00,2023-12-31 00:00:00,2024-03-31 00:00:00,2024-06-30 00:00:00,2024-09-30 00:00:00,2024-12-31 00:00:00,2025-03-31 00:00:00,2025-06-30 00:00:00,2025-09-30 00:00:00,2025-12-31 00:00:00,2026-03-31 00:00:00,2026-06-30 00:00:00,2026-09-30 00:00:00,2026-12-31 00:00:00,2027-03-31 00:00:00,2027-06-30 00:00:00,2027-09-30 00:00:00,2027-12-31 00:00:00,2028-03-31 00:00:00,2028-06-30 00:00:00,2028-09-30 00:00:00,2028-12-31 00:00:00,,2001-12-31 00:00:00,2002-12-31 00:00:00,2003-12-31 00:00:00,2004-12-31 00:00:00,2005-12-31 00:00:00,2006-12-31 00:00:00,2007-12-31 00:00:00,2008-12-31 00:00:00,2009-12-31 00:00:00,2010-12-31 00:00:00,2011-12-31 00:00:00,2012-12-31 00:00:00,2013-12-31 00:00:00,2014-12-31 00:00:00,2015-12-31 00:00:00,2016-12-31 00:00:00,2017-12-31 00:00:00,2018-12-31 00:00:00,2019-12-31 00:00:00,2020-12-31 00:00:00,2021-12-31 00:00:00,2022-12-31 00:00:00,,,,,,,,,,,,,,,,,,,,,,,,,,,,,,,,,,,,,,,,
,,,,,,,,Morgan Stanley | Google Model,,,,2002-12-31 00:00:00,,,,2003-12-31 00:00:00,,,,2004-12-31 00:00:00,,,,2005-12-31 00:00:00,,,,2006-12-31 00:00:00,,,,2007-12-31 00:00:00,,,,2008-12-31 00:00:00,,,,2009-12-31 00:00:00,,,,2010-12-31 00:00:00,,,,2011-12-31 00:00:00,,,,2012-12-31 00:00:00,,,,2013-12-31 00:00:00,,,,2014-12-31 00:00:00,,,,2015-12-31 00:00:00,,,,2016-12-31 00:00:00,,,,2017-12-31 00:00:00,,,,2018-12-31 00:00:00,,,,2019-12-31 00:00:00,,,,2020-12-31 00:00:00,,,,2021-12-31 00:00:00,,,,2022-12-31 00:00:00,,,,2023-12-31 00:00:00,,,,2024-12-31 00:00:00,,,,2025-12-31 00:00:00,,,,2026-12-31 00:00:00,,,,2027-12-31 00:00:00,,,,2028-12-31 00:00:00,,,,,,,,,,,,,,,,,,,,,,,,,,,,,,,,,,,,,,,,,CAGR,,,,,,,,,,,,,,,,,,,,,,,,,
,,,,,,,,(USD millions),,,,1,2,3,4,1,2,3,4,1,2,3,4,1,2,3,4,1,2,3,4,1,2,3,4,1,2,3,4,1,2,3,4,1,2,3,4,1,2,3,4,1,2,3,4,1,2,3,4,1,2,3,4,1,2,3,4,1,2,3,4,1,2,3,4,1,2,3,4,1,2,3,4,1,2,3,4,1,2,3,4,1,2,3,4,1,2,3,4,1,2,3,4,1,2,3,4,1,2,3,4,1,2,3,4,1,2,3,4,,2001-12-31 00:00:00,2002-12-31 00:00:00,2003-12-31 00:00:00,2004-12-31 00:00:00,2005-12-31 00:00:00,2006-12-31 00:00:00,2007-12-31 00:00:00,2008-12-31 00:00:00,2009-12-31 00:00:00,2010-12-31 00:00:00,2011-12-31 00:00:00,2012-12-31 00:00:00,2013-12-31 00:00:00,2014-12-31 00:00:00,2015-12-31 00:00:00,2016-12-31 00:00:00,2017-12-31 00:00:00,2018-12-31 00:00:00,2019-12-31 00:00:00,2020-12-31 00:00:00,2021-12-31 00:00:00,2022-12-31 00:00:00,2023-12-31 00:00:00,2024-12-31 00:00:00,2025-12-31 00:00:00,2026-12-31 00:00:00,2027-12-31 00:00:00,2028-12-31 00:00:00,2029-12-31 00:00:00,2030-12-31 00:00:00,2031-12-31 00:00:00,2032-12-31 00:00:00,2033-12-31 00:00:00,2034-12-31 00:00:00,2035-12-31 00:00:00,,2011-2014,2012-2015,2013-2016,2014-2017,2015-2018,,,,,,,,,,,,,,,,,,,,,
,,,,,,,,Core Google Gross  revenue,,,,,,,,,,,,,,,,,,,,,,,,,,,,,,,,,,,,,,,,,,,,,,,,,,,,,,,,,,,,,,,,,,,,,,,,,,,,,,,,,,,,,,,,,,,,,,,,,,,,,,,,,,,,,,,,,,,,,,,,,,,,,,,,,,,,,,,,,,,,,,,,,,,,,,,,,,,,,,,,,,,,,,,,,,,,,,
,,,,,,,,Total Core Gross revenue,,,,42.285,78.525,130.787,187.911,248.618,311.199,393.942,512.175,651.623,700.212,805.887,1031.501,1256.516,1384.495,1578.456,1919.093,2253.755,2455.991,2689.673,3205.498,3663.971,3871.985,4231.351,4826.679,5186.043,5367.212,5541.391,5700.904,5509,5523,5945,6673.563,6775,6820,7286,8440,8575,9026,9720,10584,10645,10964,11526,12905,12951,13107,13754,15707,15420,15955,16523,18103,17258,17727,18675,21329,20257,21500,22451,26064,24750,26010,27772,32323,31146,32657,33740,39276,36339,38944,40499,46075,41159,38297,46173,56898,55314,61880,65118,75325,68011,69685,69092,76048,69787,74604,76693,86310,80539,84742,88268,96469,90234,96428,102346,113828,109629.15839055,117258.962315188,122695.390880113,134459.096554829,127889.617011899,136436.50169869,144759.281940412,158477.61246467,,,,,,86.426,439.508,1465.934,3189.223,6138.56,10604.917,16593.986,21795.55,23650.563,29321,37905,46040,56044,66001,74989,90272,110855,136819,161857,182527,257637,282836,307394,350018,402836,484042.60814068,567563.013115671,659990.491713614,761262.369052504,871542.983667059,990965.1001939,1119926.16215119,1258509.73262744,1406729.68077991,1564846.11482466,,0.203052753885911,0.176578069131333,0.172216904468895,0.188689035721107,0.22193925428985,,,,,,,,,,,,,,,,,,,,,
,,,,,,,,Period-to-period addition,,,,,,,,,,,,,,,,225.015,127.979,193.961,340.637,334.662,202.236,233.682,515.825,458.473,208.014,359.366,595.328000000001,359.363999999999,181.169000000001,174.178999999999,159.513,-191.904,14,422,728.563000000001,101.436999999999,45,466,1154,135,451,694,864,61,319,562,1379,46,156,647,1953,-287,535,568,1580,-845,469,948,2654,-1072,1243,951,3613,-1314,1260,1762,4551,-1177,1511,1083,5536,-2937,2605,1555,5576,-4916,-2862,7876,10725,-1584,6566,3238,10207,-7314,1674,-593,6956,-6261,4817,2089,9617,-5771,4203,3526,8201,-6235,6194,5918,11482,-4198.84160945004,7629.80392463823,5436.42856492462,11763.7056747163,-6569.4795429298,8546.88468679076,8322.78024172172,13718.3305242579,,,,,,,353.082,1026.426,1723.289,2949.337,4466.357,5989.069,5201.564,1855.013,5670.437,8584,8135,10004,9957,8988,15283,20583,25964,25038,20670,75110,25199,24558,42624,52818,81206.60814068,83520.4049749908,92427.4785979427,101271.87733889,110280.614614555,119422.116526841,128961.061957288,138583.570476255,148219.948152472,158116.434044746,,,,,,,,,,,,,,,,,,,,,,,,,,,
,,,,,,,,% change Y/Y,,,,,,,,,,,,,,,,0.928286754764641,0.97725117535832,0.958656734753135,0.860485835689932,0.793654040219146,0.773925510745796,0.70398984830746,0.670319260192185,0.625718412161038,0.576546901026918,0.573184175176685,0.505750120574089,0.415415951709225,0.386165493926242,0.309603244921067,0.181123501272821,0.0622742618987155,0.0290258704146584,0.072835322394684,0.170614870904685,0.229805772372481,0.234836139779106,0.225567703952902,0.26469173962994,0.265682656826568,0.323460410557185,0.334065330771342,0.254028436018957,0.241399416909621,0.214713051185464,0.185802469135802,0.219293272864701,0.216627524659464,0.195457862094126,0.193302099600902,0.217125145292522,0.190641649293491,0.217288471808957,0.201323251417769,0.152543451964092,0.119195849546044,0.111062362895644,0.130242692005084,0.178202507871623,0.17377448139993,0.212839171884696,0.202195448460509,0.22199821838811,0.221799871649306,0.209767441860465,0.237005033183377,0.240139656230816,0.258424242424242,0.255555555555556,0.214892697681118,0.215109983603007,0.166730880369871,0.192516152739076,0.200326022525193,0.173108259496894,0.132639863507526,-0.0166135990139688,0.14010222474629,0.234899620184482,0.343910201899949,0.61579235971486,0.410304723539731,0.323860241133256,0.229544057562281,0.126131221719457,0.0610276728400749,0.00959840690341851,0.0261134228286601,0.0705890794288584,0.110012736641,0.134941089837997,0.154068809377105,0.135890836952442,0.150926420924987,0.11770362646275,0.120376463576652,0.137900922800972,0.159491548466035,0.179943816148193,0.214942908333333,0.216026074534245,0.198829371740105,0.181247993066988,0.166565710158032,0.163548602212198,0.179826568072617,0.178630650697898,,,,,,,4.0853678291255,2.33539776295312,1.17555701689162,0.924782305909621,0.727590346921754,0.564744542555119,0.313460792361763,0.0851097127624676,0.239759070428894,0.292759455680229,0.21461548608363,0.217289313640313,0.177663978302762,0.136179754852199,0.203803224472923,0.228010900389933,0.23421586757476,0.183000898997946,0.127705320128261,0.411500764270492,0.0978081564371578,0.0868277022726951,0.138662433229016,0.150900810815444,0.201587266631284,0.172547630250593,0.162849721461863,0.153444448988872,0.144865448625569,0.137023782836696,0.130136835224625,0.123743488776135,0.117774177115839,0.11240001274238,,,,,,,,,,,,,,,,,,,,,,,,,,,
,,,,,,,,% change Q/Q,,,,,,,,,,,,,0.0745661218219738,0.150918578944662,0.279957363749508,0.218143268886797,0.101852264515533,0.140095124937252,0.215803924848079,0.174385503985476,0.0897329124061843,0.0951477428052463,0.191779818587613,0.143027074108298,0.0567728292609304,0.0928118264920963,0.140694544130232,0.074453677155659,0.0349339563902575,0.0324524166364211,0.0287857326797549,-0.033662029741248,0.00254129606099118,0.0764077494115516,0.122550546677881,0.0151998265394362,0.00664206642066412,0.0683284457478006,0.15838594564919,0.0159952606635072,0.0525947521865888,0.0768889873698204,0.0888888888888888,0.00576341647770229,0.0299671207139502,0.0512586647209048,0.1196425472844,0.00356450987989154,0.0120454018994671,0.049362935835813,0.141995055983714,-0.0182721079773349,0.0346952010376136,0.035600125352554,0.0956242813048478,-0.046677346296194,0.0271758025263646,0.0534777458114741,0.142115127175368,-0.0502602091049744,0.061361504665054,0.0442325581395349,0.160928243730792,-0.050414364640884,0.050909090909091,0.0677431757016531,0.163870084977675,-0.0364136992234632,0.0485134527708213,0.033162874728236,0.164078245406046,-0.0747784906813321,0.071686067310603,0.0399291290057517,0.137682411911405,-0.106695604991861,-0.0695352170849632,0.20565579549312,0.232278604379183,-0.0278392913634926,0.118704125537838,0.0523270846800259,0.156746214564329,-0.0970992366412213,0.0246136654364735,-0.00850972232187697,0.100677357725931,-0.0823295813170629,0.069024316849843,0.0280011795614177,0.125396059614306,-0.0668636310972077,0.0521858975154894,0.0416086474239457,0.0929102279421761,-0.0646321616270512,0.0686437484761842,0.061372215539055,0.112188067926446,-0.0368875989163479,0.069596483605733,0.0463625846381932,0.0958773234294574,-0.0488585726905499,0.0668301687540085,0.061001126077697,0.0947665002227969,,,,,,,,,,,,,,,,,,,,,,,,,,,,,,,,,,,,,,,,,,,,,,,,,,,,,,,,,,,,,,,,,,,
,,,,,,,,,,,,,,,,,,,,,,,,,,,,,,,,,,,,,,,,,,,,,,,,,,,,,,,,,,,,,,,,,,,,,,,,,,,,,,,,,,,,,,,,,,,,,,,,,,,,,,,,,,,,  ,,,,,,,,,,,,,,,,,,,,,,,,,,,,,,,,,,,,,,,,,,,,,,,,,,,,,,,,,,,,,,,,,,,,,,,,,,
,,,,,,,,Advertising revenue,,,,0,0,0,0,0,300.685,381.683,0,637.284,689.668,795.956,1020.38,1241.112,1367.414,1559.691,1896.785,2225.7,2429,2663,3174.928,3627.5,3838.4,4189.5,4757.243,5086.5,5185.4,5352,5504.571,5331,5337,5757,6463.804,6475,6562,7032,8167,8306,8716,9335,10174,10225,10525,10860,12076,11902,12061,12524,14060,13997,14498,14820,16309,15508,16023,16781,19078,18020,19143,19821,22399,21456.3131299901,22719.9801491766,24116.0235424313,27284.683178402,26831.8898007335,28121.5298318624,28989.5803674042,32518,30587,32494,33796,37934,33763,29867,37095,46199,44684,50444,53130,61239,54661,56288,54482,59042,54548,58143,59647,65517,61659,64616,65854,72461,66885,71340,74182,82284,77241.37239055,81344.4803151882,82599.4568801128,91326.6235548291,84017.9340118993,88115.81869869,91493.5989404118,100865.92946467,,,,,,66.932,410.915,1420.663,3143.288,6065.002,10492.628,16412.643,21128.471,22888.804,28236,36531,43686,51072,59624,67390,79383,95577,116461,134811,146924,209497,224473,237855,264590,294691,332511.93314068,364493.281115671,398661.859713614,433486.787052504,469871.976667059,511480.2694439,555101.286963687,601291.793005568,651138.458109289,705432.295885786,,0.177388661516119,0.155449737659981,0.158372434176818,0.170336533108603,0.200038058071992,,,,,,,,,,,,,,,,,,,,,
,,,,,,,,Period-to-period addition,,,,,,,,,,,,,,,,220.732,126.302,192.277,337.094,328.915,203.3,234,511.928,452.572,210.9,351.1,567.743,329.257,98.8999999999996,166.6,152.571,-173.571,6,420,706.804000000001,11.195999999999,87,470,1135,139,410,619,839,51,300,335,1216,-174,159,463,1536,-63,501,322,1489,-801,515,758,2297,-1058,1123,678,2578,-942.686870009879,1263.66701918644,1396.04339325472,3168.65963597075,-452.793377668571,1289.64003112892,868.050535541781,3528.41963259584,-1931,1907,1302,4138,-4171,-3896,7228,9104,-1515,5760,2686,8109,-6578,1627,-1806,4560,-4494,3595,1504,5870,-3858,2957,1238,6607,-5576,4455,2842,8102,-5042.62760945005,4103.10792463823,1254.97656492461,8727.16667471628,-7308.68954292979,4097.88468679076,3377.78024172172,9372.33052425794,,,,,,,343.983,1009.748,1722.625,2921.714,4427.626,5920.015,4715.828,1760.333,5347.196,8295,7155,7386,8552,7766,11993,16194,20884,18350,12113,62573,14976,13382,26735,30101,37820.93314068,31981.3479749908,34168.5785979427,34824.9273388903,36385.1896145548,41608.292776841,43621.0175197877,46190.5060418802,49846.6651037218,54293.8377764962,,,,,,,,,,,,,,,,,,,,,,,,,,,
,,,,,,,,% change Y/Y,,,,,,,,,,,,NA,1.29365615178675,1.08538499225797,NA,0.947502212514358,0.98271342153036,0.959519119147289,0.858900605656716,0.793311159669715,0.776345715342976,0.707389476505282,0.673847062265887,0.629824324931482,0.580238781391519,0.573225685317311,0.49837823093941,0.402205375603032,0.350927469779075,0.277479412817759,0.157092669010181,0.0480684163963432,0.0292359316542601,0.0756726457399104,0.17426117312321,0.214593884824611,0.229529698332396,0.22146951537259,0.263497469910907,0.282779922779923,0.328253581225236,0.327502844141069,0.245745071629729,0.231037803997111,0.207549334557136,0.16336368505624,0.186947120110085,0.1640097799511,0.145938242280285,0.153222836095764,0.164292812189467,0.176020836834146,0.202056214244258,0.183328010220377,0.159957325746799,0.107951703936558,0.105186922334115,0.132321187584346,0.16978355509228,0.161980913077121,0.194720089870811,0.181157261188249,0.174074850613272,0.190694402330196,0.186855777525809,0.216690557612193,0.218120593705167,0.250535897671522,0.237744471923827,0.202087911234538,0.191804199718198,0.139949523762724,0.155484790275652,0.165798178920871,0.166553908604465,0.103834962565796,-0.0808456945897704,0.0976151023789798,0.217878420414404,0.323460592956787,0.688954364348612,0.432268499797816,0.325548172038356,0.223279026049593,0.115851240980097,0.0254470167513645,-0.0358758307614429,-0.00206728746272478,0.0329555144968732,0.0948019529385853,0.109667694183801,0.130362249761678,0.111328964793698,0.104062232802991,0.10598775890227,0.0847564832384566,0.104060913705584,0.126461566495581,0.135562578490498,0.154838489804141,0.14023661781873,0.113470341593821,0.109895284075022,0.0877322788503225,0.0832427517794045,0.107677972667643,0.104452628801212,,,,,,,5.13929062331919,2.45731598992492,1.2125500558542,0.929508845514633,0.730028778226289,0.564207079484758,0.28732898168808,0.083315683373397,0.233616225644643,0.293773905652359,0.195861049519586,0.169070182667216,0.167449874686717,0.130249563933986,0.177964089627541,0.203998337175466,0.218504451907886,0.157563476185161,0.0898517183315901,0.425886853066892,0.0714855105323704,0.0596151875726703,0.112400412015724,0.11376469254318,0.128340984762616,0.0961810533321823,0.0937426843462155,0.0873545499534556,0.0839360984032664,0.0885524032992582,0.085283871393933,0.0832109510942314,0.0828992939593642,0.0833829381452129,,,,,,,,,,,,,,,,,,,,,,,,,,,
,,,,,,,,% change Q/Q,,,,,,,,,,,,NA,0.0821988312902882,0.154114733465958,0.28195528396042,0.216323330523923,0.101765191215619,0.14061359617497,0.216128707545277,0.173406580081559,0.0913420496922317,0.0963359407163442,0.192237326323695,0.142545594734747,0.0581392143349415,0.0914704043351395,0.135515693996897,0.0692117262036014,0.0194436252826107,0.0321286689551434,0.0285072869955156,-0.0315321575468824,0.00112549240292625,0.0786958965711073,0.122772972034046,0.00173210697601589,0.0134362934362935,0.0716245047241695,0.161405005688282,0.0170197134810823,0.0493619070551408,0.0710188159706287,0.0898768077129084,0.00501277766856689,0.0293398533007334,0.0318289786223278,0.111970534069981,-0.014408744617423,0.0133590993110402,0.0383881933504684,0.122644522516768,-0.00448079658605971,0.0357933842966349,0.0222099599944821,0.100472334682861,-0.0491139861426206,0.0332086664947124,0.0473069961929726,0.136880996364936,-0.0554565468078415,0.0623196448390677,0.0354176461369691,0.130064073457444,-0.0420861141126782,0.0588948814985448,0.0614456255722262,0.131392293194424,-0.0165951488132724,0.0480637048193924,0.0308678276299983,0.121713373835628,-0.0593824958484531,0.0623467486186942,0.0400689358035329,0.122440525505977,-0.10995413085886,-0.115392589521073,0.242006227609067,0.24542391157838,-0.032792917595619,0.128905200966789,0.0532471651732613,0.152625635234331,-0.107415209262072,0.0297652805473738,-0.0320849914724275,0.0836973679380346,-0.0761153077470276,0.0659052577546382,0.0258672583114046,0.0984123258504199,-0.0588854801044004,0.0479573136119627,0.0191593413396063,0.100327998299268,-0.0769517395564511,0.0666068625252299,0.0398373983739837,0.109217869564045,-0.0612832094872642,0.0531205984260867,0.0154279252883773,0.105656465603438,-0.080028027517539,0.0487739282688191,0.0383334149487047,0.102437007974317,,,,,,,,,,,,,,,,,,,,,,,,,,,,,,,,,,,,,,,,,,,,,,,,,,,,,,,,,,,,,,,,,,,
,,,,,,,,% of total gross revenue,,,,,,,,,,,,0.977994944929814,0.984941703369837,0.987676932373894,0.989218624121547,0.987740705251664,0.987662649558142,0.988111800392282,0.988375758756871,0.987551885630869,0.989010138880802,0.990083181115325,0.990463260310878,0.990046045670121,0.991326154414338,0.990109305514953,0.985614125157277,0.980805596868364,0.966125429738941,0.965822480312254,0.965561075927607,0.96768923579597,0.966322650733297,0.968376787216148,0.968568664145375,0.955719557195572,0.96217008797654,0.965138622014823,0.967654028436019,0.96862973760933,0.965654775094172,0.960390946502058,0.961262282690854,0.960544856740254,0.959959868661073,0.942217595002603,0.935761332816738,0.919002393637557,0.920195315480278,0.910571470117784,0.89514229324505,0.907717250324254,0.908680664368537,0.896931549960661,0.90090040324808,0.898597751767296,0.903875444237604,0.898580990629183,0.894462937784238,0.889569037863455,0.890372093023256,0.882855997505679,0.859384591774095,0.866921742625864,0.87350942518941,0.868357465880429,0.8441259529871,0.861487504036906,0.861117978744599,0.859205108696033,0.82793563499338,0.841712760395168,0.834377567789647,0.834489740487419,0.823309820944113,0.820306615806992,0.77987831945061,0.803391592489117,0.811961756124996,0.807824420580685,0.81519069166128,0.815903436837741,0.81299701294391,0.803708223669701,0.807749156920428,0.788542812481908,0.776378077003998,0.781635548167997,0.779354994370275,0.777737212001095,0.759089329162322,0.765579408733657,0.762502655117887,0.746068790501654,0.751132488156817,0.741239444111976,0.73982660637989,0.724815820843023,0.722880134940437,0.704569601048841,0.693716528861452,0.673207496122016,0.679214912897978,0.6569566472631,0.645837569870322,0.632039601979194,0.636468002615551,,,,,,,0.934943163719432,0.96911798211925,0.98559680524065,0.988017059375489,0.989411609727827,0.989071763710057,0.969393798275336,0.967791083873986,0.962995805054398,0.963751483973091,0.94887054735013,0.911283991149811,0.903380251814366,0.898665137553508,0.879375664657923,0.862180325650625,0.851204876515689,0.832901882525933,0.804943926104083,0.813147956232995,0.793650737529876,0.773778928671347,0.755932552040181,0.731540875194868,0.686947652021659,0.64220760108162,0.604041822903417,0.569431518849458,0.539126566873443,0.516143574928945,0.495658826201035,0.477780804881203,0.462873903213791,0.450799787405823,,,,,,,,,,,,,,,,,,,,,,,,,,,
,,,,,,,,,,,,,,,,,,,,,,,,,,,,,,,,,,,,,,,,,,,,,,,,,,,,,,,,,,,,,,,,,,,,,,,,,,,,,,,,,,,,,,,,,,,,,,,,,,,,,,,,,,,,,,,,,,,,,,,,,,,,,,,,,,,,,,,,,,,,,,,,,,,,,,,,,,,,,,,,,,,,,,,,,,,,,,,,,,,,,,
,,,,,,,,FX (headwind) / tailwind,,,,,,,,,,,,,,,,,,,,,,,,,,,,,,,,,,,,,,,,,,,,-30,-269,-495,-156,-75,-182,-113,-138,-310,126,116,-468,-795,-1103,-1291,-1001,-593,-35,-91,-15,-87,-361,64,342,1072,665,-305,-600,-1016,-1109,-420,-326,-343,-555,-77,287,992,1880,677,-70,-1713,-2307,-3280,-4064,-2090,-1143,426,1090,-315,-1165,-1000,-245,-1345,431,1132,1263,5542.07839054996,2390.96231518818,1595.88088011279,2236.79655482905,100,100,100,100,,,,,,,,,,,,,129,521,168,1006,-950,17,-381,-4190,-734,127,968,-2871,-688,3479,-11364,-1717,-2725,1481,11765.7181406801,400,400,400,400,400,400,400,400,400,,,,,,,,,,,,,,,,,,,,,,,,,,,
,,,,,,,,"Advertising revenue, ex-FX",,,,,,,,,,,,,,,,,,,,,,,,,,,,,,,,,,,,,,,,,,,,10255,10794,11355,12232,11977,12243,12637,14198,14307,14372,14704,16777,16303,17126,18072,20079,18613,19178,19912,22414,21543.3131299901,23080.9801491766,24052.0235424313,26942.683178402,25759.8898007335,27456.5298318624,29294.5803674042,33118,31603,33603,34216,38260,34106,30422,37172,45912,43692,48564,52453,61309,56374,58595,57762,63106,56638,59286,59221,64427,61974,65781,66854,72706,68230,70909,73050,81021,71699.294,78953.518,81003.576,89089.827,83917.9340118993,88015.81869869,91393.5989404118,100765.92946467,,,,,,,,,,,,,20999.471,22367.804,28068,35525,44636,51055,60005,71580,80117,95450,115493,137682,147612,206018,235837,239572,267315,293210,320746.215,364093.281115671,398261.859713614,433086.787052504,469471.976667059,511080.2694439,554701.286963687,600891.793005568,650738.458109289,705032.295885786,,,,,,,,,,,,,,,,,,,,,,,,,,,
,,,,,,,,% change Y/Y,,,,,,,,,,,,,,,,,,,,,,,,,,,,,,,,,,,,,,,,,,,,0.234649650854804,0.23841211564938,0.216389930369577,0.202280322390407,0.171344743276284,0.163230403800475,0.163627992633518,0.175720437230871,0.202066879516048,0.191609319293591,0.174065793676142,0.193243243243243,0.164749589197685,0.181266381569872,0.219433198380567,0.231160708811086,0.200219241681713,0.196904449853336,0.186580060783028,0.174861096551001,0.195522371253614,0.205713845749181,0.213461658969339,0.202852054931114,0.200573912427112,0.208475080153513,0.21473510406313,0.213794559513724,0.177814914815881,0.194920767145711,0.180286143033392,0.176579125407467,0.115048876973878,-0.063765618267988,0.0998934785181678,0.210312648283862,0.294079317596185,0.626008638296448,0.414018061733387,0.327063356349705,0.261614895712112,0.16158512409801,0.0871823828345568,0.0304871078887636,0.0361683833080257,0.05326179647527,0.0869828567233215,0.0912062599505437,0.136136980274254,0.131365770600072,0.120827535332875,0.109727246363539,0.106570006000746,0.0973907391358178,0.109272025996902,0.118132512661984,0.0719786798235778,0.106721586767592,0.0919572942223181,0.0827114262797144,0.086437635877197,0.0820134120674469,0.106467310954151,0.10335765784852,,,,,,,,,,,,,0.27946918726009,0.0586570130891158,0.226276392597883,0.258145629692591,0.221866360077742,0.168681041981413,0.174909931077694,0.200523279216423,0.188855913340258,0.202398498419057,0.20837649225232,0.182215505619907,0.0949551594454459,0.402207944243282,0.125729724053328,0.0672642144044049,0.12385697168443,0.10816735326354,0.0884153740697882,0.0949780889867471,0.0926452704274303,0.0863511933738035,0.0830133482481354,0.0877011075849716,0.0845018275422025,0.0824903618803459,0.0822340595346591,0.0827686294755001,,,,,,,,,,,,,,,,,,,,,,,,,,,
,,,,,,,,Two-year change,,,,,,,,,,,,,,,,,,,,,,,,,,,,,,,,,,,,,,,,,,,,,,,,0.405994394131087,0.401642519449855,0.380017923003094,0.378000759621278,0.373411622792331,0.354839723094066,0.337693786309659,0.368963680474114,0.366816468713733,0.372875700863462,0.393498992056709,0.424403952054329,0.364968830879398,0.378170831423208,0.406013259163595,0.406021805362087,0.395741612935326,0.402618295602516,0.400041719752368,0.377713151482116,0.396096283680726,0.414188925902694,0.42819676303247,0.416646614444838,0.378388827242994,0.403395847299225,0.395021247096522,0.39037368492119,0.292863791789759,0.131155148877723,0.28017962155156,0.386891773691328,0.409128194570063,0.56224302002846,0.513911540251555,0.537376004633566,0.555694213308297,0.787593762394457,0.501200444567944,0.357550464238468,0.297783279020138,0.21484692057328,0.174165239557878,0.121693367839307,0.17230536358228,0.184627567075342,0.207810392056197,0.200933506314083,0.242706986275,0.22875650973589,0.230099561329777,0.227859759025523,0.178548685824324,0.204112325903409,0.20122932021922,0.200843938941698,0.158416315700775,0.188734998835039,0.198424605176469,0.186069084128235,,,,,,,,,,,,,,,,,,,0.343590973059107,0.375433210294117,0.389379192556681,0.391254411759315,0.410774990671377,0.390591997872227,0.277170665065353,0.497163103688728,0.52793766829661,0.192993938457733,0.191121186088834,0.232024324947969,0.196582727333328,0.183393463056535,0.187623359414177,0.178996463801234,0.169364541621939,0.170714455833107,0.172202935127174,0.166992189422548,0.164724421415005,0.165002689010159,,,,,,,,,,,,,,,,,,,,,,,,,,,
,,,,,,,,FX impact to growth,,,,,,,,,,,,,,,,,,,,,,,,,,,,,,,,,,,,,,,,,,,,-36.1184685769311,-308.627810922442,-530.26245313337,-153.332022803223,-73.3496332518335,-172.9216152019,-104.051565377532,-114.276250414045,-260.46042681902,104.468949506675,92.6221654423509,-332.859174964437,-567.978852611273,-760.794592357565,-871.120107962213,-613.771537188055,-382.383286045911,-21.8435998252509,-54.2279959477976,-7.86245937729246,-48.279689234183,-188.580682233714,32.2889864285347,152.685387740525,499.619852444095,292.693917703137,-126.471928285925,-219.90359795526,-378.653910531574,-394.359768700592,-144.879641125211,-100.252168030015,-112.139144080818,-170.800763217824,-22.7837613918802,75.6577213054244,293.81275360602,629.457260521646,182.504380644291,-15.1518431134878,-383.358696625191,-457.33883117913,-617.353660831923,-663.629386502065,-382.356707707505,-203.062819783968,78.1909621526378,184.614342332576,-57.7473051257593,-200.368058063738,-167.653025298842,-37.3948746126951,-218.135227622893,66.7017456976593,171.895404986788,174.300658285147,828.598099805629,335.150310511381,215.130473715024,271.838577953072,12.9464297312554,12.293397119576,12.1066171349216,10.9497095269218,,,,,,,,,,,,,78.5979442799056,246.586702842813,73.3983304675934,356.282759597677,-260.053105581561,3.89140685803202,-74.6005639097747,-702.737152824367,-108.918237127171,15.9983875640868,101.279596555657,-246.520294347463,-51.0344111385574,236.789088236096,-542.442135209573,-76.4902683173463,-114.565596687057,55.9733927964023,399.256106928276,12.0296434543521,10.9741391878515,10.0335657965211,9.22750155130991,8.51295714286549,7.8204385173053,7.20589213885514,6.65234424705119,6.14308669712793,,,,,,,,,,,,,,,,,,,,,,,,,,,
,,,,,,,,,,,,,,,,,,,,,,,,,,,,,,,,,,,,,,,,,,,,,,,,,,,,,,,,,,,,,,,,,,,,,,,,,,,,,,,,,,,,,,,,,,,,,,,,,,,,,,,,,,,,,,,,,,,,,,,,,,,,,,,,,,,,,,,,,,,,,,,,,,,,,,,,,,,,,,,,,,,,,,,,,,,,,,,,,,,,,,
,,,,,,,,Google Search & Other,,,,,,,,,,,,,,,,,,,,,,,,,,,,,,,,,,,,,,,,,,,,,,,,8317.46451887783,8497.65536159905,8911.19578685178,9969.68004197129,9966.69878929142,10373.2801050294,10532.5252632277,11546.5308496879,11180.6857760214,11558.098247014,12010.9583153437,13614.6815697484,13231.8113415297,14147.5718446313,14490.0021658604,15992.5740030365,15864.2390883002,16768.4086871322,17581.4590238988,19598.8720198174,19991.3820652715,20941.6412468859,21042.9766878426,23320,22547,23642,24741,27185,24502,21319,26338,31903,31879,35845,37926,43301,39618,40689,39539,42604,40359,42628,44026,48020,46156,48509,49385,54034,50702,54190,56567,63073,60181.139119279,63401.2447710239,64520.6492898243,71034.3070637133,65968.6903553626,69124.2602755658,72028.289153128,79631.0786545124,,,,,,,,,,,,,,,,,30171.7783516687,35695.9957093,42419.0350072364,48364.4239081274,57861.9593550579,69812.9788191486,85296,98115,104062,148951,162450,175033,198084,224532,259137.340243841,286752.318438569,316002.947992343,345659.632760176,376654.681341137,412688.149795919,450583.799837281,490929.626602988,534840.753055564,583133.986919497,,,,,,,,,,,,,,,,,,,,,,,,,,,
,,,,,,,,Period-to-period addition,,,,,,,,,,,,,,,,,,,,,,,,,,,,,,,,,,,,,,,,,,,,,,,,,180.190842721222,413.540425252733,1058.4842551195,-2.98125267987234,406.581315738016,159.245158198222,1014.00558646026,-365.845073666513,377.412470992613,452.860068329657,1603.72325440469,-382.870228218675,915.76050310163,342.43032122908,1502.57183717612,-128.334914736321,904.169598831993,813.050336766621,2017.41299591861,392.510045454132,950.259181614358,101.335440956653,2277.02331215745,-773,1095,1099,2444,-2683,-3183,5019,5565,-24,3966,2081,5375,-3683,1071,-1150,3065,-2245,2269,1398,3994,-1864,2353,876,4649,-3332,3488,2377,6506,-2891.860880721,3220.10565174491,1119.40451880044,6513.65777388895,-5065.61670835075,3155.56992020323,2904.02887756219,7602.78950138448,,,,,,,,,,,,,,,,,,5524.21735763129,6723.03929793646,5945.38890089103,9497.53544693047,11951.0194640907,15483.0211808514,12819,5946.99999999999,44889,13499,12583,23051,26448,34605.3402438405,27614.9781947282,29250.6295537741,29656.6847678329,30995.0485809611,36033.4684547818,37895.6500413623,40345.8267657065,43911.1264525766,48293.2338639324,,,,,,,,,,,,,,,,,,,,,,,,,,,
,,,,,,,,% change Y/Y,,,,,,,,,,,,,,,,,,,,,,,,,,,,,,,,,,,,,,,,,,,,,,,,,,,,0.198285699526626,0.220722618606815,0.181942975461059,0.158164635282,0.121804321811585,0.114218273293336,0.140368336668291,0.179114467105619,0.183452572283823,0.22403976348672,0.206398505883566,0.174656485434944,0.198946892365999,0.185249940504485,0.213351028015864,0.225498285397721,0.260153856355777,0.248874692740295,0.196884550891848,0.189864395074368,0.127835980843366,0.128946853843924,0.175736701466478,0.16573756432247,0.0867077659999114,-0.0982573386346333,0.0645487247888121,0.173551590950892,0.30107746306424,0.681364041465359,0.439972663072367,0.357270476130771,0.242761692650334,0.135137397126517,0.042530190370722,-0.0160966259439735,0.0187036195668635,0.0476541571432083,0.113482890310832,0.127124213688856,0.143635868083947,0.137960964624191,0.121723527006769,0.125239483548522,0.0984920703700494,0.11711228844132,0.145428773919206,0.167283562201577,0.186957893559998,0.169980527237939,0.140605817699796,0.126223694191069,0.0961688549067279,0.0902666110927437,0.116360265216483,0.121022812020794,,,,,,,,,,,,,,,,,,0.183092202694966,0.188341553845069,0.140158513739805,0.196374414899925,0.206543635875788,0.2217785495296,0.15028840742825,0.0606125465015541,0.431367838404029,0.090627118985438,0.0774576792859343,0.131695166054401,0.133519113103532,0.154122086134005,0.106565029064292,0.102006601770652,0.0938493927232336,0.0896692747529071,0.0956671196186361,0.0918263586199468,0.0895412280252343,0.0894448492677491,0.0902946037451924,,,,,,,,,,,,,,,,,,,,,,,,,,,
,,,,,,,,Two Year Stacked,,,,,,,,,,,,,,,,,,,,,,,,,,,,,,,,,,,,,,,,,,,,,,,,,,,,,,,,0.320090021338211,0.334940891900151,0.32231131212935,0.337279102387619,0.305256894095408,0.338258036780057,0.346766842551856,0.353770952540564,0.382399464649823,0.409289703991205,0.41974953389943,0.400154770832665,0.459100748721776,0.43412463324478,0.410235578907713,0.415362680472089,0.387989837199143,0.377821546584219,0.372621252358326,0.355601959396838,0.214543746843277,0.0306895152092912,0.24028542625529,0.339289155273362,0.387785229064151,0.583106702830726,0.504521387861179,0.530822067081664,0.543839155714574,0.816501438591876,0.482502853443089,0.341173850186798,0.261465312217198,0.182791554269725,0.156013080681554,0.111027587744882,0.16233948765081,0.185615121767399,0.235206417317601,0.252363697237377,0.242127938453996,0.255073253065511,0.267152300925975,0.292523045750098,0.285449963930047,0.287092815679259,0.286034591619002,0.293507256392646,0.283126748466726,0.260247138330683,0.256966082916278,0.247246506211863,,,,,,,,,,,,,,,,,,,0.371433756540034,0.328500067584874,0.33653292863973,0.402918050775712,0.428322185405387,0.372066956957849,0.210900953929804,0.491980384905583,0.521994957389467,0.168084798271372,0.209152845340335,0.265214279157933,0.287641199237537,0.260687115198297,0.208571630834943,0.195855994493885,0.183518667476141,0.185336394371543,0.187493478238583,0.181367586645181,0.178986077292983,0.179739453012941,,,,,,,,,,,,,,,,,,,,,,,,,,,
,,,,,,,,% change Q/Q,,,,,,,,,,,,,,,,,,,,,,,,,,,,,,,,,,,,,,,,,,,,,,,,,0.0216641552617687,0.048665238545861,0.118781393702657,-0.000299031931548566,0.0407939804677213,0.0153514757710065,0.096273738834548,-0.0316844148627032,0.0337557533189985,0.0391811921521477,0.133521673483453,-0.0281218643460166,0.0692090054388399,0.0242041761646203,0.103697143725506,-0.00802465661324769,0.0569941989527134,0.0484870301014635,0.114746619900902,0.0200271752913761,0.0475334410853525,0.00483894455845113,0.108208232415758,-0.033147512864494,0.0485652193196433,0.0464850689450977,0.0987833959823774,-0.0986941327938201,-0.129907762631622,0.235423800365871,0.211291669830663,-0.000752280349810341,0.124407917437812,0.0580555168084809,0.14172335600907,-0.0850557723840096,0.0270331667423898,-0.0282631669492983,0.0775183995548698,-0.0526945826682941,0.056220421715107,0.0327953457821151,0.0907191205196929,-0.0388171595168679,0.0509792876332438,0.0180585046073924,0.0941378961223043,-0.0616648776696155,0.0687941304090569,0.0438641815833181,0.1150140541305,-0.0458494265489354,0.0535068910105319,0.0176558760453871,0.100954622211408,-0.0713122562567861,0.0478343575293778,0.0420117172463792,0.105552826407155,,,,,,,,,,,,,,,,,,,,,,,,,,,,,,,,,,,,,,,,,,,,,,,,,,,,,,,,,,,,,,,,,,,
,,,,,,,,% of total gross revenue,,,,,,,,,,,,,,,,,,,,,,,,,,,,,,,,,,,,,,,,,,,,,,,,0.642225659707963,0.648329546166098,0.64789848675671,0.634728467687737,0.646348819020196,0.650158577563737,0.637446302924872,0.637824164485881,0.647855242555418,0.65200531658002,0.643157071772084,0.638317856896636,0.65319698580884,0.658026597424712,0.645405646334702,0.613588628109136,0.640979357103038,0.644690837644452,0.633064202214418,0.606344461213916,0.641860337291195,0.641260411148786,0.623680399758226,0.593746817394847,0.620462863590082,0.607076828266228,0.610903972937603,0.590016277807922,0.595301149201876,0.556675457607646,0.570419942390575,0.560705121445394,0.576327873594388,0.579266321913381,0.582419607481802,0.574855625622303,0.582523415329873,0.583898973954223,0.572265964221618,0.560225120976226,0.578316878501727,0.571390273979948,0.574054998500515,0.556366585563666,0.573088814114901,0.572431615963749,0.559489282639235,0.56011775803626,0.561894629518807,0.561973700584892,0.552703574150431,0.554107952349158,0.548951939454701,0.540694233679158,0.525860416002654,0.528296774883857,0.515825224101067,0.506640520791288,0.497572854656584,0.502475254492271,,,,,,,,,,,,,,,,,0.655338365587938,0.636928051340018,0.642702913701859,0.644953578633232,0.640973495159716,0.62976842559333,0.62342218551517,0.606183235819273,0.570118393443162,0.578142890966748,0.574361113861036,0.569409292308894,0.565925180990692,0.557378188642525,0.53536059819041,0.50523432960232,0.47879924326162,0.45406110535898,0.432169942733455,0.416450740510608,0.40233348863981,0.390088065173762,0.38020151302917,0.372646218305521,,,,,,,,,,,,,,,,,,,,,,,,,,,
,,,,,,,,,,,,,,,,,,,,,,,,,,,,,,,,,,,,,,,,,,,,,,,,,,,,,,,,,,,,,,,,,,,,,,,,,,,,,,,,,,,,,,,,,,,,,,,,,,,,,,,,,,,,,,,,,,,,,,,,,,,,,,,,,,,,,,,,,,,,,,,,,,,,,,,,,,,,,,,,,,,,,,,,,,,,,,,,,,,,,,
,,,,,,,,YouTube,,,,,,,,,,,,,,,,,,,,,,,,,,,,,,,,,,,,,,,,,,,,,,,,322.535481122172,370.34463840095,464.804213148217,568.319958028713,502.301210708586,561.719894970569,719.474736772347,882.469150312089,751.314223978601,843.901752985988,1076.04168465633,1321.31843025165,1096.18865847032,1252.42815536869,1598.99783413961,1975.42599696349,1577.4650691534,1697.56839159461,2185.40479828456,2687.58292181883,2162.135,2348.1275,3039.7375,3605,3025,3603,3804,4717,4038,3812,5037,6885,6005,7002,7205,8633,6869,7340,7071,7963,6693,7665,7952,9200,8090,8663,8921,10473,8927,9796,10261,11383,9975.33538757357,10761.4841588854,10872.7516636253,12621.7018382128,11092.7827347364,11939.6402261212,12388.2186772541,13700.8088628261,,,,,,,,,,,,,,,,,1049.22164833135,1726.00429070005,2665.96499276359,3992.57609187257,5923.04064494211,8148.02118085139,11155,15149,19772,28845,29243,31510,36147,40367,44231.273048297,49121.4505009377,54461.4516846282,59968.2515048547,65627.9861781647,71415.1225345831,77304.9878364689,83274.0775769603,89300.2844626222,95363.0527269915,,,,,,,,,,,,,,,,,,,,,,,,,,,
,,,,,,,,Period-to-period addition,,,,,,,,,,,,,,,,,,,,,,,,,,,,,,,,,,,,,,,,,,,,,,,,,47.8091572787777,94.4595747472666,103.515744880496,-66.0187473201273,59.4186842619833,157.754841801778,162.994413539742,-131.154926333488,92.5875290073872,232.139931670344,245.276745595314,-225.129771781325,156.23949689837,346.569678770921,376.428162823876,-397.960927810089,120.103322441209,487.836406689953,502.178123534264,-525.447921818825,185.9925,691.61,565.2625,-580,578,201,913,-679,-226,1225,1848,-880,997,203,1428,-1764,471,-269,892,-1270,972,287,1248,-1110,573,258,1552,-1546,869,465,1122,-1407.66461242643,786.148771311817,111.267504739868,1748.95017458756,-1528.91910347646,846.85749138481,448.578451132948,1312.59018557195,,,,,,,,,,,,,,,,,,676.782642368705,939.960702063538,1326.61109910898,1930.46455306954,2224.98053590928,3006.97881914861,3994,4623,9073,398,2267,4637,4220,3864.27304829703,4890.17745264067,5340.00118369046,5506.7998202265,5659.73467331004,5787.13635641843,5889.8653018858,5969.08974049139,6026.20688566186,6062.76826436931,,,,,,,,,,,,,,,,,,,,,,,,,,,
,,,,,,,,% change Y/Y,,,,,,,,,,,,,,,,,,,,,,,,,,,,,,,,,,,,,,,,,,,,,,,,,,,,0.557351795718625,0.5167490945621,0.547909240966628,0.552768186028589,0.495744401887341,0.50235332688404,0.495593423451654,0.49729702141356,0.459028224789129,0.484092373238008,0.485999898461464,0.495041582510332,0.439045238211712,0.355421773550657,0.366734057810956,0.36050802507916,0.370638908131503,0.383229984504065,0.390926524178061,0.341353961856668,0.399080075943454,0.534414123594226,0.251423848276372,0.308460471567268,0.334876033057851,0.0580072162087149,0.324132492113565,0.459614161543354,0.487122337790986,0.836831059811123,0.430414929521541,0.253885257806826,0.143880099916736,0.048271922307912,-0.0185981956974324,-0.0776091740993861,-0.0256223613335275,0.0442779291553133,0.124593409701598,0.155343463518774,0.208725534140146,0.130202217873451,0.121856136820925,0.138369565217391,0.103461063040791,0.130786101812305,0.150207375854725,0.0868900983481333,0.117434231833043,0.0985590198943844,0.0596191076527879,0.108820331917141,0.112021030245741,0.109478957534218,0.139382104964178,0.0854961587942287,,,,,,,,,,,,,,,,,,0.645033052306004,0.544587697219628,0.497610097173026,0.483513528270449,0.375648365305288,0.369044060196516,0.358045719408337,0.305168657997228,0.458881246206757,0.0137978852487433,0.077522825975447,0.147159631862901,0.116745511384071,0.0957285170633693,0.110559274369087,0.108710168963527,0.101113717131797,0.0943788509967123,0.0881809223995949,0.0824736427362931,0.0772148073177168,0.0723659398099312,0.0678919255504384,,,,,,,,,,,,,,,,,,,,,,,,,,,
,,,,,,,,Two Year Stacked,,,,,,,,,,,,,,,,,,,,,,,,,,,,,,,,,,,,,,,,,,,,,,,,,,,,,,,,1.05309619760597,1.01910242144614,1.04350266441828,1.05006520744215,0.954772626676471,0.986445700122049,0.981593321913118,0.992338603923892,0.898073463000841,0.839514146788666,0.85273395627242,0.855549607589492,0.809684146343215,0.738651758054722,0.757660581989017,0.701861986935828,0.769718984074957,0.91764410809829,0.642350372454433,0.649814433423935,0.733956109001305,0.59242133980294,0.575556340389937,0.768074633110621,0.821998370848837,0.894838276019838,0.754547421635105,0.71349941935018,0.631002437707722,0.885102982119035,0.411816733824108,0.17627608370744,0.118257738583209,0.0925498514632253,0.105995214004166,0.0777342894193882,0.183103172806619,0.174480147028764,0.246449546522524,0.293713028736166,0.312186597180937,0.260988319685756,0.27206351267565,0.225259663565525,0.220895294873834,0.22934512170669,0.209826483507513,0.195710430265274,0.229455262078783,0.208037977428603,0.199001212616966,0.19431649071137,,,,,,,,,,,,,,,,,,,,,,,,,0.663214377405565,0.764049904203985,0.4726791314555,0.0913207112241903,0.224682457838348,0.263905143246971,0.21247402844744,0.206287791432456,0.219269443332614,0.209823886095323,0.195492568128509,0.182559773396307,0.170654565135888,0.15968845005401,0.149580747127648,0.14025786536037,,,,,,,,,,,,,,,,,,,,,,,,,,,
,,,,,,,,% change Q/Q,,,,,,,,,,,,,,,,,,,,,,,,,,,,,,,,,,,,,,,,,,,,,,,,,0.148229140907038,0.255058572347957,0.222708275769194,-0.116164752596621,0.118292934588317,0.280842539518817,0.226546402825699,-0.148622675690254,0.123234095738382,0.275079333404582,0.227943535174152,-0.170382677352384,0.142529751326195,0.276718211168686,0.235415054846791,-0.201455751023734,0.0761369140843589,0.287373639321656,0.229787233892984,-0.195509473420536,0.0860226119090621,0.294536817102138,0.185957669042146,-0.160887656033287,0.191074380165289,0.0557868442964196,0.240010515247108,-0.143947424210303,-0.0559683011391778,0.321353620146905,0.366885050625372,-0.127814088598402,0.166028309741882,0.028991716652385,0.198195697432339,-0.204332213598981,0.068568932886883,-0.0366485013623978,0.126149059538962,-0.159487630290092,0.145226355894218,0.0374429223744293,0.156941649899396,-0.120652173913044,0.0708281829419035,0.0297818307745585,0.173971527855622,-0.147617683567268,0.0973451327433628,0.0474683544303798,0.109346067634734,-0.123663762841643,0.0788092571094035,0.0103394200183808,0.160856260558094,-0.121134148395709,0.0763431062913482,0.0375705165848768,0.105954715505788,,,,,,,,,,,,,,,,,,,,,,,,,,,,,,,,,,,,,,,,,,,,,,,,,,,,,,,,,,,,,,,,,,,
,,,,,,,,% of total gross revenue,,,,,,,,,,,,,,,,,,,,,,,,,,,,,,,,,,,,,,,,,,,,,,,,0.0249042916471448,0.0282554847334211,0.0337941117600855,0.0361825910758715,0.0325746569849926,0.0352065117499573,0.0435438320385128,0.0487471220412135,0.0435342579660796,0.0476054466624916,0.0576193673176081,0.061949384886851,0.0541140671605036,0.0582524723427298,0.0712216753881614,0.0757913596133935,0.0637359623900363,0.0652659896806847,0.0786909404538586,0.0831476942678225,0.0694193475887755,0.0719027314205224,0.0900929905157084,0.0917863326204298,0.0832438977407193,0.0925174609695974,0.0939282451418554,0.102376559956593,0.0981073398284701,0.0995378228059639,0.109089727762978,0.12100601075609,0.108562027696424,0.113154492566257,0.110645290088762,0.114610023232658,0.100998367911073,0.105331132955442,0.102341805129393,0.104710183042289,0.0959061143192858,0.102742480295963,0.103686125200475,0.106592515351639,0.100448230050038,0.102227938920488,0.101067204422894,0.108563372689672,0.0989316665558437,0.101588750155556,0.100257948527544,0.100001757036933,0.0909916260785,0.091775365792159,0.0886158117728249,0.0938701966740198,0.0867371643915725,0.0875106007371032,0.0855780611177221,0.0864526455803369,,,,,,,,,,,,,,,,,0.0227893494424706,0.0307973073067599,0.0403927969691912,0.0532421567412896,0.0656132648544633,0.0735016118429606,0.0815310739005548,0.0935949634553958,0.108323700055334,0.111959850487314,0.103392071730614,0.102506880420568,0.103271831734368,0.100207032142112,0.0913788833966489,0.0865480120547014,0.0825185398402078,0.0787747482901243,0.075300917347796,0.072066233735789,0.06902686127805,0.0661687990311411,0.0634807708138444,0.0609408502366872,,,,,,,,,,,,,,,,,,,,,,,,,,,
,,,,,,,,,,,,,,,,,,,,,,,,,,,,,,,,,,,,,,,,,,,,,,,,,,,,,,,,,,,,,,,,,,,,,,,,,,,,,,,,,,,,,,,,,,,,,,,,,,,,,,,,,,,,,,,,,,,,,,,,,,,,,,,,,,,,,,,,,,,,,,,,,,,,,,,,,,,,,,,,,,,,,,,,,,,,,,,,,,,,,,
,,,,,,,,Google properties revenue,,,,,,,,,183.102,207.239,,303.532,343.442,411.671,530.387,656.997,737.172,884.679,1098.212,1297.3,1432.4,1626,1977.097,2282.1,2486.3,2734.8,3121.505,3400.4,3530.1,3672.1,3811.166,3693,3653,3956,4420.486,4439,4499,4833,5673,5879,6232,6740,7294,7312,7542,7727,8640,8640,8868,9376,10538,10469,10935,11252,12429,11932,12402,13087,14936,14328,15400,16089,17968,17441.7041574536,18465.9770787268,19766.8638221834,22286.4549416362,22153.5170652715,23289.7687468859,24082.7141878426,26925,25572,27245,28545,31902,28540,25131,31375,38788,37884,42847,45131,51934,46487,48029,46610,50567,47052,50293,51978,57220,54246,57172,58306,64507,59629,63986,66828,74456,70156.4745068526,74162.7289299093,75393.4009534496,83656.0089019261,77061.4730900989,81063.9005016869,84416.5078303821,93331.8875173385,,,,,,66.932,306.978,792.063,1589.032,3377.06,6332.797,10624.705,14413.766,15722.486,19444,26145,31221,37422,45085,52357,63785,77961,96451,113264,123834,177796,191693,206543,234231,264899,303368.613292138,335873.768939506,370464.399676971,405627.88426503,442282.667519302,484103.272330502,527888.78767375,574203.704179948,624141.037518186,678497.039646488,,0.199171070005914,0.188071692264485,0.194530349790434,0.200277805877393,0.225868805023076,,,,,,,,,,,,,,,,,,,,,
,,,,,,,,Period-to-period addition,,,,,,,,,,,,,,,,126.61,80.1750000000001,147.507,213.533,199.088,135.1,193.6,351.097,305.003,204.2,248.5,386.705,278.895,129.7,142,139.066,-118.166,-40,303,464.486000000001,18.5139999999992,60,334,840,206,353,508,554,18,230,185,913,0,228,508,1162,-69,466,317,1177,-497,470,685,1849,-608,1072,689,1879,-526.295842546409,1024.2729212732,1300.88674345657,2519.59111945287,-132.937876364693,1136.25168161435,792.945440956653,2842.28581215745,-1353,1673,1300,3357,-3362,-3409,6244,7413,-904,4963,2284,6803,-5447,1542,-1419,3957,-3515,3241,1685,5242,-2974,2926,1134,6201,-4878,4357,2842,7628,-4299.52549314743,4006.25442305673,1230.6720235403,8262.60794847651,-6594.53581182721,4002.42741158804,3352.60732869514,8915.37968695644,,,,,,,240.046,485.085,796.969,1788.028,2955.737,4291.908,3789.061,1308.72,3721.514,6701,5076,6201,7663,7272,11428,14176,18490,16813,10570,53962,13897,14850,27688,30668,38469.6132921376,32505.1556473689,34590.6307374645,35163.4845880594,36654.7832542712,41820.6048112002,43785.5153432481,46314.9165061979,49937.3333382384,54356.0021283018,,,,,,,,,,,,,,,,,,,,,,,,,,,
,,,,,,,,% change Y/Y,,,,,,,,,,,,NA,0.875686775676945,0.986455252148486,NA,1.16450654296746,1.14642355914536,1.14899519276315,1.07058619460884,0.97459044714055,0.9431014742828,0.837954783599475,0.800287194093672,0.759115085176906,0.735758168109467,0.681918819188192,0.57883250037808,0.490031111695368,0.419820616981056,0.342730729852274,0.220938617750092,0.0860487001529231,0.0348148777655024,0.0773127093488739,0.159877580771869,0.202003790955863,0.231590473583356,0.221688574317492,0.283343053229894,0.324397386798829,0.385196710380084,0.394578936478378,0.285739467653799,0.24374893689403,0.210205391527599,0.146439169139466,0.184535234439265,0.181619256017505,0.175815433571997,0.213407532030542,0.219675925925926,0.211689814814815,0.233085250338295,0.200085324232082,0.179445815145189,0.139745916515426,0.134156378600823,0.163082118734447,0.201705688309598,0.200804559168622,0.241735203999355,0.22938794223275,0.20299946438136,0.217316035556504,0.199089420696545,0.228594929590613,0.240341437090174,0.270146361002482,0.261225910093662,0.218337638407552,0.208132925156162,0.154308813569262,0.169826986952928,0.185289987555061,0.184846796657382,0.116064445487252,-0.077592218755735,0.0991417060781223,0.215848536141935,0.32740014015417,0.704946082527556,0.438438247011952,0.338919253377333,0.227087952697709,0.120941956262982,0.032771265870466,-0.0263218700658528,0.012153935508852,0.0471381873451457,0.11516841879425,0.131568018668301,0.152894669727111,0.136778478118227,0.121743814690831,0.127350576721426,0.0992331231795893,0.119184216049815,0.146159914931568,0.154231323732308,0.176549573309171,0.159046180881901,0.128170840866846,0.12356302919746,0.0984228274265959,0.0930544448856499,0.119680326962616,0.115662685112744,,,,,,,3.58641606406502,1.58019467193089,1.00619395174374,1.12523095821859,0.875239705542691,0.677727076992994,0.356627407537433,0.090796534368603,0.236700099462642,0.344630734416787,0.194148020654045,0.198616315941193,0.204772593661483,0.161295331041366,0.218270718337567,0.222246609704476,0.237169866984774,0.174316492312159,0.0933217968639639,0.43576077652341,0.0781626133321334,0.0774676174925533,0.134054409977583,0.130930577079891,0.145223701456546,0.107147391731217,0.102986996712133,0.0949173108636632,0.0903655411182767,0.0945562824014015,0.0904466419581551,0.0877361247059141,0.0869679749098042,0.087089293702656,,,,,,,,,,,,,,,,,,,,,,,,,,,
,,,,,,,,Two-year % change ,,,,,,,,,,,,,,,,,2.0221103348223,2.13545044491164,,2.13909699010801,2.08952503342816,1.98694997636263,1.87087338870251,1.73370553231746,1.67885964239227,1.51987360278767,1.37911969447175,1.24914619687227,1.15557878509052,1.02464954904047,0.799771118128172,0.576079811848292,0.454635494746559,0.420043439201148,0.38081619852196,0.288052491108786,0.266405351348858,0.299001283666366,0.443220634001762,0.526401177754691,0.616787183963441,0.61626751079587,0.569082520883692,0.568146323692858,0.595402101907684,0.541018105617844,0.470274702093064,0.425368192911535,0.386020825099596,0.359846701170008,0.404211160365191,0.39330907083232,0.408900683910292,0.413492856262624,0.399121741071115,0.351435731330241,0.367241628939118,0.363167442966529,0.381151503454787,0.340550475684049,0.375891582600178,0.392470060967197,0.404705152690959,0.418120594725126,0.4408246246959,0.457982871823363,0.443340901471534,0.487462396558986,0.460315330790207,0.446932567998164,0.448474362246336,0.424455174571744,0.43105289704659,0.403627625962613,0.392979721813544,0.270373259056514,0.0922347681971929,0.284431693633184,0.400695332799316,0.443464585641421,0.627353863771821,0.537579953090074,0.554767789519268,0.554488092851878,0.825888038790538,0.471209512882418,0.31259738331148,0.239241888206561,0.168080143608128,0.147939684664716,0.105246148602449,0.165048605235963,0.183916665463373,0.236912233485081,0.258918595389728,0.2521277929067,0.255962694168042,0.267903729622399,0.281581900453734,0.27578269648876,0.278230396931715,0.274330755798414,0.277794352929768,0.274972400735767,0.25210062576755,0.247851167829463,0.239225714310205,,,,,,,,,,,,,,,,,,,0.403388909602676,0.366067924702849,0.379566049378933,0.440517328042043,0.45941647668925,0.411486359296933,0.267638289176122,0.529082573387374,0.513923389855544,0.155630230824687,0.211522027470137,0.264984987057475,0.276154278536437,0.252371093187763,0.21013438844335,0.197904307575796,0.18528285198194,0.184921823519678,0.185002924359557,0.178182766664069,0.174704099615718,0.17405726861246,,,,,,,,,,,,,,,,,,,,,,,,,,,
,,,,,,,,% change Q/Q,,,,,,,,,,,,NA,0.131485312915937,0.198662365115507,0.288375911832507,0.238712487297011,0.122032520696442,0.200098484478521,0.241367772943633,0.181283759419857,0.10413936637632,0.135157777157219,0.215926814268143,0.154268101160439,0.0894789886508043,0.0999477134698146,0.141401565013895,0.0893463249298014,0.0381425714621808,0.0402254893629075,0.0378709730127176,-0.0310052094293453,-0.0108313024641213,0.082945524226663,0.117413043478261,0.00418822726731838,0.0135165577832845,0.0742387197154923,0.173805090006207,0.036312356777719,0.0600442252083688,0.0815147625160462,0.0821958456973293,0.00246778173841511,0.0314551422319476,0.0245293025722619,0.118157111427462,0,0.0263888888888888,0.0572846188543077,0.123933447098976,-0.00654773201746062,0.0445123698538543,0.0289894833104709,0.10460362602204,-0.0399871268806823,0.0393898759637947,0.0552330269311401,0.141285244899519,-0.0407070166041779,0.0748185371300949,0.0447402597402598,0.116787867487103,-0.0292907303287182,0.0587255070964776,0.0704477611940297,0.127465395730872,-0.00596496287600834,0.0512899003019061,0.0340469435130255,0.118021822207743,-0.0502506963788301,0.065423119036446,0.047715177096715,0.117603783499737,-0.105385242304558,-0.119446391030133,0.248458079662568,0.236270916334661,-0.0233061771681964,0.131005173688101,0.0533059490746144,0.150738959916687,-0.104883120884199,0.0331705638135393,-0.0295446501072268,0.0848959450761639,-0.0695117369035142,0.0688812377794781,0.0335036685025749,0.100850359767594,-0.0519748339741349,0.0539394609740811,0.0198348842090534,0.1063526909752,-0.0756197001875766,0.0730684733938185,0.0444159659925609,0.114143772071587,-0.0577458565212667,0.0571045573657698,0.0165942116922828,0.109593251451518,-0.0788291946793481,0.0519381118877453,0.041357587137389,0.105611804090144,,,,,,,,,,,,,,,,,,,,,,,,,,,,,,,,,,,,,,,,,,,,,,,,,,,,,,,,,,,,,,,,,,,
,,,,,,,,% of total gross revenue,,,,,,,,,,,,0.465809217906673,0.490482882327067,0.510829682077016,0.514189516054759,0.522871972979254,0.532448293421067,0.560471118612112,0.572255747897575,0.575617136734028,0.583226892932425,0.60453445456009,0.61678310203282,0.622848816216067,0.642125421456953,0.646318398071916,0.646718996643448,0.655682955193391,0.657715774968457,0.662667550439953,0.668519589173928,0.670357596660011,0.661415897157342,0.665433137089992,0.662387693050924,0.65520295202952,0.659677419354839,0.663326928355751,0.672156398104265,0.685597667638484,0.690449811655218,0.693415637860082,0.689153439153439,0.686895255988727,0.687887632251003,0.670397362484817,0.669507942657885,0.667129951355108,0.676585030899519,0.681692598516795,0.670911058763609,0.678923476005188,0.685365089313695,0.680990134963384,0.686571286527095,0.691389500521497,0.699610763242511,0.700776439089692,0.700267241783487,0.707311052969344,0.716279069767442,0.716627321722863,0.689379987722529,0.704715319493074,0.709956827325136,0.711755142668276,0.689492155481739,0.71127968487997,0.713163142569308,0.713773390273935,0.685533150015277,0.703706761330802,0.699594289235826,0.704832218079459,0.692392837764514,0.693408489030346,0.656213280413609,0.679509670153553,0.681711132201483,0.684889901290812,0.692420814479638,0.693064897570564,0.689465648854962,0.683521783240946,0.689230106909665,0.67460776935101,0.664935304018515,0.674222992821013,0.67413275427591,0.67774112370099,0.662959100915305,0.673537044164939,0.674659554884237,0.660556487062129,0.668681130725933,0.66082629607465,0.663562450740449,0.652961522677975,0.654109709386091,0.639943565533201,0.632469599471317,0.614476227775479,0.622166971557877,0.602562388492639,0.594151121528391,0.583150915774306,0.588927900072608,,,,,,,0.698458276072335,0.540312865381388,0.498250514310225,0.550138794766199,0.597156677416711,0.640274434364353,0.661316920197013,0.66478273688453,0.663142457624228,0.689750692520776,0.678127715030408,0.667725358646778,0.683095710671051,0.698195735374522,0.706586760014179,0.703270037436291,0.704953259415724,0.699778199274668,0.678442093498496,0.690102741454061,0.67775318559165,0.671916172729461,0.66919701272506,0.657585220784637,0.626739481587059,0.591782341657022,0.561317783101828,0.532835853649104,0.507470860081251,0.488516974246397,0.47136034991786,0.456256864204903,0.443682283843014,0.433587068542208,,,,,,,,,,,,,,,,,,,,,,,,,,,
,,,,,,,,% of total advertising revenue,,,,,,,,,,,,0.476290005711739,0.497981637541542,0.517203212237862,0.519793606303534,0.529361572525284,0.539099351037798,0.567214275135267,0.578986021083043,0.582872804061644,0.589707698641416,0.610589560645888,0.622721838101525,0.629110957960028,0.647743851604835,0.652774794128178,0.656158409398048,0.668514695763295,0.680776796389864,0.686117339312407,0.692363855421249,0.692740574001126,0.684466928986322,0.687163453187424,0.683883050909341,0.685559845559846,0.685614142029869,0.687286689419795,0.694624709195543,0.707801589212617,0.715006883891693,0.722013926084628,0.716925496363279,0.715110024449878,0.716579572446556,0.711510128913444,0.715468698244452,0.725928415392371,0.735262416051737,0.748642606196104,0.74950213371266,0.747945988426091,0.754241964408884,0.759244264507422,0.762094549022012,0.769409337116327,0.774012357236473,0.779870091174543,0.78289128839501,0.79511653718091,0.804471608420833,0.811714847888603,0.802178668690567,0.812893811335872,0.812763785772764,0.819656847133371,0.816811937888937,0.825641325668607,0.828182850866741,0.830736902108494,0.828002952211083,0.836041455520319,0.838462485381917,0.844626583027577,0.840986977381768,0.845304031039896,0.841430341179228,0.84580132093274,0.839585272408494,0.847820248858652,0.849397351518516,0.84944475814041,0.848054344453698,0.850460108669801,0.853272455940876,0.855511912191182,0.856458114562515,0.862579746278507,0.864988046712416,0.871426894898319,0.873361112383046,0.879774242203085,0.884796335272997,0.885382816533544,0.89023060680918,0.891515287433655,0.896916176058312,0.900865439055297,0.904866073598756,0.90827586739559,0.911711878206714,0.912759039843055,0.916008997657755,0.917202666268666,0.919969895290686,0.922649330751118,0.925306374636937,,,,,,,0.747059610868428,0.55753053327918,0.505531787096823,0.556811028256874,0.603547271474792,0.64734881517864,0.682196359594596,0.686907275714362,0.68862445105539,0.715693520571569,0.714668314791924,0.732730263157895,0.756155239500872,0.776925359845675,0.80350956753965,0.815687874697888,0.828182825151768,0.840168828953127,0.842843919305219,0.848680410698005,0.853969074231645,0.868356771982931,0.88526021391587,0.898904276004357,0.912354063286467,0.921481372472591,0.929269732356893,0.935732982827688,0.941283348405972,0.946474969321567,0.95097741632201,0.954950177034316,0.958538126177502,0.961817375818503,,,,,,,,,,,,,,,,,,,,,,,,,,,
,,,,,,,,YoY change in mix,,,,,,,,,,,,,,,,,,,,,,,,,,,,,,,,,,,,,,,,,,,,,,,,108.183909424934,186.828436051812,371.324772826597,340.334354682083,220.175730337202,189.79548357147,106.01658311319,125.924153093523,214.633486902358,197.703928275885,206.258266671202,207.967393729976,257.072000645831,304.592511843601,318.447567140604,192.873802955565,177.772741549622,82.9217735193166,79.4199924476791,146.332691983703,127.475143327345,154.190650939771,110.800549751232,111.910143221463,104.001298517122,102.796345151753,138.89680919083,129.840251706852,92.6257551957665,29.6785579731118,11.7473790516309,-14.0170497327463,25.1621781875611,79.6701033928771,36.4343720767002,84.6907204520409,26.3985981114934,38.7510442235994,60.6715405077207,84.037701088171,121.196376087058,117.155907715404,159.149827071361,169.029978205307,171.944959245778,198.082885605815,139.559216352254,168.694944261345,117.410452305701,121.198407853149,154.826225217526,146.354667895754,,,,,,,,,,,,,,,,,,,,,,,,,-10.2520577964516,180.619483659705,234.249763429775,207.701203448023,265.842076939751,121.783071582381,124.949504538799,119.860038013594,26.7509035209212,58.3649139278619,52.8866353363955,143.87697751286,169.03441932939,136.440620884872,134.497872821102,91.2730918612414,77.8835988430182,64.632504707951,55.5036557828337,51.9162091559533,45.0244700044267,39.727607123059,35.8794914318661,32.7924964100079,,,,,,,,,,,,,,,,,,,,,,,,,,,
,,,,,,,,,,,,,,,,,,,,,,,,,,,,,,,,,,,,,,,,,,,,,,,,,,,,,,,,,,,,,,,,,,,,,,,,,,,,,,,,,,,,,,,,,,,,,,,,,,,,,,,,,,,,,,,,,,,,,,,,,,,,,,,,,,,,,,,,,,,,,,,,,,,,,,,,,,,,,,,,,,,,,,,,,,,,,,,,,,,,,,
,,,,,,,,Company-wide FX (headwind) / tailwind,,,,,,,,,,,,,,,,,,,,,,,,,,,,,,,,,,,,252,103,-80,-107,37,421,484,64,-30,-269,-495,-156,-75,-182,-113,-138,-155,126,116,-468,-795,-1103,-1291,-1001,-593,-35,-91,-15,-87,-361,64,342,1072,665,-305,-600,-1016,-1109,-420,-326,-343,-555,-77,287,992,1880,677,-70,-1713,-2307,-3280,-4064,-2090,-1143,426,1090,-315,-1165,-1000,-245,-1345,431,1132,1263,5542.07839054996,2390.96231518818,1595.88088011279,2236.79655482905,100,100,100,100,,,,,,,,,,,,,129,521,168,1006,-950,17,-381,-4190,-734,127,968,-2871,-688,3479,-11364,-1717,-2725,1481,11765.7181406801,400,400,400,400,400,400,400,400,400,,,,,,,,,,,,,,,,,,,,,,,,,,,
,,,,,,,,% FX  to Google Websites,,,,,,,,,,,,,,,,,,,,,,,,,,,,,,,,,,,,0.8,0.8,0.8,0.8,0.8,0.8,0.8,0.8,0.8,0.8,0.8,0.8,0.8,0.8,0.8,0.8,0.8,0.8,0.8,0.8,0.8,0.8,0.8,0.8,0.8,0.8,0.8,0.8,0.8,0.8,0.8,0.8,0.8,0.8,0.8,0.8,0.8,0.8,0.8,0.8,0.8,0.8,0.8,0.8,0.8,0.8,0.8,0.8,0.8,0.8,0.8,0.8,0.8,0.8,0.8,0.8,0.8,0.8,0.8,0.8,0.8,0.8,0.8,0.8,0.8,0.8,0.8,0.8,0.8,0.8,0.8,0.8,,,,,,,,,,,,,0.8,0.8,0.8,0.8,0.8,0.8,0.8,0.8,0.8,0.8,0.8,0.8,0.8,0.8,0.8,0.8,0.8,0.8,0.8,0.8,0.8,0.8,0.8,0.8,0.8,0.8,0.8,0.8,,,,,,,,,,,,,,,,,,,,,,,,,,,
,,,,,,,,"Google websites revenue, ex-FX",,,,,,,,,,,,,,,,,,,,,,,,,,,,,,,,,,,,4237.4,4416.6,4897,5758.6,5849.4,5895.2,6352.8,7242.8,7336,7757.2,8123,8764.8,8700,9013.6,9466.4,10648.4,10593,10834.2,11159.2,12803.4,12568,13284.4,14119.8,15736.8,14802.4,15428,16161.8,17980,17511.3041574536,18754.7770787268,19715.6638221834,22012.8549416362,21295.9170652715,22757.7687468859,24326.7141878426,27405,26384.8,28132.2,28881,32162.8,28814.4,25575,31436.6,38558.4,37090.4,41343,44589.4,51990,47857.4,49874.6,49234,53818.2,48724,51207.4,51637.2,56348,54498,58104,59106,64703,60705,63641.2,65922.4,73445.6,65722.8117944126,72249.9590777587,74116.6962493594,81866.5716580629,76981.4730900989,80983.9005016869,84336.5078303821,93251.8875173385,,,,,,,,,,,,,14310.566,15305.686,19309.6,25340.2,31981,37408.4,45389.8,55709,64372.2,77859.4,95676.6,115560.8,124384.4,175012.8,200784.2,207916.6,236411,263714.2,293956.038779594,335553.768939506,370144.399676971,405307.88426503,441962.667519302,483783.272330502,527568.78767375,573883.704179948,623821.037518186,678177.039646488,,,,,,,,,,,,,,,,,,,,,,,,,,,
,,,,,,,,% change Y/Y (ex-FX),,,,,,,,,,,,,,,,,,,,,,,,,,,,,,,,,,,,0.147414026536691,0.209033670955379,0.237866531850354,0.302707439860685,0.317729218292408,0.310335630140031,0.314463066418374,0.276714260532346,0.247831263820378,0.244736842105263,0.205192878338279,0.20164518782561,0.189824945295405,0.195120657650491,0.225106768474181,0.232453703703704,0.226041666666667,0.221718538565629,0.19018771331058,0.214974378439932,0.200496704556309,0.214851394604481,0.254870245289726,0.26613565049481,0.240563191418036,0.243992904370263,0.234950714449454,0.203802892340653,0.22217365699704,0.217842667449792,0.225412631125823,0.22511436674289,0.220976853696425,0.232416170011569,0.230681528778576,0.229670670897108,0.190998247468413,0.207920967603493,0.199241903330802,0.194532961931291,0.126794931956828,-0.0612956505780877,0.101299702224558,0.208651495204063,0.299593552908199,0.64509967768891,0.42117609561753,0.340362998865629,0.263261535212755,0.164016150488949,0.0909131195852075,0.0362806639195903,0.0481209800589413,0.0661766849195278,0.107856683115211,0.114323570708169,0.158250446314716,0.155309884079295,0.137134941706107,0.130775952464173,0.119068687092136,0.113153291821171,0.130628065722224,0.138567907358891,0.102195438367449,0.129152612724014,0.109066502803606,0.0995295430598322,0.0972825192716844,0.0919757359282758,0.11861922613697,0.11470638799733,,,,,,,,,,,,,0.346914196676519,0.0618797335824657,0.228151832986208,0.303240074058836,0.223216676228724,0.198180711700458,0.212917535139757,0.235643783963624,0.229486028611265,0.220653758720702,0.227236695270712,0.198129620221667,0.0981812402881763,0.413285527399583,0.129295372224347,0.0846332416937499,0.14460911287238,0.125872322621686,0.109691009704052,0.106092569360085,0.10203425782749,0.0940535301595551,0.0895766407186411,0.0938327632054203,0.0897856259760497,0.0871299364187748,0.0864106813958989,0.086576589072189,,,,,,,,,,,,,,,,,,,,,,,,,,,
,,,,,,,,FX impact to growth,,,,,,,,,,,,,,,,,,,,,,,,,,,,,,,,,,,,,225.568026279768,-161.779575328616,-193.643866307913,66.6816850642049,748.610802400533,801.158700600042,90.252071214525,-40.8232692634813,-345.314505776637,-587.537091988131,-171.099533863448,-82.0568927789944,-193.052240784939,-116.992364436392,-127.777777777776,-143.51851851852,113.667117726657,98.9761092150165,-355.285632947429,-607.507880408826,-806.950160036579,-917.881265552791,-644.29962185212,-397.586322494132,-22.5770037090789,-55.6277221670354,-8.03427959293002,-48.5762144053603,-187.532467532465,31.8229846478957,152.270703472839,491.69507306057,288.097400820928,-123.438903710245,-215.377457409456,-366.894338991513,-380.939806505649,-139.519157757402,-96.8616527390886,-107.304864695761,-162.965681776472,-21.579961464353,71.970409378721,278.065872459705,598.464048386453,172.621513944222,-14.437454882954,-361.73582515046,-430.741942259667,-581.418537147416,-626.025339854431,-359.670445500893,-190.38497574382,73.1173567903887,172.444479601321,-53.5577658760511,-185.31405961068,-153.911270152758,-34.2537574274737,-198.355639125465,60.309242286436,155.318492093439,156.634163734166,743.541349417225,298.935681578869,191.043380632403,240.334861376281,11.4030815491151,10.7870895737405,10.6110082564648,9.56297115414451,,,,,,,,,,,,,97.1321086091326,289.168007861373,85.4826647643403,413.90660357951,-290.686555746797,4.35604240735188,-81.4494147827483,-743.48452922258,-112.153102736978,15.9285098377371,99.3317171406205,-238.131279095084,-48.5944342421241,224.752491238271,-511.327588922137,-71.656242011966,-105.547028947968,50.5825445820562,355.326917524945,10.5482237113241,9.52738884642201,8.63780704108086,7.88900399635528,7.23519195981126,6.6101598210544,6.0618828713932,5.57293513905321,5.12704630466931,,,,,,,,,,,,,,,,,,,,,,,,,,,
,,,,,,,,Abs change Y/Y ,,,,,,,,,,,,,,,,,,,,,,,,,,,,,,,,,,,,,,,,,,,,,,,,1388,1471.6,1739.4,2008.4,1953,1966.2,1783.2,2265.4,2099,2349.4,2867.8,3307.8,2870.4,3026,3074.8,3044,3183.30415745359,3354.77707872679,3626.66382218337,4044.85494163624,3854.21290781796,4291.79166815911,4559.85036565919,5118.54505836376,4231.28293472845,4842.4312531141,4798.28581215745,5237.8,3242.4,-1670,2891.6,6656.4,8550.4,16212,13214.4,13202,9973.4,7027.6,4103,1884.2,2237,3178.4,5027.2,5781,7446,7811,7128,7483,6459,6469.2,7616.39999999999,8938.60000000001,6093.8117944126,8263.95907775874,7288.69624935938,7410.57165806287,6824.99858324633,6821.17157177764,8943.10687693248,9595.87861541241,,,,,,,,,,,,,,,,,,6187.4,7967.8,10624,12015.2,14074.4,17715.6,19109.8,11120.4,51178.8,22988.2,16223.6,29868,29483.2,29057.0387795935,32185.1556473689,34270.6307374645,34843.4845880594,36334.7832542712,41500.6048112002,43465.5153432481,45994.9165061979,49617.3333382384,54036.0021283018,,,,,,,,,,,,,,,,,,,,,,,,,,,
,,,,,,,,Q/Q change in bp,,,,,,,,,,,,,,,,,,,,,,,,,,,,,,,,,,,,,616.196444186883,288.328608949746,648.409080103309,150.217784317233,-73.9358815237701,41.2743627834256,-377.488058860274,-288.829967119686,-30.9442171511454,-395.439637669841,-35.4769051266901,-118.202425302052,52.9571235508586,299.861108236907,73.4693522952212,-64.1203703703686,-43.2312810103741,-315.30825255049,247.866651293513,-144.776738836225,143.546900481719,400.188506852452,112.654052050842,-255.72459076775,34.2971295222738,-90.421899208093,-311.478221088002,183.707646563867,-43.3098954724831,75.6996367603136,-2.98264382933455,-41.3751304646426,114.393163151436,-17.3464123299305,-10.1085788146804,-386.724234286946,169.227201350795,-86.7906427269127,-47.0894139951095,-677.380299744628,-1880.90582534916,1625.95352802645,1073.51792979505,909.420577041364,3455.06124780711,-2239.2358207138,-808.130967519014,-771.014636528737,-992.453847238057,-731.030309037415,-546.324556656173,118.40316139351,180.557048605865,416.799981956835,64.668875929581,439.268756065463,-29.4056223542039,-181.749423731887,-63.5898924193312,-117.072653720376,-59.1539527096474,174.74773901053,79.3984163666739,-363.724689914429,269.571743565651,-200.861099204077,-95.3695974377378,-22.4702378814778,-53.0678334340862,266.434902086941,-39.1283813964005,,,,,,,,,,,,,,,,,,,,,,,,,,,,,,,,,,,,,,,,,,,,,,,,,,,,,,,,,,,,,,,,,,,
,,,,,,,,Two-year change,,,,,,,,,,,,,,,,,,,,,,,,,,,,,,,,,,,,,,,,0.465143244829099,0.51936930109541,0.552329598268728,0.579421700393031,0.565560482112786,0.555072472245294,0.519655944756653,0.478359448357956,0.437656209115783,0.439857499755754,0.43029964681246,0.434098891529314,0.415866611962072,0.41683919621612,0.415294481784762,0.447428082143635,0.426538371222976,0.43656993317011,0.445057958600307,0.481110028934742,0.441059895974345,0.458844298974744,0.48982095973918,0.469938542835464,0.462736848415076,0.461835571820055,0.460363345575277,0.428917259083543,0.443150510693465,0.450258837461361,0.456094159904399,0.454785037639998,0.411975101164839,0.440337137615062,0.429923432109377,0.424203632828398,0.317793179425241,0.146625317025405,0.300541605555359,0.403184457135353,0.426388484865027,0.583804027110823,0.522475797842088,0.549014494069691,0.562855088120954,0.809115828177859,0.512089215202737,0.376643662785219,0.311382515271696,0.230192835408477,0.198769802700419,0.15060423462776,0.206371426373657,0.221486568998823,0.244991624821318,0.245099523172343,0.277319133406851,0.268463175900466,0.267763007428331,0.269343859823065,0.221264125459584,0.242305904545185,0.23969456852583,0.238097450418724,0.199477957639133,0.221128348652289,0.227685728940576,0.214235931057162,,,,,,,,,,,,,,,,,,,0.411098246840216,0.448561319103382,0.465129812574889,0.450139787331967,0.447890453991415,0.425366315492379,0.296310860509843,0.51146676768776,0.54258089962393,0.213928613918097,0.22924235456613,0.270481435494066,0.235563332325737,0.215783579064136,0.208126827187575,0.196087787987046,0.183630170878196,0.183409403924061,0.18361838918147,0.176915562394824,0.173540617814674,0.172987270468088,,,,,,,,,,,,,,,,,,,,,,,,,,,
,,,,,,,,,,,,,,,,,,,,,,,,,,,,,,,,,,,,,,,,,,,,,,,,,,,,,,,,,,,,,,,,,,,,,,,,,,,,,,,,,,,,,,,,,,,,,,,,,,,,,,,,,,,,,,,,,,,,,,,,,,,,,,,,,,,,,,,,,,,,,,,,,,,,,,,,,,,,,,,,,,,,,,,,,,,,,,,,,,,,,,
,,,,,,,,Google Network websites revenue,,,,,,,,,117.583,174.444,,333.752,346.226,384.285,489.993,584.115,630.242,675.012,798.573,928.4,996.6,1037,1197.831,1345.4,1352.1,1454.7,1635.738,1686.1,1655.3,1679.9,1693.405,1638,1684,1801,2043.318,2036,2063,2199,2494,2427,2484,2595,2880,2913,2983,3133,3436,3262,3193,3148,3522,3528,3563,3568,3880,3576,3621,3694,4142,3692,3743,3732,4431,4014.60897253653,4254.00307044976,4349.15972024791,4998.22823676579,4678.37273546192,4831.76108497648,4906.86617956161,5593,5015,5249,5251,6032,5223,4736,5720,7411,6800,7597,7999,9305,8174,8259,7872,8475,7496,7850,7669,8297,7413,7444,7548,7954,7256,7354,7354,7828,7084.89788369739,7181.75138527889,7206.0559266632,7670.61465290296,6956.46092180039,7051.9181970031,7077.09111002967,7534.04194733117,,,,,,0,103.937,628.6,1554.256,2687.942,4159.831,5787.938,6714.705,7166.318,8792,10386,12465,13650,14539,15033,15598,17616,20010,21547,23090,31701,32780,31312,30359,29792,29143.3198485424,28619.5121761643,28197.4600366426,27858.9027874735,27589.3091477571,27376.9971133979,27212.4992899375,27088.0888256198,26997.4205911032,26935.2562392976,,0.118653037182255,0.0644316796091788,0.045471235072476,0.0660827634740653,0.100019735840601,,,,,,,,,,,,,,,,,,,,,
,,,,,,,,Period-to-period addition,,,,,,,,,,,,,,,,94.1220000000001,46.127,44.77,123.561,129.827,68.2000000000001,40.4,160.831,147.569,6.69999999999982,102.6,181.038,50.3619999999996,-30.8,24.6000000000001,13.5049999999999,-55.405,46,117,242.318,-7.31800000000021,27,136,295,-67,57,111,285,33,70,150,303,-174,-69,-45,374,6,35,5,312,-304,45,73,448,-450,51,-11,699,-416.391027463467,239.394097913231,95.1566497981467,649.068516517882,-319.855501303878,153.388349514564,75.1050945851266,686.133820438395,-578,234,2,781,-809,-487,984,1691,-611,797,402,1306,-1131,85,-387,603,-979,354,-181,628,-884,31,104,406,-698,98,0,474,-743.102116302609,96.853501581496,24.3045413843092,464.558726239761,-714.15373110257,95.4572752027143,25.1729130265721,456.950837301499,,,,,,,103.937,524.663,925.656,1133.686,1471.889,1628.107,926.766999999999,451.613000000001,1625.682,1594,2079,1185,889,494,565,2018,2394,1537,1543,8611,1079,-1468,-953,-567,-648.680151457567,-523.807672378094,-422.052139521766,-338.557249169124,-269.593639716357,-212.312034359209,-164.497823460413,-124.410464317651,-90.6682345166519,-62.1643518056189,,,,,,,,,,,,,,,,,,,,,,,,,,,
,,,,,,,,% change Y/Y,,,,,,,,,,,,NA,1.9445242934778,1.20291325582995,NA,0.750146815599607,0.820319675587622,0.756540067918342,0.629764098670798,0.589413043664347,0.581297342925416,0.536268984847677,0.499964311340353,0.449159844894442,0.356712823600241,0.402796528447445,0.365583291799928,0.253233239185372,0.224243768952001,0.154808551591394,0.035254423385652,-0.028527370855821,0.0173382468434724,0.072087624263349,0.206632790147661,0.242979242979243,0.225059382422803,0.220988339811216,0.220563808472298,0.192043222003929,0.204071740184198,0.180081855388813,0.154771451483561,0.200247218788628,0.200885668276973,0.207321772639692,0.193055555555556,0.119807758324751,0.0703989272544419,0.00478774337695498,0.0250291036088475,0.0815450643776825,0.115878484184153,0.133418043202033,0.101646791595684,0.0136054421768708,0.0162784170642716,0.0353139013452914,0.0675257731958763,0.0324384787472036,0.0336923501795083,0.0102869518137521,0.0697730564944472,0.0873805451074032,0.136522327130581,0.165369699959247,0.128013594395349,0.165337089481469,0.135815138108405,0.128233151962031,0.118996519378448,0.0719539214963487,0.0863533828940453,0.070133117114912,0.0784909708564276,0.0414755732801595,-0.0977329015050485,0.089316320700819,0.228614058355438,0.301933754547195,0.604096283783784,0.398426573426574,0.255566050465524,0.202058823529412,0.0871396603922601,-0.0158769846230779,-0.0891993551853842,-0.0829459261071691,-0.0495217338660855,-0.0257876016260162,-0.0210029498525074,-0.0110725720384205,-0.05171974522293,-0.0157778067544661,-0.0413402434614921,-0.021179009847565,-0.0120902740462118,-0.0257021727609963,-0.015841086245914,-0.0235807767781986,-0.0234224387708883,-0.0201174970542295,-0.0201054352448956,-0.0181282728425122,-0.0180782070153411,-0.0178967271342342,-0.0178046625663952,,,,,,,NA,5.04789439756776,1.47256761056316,0.729407510731823,0.547589568524916,0.391387775128365,0.160120409029952,0.0672573106339001,0.226850385372237,0.18130118289354,0.200173310225303,0.095066185318893,0.0651282051282052,0.0339775775500377,0.0375839819064725,0.129375560969355,0.135899182561308,0.0768115942028986,0.0716108971086462,0.372932005197055,0.0340367811740954,-0.0447834045149481,-0.0304356157383751,-0.0186765044961955,-0.021773635588667,-0.0179735073114634,-0.0147470067597193,-0.012006657646794,-0.00967710902949048,-0.00769544584179882,-0.00600861455984558,-0.00457181323156353,-0.00334716247795597,-0.00230260337634269,,,,,,,,,,,,,,,,,,,,,,,,,,,
,,,,,,,,Two-year % change ,,,,,,,,,,,,,,,,,2.76484396906542,1.95945332374829,,1.33955985926395,1.40161701851304,1.29280905276602,1.12972841001115,1.03857288855879,0.938010166525657,0.939065513295122,0.865547603140282,0.702393084079815,0.580956592552241,0.557605080038838,0.40083771518558,0.224705868329551,0.241582015795473,0.226896175854743,0.241887213533313,0.214451872123422,0.242397629266275,0.293075964074565,0.42719659861996,0.435022464983172,0.429131122607001,0.401070195200029,0.375335259955859,0.392290440792557,0.40495740846117,0.387403628028505,0.347827007039116,0.320054977113379,0.271284595531415,0.212109516016647,0.218084659164403,0.201352822702434,0.186277411438595,0.138205786578988,0.126675895204532,0.0951505065545533,0.132156901248425,0.168731944547325,0.169172564791561,0.0460439209240744,0.0499707672437799,0.0456008531590435,0.137298829690323,0.119819023854607,0.170214677310089,0.175656651772999,0.197786650889797,0.252717634588873,0.272337465238986,0.293602851921278,0.247010113773797,0.237291010977818,0.22216852100245,0.198366269076943,0.197487490234876,0.113429494776508,-0.0113795186110033,0.159449437815731,0.307105029211865,0.343409327827355,0.506363382278735,0.487742894127392,0.484180108820962,0.503992578076607,0.691235944176044,0.382549588803496,0.16636669528014,0.119112897422243,0.0376179265261746,-0.0416645862490941,-0.110202305037892,-0.0940184981455896,-0.101241479089015,-0.0415654083804823,-0.0623431933139995,-0.0322515818859855,-0.0638100192691418,-0.0414799795154623,-0.0571813297074061,-0.0447597866257636,-0.0355127128171001,-0.0458196698152258,-0.0359465214908096,-0.0417090496207108,-0.0415006457862295,-0.0380142241884637,-0.0379100978112908,,,,,,,,,,,,,,,,,,,0.160194390447098,0.0991057826782429,0.0715615594565102,0.166959542875827,0.265274743530663,0.212710776764206,0.148422491311545,0.444542902305701,0.40696878637115,-0.0107466233408527,-0.0752190202533232,-0.0491121202345706,-0.0404501400848625,-0.0397471429001304,-0.0327205140711827,-0.0267536644065133,-0.0216837666762845,-0.0173725548712893,-0.0137040604016444,-0.0105804277914091,-0.00791897570951949,-0.00564976585429866,,,,,,,,,,,,,,,,,,,,,,,,,,,
,,,,,,,,% change Q/Q,,,,,,,,,,,,NA,0.0373750569284979,0.109925308902278,0.275077091221359,0.192088458406549,0.0789690386310915,0.0710362051402478,0.183050079109705,0.162573740910349,0.0734597156398105,0.0405378286172988,0.155092574734812,0.123196844963939,0.00497993161884924,0.0758819613933881,0.124450402144772,0.030788549266447,-0.0182670067018563,0.0148613544372622,0.00803916899815449,-0.0327181034660935,0.028083028083028,0.069477434679335,0.134546363131594,-0.00358142981170828,0.0132612966601178,0.065923412506059,0.134151887221464,-0.0268644747393745,0.0234857849196539,0.0446859903381642,0.109826589595376,0.0114583333333333,0.0240302094061104,0.0502849480388869,0.096712416214491,-0.0506402793946449,-0.0211526670754139,-0.0140933291575321,0.118805590851334,0.00170357751277672,0.00992063492063489,0.0014033118158856,0.0874439461883407,-0.0783505154639176,0.0125838926174497,0.020160176746755,0.121277747698971,-0.108643167551907,0.0138136511375948,-0.00293881912904093,0.187299035369775,-0.0939722472271423,0.059630738522954,0.0223687308688487,0.149239981575311,-0.0639937766249039,0.0327866884893298,0.0155440414507773,0.139831370029271,-0.103343465045593,0.0466600199401794,0.000381024957134768,0.148733574557227,-0.134118037135278,-0.09324143212713,0.20777027027027,0.295629370629371,-0.0824450141681284,0.117205882352941,0.0529156245886535,0.1632704088011,-0.121547555077915,0.0103988255444092,-0.0468579731202324,0.0766006097560976,-0.115516224188791,0.0472251867662754,-0.0230573248407643,0.0818881210066502,-0.106544534168977,0.00418184270875499,0.0139709833422892,0.0537890832008479,-0.087754588886095,0.0135060639470783,0,0.0644547185205331,-0.0949287322818867,0.0136704160273586,0.00338420812423679,0.064467821366865,-0.0931025430709516,0.0137221032757573,0.00356965471285098,0.0645676069725747,,,,,,,,,,,,,,,,,,,,,,,,,,,,,,,,,,,,,,,,,,,,,,,,,,,,,,,,,,,,,,,,,,,
,,,,,,,,% of total gross revenue,,,,,,,,,,,,0.512185727023141,0.49445882104277,0.476847250296878,0.475029108066788,0.46486873227241,0.455214356137075,0.42764068178017,0.416120010859297,0.411934748896841,0.405783245948377,0.385548726555236,0.373680158278059,0.367197229454054,0.349200732957385,0.343790907443037,0.338895128513829,0.325122641674973,0.308409654770484,0.303154929872301,0.29704148675368,0.297331639135959,0.304906753575955,0.302943650126156,0.306180971094451,0.300516605166052,0.302492668621701,0.301811693659072,0.295497630331754,0.283032069970845,0.275204963438954,0.266975308641975,0.272108843537415,0.273649600751527,0.272072236410069,0.271820232517786,0.266253390158853,0.251872442282449,0.243610284580758,0.228878871600989,0.224231234481441,0.228793774319066,0.223315575054842,0.215941414997277,0.214329116720985,0.207208251245799,0.204264680995092,0.197804551539491,0.19419569600075,0.182257984894111,0.174093023255814,0.166228675782816,0.170004604051565,0.162206423132789,0.163552597864274,0.156602323212153,0.154633797505361,0.150207819156936,0.147954836175291,0.145431718422099,0.142402484978104,0.138005999064366,0.134783278553821,0.129657522407961,0.130916983179599,0.126898126776647,0.123665039037,0.123881922335564,0.130250623923512,0.122934519289872,0.122769877181642,0.122838539267177,0.123531364088948,0.120186440428754,0.118519050010763,0.113935043130898,0.111442772985483,0.107412555346984,0.105222240094365,0.0999960883001056,0.0961302282470166,0.0920423645687183,0.0878431002336504,0.0855123034395251,0.0824513574308845,0.0804131480373252,0.0762641556394408,0.071854298165048,0.0687704255543452,0.0646260355156399,0.0612469293901355,0.0587312683465374,0.0570479413401017,0.0543942587704609,0.0516864483419309,0.0488886862048878,0.047540102542943,,,,,,,0.236484887647096,0.428805116737861,0.487346290930424,0.437878264609289,0.392254932311116,0.348797329345704,0.308076878078323,0.303008346989456,0.29985334743017,0.274000791452315,0.270742832319722,0.243558632503033,0.220284541143316,0.200469402178986,0.172788904643743,0.158910288214334,0.146251617099964,0.133123683251265,0.126501832605587,0.123045214778933,0.115897551938226,0.101862755941886,0.0867355393151209,0.0739556544102315,0.0602081704346001,0.0504252594245982,0.0427240398015888,0.0365956652003536,0.0316557067921926,0.0276266006825478,0.0242984762831747,0.0215239406763005,0.0191916193707773,0.0172127188636153,,,,,,,,,,,,,,,,,,,,,,,,,,,
,,,,,,,,% of total advertising revenue,,,,,,,,,,,,0.523709994288261,0.502018362458458,0.482796787762138,0.480206393696466,0.470638427474716,0.460900648962202,0.432785724864733,0.421013978916957,0.417127195938357,0.410292301358584,0.389410439354112,0.377278161898475,0.370889042039972,0.352256148395165,0.347225205871822,0.343841590601952,0.331485304236705,0.319223203610136,0.313882660687593,0.307636144578751,0.307259425998875,0.315533071013678,0.312836546812576,0.316116949090659,0.314440154440154,0.314385857970131,0.312713310580205,0.305375290804457,0.292198410787383,0.284993116108307,0.277986073915372,0.283074503636721,0.284889975550122,0.283420427553444,0.288489871086556,0.284531301755548,0.274071584607629,0.264737583948263,0.251357393803897,0.25049786628734,0.252054011573909,0.245758035591116,0.240755735492578,0.237905450977988,0.230590662883673,0.225987642763527,0.220129908825457,0.21710871160499,0.20488346281909,0.195528391579167,0.188285152111397,0.197821331309433,0.187106188664128,0.187236214227236,0.180343152866629,0.183188062111063,0.174358674331393,0.171817149133259,0.169263097891506,0.171997047788917,0.163958544479681,0.161537514618083,0.155373416972423,0.159013022618232,0.154695968960104,0.158569658820772,0.15419867906726,0.160414727591506,0.152179751141348,0.150602648481484,0.15055524185959,0.151945655546302,0.149539891330199,0.146727544059125,0.144488087808818,0.143541885437485,0.137420253721493,0.135011953287584,0.128573105101682,0.126638887616954,0.120225757796915,0.115203664727003,0.114617183466456,0.10976939319082,0.108484712566345,0.103083823941688,0.0991345609447036,0.0951339264012445,0.0917241326044097,0.088288121793286,0.0872409601569448,0.0839910023422448,0.0827973337313336,0.0800301047093141,0.0773506692488823,0.074693625363063,,,,,,,0.252940389131572,0.44246946672082,0.494468212903177,0.443188971743126,0.396452728525208,0.35265118482136,0.317803640405404,0.313092724285638,0.31137554894461,0.284306479428431,0.285331685208076,0.267269736842105,0.243844760499128,0.223074640154326,0.19649043246035,0.184312125302112,0.171817174848232,0.159831171046873,0.157156080694781,0.151319589301995,0.146030925768355,0.131643228017069,0.11473978608413,0.101095723995643,0.0876459367135326,0.0785186275274085,0.0707302676431068,0.0642670171723116,0.0587166515940283,0.053525030678433,0.0490225836779903,0.0450498229656845,0.0414618738224979,0.038182624181497,,,,,,,,,,,,,,,,,,,,,,,,,,,
,,,,,,,,,,,,,,,,,,,,,,,,,,,,,,,,,,,,,,,,,,,,,,,,,,,,,,,,,,,,,,,,,,,,,,,,,,,,,,,,,,,,,,,,,,,,,,,,,,,,,,,,,,,,,,,,,,,,,,,,,,,,,,,,,,,,,,,,,,,,,,,,,,,,,,,,,,,,,,,,,,,,,,,,,,,,,,,,,,,,,,
,,,,,,,,Company-wide FX (headwind) / tailwind,,,,,,,,,,,,,,,,,,,,,,,,,,,,,,,,,,,,,,,,,,,,-30,-269,-495,-156,-75,-182,-113,-138,-155,126,116,-468,-795,-1103,-1291,-1001,-593,-35,-91,-15,-87,-361,64,342,1072,665,-305,-600,-1016,-1109,-420,-326,-343,-555,-77,287,992,1880,677,-70,-1713,-2307,-3280,-4064,-2090,-1143,426,1090,-315,-1165,-1000,-245,-1345,431,1132,1263,5542.07839054996,2390.96231518818,1595.88088011279,2236.79655482905,100,100,100,100,,,,,,,,,,,,,129,521,168,1006,-950,17,-381,-4190,-734,127,968,-2871,-688,3479,-11364,-1717,-2725,1481,11765.7181406801,400,400,400,400,400,400,400,400,400,,,,,,,,,,,,,,,,,,,,,,,,,,,
,,,,,,,,% FX to Google Network,,,,,,,,,,,,,,,,,,,,,,,,,,,,,,,,,,,,,,,,,,,,0.15,0.15,0.15,0.15,0.15,0.15,0.15,0.15,0.15,0.15,0.15,0.15,0.15,0.15,0.15,0.15,0.15,0.15,0.15,0.15,0.15,0.15,0.15,0.15,0.15,0.15,0.15,0.15,0.15,0.15,0.15,0.15,0.15,0.15,0.15,0.15,0.15,0.15,0.15,0.15,0.15,0.15,0.15,0.15,0.15,0.15,0.15,0.15,0.15,0.15,0.15,0.15,0.15,0.15,0.15,0.15,0.15,0.15,0.15,0.15,0.15,0.15,0.15,0.15,,,,,,,,,,,,,0.15,0.15,0.15,0.15,0.15,0.15,0.15,0.15,0.15,0.15,0.15,0.15,0.15,0.15,0.15,0.15,0.15,0.15,0.15,0.15,0.15,0.15,0.15,0.15,0.15,0.15,0.15,0.15,,,,,,,,,,,,,,,,,,,,,,,,,,,
,,,,,,,,"Google network revenue, ex-FX",,,,,,,,,,,,,,,,,,,,,,,,,,,,,,,,,,,,,,,,,,,,2917.5,3023.35,3207.25,3459.4,3273.25,3220.3,3164.95,3542.7,3551.25,3544.1,3550.6,3950.2,3695.25,3786.45,3887.65,4292.15,3780.95,3748.25,3745.65,4433.25,4027.65897253653,4308.15307044976,4339.55972024791,4946.92823676579,4517.57273546192,4732.01108497648,4952.61617956161,5683,5167.4,5415.35,5314,6080.9,5274.45,4819.25,5731.55,7367.95,6651.2,7315,7897.45,9315.5,8430.95,8605.05,8364,9084.6,7809.5,8021.45,7605.1,8133.5,7460.25,7618.75,7698,7990.75,7457.75,7289.35,7184.2,7638.55,6253.5861251149,6823.10703800066,6966.67379464628,7335.0951696786,6941.46092180039,7036.9181970031,7062.09111002967,7519.04194733117,,,,,,,,,,,,,6695.355,7088.168,8766.8,10235.1,12607.5,13647.45,14596.15,15661.5,15708.1,17596.95,19864.8,21977.65,23193.2,31179.15,34484.6,31569.55,30767.75,29569.85,27378.4621274404,28559.5121761643,28137.4600366426,27798.9027874735,27529.3091477571,27316.9971133979,27152.4992899375,27028.0888256198,26937.4205911032,26875.2562392976,,,,,,,,,,,,,,,,,,,,,,,,,,,
,,,,,,,,% change Y/Y,,,,,,,,,,,,,,,,,,,,,,,,,,,,,,,,,,,,,,,,,,,,0.202101359703337,0.21712962962963,0.235934489402698,0.201180555555556,0.123669756265019,0.0795507877975192,0.0101978933929141,0.0310535506402794,0.0886725935009196,0.109959285937989,0.127890724269377,0.121578648495173,0.0474064625850341,0.0627140050519226,0.0895880044843049,0.106224226804124,0.0573126398210291,0.0351422259044463,0.0139821331889551,0.0703162723322066,0.0909152146631995,0.150989332206723,0.162797352692366,0.116436072391287,0.125283375383779,0.112366635992149,0.138752425325804,0.137002899987077,0.104529350735839,0.120781823595974,0.0829722689675572,0.0872340425531915,0.0517347956131604,-0.081872737664317,0.0915159017330032,0.221477122015915,0.273444380624162,0.544552364864865,0.380673076923077,0.256982863311294,0.239845588235294,0.132690535737791,0.0456307038379797,-0.0236861902203116,-0.0445926107169072,-0.0287625620535174,-0.0339049796747967,-0.0402949852507375,-0.00476921024546428,-0.0294585987261147,0.00378145781718597,-0.0369109316620465,0.00603669229731563,-0.0207751209027404,-0.0481981981981983,-0.0396592909228061,-0.138149651996293,-0.0721910473210961,-0.0526687796238403,-0.0629668919674757,-0.020245452263618,-0.0201668340361465,-0.01997830964659,-0.019760177303969,,,,,,,,,,,,,0.156777249514421,0.0556186757273778,0.223333935223081,0.164137852593267,0.213893703061814,0.0948616125150421,0.0693150183150182,0.0772061352225051,0.0449078693540876,0.128154250544942,0.127656675749319,0.0983333333333334,0.0764004269735927,0.350331312256388,0.0878079555849973,-0.0369264795607078,-0.017381515074093,-0.0259939391943081,-0.081012952220716,-0.0200322981531321,-0.0168434785524836,-0.0141345088760193,-0.011830819118424,-0.00987020127618332,-0.00820023549443805,-0.00677668237499385,-0.00556215816798966,-0.004525037915877,,,,,,,,,,,,,,,,,,,,,,,,,,,
,,,,,,,,FX impact to growth,,,,,,,,,,,,,,,,,,,,,,,,,,,,,,,,,,,,,,,,,,,,-18.5414091470948,-162.43961352657,-286.127167630059,-81.2500000000016,-38.6199794026765,-91.5186054307737,-54.1015001595913,-60.244470314319,-71.2752912323711,59.1919824616349,55.2731893265568,-199.318568994888,-338.010204081634,-464.35587987651,-542.741031390135,-386.984536082473,-248.741610738255,-14.4987572493793,-36.9518137520308,-5.43215837759403,-35.3466955579629,-144.67005076142,25.7234726688127,115.775220040624,400.537140976904,234.485021162558,-105.192733637733,-180.063806086288,-325.754292394902,-344.284407019289,-128.391518526452,-87.4307169676381,-102.592223330009,-158.601638407315,-21.9958103218421,71.3693633952262,284.893739230327,595.439189189189,177.534965034967,-14.1681284576989,-377.867647058823,-455.508753455312,-615.076884610576,-655.131649650726,-383.533153902619,-207.591718125681,81.1737804878043,192.920353982301,-63.0336179295621,-222.611464968153,-195.59264571652,-44.2931179944561,-272.157021448807,86.8484685652859,224.96025437202,238.182046768921,1145.68875218094,487.686085502077,325.512825696108,428.614567225801,21.1717942110579,20.8862702080537,20.815825123558,19.5551473757372,,,,,,,,,,,,,33.4315951553066,116.386349065223,35.1645014915625,171.63330300273,-137.203928365106,2.04572803850889,-41.8681318681302,-432.285576724674,-73.2388744761514,12.213104244132,82.4250681198913,-215.217391304348,-47.8952986494652,226.00692940667,-537.71174410902,-78.5692495424029,-130.54100664282,73.1743469811264,592.393166320491,20.5879084166871,20.9647179276429,21.2785122922532,21.537100889335,21.747554343845,21.9162093459246,22.0486914343032,22.1499569003369,22.224345395343,,,,,,,,,,,,,,,,,,,,,,,,,,,
,,,,,,,,Abs change Y/Y,,,,,,,,,,,,,,,,,,,,,,,,,,,,,,,,,,,,,,,,,,,,,,,,355.75,196.95,-42.3000000000002,83.2999999999997,278,323.8,385.65,407.5,144,242.35,337.05,341.95,85.6999999999998,-38.1999999999998,-142,291.25,335.658972536533,565.153070449764,607.55972024791,515.928236765793,502.963762925382,478.008014526715,603.456459313695,684.771763234207,489.027264538085,583.588915023522,407.133820438395,487.9,259.45,-429.75,480.55,1335.95,1428.2,2579,2177.45,1904.5,1630.95,1008.05,365,-220.4,-364.5,-237.55,-266.9,-341.5,-35.75,-231.25,29,-306.25,44.75,-154.65,-363.8,-315.45,-1002.4138748851,-530.892961999341,-387.326205353722,-492.9048303214,-143.436961897003,-144.833188275785,-143.964816633522,-151.572705571784,,,,,,,,,,,,,,392.813000000002,1678.632,1468.3,2372.4,1039.95,948.699999999999,1065.35,46.6000000000004,1888.85,2267.85,2112.85,1215.55,7985.95,3305.45,-2915.05,-801.799999999999,-1197.9,-2191.38787255957,1181.05004872391,-422.052139521766,-338.557249169124,-269.593639716357,-212.312034359209,-164.497823460413,-124.410464317651,-90.6682345166519,-62.1643518056189,,,,,,,,,,,,,,,,,,,,,,,,,,,
,,,,,,,,Two-year change,,,,,,,,,,,,,,,,,,,,,,,,,,,,,,,,,,,,,,,,,,,,,,,,0.325771115968356,0.296680417427149,0.246132382795612,0.232234106195835,0.212342349765938,0.189510073735509,0.138088617662292,0.152632199135452,0.136079056085954,0.172673290989912,0.217478728753682,0.227802875299297,0.104719102406063,0.0978562309563689,0.10357013767326,0.17654049913633,0.148227854484229,0.186131558111169,0.176779485881321,0.186752344723494,0.216198590046979,0.263355968198872,0.30154977801817,0.253438972378364,0.229812726119618,0.233148459588123,0.221724694293362,0.224236942540268,0.156264146348999,0.0389090859316571,0.17448817070056,0.308711164569107,0.325179176237323,0.462679627200548,0.47218897865608,0.478459985327209,0.513289968859457,0.677242900602656,0.426303780761057,0.233296673090982,0.195252977518387,0.103927973684274,0.0117257241631831,-0.0639811754710491,-0.0493618209623715,-0.058221160779632,-0.0301235218576107,-0.077205916912784,0.00126748205185134,-0.050233719628855,-0.0444167403810123,-0.0765702225848526,-0.132112959698977,-0.0929661682238364,-0.100866977822039,-0.102626182890282,-0.158395104259911,-0.0923578813572425,-0.0726470892704303,-0.0827270692714447,,,,,,,,,,,,,,,,,,,0.16417663083006,0.146521153537523,0.122114004576593,0.173062119899029,0.255810926294261,0.225990009082652,0.174733760306926,0.426731739229981,0.438139267841385,0.0508814760242895,-0.0543079946348009,-0.0433754542684012,-0.107006891415024,-0.101045250373848,-0.0368757767056157,-0.0309779874285029,-0.0259653279944433,-0.0217010203946073,-0.0180704367706214,-0.0149769178694319,-0.0123388405429835,-0.0100871960838667,,,,,,,,,,,,,,,,,,,,,,,,,,,
,,,,,,,,% change Q/Q,,,,,,,,,,,,,,,,,,,,,,,,,,,,,,,,,,,,,,,,,,,,NA,0.0362810625535561,0.0608265665569649,0.0786187543845975,-0.0538099092328149,-0.0161765829068967,-0.0171878396422694,0.119354176211315,0.00241341349817947,-0.00201337557198167,0.00183403402838511,0.112544358699938,-0.0645410358969166,0.0246803328597522,0.0267268813796564,0.104047432253418,-0.119101149773424,-0.00864862005580602,-0.000693657039951945,0.183572944615754,-0.0914884176311887,0.0696419681571456,0.00729004965342783,0.139960861394295,-0.0867923448156956,0.047467603085009,0.0466197332642604,0.147474343651449,-0.0907267288404012,0.0479835120176493,-0.0187153184928029,0.144316898757998,-0.132620171356214,-0.086302837262653,0.189303314831146,0.285507410735316,-0.0972794332209095,0.0998015395718066,0.0796240601503759,0.179557958581567,-0.0949546454833341,0.0206501046738503,-0.028012620496104,0.086154949784792,-0.140358408735663,0.0271400217683591,-0.0519045808426156,0.0694796912598124,-0.0827749431364111,0.0212459367983646,0.0104019688269072,0.0380293582748765,-0.066702124331258,-0.0225805370252421,-0.0144251545062317,0.0632429498065199,-0.181312405480766,0.0910710912892876,0.0210412581608403,0.0528833968536671,-0.0536645045186863,0.0137517557583478,0.00357726384218782,0.0647047496530497,,,,,,,,,,,,,,,,,,,,,,,,,,,,,,,,,,,,,,,,,,,,,,,,,,,,,,,,,,,,,,,,,,,
,,,,,,,,,,,,,,,,,,,,,,,,,,,,,,,,,,,,,,,,,,,,,,,,,,,,,,,,,,,,,,,,,,,,,,,,,,,,,,,,,,,,,,,,,,,,,,,,,,,,,,,,,,,,,,,,,,,,,,,,,,,,,,,,,,,,,,,,,,,,,,,,,,,,,,,,,,,,,,,,,,,,,,,,,,,,,,,,,,,,,,
,,,,,,,,Total Other Revenue (Google Other + Other Bets),,,,,,,,,10.514,12.259,,14.3390000000001,10.544,9.93099999999993,11.121,15.404,17.0809999999999,18.7650000000001,22.308,28.0550000000003,26.991,26.6729999999998,30.57,36.471,33.585,41.8509999999997,69.4360000000003,99.5429999999997,181.812000000001,189.391,196.333,178,186,188,209.759,300,258,254,273,269,310,385,410,420,439,666,829,1049,1046,1230,1647,1423,1457,1703,1794,1750,1704,1894,2251,2237,2357,2630,3665,3076.68687000988,3287.01985082344,3846.97645756872,5236.31682159797,4553.11019926654,4638.47016813762,4670.41963259584,6634,5615,6342,6584,8050,7347,8279,9100,10701,10739,11443,11926,13883,13072,13022,13972,16337,15155,16458,17047,20643,18808,20024,22397,23988,23089,25200,28371,31612,32437.786,35964.482,39995.934,43032.473,43771.683,48220.683,53165.683,57511.683,,,,,,19.494,28.593,45.271,45.935,73.558,112.289,181.343,667.079,761.759,1085,1374,2354,4972,6377,7599,10889,15447,20496,26591,35427,47991,56403,69303,85217,108272,151430.675,202669.732,260928.632,327375.582,401271.007,479084.83075,564424.8751875,656817.939621875,755191.222670625,859013.818938875,,0.66805318876668,0.477916831965156,0.29863058171426,0.342999682056278,0.391994617484985,,,,,,,,,,,,,,,,,,,,,
,,,,,,,,Period-to-period addition,,,,,,,,,,,,,,,,4.28299999999996,1.67699999999991,1.6840000000002,3.54299999999991,5.74700000000028,-1.06400000000031,-0.318000000000211,3.89700000000018,5.90100000000005,-2.886,8.26599999999966,27.5850000000006,30.1069999999994,82.2690000000011,7.57899999999881,6.94200000000038,-18.333,8,2,21.759,90.241,-42,-4,19,-4,41,75,25,10,19,227,163,220,-3,184,417,-224,34,246,91,-44,-46,190,357,-14,120,273,1035,-588.313129990123,210.332980813564,559.956606745281,1389.34036402925,-683.20662233143,85.359968871082,31.9494644582201,1963.58036740416,-1019,727,242,1466,-703,932,821,1601,38,704,483,1957,-811,-50,950,2365,-1182,1303,589,3596,-1835,1216,2373,1591,-899,2111,3171,3241,825.786,3526.696,4031.452,3036.539,739.209999999999,4449,4945,4346,,,,,,,9.099,16.678,0.664000000000002,27.623,38.731,69.054,485.736,94.68,323.241,289,980,2618,1405,1222,3290,4558.00000000001,5048.99999999999,6095,8836,12564,8412,12900,15914,23055,43158.675,51239.057,58258.9,66446.95,73895.425,77813.82375,85340.0444375,92393.0644343749,98373.28304875,103822.59626825,,,,,,,,,,,,,,,,,,,,,,,,,,,
,,,,,,,,Y/Y addition,,,,,,,,,,,,,,,,,6.53699999999992,8.83400000000017,11.187,12.6510000000003,9.91000000000008,7.90799999999967,8.26199999999994,8.41599999999971,6.59400000000002,15.1779999999999,38.8660000000003,63.0719999999997,148.227000000001,147.54,126.897,78.4570000000003,4.18799999999919,-1.39099999999962,13.426,122,72,66,63.241,-31,52,131,137,151,129,281,419,629,607,564,818,374,411,473,147,327,247,191,457,487,653,736,1414,839.686870009877,930.019850823441,1216.97645756872,1571.31682159797,1476.42332925666,1351.45031731418,823.44317502712,1397.68317840203,1061.88980073346,1703.52983186238,1913.58036740416,1416,1732,1937,2516,2651,3392,3164,2826,3182,2333,1579,2046,2454,2083,3436,3075,4306,3653,3566,5350,3345,4281,5176,5974,7624,9348.786,10764.482,11624.934,11420.473,11333.897,12256.201,13169.749,14479.21,,,,,,,9.099,16.678,0.664000000000002,27.623,38.731,69.054,485.736,94.68,323.241,289,980,2618,1405,1222,3290,4558.00000000001,5048.99999999999,6095,8836,12564,8412,12900,15914,23055,43158.675,51239.057,58258.9,66446.95,73895.425,77813.82375,85340.0444375,92393.0644343749,98373.28304875,103822.59626825,,,,,,,,,,,,,,,,,,,,,,,,,,,
,,,,,,,,% change Y/Y,,,,,,,,,,,,NA,0.00285333840593327,-0.189901297006287,NA,0.0742729618522866,0.619973444613044,0.889537810895201,1.00593471810088,0.821280186964444,0.580176804636739,0.421422861710612,0.370360408821945,0.299982177864895,0.244303656774481,0.569039853034905,1.27137716715736,1.7293740231965,4.41348816435911,3.52536379059046,1.82753902874588,0.788171945792277,0.0230347831826236,-0.00734459398809673,0.0683838172900124,0.685393258426966,0.387096774193549,0.351063829787234,0.301493618867367,-0.103333333333333,0.201550387596899,0.515748031496063,0.501831501831502,0.561338289962825,0.416129032258064,0.72987012987013,1.0219512195122,1.49761904761905,1.38268792710706,0.846846846846847,0.986731001206273,0.356530028598665,0.392925430210325,0.384552845528455,0.0892531876138434,0.229796205200281,0.169526424159231,0.112155020551967,0.254738015607581,0.278285714285714,0.383215962441315,0.388595564941922,0.628165259884496,0.375362928033025,0.394577789912364,0.462728691090769,0.428735831268204,0.479874420646493,0.411147598325463,0.214049444832718,0.266921048901602,0.233222951841693,0.367261137856225,0.409723433425314,0.213445884835695,0.308459483526269,0.305424156417534,0.382138517618469,0.329316770186335,0.461685041513543,0.382171759874381,0.310549450549451,0.297355387346977,0.21724555358972,0.137988289784148,0.171557940633909,0.176762947489736,0.159348225214198,0.26386115804024,0.220083023189236,0.263573483503703,0.241042560211151,0.216672742739094,0.313838212002112,0.162040401104491,0.227615908124202,0.25848981222533,0.26673215162745,0.317825579456395,0.404902161202304,0.427161984126984,0.409747065665645,0.361270182209288,0.349404148606197,0.340786251279804,0.329277196026976,0.336471715209117,,,,,,,0.466759002770083,0.583289616339664,0.0146672262596363,0.60134973331882,0.526536882460099,0.614966737614548,2.67854838620735,0.141932214925069,0.424334993088365,0.266359447004608,0.713245997088792,1.11214953271028,0.282582461786002,0.191626156499922,0.432951704171602,0.418587565433006,0.326859584385317,0.297375097580016,0.332292881049979,0.354644762469303,0.175282865537288,0.228711238763895,0.229629308976523,0.270544609643616,0.398613445766219,0.338366430711611,0.287457329839465,0.254655648522313,0.225720637283205,0.193918380327937,0.178131385007331,0.163694175249952,0.149772527689154,0.137478552651998,,,,,,,,,,,,,,,,,,,,,,,,,,,
,,,,,,,,Two-year % change ,,,,,,,,,,,,,,,,,0.622826783018977,0.699636513888914,,0.895553148816731,1.20015024924978,1.31096067260581,1.37629512692283,1.12126236482934,0.82448046141122,0.990462714745517,1.6417375759793,2.0293562010614,4.65779182113359,4.09440364362536,3.09891619590324,2.51754596898878,4.43652294754174,3.51801919660236,1.8959228460359,1.47356520421924,0.410131557376172,0.343719235799137,0.369877436157379,0.582059925093633,0.588647161790448,0.866811861283297,0.803325120698869,0.458004956629492,0.617679419854964,1.24561816136619,1.5237827213437,2.05895733758187,1.79881695936513,1.57671697671698,2.00868222071847,1.85414907621771,1.77561335731739,1.2313996923753,1.07598418882012,0.586326233798947,0.562451854369557,0.496707866080422,0.343991203221424,0.508081919485995,0.552742386600546,0.500750585493889,0.882903275492077,0.653648642318739,0.777793752353678,0.851324256032691,1.0569010911527,0.855237348679518,0.805725388237827,0.676778135923486,0.695656880169806,0.713097372488186,0.778408736181689,0.623772878258031,0.480366933737297,0.541682435367962,0.672685294273759,0.791861951043783,0.54276265502203,0.770144525039812,0.687595916291915,0.69268796816792,0.626672157533312,0.678930595103263,0.520160049658529,0.48210739118336,0.474118334836713,0.376593778803918,0.401849447824387,0.391640963823145,0.440336430993439,0.40039078542535,0.480533900779333,0.533921235191347,0.425613884608194,0.468658468335354,0.475162554964423,0.580570363629562,0.479865980560886,0.632518069326506,0.685651796352314,0.676479217293095,0.679095761665683,0.754306309808501,0.767948235406788,0.739024261692621,0.697741897418404,,,,,,,,,,,,,,,,,,,1.39473199449628,0.474208618285923,0.624577860671523,0.851539269604608,0.745447149818323,0.624234681965332,0.629667978629995,0.686937643519282,0.529927628006591,0.403994104301184,0.458340547740419,0.500173918620139,0.669158055409834,0.73697987647783,0.625823760551076,0.542112978361778,0.480376285805518,0.419639017611141,0.372049765335267,0.341825560257283,0.313466702939106,0.287251080341151,,,,,,,,,,,,,,,,,,,,,,,,,,,
,,,,,,,,% change Q/Q,,,,,,,,,,,,NA,-0.264662807727182,-0.0581373292868036,0.119826804954196,0.385127236759279,0.108867826538555,0.098589075581067,0.188808952837724,0.257620584543674,-0.0379255034753269,-0.0117817050127899,0.146102800584869,0.193032384690875,-0.0791313646458831,0.246121780556786,0.659124035267995,0.433593524972626,0.826466953979701,0.0416859173211823,0.0366543288751862,-0.0933770685518991,0.0449438202247192,0.010752688172043,0.115739361702128,0.430212767986117,-0.14,-0.0155038759689923,0.0748031496062993,-0.0146520146520146,0.152416356877323,0.241935483870968,0.0649350649350649,0.024390243902439,0.0452380952380953,0.517084282460137,0.244744744744745,0.265379975874548,-0.0028598665395615,0.175908221797323,0.339024390243903,-0.136004857316333,0.0238931834153198,0.168840082361016,0.0534351145038168,-0.0245261984392419,-0.0262857142857142,0.11150234741784,0.188489968321014,-0.00621945801865842,0.0536432722396065,0.115825201527365,0.393536121673004,-0.160521999997305,0.0683634668395385,0.170353886547112,0.361151251990584,-0.130474653388703,0.0187476175922192,0.00688793142999722,0.420429109560074,-0.153602652999699,0.129474621549421,0.0381583096814886,0.222660996354799,-0.0873291925465839,0.126854498434735,0.0991665660103878,0.175934065934066,0.00355106999345844,0.0655554520905113,0.0422092108712751,0.164095254066745,-0.0584167687099331,-0.00382496940024479,0.072953463369682,0.169267105639851,-0.0723511048540124,0.0859782250082481,0.0357880665937538,0.210946207543849,-0.0888921183936443,0.0646533390046788,0.118507790651219,0.0710362995043978,-0.037477071869268,0.0914288189180996,0.125833333333333,0.114236368122379,0.0261225483993419,0.108721846799285,0.11209537231761,0.0759211923892063,0.0171779576786117,0.101641054103403,0.1025493562586,0.0817444591090837,,,,,,,,,,,,,,,,,,na,na,na,na,na,na,na,na,na,na,na,na,na,na,na,na,na,na,na,na,na,na,na,,,,,,,,,,,,,,,,,,,,,,,,,,,
,,,,,,,,,,,,,,,,,,,,,,,,,,,,,,,,,,,,,,,,,,,,,,,,,,,,,,,,,,,,,,,,,,,,,,,,,,,,,,,,,,,,,,,,,,,,,,,,,,,,,,,,,,,,,,,,,,,,,,,,,,,,,,,,,,,,,,,,,,,,,,,,,,,,,,,,,,,,,,,,,,,,,,,,,,,,,,,,,,,,,,
,,,,,,,,Original Other Revenue,,,,,,,,,,,,,,,,,,,,,,,,,,,,,,,,,,,,,,,,,,,,,,,,,,,,1554,1596,1833,1924,1880,1834,2024,2381,2367,2487,2760,3795,3206.68687000988,3417.01985082344,3976.97645756872,5366.31682159797,4683.11019926654,,,,,,,,,,,,,,,,,,,,,,,,,,,,,,,,,,,,,,,,,,,,,,,,,,,,,,,,,,,,,,,,,,,,,,,,,,,,,,,,,,,,,,,,,,,,,,,,,,,,,,,,,,
,,,,,,,,DCLK Licensing Rev,,,,,,,,,,,,,,,,,,,,,,,,,,,,,,,,,,,,,,,,,,,,,,,,,,,,131,139,130,130,130,130,130,130,130,130,130,130,130,130,130,130,130,,,,,,,,,,,,,,,,,,,,,,,,,,,,,,,,,,,,,,,,,,,,,,,,,,,,,,,,,,,,,,,,,,,,,,,,,,,,,,,,,,,,,,,,,,,,,,,,,,,,,,,,,,
,,,,,,,,Organic Growth,,,,,,,,,,,,,,,,,,,,,,,,,,,,,,,,,,,,,,,,,,,,,,,,,,,,,,,,326,238,191,457,487,653,736,1414,839.686870009877,930.019850823441,1216.97645756872,1571.31682159797,1476.42332925666,,,,,,,,,,,,,,,,,,,,,,,,,,,,,,,,,,,,,,,,,,,,,,,,,,,,,,,,,,,,,,,,,,,,,,,,,,,,,,,,,,,,,,,,,,,,,,,,,,,,,,,,,,
,,,,,,,,,,,,,,,,,,,,,,,,,,,,,,,,,,,,,,,,,,,,,,,,,,,,,,,,,,,,,,,,,,,,,,,,,,,,,,,,,,,,,,,,,0,,,,,,,,,,,,,,,,,,,,,,,,,,,,,,,,,,,,,,,,,,,,,,,,,,,,,,,,,12070,26070,,,,,,,,,,,,,,,,,,,,,,,,,,,,,,,,,,,
,,,,,,,,Google Other Revenue,,,,,,,,,,,,,,,,,,,,,,,,,,,,,,,,,,,,,,,,,,,,,,,,,,,,,,,1688,1670,1629,1752,2100,2071,2172,2433,3403,2944.68687000988,3190.01985082344,3729.97645756872,5105.31682159797,4403.11019926654,4493.47016813762,4524.41963259584,6480,5445,6180,6429,7878,7212,8131,8922,10505,10541,11251,11744,13702,12632,12829,13763,16111,14867,16173,16750,19986,18313,19659,22009,23588,22639,24827,28027,31242,31892,35392,39392,42392,42792,47192,52092,56392,,,,,,,,,,,,,,,,,,4435,6050,7151,10079,14970,19901,25932,34770,47238,55335,67776,83569,106735,149068,198468,254968,319168,389668,464668,546468,634268,727068,823568,,,,,,,,,,,,,,,,,,,,,,,,,,,
,,,,,,,,Period-to-period addition,,,,,,,,,,,,,,,,,,,,,,,,,,,,,,,,,,,,,,,,,,,,,,,,,,,,,,,,-18,-41,123,348,-29,101,261,970,-458.313129990123,245.332980813564,539.956606745281,1375.34036402925,-702.20662233143,90.359968871082,30.9494644582201,1955.58036740416,-1035,735,249,1449,-666,919,791,1583,36,710,493,1958,-1070,197,934,2348,-1244,1306,577,3236,-1673,1346,2350,1579,-949,2188,3200,3215,650,3500,4000,3000,400,4400,4900,4300,,,,,,,,,,,,,,,,,,,1615,1101,2928,4891,4931,6031,8838,12468,8097,12441,15793,23166,42333,49400,56500,64200,70500,75000,81800,87800,92800,96500,,,,,,,,,,,,,,,,,,,,,,,,,,,
,,,,,,,,% change Y/Y,,,,,,,,,,,,,,,,,,,,,,,,,,,,,,,,,,,,,,,,,,,,,,,,,,,,,,,NA,NA,NA,NA,0.244075829383886,0.240119760479042,0.333333333333333,0.388698630136986,0.62047619047619,0.421867151139487,0.468701588776906,0.533077047911517,0.500240029855412,0.495272806120731,0.40860257248171,0.212988790697343,0.269265008703565,0.23662587434378,0.375329037192959,0.420955729588554,0.215740740740741,0.324517906336088,0.315695792880259,0.387774148390107,0.333460269103834,0.46159179145868,0.383716640019678,0.316296794440708,0.304331270823417,0.198368276254625,0.1402541996267,0.17191757493188,0.175813749817545,0.176931602279924,0.260659443448437,0.217031170529681,0.240518900130346,0.231788524920966,0.21554442589501,0.313970149253731,0.180226158310818,0.236225632064654,0.262882140495447,0.273433595347358,0.324487027302018,0.408719466407527,0.425544769807065,0.405501837513826,0.356891364189232,0.341778502445755,0.333408679927667,0.322400487408611,0.330250990752972,,,,,,,,,,,,,,,,,,,0.364148816234498,0.18198347107438,0.409453223325409,0.485266395475742,0.32939211756847,0.303050097985026,0.340814437760296,0.358584987057808,0.171408611710911,0.224830577392247,0.233017587346553,0.27720805561871,0.396617791727175,0.3313923846835,0.284680653808171,0.251796303849895,0.220886805694807,0.192471539874971,0.176039667031085,0.160668145252787,0.146310392452402,0.132724862048667,,,,,,,,,,,,,,,,,,,,,,,,,,,
,,,,,,,,Two-year % change ,,,,,,,,,,,,,,,,,,,,,,,,,,,,,,,,,,,,,,,,,,,,,,,,,,,,,,,NA,NA,NA,NA,NA,NA,NA,NA,0.864552019860077,0.661986911618528,0.80203492211024,0.921775678048504,1.1207162203316,0.917139957260217,0.877304161258617,0.74606583860886,0.769505038558977,0.731898680464511,0.78393160967467,0.633944520285896,0.485005749444305,0.561143780679868,0.691024830073218,0.808729877978661,0.549201009844574,0.786109697794768,0.699412432899937,0.704070942830816,0.637791539927251,0.659960067713305,0.523970839646378,0.488214369372589,0.480145020640962,0.375299878534549,0.400913643075137,0.388948745461561,0.416332649947891,0.40872012720089,0.476203869343447,0.531001319783412,0.420745058441163,0.46801415698562,0.478426566390457,0.587403744601089,0.504713185612836,0.644945098472181,0.688426910302512,0.678935432861184,0.68137839149125,0.750497968853281,0.758953449734732,0.727902324922437,0.687142354942205,,,,,,,,,,,,,,,,,,,,0.546132287308879,0.591436694399789,0.894719618801151,0.814658513044212,0.632442215553496,0.643864535745322,0.699399424818105,0.529993598768719,0.396239189103158,0.457848164738801,0.510225642965264,0.673825847345885,0.728010176410675,0.616073038491671,0.536476957658066,0.472683109544702,0.413358345569777,0.368511206906055,0.336707812283872,0.306978537705189,0.279035254501069,,,,,,,,,,,,,,,,,,,,,,,,,,,
,,,,,,,,% change Q/Q,,,,,,,,,,,,,,,,,,,,,,,,,,,,,,,,,,,,,,,,,,,,,,,,,,,,,,,NA,-0.0106635071090048,-0.0245508982035928,0.0755064456721915,0.198630136986301,-0.0138095238095238,0.048768710767745,0.120165745856354,0.398684751335799,-0.134679144869269,0.0833137755026365,0.169264340661047,0.368726285453749,-0.137544181266235,0.0205218504152209,0.00688765326132068,0.432227893565691,-0.159722222222222,0.134986225895317,0.0402912621359224,0.225384974335044,-0.0845392231530845,0.127426511369939,0.0972820071331939,0.177426585967272,0.0034269395525941,0.0673560383265346,0.0438183272597992,0.166723433242507,-0.0780907896657422,0.0155953134895503,0.0728038038818302,0.17060233960619,-0.0772143256160387,0.0878455640008071,0.035676745192605,0.193194029850746,-0.083708596017212,0.0734996996669033,0.119538125031792,0.071743377709119,-0.0402323215194167,0.0966473784177746,0.128891932170621,0.114710814571663,0.020805326163498,0.109745390693591,0.113019891500904,0.0761575954508529,0.00943574259294211,0.102822957562161,0.10383115782336,0.0825462643016202,,,,,,,,,,,,,,,,,,na,na,na,na,na,,,,,,,,,1.82737632737633,1.16693832234899,1.14372469635628,1.13628318584071,1.0981308411215,1.06382978723404,1.09066666666667,1.07334963325183,1.05694760820046,1.03987068965517,,,,,,,,,,,,,,,,,,,,,,,,,,,
,,,,,,,,% of total gross revenue,,,,,,,,,,,,,,,,,,,,,,,,,,,,,,,,,,,,,,,,,,,,,,,,,,,,,,,,,,,,,,,,,,,,,,,,,,,,,,,,,,,,,,,,,,,,,,,,,,,,,,,,,,,,,,,,,,,,,,,,,,,,,,,,,,0.145454944123258,0.160215498866283,0.190492365513047,0.18335099384017,0.195643411729766,0.220485760945236,0.238756292533527,0.264958941107548,0.307964624380083,0.349684520332814,0.386320717042446,0.419261496397423,0.447101298848685,0.468904505223322,0.487950026053796,0.503983388889502,0.516849832582548,0.526293283536241,,,,,,,,,,,,,,,,,,,,,,,,,,,
,,,,,,,,,,,,,,,,,,,,,,,,,,,,,,,,,,,,,,,,,,,,,,,,,,,,,,,,,,,,,,,,,,,,,,,,,,,,,,,,,,,,,,,,,,,,,,,,,,,,,,,,,,,,,,,,,,,,,,,,,,,,,,,,,,,,,,,,,,,,,,,,,,,,,,,,,,,,,,,,,,,,,,,,,,,,,,,,,,,,,,
,,,,,,,,Google Cloud,,,,,,,,,,,,,,,,,,,,,,,,,,,,,,,,,,,,,,,,,,,,,,,,,,,,,,,,,,,,,,,,,,,,,,,,,,,,,,,,,,,,,,,,,,,,,,,,,,,,,,,,,,,,,,,,,,,,,,,,,,,,,,850,1700,2700,4056,5838,8918,13059,19206,26280,33088,43229,58705,94323.5165,137409.537025,187623.357308852,245902.374083056,310826.626964592,380582.596648177,457452.19273083,540608.251449312,629053.267112185,721676.647021807,,,,,,,,,,,,,,,,,,,,,,,,,,,
,,,,,,,,Period-to-period addition,,,,,,,,,,,,,,,,,,,,,,,,,,,,,,,,,,,,,,,,,,,,,,,,,,,,,,,,,,,,,,,,,,,,,,,,,,,,,,,,,,,,,,,,,,,,,,,,,,,,,,,,,,,,,,,,,,,,,,,,,,,,,,,850,1000,1356,1782,3080,4141,6147,7074,6808,10141,15476,35618.5165,43086.020525,50213.8202838517,58279.0167742044,64924.2528815359,69755.9696835855,76869.5960826525,83156.0587184824,88445.0156628725,92623.3799096225,,,,,,,,,,,,,,,,,,,,,,,,,,,
,,,,,,,,% change Y/Y,,,,,,,,,,,,,,,,,,,,,,,,,,,,,,,,,,,,,,,,,,,,,,,,,,,,,,,,,,,,,,,,,,,,,,,,,,,,,,,,,,,,,,,,,,,,,,,,,,,,,,,,,,,,,,,,,,,,,,,,,,,,,,,1,0.588235294117647,0.502222222222222,0.439349112426036,0.52757793764988,0.464341780668311,0.470709855272226,0.368322399250234,0.259056316590563,0.306485735009671,0.358000416387148,0.60673735627289,0.456789803049805,0.365431842439844,0.310617066073867,0.264024506162787,0.224420830238369,0.201978747214532,0.181780872493079,0.163602785243771,0.147242506719394,,,,,,,,,,,,,,,,,,,,,,,,,,,
,,,,,,,,% change Q/Q,,,,,,,,,,,,,,,,,,,,,,,,,,,,,,,,,,,,,,,,,,,,,,,,,,,,,,,,,,,,,,,,,,,,,,,,,,,,,,,,,,,,,,,,,,,,,,,,,,,,,,,,,,,,,,,,,,,,,,,,,,,,,,,,,,,,,,,,,,,,,,,,,,,,,,,,,,,,,,,,,,,,,,,,,,,,,,
,,,,,,,,% of total gross revenue,,,,,,,,,,,,,,,,,,,,,,,,,,,,,,,,,,,,,,,,,,,,,,,,,,,,,,,,,,,,,,,,,,,,,,,,,,,,,,,,,,,,,,,,,,,,,,,,,,,,,,,,,,,,,,,,,,,,,,,,,,,,,,,0.0226699915987678,0.0299096065225098,0.0365883361147445,0.0426695122753419,0.0550980186213757,0.0715455795580928,0.0745467460030974,0.0929160361481565,0.107640357326428,0.12350507688176,0.14572927940899,0.194866143834566,0.242104460385257,0.284281909610095,0.323019216606116,0.356639469067577,0.384052472255289,0.408466386616187,0.429562233357276,0.447174233761406,0.461180585224938,,,,,,,,,,,,,,,,,,,,,,,,,,,
,,,,,,,,,,,,,,,,,,,,,,,,,,,,,,,,,,,,,,,,,,,,,,,,,,,,,,,,,,,,,,,,,,,,,,,,,,,,,,,,,,,,,,,,,,,,,,,,,,,,,,,,,,,,,,,,,,,,,,,,,,,,,,,,,,,,,,,,,,,,,,,,,,,,,,,,,,,,,,,,,,,,,,,,,,,,,,,,,,,,,,
,,,,,,,,Google Other (ex Cloud),,,,,,,,,,,,,,,,,,,,,,,,,,,,,,,,,,,,,,,,,,,,,,,,,,,,,,,,,,,,,,,,,,,,,,,,,,,,,,,,,,,,,,,,,,,,,,,,,,,,,,,,,,,,,,,,,,,,,,,,,,,,,,5200,5451,7379,10914,14063,17014,21711,28032,29055,34688,40340,48030,54744.4835,61058.462975,67344.6426911483,73265.6259169439,78841.3730354081,84085.4033518226,89015.8072691701,93659.7485506877,98014.7328878152,101891.352978193,,,,,,,,,,,,,,,,,,,,,,,,,,,
,,,,,,,,Period-to-period addition,,,,,,,,,,,,,,,,,,,,,,,,,,,,,,,,,,,,,,,,,,,,,,,,,,,,,,,,,,,,,,,,,,,,,,,,,,,,,,,,,,,,,,,,,,,,,,,,,,,,,,,,,,,,,,,,,,,,,,,,,,,,,,,251,1928,3535,3149,2951,4697,6321,1023,5633,5652,7690,6714.4835,6313.979475,6286.17971614833,5920.98322579562,5575.74711846415,5244.03031641449,4930.40391734749,4643.94128151762,4354.98433712754,3876.62009037752,,,,,,,,,,,,,,,,,,,,,,,,,,,
,,,,,,,,% change Y/Y,,,,,,,,,,,,,,,,,,,,,,,,,,,,,,,,,,,,,,,,,,,,,,,,,,,,,,,,,,,,,,,,,,,,,,,,,,,,,,,,,,,,,,,,,,,,,,,,,,,,,,,,,,,,,,,,,,,,,,,,,,,,,,,0.0482692307692307,0.353696569436801,0.479062203550617,0.288528495510354,0.209841427860343,0.276066768543552,0.291142738703883,0.0364940068493151,0.193873687833419,0.162938191881919,0.190629647992068,0.13979769935457,0.115335446995312,0.102953454932565,0.0879206272271731,0.0761031800203955,0.0665136858291313,0.058635669459991,0.052169849647884,0.0464979289878262,0.0395514018776604,,,,,,,,,,,,,,,,,,,,,,,,,,,
,,,,,,,,% change Q/Q,,,,,,,,,,,,,,,,,,,,,,,,,,,,,,,,,,,,,,,,,,,,,,,,,,,,,,,,,,,,,,,,,,,,,,,,,,,,,,,,,,,,,,,,,,,,,,,,,,,,,,,,,,,,,,,,,,,,,,,,,,,,,,,,,,,,,,,,,,,,,,,,,,,,,,,,,,,,,,,,,,,,,,,,,,,,,,
,,,,,,,,% of total gross revenue,,,,,,,,,,,,,,,,,,,,,,,,,,,,,,,,,,,,,,,,,,,,,,,,,,,,,,,,,,,,,,,,,,,,,,,,,,,,,,,,,,,,,,,,,,,,,,,,,,,,,,,,,,,,,,,,,,,,,,,,,,,,,,,0.0726906612969902,0.0817418468628146,0.0984529340128997,0.102785431847916,0.105117480244908,0.118946785954955,0.108804247837073,0.102727375581609,0.112845403618808,0.115251215651766,0.119229661698557,0.113098480545517,0.107580059947557,0.102038807432351,0.0962422797913066,0.0904618297811076,0.0848520329680327,0.0794836394376089,0.0744211555322265,0.0696755988211425,0.065112698311303,,,,,,,,,,,,,,,,,,,,,,,,,,,
,,,,,,,,,,,,,,,,,,,,,,,,,,,,,,,,,,,,,,,,,,,,,,,,,,,,,,,,,,,,,,,,,,,,,,,,,,,,,,,,,,,,,,,,,,,,,,,,,,,,,,,,,,,,,,,,,,,,,,,,,,,,,,,,,,,,,,,,,,,,,,,,,,,,,,,,,,,,,,,,,,,,,,,,,,,,,,,,,,,,,,
,,,,,,,,Other Bets Revenue,,,,,,,,,,,,,,,,,,,,,,,,,,,,,,,,,,,,,,,,,,,,,,,,,,,,,,,106,80,75,142,151,166,185,197,262,132,97,117,131,150,145,146,154,170,162,155,172,135,148,178,196,198,192,182,181,440,193,209,226,288,285,297,657,495,365,388,400,450,373,344,370,545.786,572.482,603.934,640.473,979.683,1028.683,1073.683,1119.683,,,,,,,,,,,,,,,,,,12,327,448,810,477,595,659,657,753,1068,1527,1648,1537,2362.675,4201.732,5960.632,8207.582,11603.007,14416.83075,17956.8751875,22549.939621875,28123.222670625,35445.818938875,,,,,,,,,,,,,,,,,,,,,,,,,,,
,,,,,,,,Period-to-period addition,,,,,,,,,,,,,,,,,,,,,,,,,,,,,,,,,,,,,,,,,,,,,,,,,,,,,,,,-26,-5,67,9,15,19,12,65,-130,-35,20,14,19,-5,1,8,16,-8,-7,17,-37,13,30,18,2,-6,-10,-1,259,-247,16,17,62,-3,12,360,-162,-130,23,12,50,-77,-29,26,175.786,26.6959999999999,31.452,36.539,339.21,49,45,46,,,,,,,,,,,,,,,,,,,315,121,362,-333,118,64,-2,96,315,459,121,-111,825.675,1839.057,1758.9,2246.95,3395.425,2813.82375,3540.0444375,4593.064434375,5573.28304875,7322.59626825,,,,,,,,,,,,,,,,,,,,,,,,,,,
,,,,,,,,% change Y/Y,,,,,,,,,,,,,,,,,,,,,,,,,,,,,,,,,,,,,,,,,,,,,,,,,,,,,,,NA,NA,NA,NA,0.424528301886792,1.075,1.46666666666667,0.387323943661972,0.735099337748344,-0.204819277108434,-0.475675675675676,-0.406091370558376,-0.5,0.136363636363636,0.494845360824742,0.247863247863248,0.175572519083969,0.133333333333333,0.117241379310345,0.0616438356164384,0.116883116883117,-0.205882352941177,-0.0864197530864198,0.148387096774194,0.13953488372093,0.466666666666667,0.297297297297297,0.0224719101123596,-0.076530612244898,1.22222222222222,0.00520833333333326,0.148351648351648,0.248618784530387,-0.345454545454545,0.476683937823834,0.421052631578947,1.9070796460177,0.71875,0.280701754385965,0.306397306397306,-0.39117199391172,-0.0909090909090909,0.021917808219178,-0.11340206185567,-0.075,0.212857777777778,0.534804289544236,0.755622093023256,0.731008108108108,0.794994741528731,0.796882696748544,0.777815125493846,0.748212649089033,,,,,,,,,,,,,,,,,,,26.25,0.370030581039755,0.808035714285714,-0.411111111111111,0.247379454926625,0.107563025210084,-0.00303490136570561,0.146118721461187,0.418326693227092,0.429775280898876,0.0792403405370006,-0.0673543689320388,0.537199089134678,0.778379167680701,0.418613086222539,0.376965060080877,0.413693704187177,0.242508148965178,0.245549420596479,0.255783057264456,0.247152903387091,0.260375432574394,,,,,,,,,,,,,,,,,,,,,,,,,,,
,,,,,,,,Two-year % change ,,,,,,,,,,,,,,,,,,,,,,,,,,,,,,,,,,,,,,,,,,,,,,,,,,,,,,,NA,NA,NA,NA,NA,NA,NA,NA,1.15962763963514,0.870180722891566,0.990990990990991,-0.0187674268964039,0.235099337748344,-0.0684556407447973,0.0191696851490666,-0.158228122695128,-0.324427480916031,0.26969696969697,0.612086740135087,0.309507083479686,0.292455635967086,-0.0725490196078432,0.030821626223925,0.210030932390632,0.256418000604047,0.26078431372549,0.210877544210878,0.170859006886553,0.0630042714760323,1.68888888888889,0.302505630630631,0.170823558464008,0.172088172285489,0.876767676767677,0.481892271157167,0.569404279930596,2.15569843054809,0.373295454545455,0.757385692209799,0.727449937976254,1.51590765210598,0.627840909090909,0.302619562605143,0.192995244541636,-0.46617199391172,0.121948686868687,0.556722097763414,0.642220031167586,0.656008108108108,1.00785251930651,1.33168698629278,1.5334372185171,1.47922075719714,,,,,,,,,,,,,,,,,,,,26.6200305810398,1.17806629532547,0.396924603174603,-0.163731656184486,0.354942480136709,0.104528123844378,0.143083820095482,0.564445414688279,0.848101974125968,0.509015621435877,0.0118859716049617,0.469844720202639,1.31557825681538,1.19699225390324,0.795578146303416,0.790658764268055,0.656201853152355,0.488057569561657,0.501332477860935,0.502935960651547,0.507528335961485,,,,,,,,,,,,,,,,,,,,,,,,,,,
,,,,,,,,% change Q/Q,,,,,,,,,,,,,,,,,,,,,,,,,,,,,,,,,,,,,,,,,,,,,,,,,,,,,,,NA,-0.245283018867924,-0.0625,0.893333333333333,0.0633802816901408,0.0993377483443709,0.114457831325301,0.0648648648648649,0.32994923857868,-0.49618320610687,-0.265151515151515,0.206185567010309,0.11965811965812,0.145038167938931,-0.0333333333333333,0.00689655172413795,0.0547945205479452,0.103896103896104,-0.0470588235294118,-0.0432098765432098,0.109677419354839,-0.215116279069768,0.0962962962962963,0.202702702702703,0.101123595505618,0.010204081632653,-0.0303030303030303,-0.0520833333333334,-0.00549450549450548,1.43093922651934,-0.561363636363636,0.0829015544041452,0.0813397129186604,0.274336283185841,-0.0104166666666666,0.0421052631578946,1.21212121212121,-0.246575342465753,-0.262626262626263,0.0630136986301371,0.0309278350515463,0.125,-0.171111111111111,-0.0777479892761395,0.0755813953488371,0.475097297297298,0.0489129439010894,0.0549397186287079,0.0605016442194015,0.529624199614972,0.0500161787027029,0.0437452548549941,0.0428431855584934,,,,,,,,,,,,,,,,,,,,,,,,,,,,,,,,,,,,,,,,,,,,,,,,,,,,,,,,,,,,,,,,,,,
,,,,,,,,,,,,,,,,,,,,,,,,,,,,,,,,,,,,,,,,,,,,,,,,,,,,,,,,,,,,,,,,,,,,,,,,,,,,,,,,,,,,,,,,,,,,,,,,,,,,,,,,,,,,,,,,,,,,,,,,,,,,,,,,,,,,,,,,,,,,,,,,,,,,,,,,,,,,,,,,,,,,,,,,,,,,,,,,,,,,,,
,,,,,,,,Hedging gains (losses),,,,,,,,,,,,,,,,,,,,,,,,,,,,,,,,,,,,,,,,,,,,,,,,,,,,,,,,,,,,,,,,217,3,-191,-198,-239,-103,80,124,137,108,119,91,49,151,-22,-2,-109,-7,62,203,278,375,638,669,84,3,-1,150,72,102,17,20,260,-112,-207,-68,-50,-50,100,100,100,100,100,100,,,,,,,,,,,,,,,,,,,,,,-169,-138,455,176,149,1960,236,211,-127,100,400,400,400,400,400,400,400,400,400,,,,,,,,,,,,,,,,,,,,,,,,,,,
,,,,,,,,Period-to-period addition,,,,,,,,,,,,,,,,,,,,,,,,,,,,,,,,,,,,,,,,,,,,,,,,,,,,,,,,,,,,,,,,,-214,-194,-7,-41,136,183,44,13,-29,11,-28,-42,102,-173,20,-107,102,69,141,75,97,263,31,-585,-81,-4,151,-78,30,-85,3,240,-372,-95,139,18,0,150,0,0,0,0,0,,,,,,,,,,,,,,,,,,,,,,,31,593,-279,-27,1811,-1724,-25,-338,227,300,0,0,0,0,0,0,0,0,,,,,,,,,,,,,,,,,,,,,,,,,,,
,,,,,,,,% change Y/Y,,,,,,,,,,,,,,,,,,,,,,,,,,,,,,,,,,,,,,,,,,,,,,,,,,,,,,,,,,,,,,,,,,,,-2.10138248847926,-35.3333333333333,-1.41884816753927,-1.62626262626263,-1.57322175732218,-2.04854368932039,0.4875,-0.266129032258065,-0.642335766423358,0.398148148148148,-1.18487394957983,-1.02197802197802,-3.22448979591837,-1.04635761589404,-3.81818181818182,-102.5,-3.55045871559633,-54.5714285714286,9.29032258064516,2.29556650246305,-0.697841726618705,-0.992,-1.00156739811912,-0.775784753363229,-0.142857142857143,33,-18,-0.866666666666667,2.61111111111111,-2.09803921568627,-13.1764705882353,-4.4,-1.19230769230769,-0.553571428571429,-1.48309178743961,-2.47058823529412,-3,-3,0,0,,,,,,,,,,,,,,,,,,,,,,,-0.183431952662722,-4.29710144927536,-0.613186813186813,-0.153409090909091,12.1543624161074,-0.879591836734694,-0.105932203389831,-1.60189573459716,-1.78740157480315,3,0,0,0,0,0,0,0,0,,,,,,,,,,,,,,,,,,,,,,,,,,,
,,,,,,,,,,,,,,,,,,,,,,,,,,,,,,,,,,,,,,,,,,,,,,,,,,,,,,,,,,,,,,,,,,,,,,,,,,,,,,,,,,,,,,,,,,,,,,,,,,,,,,,,,,,,,,,,,,,,,,,,,,,,,,,,,,,,,,,,,,,,,,,,,,,,,,,,,,,,,,,,,,,,,,,,,,,,,,,,,,,,,,
,,,,,,,,,,,,2002-12-31 00:00:00,,,,2003-12-31 00:00:00,,,,2004-12-31 00:00:00,,,,2005-12-31 00:00:00,,,,2006-12-31 00:00:00,,,,2007-12-31 00:00:00,,,,2008-12-31 00:00:00,,,,2009-12-31 00:00:00,,,,2010-12-31 00:00:00,,,,2011-12-31 00:00:00,,,,2012-12-31 00:00:00,,,,2013-12-31 00:00:00,,,,2014-12-31 00:00:00,,,,2015-12-31 00:00:00,,,,2016-12-31 00:00:00,,,,2017-12-31 00:00:00,,,,2018-12-31 00:00:00,,,,2019-12-31 00:00:00,,,,2020-12-31 00:00:00,,,,2021-12-31 00:00:00,,,,2022-12-31 00:00:00,,,,2023-12-31 00:00:00,,,,2024-12-31 00:00:00,,,,2025-12-31 00:00:00,,,,2026-12-31 00:00:00,,,,2027-12-31 00:00:00,,,,,,,,,,,,,,,,,,,,,,,,,,,,,,,,,,,,,,,,,,,,,CAGR,,,,,,,,,,,,,,,,,,,,,,,,,
,,,,,,,,,,,,1,2,3,4,1,2,3,4,1,2,3,4,1,2,3,4,1,2,3,4,1,2,3,4,1,2,3,4,1,2,3,4,1,2,3,4,1,2,3,4,1,2,3,4,1,2,3,4,1,2,3,4,1,2,3,4,1,2,3,4,1,2,3,4,1,2,3,4,1,2,3,4,1,2,3,4,1,2,3,4,1,2,3,4,1,2,3,4,1,2,3,4,1,2,3,4,1,2,3,4,1,2,3,4,,,,,,2001-12-31 00:00:00,2002-12-31 00:00:00,2003-12-31 00:00:00,2004-12-31 00:00:00,2005-12-31 00:00:00,2006-12-31 00:00:00,2007-12-31 00:00:00,2008-12-31 00:00:00,2009-12-31 00:00:00,2010-12-31 00:00:00,2011-12-31 00:00:00,2012-12-31 00:00:00,2013-12-31 00:00:00,2014-12-31 00:00:00,2015-12-31 00:00:00,2016-12-31 00:00:00,2017-12-31 00:00:00,2018-12-31 00:00:00,2019-12-31 00:00:00,2020-12-31 00:00:00,2021-12-31 00:00:00,2022-12-31 00:00:00,2023-12-31 00:00:00,2024-12-31 00:00:00,2025-12-31 00:00:00,2026-12-31 00:00:00,2027-12-31 00:00:00,2028-12-31 00:00:00,2029-12-31 00:00:00,2030-12-31 00:00:00,2031-12-31 00:00:00,2032-12-31 00:00:00,2033-12-31 00:00:00,2034-12-31 00:00:00,2035-12-31 00:00:00,,2011-2014,2012-2015,2013-2016,2014-2017,2015-2018,,,,,,,,,,,,,,,,,,,,,
,,,,,,,,CURRENCY-NEUTRAL CORE GOOGLE GROSS REVENUE,,,,,,,,,,,,,,,,,,,,,,,,,,,,,,,,,,,,,,,,,,,,,,,,,,,,,,,,,,,,,,,,,,,,,,,,,,,,,,,,,,,,,,,,,,,,,,,,,,,,,,,,,,,,,,,,,,,,,,,,,,,,,,,,,,,,,,,,,,,,,,,,,,,,,,,,,,,,,,,,,,,,,,,,,,,,,,
,,,,,,,,Total Google Gross revenue (as reported),,,,,,,,,,,,,,,,,,,,,,,,,,,,5186.043,5367.212,5541.391,5700.904,5509,5523,5945,6673.563,6775,6820,7286,8440,8575,9026,9720,10584,10645,10964,11526,12905,12951,13107,13754,15707,15420,15955,16523,18103,17258,17727,18675,21329,20257,21500,22451,26064,24750,26010,27772,32323,31146,32657,33740,39276,36339,38944,40499,46075,41159,38297,46173,56898,55314,61880,65118,75325,68011,69685,69092,76048,69787,74604,76693,86310,80539,84742,88268,96469,90234,96428,102346,113828,109629.15839055,117258.962315188,122695.390880113,134459.096554829,127889.617011899,136436.50169869,144759.281940412,158477.61246467,,,,,,86.426,439.508,1465.934,3189.223,6138.56,10604.917,16593.986,21795.55,23650.563,29321,37905,46040,56044,66001,74989,90272,111024,136955,161857,182527,257637,282836,307394,350018,402836,484042.60814068,567563.013115671,659990.491713614,761262.369052504,871542.983667059,990965.1001939,1119926.16215119,1258509.73262744,1406729.68077991,1564846.11482466,,0.203052753885911,0.176578069131333,0.172216904468895,0.189292786710118,0.222343995117717,,,,,,,,,,,,,,,,,,,,,
,,,,,,,,Period-to-period addition,,,,,,,,,,,,,,,,0,0,0,0,0,0,0,0,0,0,0,0,5186.043,181.169000000001,174.178999999999,159.513,-191.904,14,422,728.563000000001,101.436999999999,45,466,1154,135,451,694,864,61,319,562,1379,46,156,647,1953,-287,535,568,1580,-845,469,948,2654,-1072,1243,951,3613,-1314,1260,1762,4551,-1177,1511,1083,5536,-2937,2605,1555,5576,-4916,-2862,7876,10725,-1584,6566,3238,10207,-7314,1674,-593,6956,-6261,4817,2089,9617,-5771,4203,3526,8201,-6235,6194,5918,11482,-4198.84160945004,7629.80392463823,5436.42856492462,11763.7056747163,-6569.4795429298,8546.88468679076,8322.78024172172,13718.3305242579,,,,,,,353.082,1026.426,1723.289,2949.337,4466.357,5989.069,5201.564,1855.013,5670.437,8584,8135,10004,9957,8988,15283,20752,25931,24902,20670,75110,25199,24558,42624,52818,81206.6081406801,83520.4049749907,92427.4785979427,101271.87733889,110280.614614555,119422.116526841,128961.061957288,138583.570476255,148219.948152472,158116.434044746,,,,,,,,,,,,,,,,,,,,,,,,,,,
,,,,,,,,Total core Google revenue as reported - % change Y/Y,,,,,,,,,,,,,,,,,,,,,,,,,,,,NA,NA,NA,NA,0.0622742618987155,0.0290258704146584,0.072835322394684,0.170614870904685,0.229805772372481,0.234836139779106,0.225567703952902,0.26469173962994,0.265682656826568,0.323460410557185,0.334065330771342,0.254028436018957,0.241399416909621,0.214713051185464,0.185802469135802,0.219293272864701,0.216627524659464,0.195457862094126,0.193302099600902,0.217125145292522,0.190641649293491,0.217288471808957,0.201323251417769,0.152543451964092,0.119195849546044,0.111062362895644,0.130242692005084,0.178202507871623,0.17377448139993,0.212839171884696,0.202195448460509,0.22199821838811,0.221799871649306,0.209767441860465,0.237005033183377,0.240139656230816,0.258424242424242,0.255555555555556,0.214892697681118,0.215109983603007,0.166730880369871,0.192516152739076,0.200326022525193,0.173108259496894,0.132639863507526,-0.0166135990139688,0.14010222474629,0.234899620184482,0.343910201899949,0.61579235971486,0.410304723539731,0.323860241133256,0.229544057562281,0.126131221719457,0.0610276728400749,0.00959840690341851,0.0261134228286601,0.0705890794288584,0.110012736641,0.134941089837997,0.154068809377105,0.135890836952442,0.150926420924987,0.11770362646275,0.120376463576652,0.137900922800972,0.159491548466035,0.179943816148193,0.214942908333333,0.216026074534245,0.198829371740105,0.181247993066988,0.166565710158032,0.163548602212198,0.179826568072617,0.178630650697898,,,,,,,4.0853678291255,2.33539776295312,1.17555701689162,0.924782305909621,0.727590346921754,0.564744542555119,0.313460792361763,0.0851097127624676,0.239759070428894,0.292759455680229,0.21461548608363,0.217289313640313,0.177663978302762,0.136179754852199,0.203803224472923,0.229883020205601,0.233562112696354,0.181826147274652,0.127705320128261,0.411500764270492,0.0978081564371578,0.0868277022726951,0.138662433229016,0.150900810815444,0.201587266631284,0.172547630250593,0.162849721461863,0.153444448988872,0.144865448625569,0.137023782836696,0.130136835224625,0.123743488776135,0.117774177115839,0.11240001274238,,,,,,,,,,,,,,,,,,,,,,,,,,,
,,,,,,,,Total core Google revenue as reported - % change Q/Q,,,,,,,,,,,,,,,,,,,,,,,,,,,,NA,0.0349339563902575,0.0324524166364211,0.0287857326797549,-0.033662029741248,0.00254129606099118,0.0764077494115516,0.122550546677881,0.0151998265394362,0.00664206642066412,0.0683284457478006,0.15838594564919,0.0159952606635072,0.0525947521865888,0.0768889873698204,0.0888888888888888,0.00576341647770229,0.0299671207139502,0.0512586647209048,0.1196425472844,0.00356450987989154,0.0120454018994671,0.049362935835813,0.141995055983714,-0.0182721079773349,0.0346952010376136,0.035600125352554,0.0956242813048478,-0.046677346296194,0.0271758025263646,0.0534777458114741,0.142115127175368,-0.0502602091049744,0.061361504665054,0.0442325581395349,0.160928243730792,-0.050414364640884,0.050909090909091,0.0677431757016531,0.163870084977675,-0.0364136992234632,0.0485134527708213,0.033162874728236,0.164078245406046,-0.0747784906813321,0.071686067310603,0.0399291290057517,0.137682411911405,-0.106695604991861,-0.0695352170849632,0.20565579549312,0.232278604379183,-0.0278392913634926,0.118704125537838,0.0523270846800259,0.156746214564329,-0.0970992366412213,0.0246136654364735,-0.00850972232187697,0.100677357725931,-0.0823295813170629,0.069024316849843,0.0280011795614177,0.125396059614306,-0.0668636310972077,0.0521858975154894,0.0416086474239457,0.0929102279421761,-0.0646321616270512,0.0686437484761842,0.061372215539055,0.112188067926446,-0.0368875989163479,0.069596483605733,0.0463625846381932,0.0958773234294574,-0.0488585726905499,0.0668301687540085,0.061001126077697,0.0947665002227969,,,,,,,,,,,,,,,,,,,,,,,,,,,,,,,,,,,,,,,,,,,,,,,,,,,,,,,,,,,,,,,,,,,
,,,,,,,,,,,,,,,,,,,,,,,,,,,,,,,,,,,,,,,,,,,,,,,,,,,,,,,,,,,,,,,,,,,,,,,,,,,,,,,,,,,,,,,,,,,,,,,,,,,,,,,,,,,,,,,,,,,,,,,,,,,,,,,,,,,,,,,,,,,,,,,,,,,,,,,,,,,,,,,,,,,,,,,,,,,,,,,,,,,,,,
,,,,,,,,Total core Google revenue ex-FX/hedge Y/Y (in dollars),,,,,,,,,,,,,,,,,,,,,,,,,,,,2535.474,2567.024,2695.012,5571.904,5355,5399,5906,6469.563,6523,6717,7366,8547,8538,8605,9236,10520,10675,11233,12021,13061,13026,13289,13867,15845,15575,15829,16407,18571,18053,18830,19966,22330,20850,21535,22542,26079,24837,26371,27708,31981,30074,31992,34045,39876,37355,40053,40919,46401,41502,38852,46250,56611,54322,60000,64441,75395,69724,71992,72372,80112,71877,75747,76267,85220,80854,85907,89268,96714,91579,95997,101214,112565,104087.08,114868,121099.51,132222.3,127789.617011899,136336.50169869,144659.281940412,158377.61246467,,,,,,,,,3189.223,6138.56,10604.917,16593.986,21666.55,23129.563,29153,36899,46990,56027,66382,79179,91006,110897,135987,164728,183215,254158,294200,309111,352743,401355,472276.89,567163.013115671,659590.491713614,760862.369052504,871142.983667059,990565.1001939,1119526.16215119,1258109.73262744,1406329.68077991,1564446.11482466,,0.216219359574905,0.189966830267938,0.175504292156633,0.186560321815679,0.197555896563643,,,,,,,,,,,,,,,,,,,,,
,,,,,,,,Period-to-period addition,,,,,,,,,,,,,,,,0,0,0,0,0,0,0,0,0,0,0,0,2535.474,31.5499999999997,127.988,2876.892,-216.904,44,507,563.563000000001,53.436999999999,194,649,1181,-9,67,631,1284,155,558,788,1040,-35,263,578,1978,-270,254,578,2164,-518,777,1136,2364,-1480,685,1007,3537,-1242,1534,1337,4273,-1907,1918,2053,5831,-2521,2698,866,5482,-4899,-2650,7398,10361,-2289,5678,4441,10954,-5671,2268,380,7740,-8235,3870,520,8953,-4366,5053,3361,7446,-5135,4418,5217,11351,-8477.92,10780.92,6231.51000000001,11122.79,-4432.68298810074,8546.88468679076,8322.78024172172,13718.3305242579,,,,,,,0,0,3189.223,2949.337,4466.357,5989.069,5072.564,1463.013,6023.437,7746,10091,9037,10355,12797,11827,19891,25090,28741,18487,70943,40042,14911,43632,48612,70921.89,94886.1231156708,92427.4785979427,101271.87733889,110280.614614555,119422.116526841,128961.061957288,138583.570476255,148219.948152472,158116.434044746,,,,,,,,,,,,,,,,,,,,,,,,,,,
,,,,,,,,Total core Google revenue ex-FX/hedge - % change Y/Y,,,,,,,,,,,,,,,,,,,,,,,,,,,,NA,NA,NA,NA,0.0325791745267057,0.00592262798637355,0.0657973783116912,0.161104534464341,0.218113912231559,0.244119281348398,0.247206230951575,0.282262278520209,0.262084257206208,0.276516837264501,0.283312491315826,0.250148544266191,0.24693376941946,0.245067612502771,0.236855643584731,0.236954257031916,0.227941176470588,0.221078746669117,0.209612700628053,0.231349082996581,0.205868689996903,0.210908812729498,0.194800466064667,0.182564951604687,0.171359979236958,0.180638284531946,0.209107975534427,0.243664717348928,0.230306248893609,0.247971719981456,0.225841535700691,0.242034576368052,0.236409796893668,0.231024180748763,0.239953459232077,0.235885148973992,0.225859046997921,0.234334074837267,0.226442381629037,0.231083900041382,0.199351441597637,0.22647518143124,0.212774155305276,0.181408493736633,0.142078758358788,-0.00236236647493837,0.142003506259414,0.228670645686381,0.3198085473408,0.5667023526647,0.395642475039525,0.325090512847552,0.260512709259862,0.163413057530705,0.111397770201787,0.0635512777962164,0.0568437458646396,0.086991461577097,0.10384704452035,0.120608037029245,0.158582544026824,0.151506621628867,0.163965420572934,0.120542231491137,0.137076447435404,0.132814896981426,0.146666968776907,0.166851527433683,0.153523948844116,0.191230762848965,0.183236374650695,0.161597322275714,0.165653544074956,0.162695788934428,0.179011541531826,0.177886930097639,,,,,,,,,1.17555701689162,0.924782305909621,0.727590346921754,0.564744542555119,0.305686891624472,0.0675240405140645,0.24983049712455,0.267223023559311,0.241118829402287,0.222682932151976,0.18647339541368,0.202798158866153,0.236679395018277,0.235855259492049,0.227645804893802,0.202789237340732,0.131955985839352,0.392440570436155,0.14191672779919,0.0928983580590872,0.147527277695726,0.146669599849151,0.172380050442364,0.17172125671803,0.162144953901687,0.152838379651477,0.144340005603214,0.136564826700859,0.129733188315242,0.123386322372207,0.117456340876969,0.112115665290652,,,,,,,,,,,,,,,,,,,,,,,,,,,
,,,,,,,,,,,,,,,,,,,,,,,,,,,,,,,,,,,,,,,,,,,,,,,,,,,,,,,,,,,,,,,,-484,,,,,,,,,,,,,,,,,,,,,,,,,,,,,,,,,,,,,,,,,,,,,,,,,,,,,,,,,,,,,,,,,,,,,,,,,,,,,,,,,,,,,,,,,,,,,,,,,,,,,,,,,,,,,,,,,,,,,,
,,,,,,,,FX+hedge impact - Y/Y,,,,,,,,,,,,,,,,,,,,,,,,,,,,2650.569,2800.188,2846.379,129,154,124,39,204,252,103,-80,-107,37,421,484,64,-30,-269,-495,-156,-75,-182,-113,-138,-155,126,116,-468,-795,-1103,-1291,-1001,-593,-35,-91,-15,-87,-361,64,342,1072,665,-305,-600,-1016,-1109,-420,-326,-343,-555,-77,287,992,1880,677,-70,-1713,-2307,-3280,-4064,-2090,-1143,426,1090,-315,-1165,-1000,-245,-1345,431,1132,1263,5542.07839054996,2390.96231518818,1595.88088011279,2236.79655482905,100,100,100,100,,,,,,,,,0,0,0,0,129,521,168,1006,-950,17,-381,-4190,-734,127,968,-2871,-688,3479,-11364,-1717,-2725,1481,11765.7181406801,400,400,400,400,400,400,400,400,400,,,,,,,,,,,,,,,,,,,,,,,,,,,
,,,,,,,,Points of growth,,,,,,,,,,,,,,,,,,,,,,,,,,,,,,,,0.0296950873720098,0.0231032424282849,0.00703794408299288,0.0366122603691665,0.0470588235294118,0.0190776069642526,-0.0135455469014561,-0.016052657517452,0.00546932742054693,0.0624536418928942,0.0672502431568709,0.00760546642899584,-0.00350426352061675,-0.0298160053203281,-0.050931165757794,-0.0147741263377214,-0.00707013574660634,-0.0167233299641643,-0.0098569434752268,-0.0107242772769661,-0.0120006193868071,0.0096389228886169,0.00844742207981358,-0.0298013245033113,-0.0515831819361537,-0.0691579409367358,-0.0781808272270332,-0.0557504873294347,-0.034991443913377,-0.00202828001854427,-0.0049486105824134,-0.000714387769681383,-0.00433094384707288,-0.0168518345625992,0.00286404725677974,0.0132163697491981,0.0436962458729059,0.0256574193475488,-0.0109873674958689,-0.0185236819145558,-0.032620561227766,-0.033959028692164,-0.012448132780083,-0.00830023423973928,-0.00943889485126173,-0.0142512325390304,-0.00190128151312378,0.00622897449810092,0.0241016545591487,0.0490900070501606,0.0146622485002058,-0.00123027171429576,-0.0309686516975811,-0.0372818358112476,-0.0503700973617126,-0.0539528708927978,-0.0307303230359796,-0.0164023821482385,0.00616569212065073,0.0143330528087524,-0.00451373464971986,-0.0156157846764249,-0.013038999647947,-0.00283860502838605,-0.0166999838587517,0.00508602581954639,0.0128245796891286,0.0130922887145093,0.0614189594892165,0.02479531168528,0.0155929970894103,0.0196506707912733,0.00091216608307576,0.000852813277770643,0.000815026540790854,0.0007437206002587,,,,,,,,,0,0,0,0,0.00777390073729121,0.024046283326141,0.00720239850159244,0.0345490761728141,-0.0250917831013444,0.000370992732907055,-0.00680977318629466,-0.0636497592246578,-0.00997431681365421,0.00141530986370677,0.00873878487750448,-0.0209630900660801,-0.00425066571109066,0.0190601938343368,-0.0441085713620327,-0.00607065578639211,-0.00886484446671048,0.00423121096629316,0.0292072161889207,0.000826373532562542,0.000704767560176581,0.000606069337395198,0.000525443022354901,0.000458956135837364,0.000403646909383321,0.00035716640392762,0.000317836238870321,0.000284347451728063,,,,,,,,,,,,,,,,,,,,,,,,,,,
,,,,,,,,,,,,,,,,,,,,,,,,,,,,,,,,,,,,,,,,,,,,,,,,,,,,,,,,,,,,,,,,,,,,,,,,,,,,,,,,,,,,,,,,,,,,,,,,,,,,,,,,,,,,,,,,,,,,,,,,,,,,,,,,,,,,,,,,,,,,,,,,,,,,,,,,,,,,,,,,,,,,,,,,,,,,,,,,,,,,,,
,,,,,,,,Total core Google revenue ex-FX/hedge Q/Q (in dollars),,,,,,,,,,,,,,,,,,,,,,,,,,,,2535.474,2567.024,2695.012,2838.043,2627,2609,2802,6665.563,6877,6917,7188,8214,8572,8855,9666,10798,10687,10951,11600,12738,12927,13249,13773,15548,15462,15882,16579,18496,17521,17578,18489,21208,20238,21121,22458,26096,24839,25695,27667,32734,31121,32964,34195,39320,36034,38951,40291,46136,41098,38691,45375,56711,54641,62131,65320,75884,68398,70166,70001,76466,68261,74417,76808,87015,80094,85204,88105,96540,90995,94919,101635,114153,107877.656473682,117308.962315188,122595.390880113,134359.096554829,127789.617011899,136336.50169869,144659.281940412,158377.61246467,,,,,,,,,,,,,,,,,,,,,,,,,,,,,,,,,,,,,,,,,,,,,,,,,,,,,,,,,,,,,,,,,,,
,,,,,,,,Total core revenue ex-FX/hedge - % change Q/Q,,,,,,,,,,,,,,,,,,,,,,,,,,,,NA,-0.505012974246453,-0.49787487432954,-0.487846463099247,-0.539195888932703,-0.526411326919586,-0.492667028788702,0.121204878048781,0.0317208013786681,0.0224685883222469,0.0663106364040944,0.141308878699458,0.0186571598336305,0.0331349900828375,0.0713810684992242,0.111019652227595,0.0121223600719764,0.0323340874811464,0.0658825691445373,0.111130495464062,0.00458501709667392,0.0257819758439146,0.053626070991432,0.132245849111564,-0.0154100866021396,0.0304957176226317,0.0430980244117276,0.120087204021074,-0.0241715399610136,0.0372337286835429,0.0714534075104312,0.153298167382674,-0.036148021145878,0.0514237355635205,0.0483614975259079,0.167815268951938,-0.0401128415194961,0.0473647739779073,0.0637062668204538,0.178669163185943,-0.0371871422825851,0.0583702562126758,0.0470955690969777,0.165382335506817,-0.0825440472553213,0.0718786978177715,0.0345881265406738,0.139188621941283,-0.108019533369506,-0.0599625841249788,0.184818654202679,0.228228618456674,-0.0396674751309361,0.123241855588097,0.0555914673561733,0.165330630547621,-0.0919615001659475,0.0316860507859023,0.00453469182750954,0.106727262201123,-0.102395855249316,0.0663447346927077,0.0295426518685324,0.134588554366109,-0.0720194647201946,0.0579222488483839,0.0396851620211938,0.0937145964562469,-0.0567436171205258,0.0519205620941108,0.0539988385116357,0.115363570632951,-0.0522748666964001,0.0700525666472709,0.0455097713604224,0.0950622968886665,-0.0496022932908087,0.0660482444482169,0.0602681843886699,0.0940756982330415,,,,,,,,,,,,,,,,,,,,,,,,,,,,,,,,,,,,,,,,,,,,,,,,,,,,,,,,,,,,,,,,,,,
,,,,,,,,,,,,,,,,,,,,,,,,,,,,,,,,,,,,,,,,,,,,,,,,,,,,,,,,,,,,,,,,,,,,,,,,,,,,,,,,,,,,,,,,,,,,,,,,,,,,,,,,,,,,,,,,,,,,,,,,,,,,,,,,,,,,,,,,,,,,,,,,,,,,,,,,,,,,,,,,,,,,,,,,,,,,,,,,,,,,,,
,,,,,,,,FX+hedge impact - Q/Q,,,,,,,,,,,,,,,,,,,,,,,,,,,,2650.569,2800.188,2846.379,2862.861,2882,2914,3143,8,-102,-97,98,226,3,171,54,-214,-42,13,-74,167,24,-142,-19,159,-42,73,-56,-393,-263,149,186,121,19,379,-7,-32,-89,315,105,-411,25,-307,-455,-44,305,-7,208,-61,61,-394,798,187,673,-251,-202,-559,-387,-481,-909,-418,1526,187,-115,-705,445,-462,163,-71,-761,1509,711,-325,1751.5019168678,-50,100,100,100,100,100,100,,,,,,,,,,,,,,,,,,,,,,,,,,,,,,,,,,,,,,,,,,,,,,,,,,,,,,,,,,,,,,,,,,,
,,,,,,,,Points of growth,,,,,,,,,,,,,,,,,,,,,,,,,,,,,0.539946930636711,0.530327290965961,0.516632195779002,0.505533859191455,0.528952622980577,0.569074778200254,0.00134566862910008,-0.0153025333343935,-0.0143385070214338,0.0145379023883697,0.031401973044324,0.000356506238859181,0.0199509975498775,0.00598536909776104,-0.0220187262063998,-0.00397764939861726,0.00122549019607844,-0.00679959569971515,0.0145673412421494,0.00186509170034193,-0.010994115825333,-0.00145348837209302,0.0115787940576755,-0.00267447784004076,0.00473656890734492,-0.00352334214168868,-0.0237994307515291,-0.0146477304372041,0.00879211659880807,0.010778859527121,0.0065800206645277,0.000904891174929752,0.0188669852648347,-0.000326766875175053,-0.00143202362838987,-0.00343934768327086,0.012839848367505,0.00403690888119955,-0.0147990782082673,0.000773443059121987,-0.00985680344185449,-0.0139326943687418,-0.0013040901007706,0.0077655565739892,-0.000192630507168606,0.00534100246507806,-0.00150621002987728,0.00132392837764514,-0.00957263295998446,0.0208371412904405,0.00404998592250882,0.0118281837674435,-0.00453773005025852,-0.00326438267614738,-0.00858441598329187,-0.00513773647527381,-0.00707238534942876,-0.0130444141493866,-0.00604990447519249,0.0200662739322533,0.00267958215713528,-0.0015414723071149,-0.00919249475180264,0.0051558336229869,-0.00573635133289461,0.00192348540275188,-0.000804368514070785,-0.00788854450652541,0.0167231863820733,0.00737337702741943,-0.00317550270650538,0.0153872677800523,-0.000456083041537879,0.000852813277770642,0.000815026540790854,0.0007437206002587,0.000781924305791734,0.000732941689027198,0.000690801989755405,,,,,,,,,,,,,,,,,,,,,,,,,,,,,,,,,,,,,,,,,,,,,,,,,,,,,,,,,,,,,,,,,,,
,,,,,,,,,,,,,,,,,,,,,,,,,,,,,,,,,,,,,,,,,,,,,,,,,,,,,,,,,,,,,,,,,,,,,,,,,,,,,,,,,,,,,,,,,,,,,,,,,,,,,0.121952386011235,0.136956684406855,0.131825343642847,0.156613850354364,0.146013284755149,0.158102075859809,0.149022371845435,0.162141709793268,0.167961427657098,0.169447123258544,0.180119934873577,0.194989539703172,0.204906635387157,0.214989711890599,0.204906635387157,,,,,,,,,,,,,,,,,,,,,,,,,,,,,,,,,,,,,,,,,,,,,,,,,,,,,,,,,,,,,,,,,,,
,,,,,,,,Regional Drivers,,,,,,,,,,,,,,,,,,,,,,,,,,,,,,,,,,,,,,,,,,,,,,,,,,,,,,,,,,,,,,,,,,,,,,,,,,,,,,,,,,,,,,,,,,,,,,,,,,,,,,,,,,,,,,,,,,,,,,,,,,,,,,,,,,,,,,,,,,,,,,,,,,,,,,,,,,,,,,,,,,,,,,,,,,,,,,
,,,,,,,,US revenue in dollars (reported),,,,,,,,,,,,446.413,482.508,524.528,665.594,771.812,843.258,957.086,1184.73,1317.521,1421.026,1506.805,1784.788,1958.382,2027.942,2205.809,2505.888,2535.474,2567.024,2695.012,2838.043,2627,2609,2802,3155.557,3196,3288,3517,4055,4005,4155,4420,4980,4874,5005,5416,5992,6042.75,6102.75,6286.75,7154.75,6895,6958,7324,8305,7721,8048,8748,10293,9381,10035,10649,12716,11769,12322,12930,15428,14144,14933,15523,18669,16532,17863,18711,21737,18870,17999,21442,26703,25032,28208,29824,34790,31733,32727,33372,36982,32864,35073,36354,41995,38737,41196,43139,47375,43964,46063,48758,55444,52317.16,56196.86,58997.18,65978.36,62780.592,66874.2634,71976.5596,80493.5992,,,,,,,,,2119.043,3756.886,6030.14,8698.021,10635.553,11193.557,14056,17560,21287,25587,29482,34810,42781,52449,63269,74843,85014,117854,134814,146286,170447,194229,233489.56,282125.0142,337952.839206217,401484.296776563,473185.243259051,553465.938100266,642672.013688815,741076.869472937,848875.688880852,966181.208472891,,0.188531811010027,0.178138968368748,0.186890137117231,0.211695300427539,0.220381594208299,,,,,,,,,,,,,,,,,,,,,
,,,,,,,,Period-to-period addition,,,,,,,,,,,,,,,,106.218,71.446,113.828,227.644,132.791,103.505,85.779,277.983,173.594,69.56,177.867,300.079000000001,29.5859999999993,31.5499999999997,127.988,143.031,-211.043,-18,193,353.557000000001,40.4429999999993,92,229,538,-50,150,265,560,-106,131,411,576,50.75,60,184,868,-259.75,63,366,981,-584,327,700,1545,-912,654,614,2067,-947,553,608,2498,-1284,789,590,3146,-2137,1331,848,3026,-2867,-871,3443,5261,-1671,3176,1616,4966,-3057,994,645,3610,-4118,2209,1281,5641,-3258,2459,1943,4236,-3411,2099,2695,6686,-3126.84,3879.7,2800.32,6981.18,-3197.76800000001,4093.67140000001,5102.2962,8517.0396,,,,,,,0,0,2119.043,1637.843,2273.254,2667.881,1937.532,558.004000000001,2862.443,3504,3727,4300,3895,5328,7971,9668,10820,11574,10171,32840,16960,11472,24161,23782,39260.56,48635.4542,55827.8250062167,63531.4575703468,71700.9464824877,80280.6948412152,89206.0755885486,98404.8557841224,107798.819407915,117305.519592039,,,,,,,,,,,,,,,,,,,,,,,,,,,
,,,,,,,,Y/Y Absolute Change,,,,,,,,,,,,,,,,325.399,360.75,432.558,519.136,545.709,577.768,549.719,600.058,640.861,606.916,699.004,721.1,577.092,539.082,489.203,332.154999999999,91.5259999999998,41.9760000000001,106.988,317.514000000001,569,679,715,899.442999999999,809,867,903,925,869,850,996,1012,1168.75,1097.75,870.75,1162.75,852.25,855.25,1037.25,1150.25,826,1090,1424,1988,1660,1987,1901,2423,2388,2287,2281,2712,2375,2611,2593,3241,2388,2930,3188,3068,2338,136,2731,4966,6162,10209,8382,8087,6701,4519,3548,2192,1131,2346,2982,5013,5873,6123,6785,5380,5227,4867,5619,8069,8353.16,10133.86,10239.18,10534.36,10463.432,10677.4034,12979.3796,14515.2392,,,,,,,,,,,,,,,,,,4300,3895,5328,7971,9668,10820,11574,10171,32840,16960,11472,24161,23782,39260.56,48635.4542,55827.8250062167,63531.4575703468,71700.9464824877,80280.6948412152,89206.0755885486,98404.8557841224,107798.819407915,117305.519592039,,,,,,,,,,,,,,,,,,,,,,,,,,,
,,,,,,,,% change Y/Y,,,,,,,,,,,,NA,NA,NA,NA,0.728919184701163,0.747655997413515,0.82466140987707,0.779958953956917,0.707049125952952,0.6851615994156,0.574367402720341,0.506493462645498,0.486414258292657,0.427097041151956,0.463898115549126,0.404025576146859,0.294677953535112,0.265827129178251,0.221779401571033,0.132549818667075,0.0360981812473722,0.0163520091748266,0.0396985245334713,0.11187779748228,0.21659687856871,0.260252970486777,0.255174875089222,0.285034623047531,0.253128911138924,0.263686131386861,0.256752914415695,0.228113440197287,0.216978776529338,0.204572803850782,0.225339366515837,0.203212851405622,0.239792778005745,0.219330669330669,0.160773633677991,0.194050400534045,0.141036779611932,0.140141739379788,0.164989859625403,0.16076732240819,0.119796954314721,0.156654210980167,0.194429273620972,0.239373871161951,0.214998057246471,0.246893638170974,0.217306812985825,0.235402700864665,0.254557083466581,0.227902341803687,0.21419851629261,0.213274614658698,0.201801342509984,0.211897419250122,0.200541376643465,0.210072595281307,0.168834841628959,0.196209736824483,0.205372672808091,0.164336600782045,0.141422695378659,0.00761350277109107,0.145956923734702,0.228458388922114,0.326550079491256,0.567198177676538,0.390915026583341,0.302849867056136,0.267697347395334,0.160202779353375,0.118964592274678,0.0630066110951424,0.0356411306841458,0.0716839306994226,0.0893563466378999,0.135552430912336,0.178706183057449,0.17457873577966,0.18663695879408,0.12811048934397,0.134935591295144,0.118142538110496,0.13025336702288,0.170321899736148,0.19,0.22,0.21,0.19,0.2,0.19,0.22,0.22,,,,,,,,,NA,0.772916358941277,0.605089960142522,0.442424388156826,0.222755498060996,0.0524659131499792,0.255722376720823,0.249288560045532,0.212243735763098,0.202001221402734,0.152225739633408,0.180720439590258,0.228985923585177,0.225988172319488,0.206295639573681,0.182933190029873,0.1358978127547,0.386289317053662,0.143906867819505,0.0850950198050648,0.165162763353978,0.139527243072627,0.202135417471129,0.208298196287663,0.19788328647328,0.187989122149616,0.178589666042135,0.169660182740028,0.161177173603027,0.153118314922875,0.145462399176732,0.138189279217895,,,,,,,,,,,,,,,,,,,,,,,,,,,
,,,,,,,,Two-year % change ,,,,,,,,,,,,,,,,,,,,1.43596831065411,1.43281759682911,1.39902881259741,1.28645241660241,1.19346338424561,1.11225864056756,1.03826551826947,0.910519038792357,0.78109221182777,0.692924170330207,0.685677517120159,0.536575394813934,0.330776134782484,0.282179138353077,0.261477926104505,0.244427616149354,0.252695059816082,0.276604979661603,0.294873399622693,0.396912420529811,0.469725789707633,0.523939101873638,0.511927789504917,0.513148063244819,0.470107687668262,0.468258935237643,0.482092280931532,0.43132629160291,0.456771554535083,0.423903473181452,0.386113000193828,0.397263251939668,0.380829557617676,0.359472408710457,0.325763493303394,0.354817722942236,0.260833733926652,0.296795950359955,0.359419133246375,0.400141193570141,0.334795011561192,0.403547849151141,0.411736086606797,0.474776572026616,0.469555140713052,0.474795979974661,0.431505329278435,0.448677315523363,0.456358425976565,0.439799761053809,0.414739892936074,0.423347209940004,0.370636184138943,0.408107156074604,0.405914049451556,0.374409196063352,0.310257537007619,0.203823239595574,0.351329596542793,0.392794989704159,0.467972774869915,0.574811680447629,0.536871950318043,0.53130825597825,0.59424742688659,0.727400957029913,0.509879618858019,0.365856478151278,0.30333847807948,0.231886710052797,0.208320938912578,0.198559042007478,0.214347313741595,0.246262666479082,0.27599330543198,0.263662920256305,0.313641774352593,0.292721273890156,0.31689032581696,0.298432389080117,0.324935591295144,0.338142538110496,0.34025336702288,0.360321899736148,0.39,0.41,0.43,0.41,,,,,,,,,,,,,,,,,,,0.354226961036142,0.332946179223666,0.409706363175435,0.454974095904664,0.432283811893169,0.389228829603554,0.318831002784572,0.522187129808362,0.530196184873167,0.22900188762457,0.250257783159043,0.304690006426605,0.341662660543756,0.410433613758792,0.406181482760942,0.385872408622895,0.36657878819175,0.348249848782163,0.330837356343055,0.314295488525902,0.298580714099607,0.283651678394626,,,,,,,,,,,,,,,,,,,,,,,,,,,
,,,,,,,,% change Q/Q,,,,,,,,,,,,NA,0.080855620244034,0.0870866389780067,0.268938931763414,0.159583770286391,0.0925691748767834,0.134985971078839,0.23785114399333,0.112085454069704,0.0785604176328121,0.0603641312685341,0.184485052810417,0.0972630923112434,0.0355191173121485,0.0877081297196865,0.136040337128011,0.0118065931119027,0.0124434326678167,0.0498585132043956,0.0530724909573685,-0.0743621573034657,-0.00685192234488008,0.0739747029513223,0.12618022840828,0.0128164377952924,0.0287859824780976,0.069647201946472,0.152971282342906,-0.0123304562268804,0.0374531835205993,0.0637785800240673,0.126696832579186,-0.021285140562249,0.0268773081657776,0.0821178821178821,0.106351550960118,0.00846962616822422,0.0099292540647884,0.0301503420589078,0.138068159223764,-0.0363045529193892,0.00913705583756341,0.0526013222190285,0.13394320043692,-0.0703190848886213,0.0423520269395157,0.0869781312127236,0.176611796982167,-0.0886039055668901,0.0697153821554206,0.0611858495266566,0.194102732650953,-0.0744731047499213,0.0469878494349563,0.0493426391819509,0.193194122196442,-0.0832253046409126,0.0557833710407241,0.0395098104868412,0.202667010242865,-0.114467834377846,0.0805105250423421,0.0474724290432738,0.16172305061194,-0.131894925702719,-0.0461579226285108,0.191288404911384,0.245359574666542,-0.0625772385125267,0.126877596676254,0.0572887124220078,0.166510193133047,-0.0878700776085082,0.0313238584438913,0.0197084975708131,0.108174517559631,-0.111351468281867,0.0672164070107109,0.0365238217432213,0.155168619684216,-0.0775806643648054,0.0634793608178228,0.0471647732789591,0.0981942094160737,-0.072,0.0477436084068783,0.0585068276056704,0.1371262151852,-0.0563963638987087,0.0741573128204973,0.0498305421334928,0.11833074055404,-0.0484669215785298,0.0652060018803264,0.0762968583217321,0.11833074055404,,,,,,,,,,,,,,,,,,,,,,,,,,,,,,,,,,,,,,,,,,,,,,,,,,,,,,,,,,,,,,,,,,,
,,,,,,,,YoY Accel/Decel in bp,,,,,,,,,,,,,,,,,,,,-218.700587482104,-624.943979979147,-2502.9400715673,-2734.65491311419,-2206.34867660295,-2580.64558263644,-1104.69287171215,-1024.67886498639,-1917.36304757545,-1612.69911973706,-2421.18713978092,-2714.75757479784,-2585.7977228774,-2494.75120003424,-1820.80877037562,-206.720211847953,1804.98697321337,2439.0096131195,2154.76350555751,1731.56825565252,365.320325702141,34.3316090008461,15.7803932647327,-569.211828502441,-361.501346095854,-591.133275360791,-314.135478998581,-249.005887916649,228.140014764064,147.578654798872,-645.65732837846,-91.6245087157708,-987.559983938131,-791.889299508815,42.1622594741145,-332.830781258549,-212.398252972108,165.124716003788,294.394139955694,786.065487537602,952.011029317499,902.394271908074,228.775393648533,-39.7117029728533,395.590262201107,-189.912963672869,-31.0829669321566,-221.280862059676,-527.557409565975,-160.049225535654,-136.571396491449,-32.0201937739095,-329.665008810245,-156.876824256391,48.3129616462641,-457.359944992617,-274.121462502999,-1885.96234053392,-594.157490733895,641.217881400693,1851.27384112596,5595.84674905447,2449.5810284864,743.914781340216,-588.52732095922,-4069.95398323163,-2719.50434308663,-2398.43255960994,-2320.56216711188,-885.188486539523,-296.082456367781,725.458198171933,1430.65052373303,1028.94805080237,972.806121561805,-74.419415683662,-437.705917623046,-564.361976691634,-563.835917712008,422.114103921782,550.644087048558,1018.57461889504,797.466329771204,196.781002638523,100,-300,100,300,,,,,,,,,,,-1678.26398798754,-1626.65571985697,-2196.6889009583,-1702.89584911016,2032.56463570843,-64.3381667529042,-370.448242824342,-102.425143603639,-497.754817693263,284.946999568507,482.654839949184,-29.9775126568913,-196.925327458066,-233.624495438085,-470.353772751726,2503.91504298962,-2423.82449234156,-588.118480144406,800.67743548913,-256.355202813512,626.081743985028,61.6277881653327,-104.149098143831,-98.94164323664,-93.9945610748078,-89.2948330210675,-84.830091370014,-80.5885868015133,-76.5591574614377,-72.7311995883659,,,,,,,,,,,,,,,,,,,,,,,,,,,
,,,,,,,,% of total gross revenue,,,,,,,,,,,,0.685078642098268,0.689088447498758,0.650870407389622,0.645267430666572,0.614247649850857,0.609072622147426,0.606343160658264,0.617338503136638,0.584589274344372,0.578595768469836,0.560218658550686,0.556789615841283,0.534497134393258,0.523747380219707,0.521301352688539,0.519174363988158,0.488903389347138,0.478278853155046,0.486342147666534,0.497823327668735,0.47685605373026,0.472388194821655,0.471320437342304,0.472844416093772,0.471734317343173,0.482111436950147,0.482706560527038,0.480450236966825,0.467055393586006,0.460336804786173,0.454732510288066,0.470521541950113,0.457867543447628,0.456493980299161,0.469894152351206,0.464316156528477,0.46658559184619,0.46560997940032,0.457085211574815,0.455513465333928,0.447146562905318,0.436101535568787,0.443260909035889,0.458763740816439,0.447386719202689,0.453996728154792,0.468433734939759,0.482582399549909,0.463099175593622,0.466744186046512,0.474321856487462,0.487875997544506,0.475515151515152,0.473740868896578,0.465576839982716,0.477307180645361,0.454119309060554,0.457267967051474,0.460077059869591,0.475328444851818,0.454938220644487,0.458684264585045,0.462011407689079,0.471774281063483,0.458465949124128,0.469984594093532,0.464383947328525,0.469313508383423,0.452543659832954,0.455850032320621,0.457999324303572,0.461865250580816,0.466586287512314,0.469641960249695,0.483008163029005,0.486298127498422,0.470918652471091,0.470122245456008,0.474019793201466,0.486560074151315,0.480971951476924,0.486134384366666,0.488727511669008,0.491090402098083,0.487222111399251,0.477693201144896,0.476403572196275,0.487085778543065,0.477219389148478,0.47925428377018,0.480842675318153,0.490694655032846,0.49089670816794,0.490149355688457,0.497215505874284,0.507917793233697,,,,,,,0,0,0.664438642264903,0.612014218318303,0.568617368716794,0.524167068719957,0.487969012023096,0.473289240514063,0.479383377101736,0.463263421712175,0.462358818418766,0.456551994861181,0.446690201663611,0.46420141620771,0.473912176533144,0.473131568264851,0.46242846388294,0.462401996824357,0.465761229845448,0.457442059952569,0.47665077995729,0.47589087620448,0.486966384585936,0.482154027941892,0.482373981284184,0.497081394806293,0.512057133321343,0.527392805815774,0.542928176953593,0.558512038407782,0.57385213008539,0.588852712267676,0.603439097417936,0.617428895608148,,,,,,,,,,,,,,,,,,,,,,,,,,,
,,,,,,,,,,,,,,,,,,,,,,,,,,,,,,,,,,,,,,,,,,,,,,,,,,,,,,,,,,,,,,,,,,,,,,,,,,,,,,,,,,,,,,,,,,,,,,,,,,,,,,0.144383849889053,0.13802528669888,0.108990765550245,0.126046056313231,0.148883338032009,0.149657042545215,0.163090998964887,0.175134144837757,0.177350160037263,0.168421740665312,0.18646944139647,0.172566268602108,0.165119910686431,0.156976970834011,,,,,,,,,,,,,,,,,,,,,,,,,,,,,,,,,,,,,,,,,,,,,,,,,,,,,,,,,,,,,,,,,,,
,,,,,,,,Old US Revenue Disclosure,,,,,,,,,,,,,,,,,,,,,,,,,,,,,,,,,,,,,,,,,,,,,,,,,,,,6656,6630,6975,7878,7388,,,,,,,,,,,,,,,,,,,,,,,,,,,,,,,,,,,,,,,,,,,,,,,,,,,,,,,,,,,,,,,,,,,,,,,,,,,,,,,,,,,,,,,,,,,,,,,,,,,,,,,,,,,,,,,,,,,,,,
,,,,,,,,Change,,,,,,,,,,,,,,,,,,,,,,,,,,,,,,,,,,,,,,,,,,,,,,,,,,,,239,328,349,427,333,,,,,,,,,,,,,,,,,,,,,,,,,,,,,,,,,,,,,,,,,,,,,,,,,,,,,,,,,,,,,,,,,,,,,,,,,,,,,,,,,,,,,,,,,,,,,,,,,,,,,,,,,,,,,,,,,,,,,,
,,,,,,,,,,,,,,,,,,,,,,,,,,,,,,,,,,,,,,,,,,,,,,,,,,,,,,,,,,,,,,,,,,,,,,,,,,,,,,,,,,,,,,,,,,,,,,,,,,,,,0.0964094448136026,0.144383849889053,0.13802528669888,0.108990765550245,0.126046056313231,0.148883338032009,0.149657042545215,0.163090998964887,0.175134144837757,0.177350160037263,0.168421740665312,0.18646944139647,0.172566268602108,0.165119910686431,0.156976970834011,,,,,,,,,,,,,,,,,,,,,,,,,,,,,,,,,,,171076.636018538,183909.485339354,196670.29570647,209293.064553572,221718.523203777,233894.429614411,,,,,,,,,,,,,,,,,,,,,,,,,,,
,,,,,,,,EMEA revenue in dollars (reported),,,,,,,,,,,,,,,,,,,,,,,,,,,,,,,,,,,,,,,,,,,,,,,,,,,,,,,,,,,,7130,7485,7392,8297,7933,8557,9258,10488,10691,10888,10909,12249,11668,12313,12565,14099,12845,11363,13924,17238,17031,19084,19839,23153,20317,20533,19450,21762,21078,22289,22661,25010,23788,24683,25472,28184,25923,28262,29911,33056,32179.9466225182,34085.7483971879,35308.0993879826,38477.060716649,36492.0594699356,38857.7531727942,40604.31429618,44248.6198241463,,,,,,,,,,,,,,,,,,,,,30304,36236,44737,50645,55370,79107,82062,91038,102127,117152,140050.855124338,160202.746763056,182101.71318223,205127.231962308,229118.90005602,253906.802228679,279316.232441976,305172.063338886,331302.630135988,357543.043515242,,,,,,,,,,,,,,,,,,,,,,,,,,,
,,,,,,,,Period-to-period addition,,,,,,,,,,,,,,,,,,,,,,,,,,,,,,,,,,,,,,,,,,,,,,,,,,,,,,,,,,,,,355,-93,905,-364,624,701,1230,203,197,21,1340,-581,645,252,1534,-1254,-1482,2561,3314,-207,2053,755,3314,-2836,216,-1083,2312,-684,1211,372,2349,-1222,895,789,2712,-2261,2339,1649,3145,-876.053377481803,1905.8017746697,1222.35099079468,3168.96132866638,-1985.00124671333,2365.69370285857,1746.56112338576,3644.30552796634,,,,,,,,,,,,,,,,,,,,,,5932,8501,5908,4725,23737,2955,8976,11089,15025,22898.8551243376,20151.8916387185,21898.9664191739,23025.5187800779,23991.6680937125,24787.9021726589,25409.4302132972,25855.8308969097,26130.566797102,26240.4133792538,,,,,,,,,,,,,,,,,,,,,,,,,,,
,,,,,,,,Y/Y Absolute Change,,,,,,,,,,,,,,,,,,,,,,,,,,,,,,,,,,,,,,,,,,,,,,,,,,,,,,,,,,,,,,,,803,1072,1866,2191,2758,2331,1651,1761,977,1425,1656,1850,1177,-950,1359,3139,4186,7721,5915,5915,3286,1449,-389,-1391,761,1756,3211,3248,2710,2394,2811,3174,2135,3579,4439,4872,6256.9466225182,5823.7483971879,5397.09938798258,5421.06071664896,4312.11284741743,4772.00477560631,5296.21490819738,5771.55910749734,,,,,,,,,,,,,,,,,,,,,,5932,8501,5908,4725,23737,2955,8976,11089,15025,22898.8551243376,20151.8916387185,21898.9664191739,23025.5187800779,23991.6680937125,24787.9021726589,25409.4302132972,25855.8308969097,26130.566797102,26240.4133792538,,,,,,,,,,,,,,,,,,,,,,,,,,,
,,,,,,,,% change Y/Y,,,,,,,,,,,,,,,,,,,,,,,,,,,,,,,,,,,,,,,,,,,,,,,,,,,,,,,,,,,,,,,,0.112622720897616,0.143219772879092,0.252435064935065,0.264071351090756,0.347661666456574,0.272408554399906,0.178332253186433,0.167906178489702,0.091385277336077,0.130878030859662,0.151801265010542,0.151032737366316,0.100874185807336,-0.0771542272395029,0.108157580580979,0.222639903539258,0.325885558583106,0.679486051218868,0.424806090203964,0.343137254901961,0.192942281721566,0.0759274785160344,-0.0196078431372549,-0.060078607523863,0.0374563173696905,0.0855208688452736,0.165089974293059,0.149250987960665,0.12857007306196,0.107407241240074,0.124045717311681,0.126909236305478,0.0897511350260636,0.144998582020014,0.174269786432161,0.172864036332671,0.24136660967165,0.206062854617079,0.180438614154745,0.163996270469777,0.134,0.14,0.15,0.15,,,,,,,,,,,,,,,,,,,,,,0.195749736008448,0.234600949332156,0.132060710373964,0.0932964754664825,0.428697850821745,0.03735446926315,0.109380712144476,0.121806278696808,0.147120741821458,0.195462775917933,0.143889815030601,0.136695324279071,0.126443174958141,0.11695993683628,0.108187941573559,0.100073845955542,0.0925683075088766,0.0856256844457111,0.0792037581122826,,,,,,,,,,,,,,,,,,,,,,,,,,,
,,,,,,,,% change Q/Q,,,,,,,,,,,,,,,,,,,,,,,,,,,,,,,,,,,,,,,,,,,,,,,,,,,,,,,,,,,,,0.0497896213183731,-0.0124248496993988,0.122429653679654,-0.043871278775461,0.0786587671750914,0.0819212340773636,0.132858068697343,0.0193554538520213,0.0184267140585539,0.00192872887582651,0.122834356952975,-0.0474324434647726,0.055279396640384,0.0204661739624787,0.12208515718265,-0.0889424781899425,-0.115375632541845,0.225380621314794,0.238006320022982,-0.0120083536373129,0.120544888732312,0.0395619367009012,0.167044709914814,-0.12248952619531,0.0106314908697149,-0.0527443627331613,0.118868894601542,-0.0314309346567411,0.0574532688110827,0.0166898470097356,0.103658267508054,-0.048860455817673,0.0376240121069447,0.0319653202609083,0.106469849246231,-0.0802228214589839,0.0902287543879952,0.0583468968933549,0.105145264284043,-0.0265020987863566,0.0592232733330917,0.0358610577227498,0.0897516825769718,-0.0515892121108519,0.0648276292766534,0.0449475582290895,0.0897516825769718,,,,,,,,,,,,,,,,,,,,,,,,,,,,,,,,,,,,,,,,,,,,,,,,,,,,,,,,,,,,,,,,,,,
,,,,,,,,% of total gross revenue,,,,,,,,,,,,,,,,,,,,,,,,,,,,,,,,,,,,,,,,,,,,,,,,,,,,,,,,,,,,0.35197709433776,0.348139534883721,0.329250367466928,0.318331798649478,0.320525252525253,0.328988850442138,0.333357338326372,0.324474832162856,0.343254350478392,0.333404783048045,0.323325429756965,0.311869844179652,0.321087536806186,0.316171939194741,0.310254574187017,0.306001085187195,0.312082412109138,0.296707313888816,0.301561518636433,0.302963197300432,0.307896735003797,0.308403361344538,0.304662305353359,0.307374709591769,0.298731087618179,0.294654516753964,0.281508713020321,0.286161371765201,0.302033329989826,0.298764141332904,0.295476771022127,0.289769435754837,0.295360011919691,0.291272332491563,0.288575701273395,0.292156029398045,0.287286388722654,0.293089144231966,0.292253727551639,0.290403064272411,0.293534558642494,0.290687788158713,0.287770381060871,0.286161826923766,0.285340282679401,0.284804672422697,0.280495411084549,0.279210540441546,,,,,,,,,,,,,,,,,,,,,0.335696561503013,0.326877452528077,0.32697943999006,0.312899658340387,0.303352380743671,0.307048288871552,0.290139869040716,0.296160627728583,0.291776422926821,0.290818099673316,0.289335799718759,0.282264247424464,0.275915661617211,0.269456681823925,0.262888812542546,0.256221739977521,0.24940593574978,0.242486852049818,0.235512646574933,0.2284844753283,,,,,,,,,,,,,,,,,,,,,,,,,,,
,,,,,,,,,,,,,,,,,,,,,,,,,,,,,,,,,,,,,,,,,,,,,,,,,,,,,,,,,,,,,,,,,,,,,,,,,,,,,,,,,,,,,,,,,,,,,,,,,,,,,,0.0878766513520475,0.125856198120849,0.110180350391371,0.0900447970418317,0.110273279472468,0.113587889439703,0.11729264622437,0.131192248574926,0.146501033960517,0.112351036305006,0.121935827041814,0.15490259329521,0.159956895750872,0.144989082917387,,,,,,,,,,,,,,,,,,,,,,,,,,,,,,,,,,,,,,,,,,,,,,,,,,,,,,,,,,,,,,,,,,,
,,,,,,,,EMEA revenue in local at current FX rates (ex-hedge),,,,,,,,,,,,,,,,,,,,,,,,,,,,,,,,,,,,,,,,,,,,,,,,,,,,,,,,,,,,6541.32509357632,6664.03431090959,6805.35609745761,8040.06285187645,7547.32705821086,7913.09842477945,8376.86137359844,9355.12238871955,9367.97844321591,9862.95793539581,9897.70239321126,11303.604045519,10568.213401054,11562.2438201764,12072.468783246,13276.512155907,12124.9990617645,10806.4133250687,12382.169575426,15363.319899986,14864.6707504551,16410.9842798077,17641.9638179897,21479.7880838889,18930.0373943345,20131.2088087353,20457.7299988206,22112.7945093918,21201.4997516299,22099.8636743004,22065.8172935691,24532.361402802,23235.004118486,24009.9528973935,24211.2244600479,28029.1208607786,26130.8571448757,26259.0062943539,27200.6820348177,30422.0413571755,29005.251430812,30723.037364394,31824.7979807367,34681.1271471801,32891.9551225408,35024.2625954092,36598.5176778473,39883.2962192571,,,,,,,,,,,,,,,,,,,,,28050.77835382,33192.4092453083,40432.242817342,47479.4381603834,50676.9018622453,70397.4069321414,81631.7707112823,89899.5421223014,99485.302336706,110012.586831223,126234.213923123,144398.031615054,164136.567371934,184890.516077172,206515.299159185,228857.764278665,251760.440926818,275065.478841102,298618.148734259,322269.828354545,,,,,,,,,,,,,,,,,,,,,,,,,,,
,,,,,,,,Period-to-period addition,,,,,,,,,,,,,,,,,,,,,,,,,,,,,,,,,,,,,,,,,,,,,,,,,,,,,,,,,,,,,122.709217333264,141.321786548025,1234.70675441884,-492.735793665594,365.771366568595,463.762948818984,978.261015121108,12.8560544963675,494.979492179891,34.7444578154573,1405.90165230779,-735.390644465038,994.030419122379,510.224963069604,1204.04337266097,-1151.51309414243,-1318.5857366958,1575.75625035725,2981.15032456004,-498.649149530933,1546.31352935262,1230.97953818197,3837.82426589925,-2549.75068955447,1201.17141440089,326.521190085296,1655.0645105712,-911.294757761905,898.363922670436,-34.0463807313208,2466.54410923295,-1297.357284316,774.948778907525,201.271562654401,3817.89640073063,-1898.26371590289,128.149149478199,941.67574046387,3221.35932235778,-1416.78992636352,1717.78593358203,1101.76061634273,2856.32916644334,-1789.17202463929,2132.30747286839,1574.25508243807,3284.77854140983,,,,,,,,,,,,,,,,,,,,,,5141.63089148833,7239.83357203373,7047.19534304132,3197.4637018619,19720.5050698961,11234.3637791409,8267.77141101907,9585.76021440463,10527.2844945168,16221.6270919001,18163.8176919315,19738.5357568794,20753.9487052381,21624.7830820133,22342.46511948,22902.676648153,23305.037914284,23552.6698931566,23651.6796202859,,,,,,,,,,,,,,,,,,,,,,,,,,,
,,,,,,,,Y/Y Absolute Change,,,,,,,,,,,,,,,,,,,,,,,,,,,,,,,,,,,,,,,,,,,,,,,,,,,,,,,,,,,,,,,,1006.00196463454,1249.06411386987,1571.50527614083,1315.05953684309,1820.65138500506,1949.85951061635,1520.84101961282,1948.4816567995,1200.2349578381,1699.28588478058,2174.76639003473,1972.90811038791,1556.78566071052,-755.830495107657,309.700792179987,2086.80774407906,2739.67168869056,5604.57095473897,5259.7942425637,6116.46818390291,4065.36664387937,3720.22452892764,2815.76618083097,633.006425502914,2271.46235729548,1968.65486556502,1608.08729474841,2419.56689341016,2033.50436685606,1910.08922309315,2145.40716647887,3496.75945797655,2895.85302638966,2249.05339696034,2989.45757476981,2392.92049639696,2874.39428593632,4464.03107004015,4624.11594591901,4259.08579000457,3886.7036917288,4301.22523101517,4773.71969711051,5202.16907207701,,,,,,,,,,,,,,,,,,,,,,5141.63089148833,7239.83357203373,7047.19534304132,3197.4637018619,19720.5050698961,11234.3637791409,8267.77141101907,9585.76021440463,10527.2844945168,16221.6270919001,18163.8176919315,19738.5357568794,20753.9487052381,21624.7830820133,22342.46511948,22902.676648153,23305.037914284,23552.6698931566,23651.6796202859,,,,,,,,,,,,,,,,,,,,,,,,,,,
,,,,,,,,% change Y/Y,,,,,,,,,,,,,,,,,,,,,,,,,,,,,,,,,,,,,,,,,,,,,,,,,,,,,,,,,,,,,,,,0.153791770053203,0.187433625878103,0.230921828870633,0.163563340370676,0.241231282408033,0.246409106262405,0.181552606851785,0.208279654272508,0.128121020464909,0.172289681849119,0.219724366690029,0.174537970583816,0.147308310461942,-0.0653705722576715,0.025653476330358,0.157180419041804,0.225952321706148,0.518633776642383,0.424787773299635,0.398121514341993,0.273491872919883,0.226691127448404,0.159606164590345,0.0294698636239203,0.119992491825468,0.0977911900010089,0.0786053630994792,0.10941931796013,0.0959132321146163,0.0864299097606818,0.0972276321305414,0.142536603002154,0.12463320478113,0.0936717121675192,0.123474034933791,0.0853726561129999,0.11,0.17,0.17,0.14,0.134,0.14,0.15,0.15,,,,,,,,,,,,,,,,,,,,,,0.183297262793713,0.218117145957312,0.174296424140455,0.0673441773059955,0.389141884077726,0.159584909000556,0.101281294512902,0.106627464257426,0.10581748506817,0.147452464841925,0.143889815030601,0.136695324279071,0.126443174958141,0.11695993683628,0.108187941573559,0.100073845955542,0.0925683075088766,0.0856256844457109,0.0792037581122826,,,,,,,,,,,,,,,,,,,,,,,,,,,
,,,,,,,,Two-year % change ,,,,,,,,,,,,,,,,,,,,,,,,,,,,,,,,,,,,,,,,,,,,,,,,,,,,,,,,,,,,,,,,,,,,0.395023052461236,0.433842732140508,0.412474435722419,0.371842994643183,0.369352302872943,0.418698788111524,0.401276973541815,0.382817624856324,0.275429330926851,0.106919109591447,0.245377843020387,0.33171838962562,0.373260632168089,0.453263204384712,0.450441249629993,0.555301933383797,0.499444194626031,0.745324904090787,0.58439393788998,0.427591377965913,0.393484364745351,0.324482317449413,0.238211527689824,0.13888918158405,0.215905723940084,0.184221099761691,0.175832995230021,0.251955920962284,0.220546436895746,0.180101621928201,0.220701667064332,0.227909259115154,0.23463320478113,0.263671712167519,0.293474034933791,0.225372656113,0.244,0.31,0.32,0.29,,,,,,,,,,,,,,,,,,,,,,,0.401414408751024,0.392413570097767,0.241640601446451,0.456486061383721,0.548726793078282,0.260866203513458,0.207908758770328,0.212444949325596,0.253269949910095,0.291342279872526,0.280585139309672,0.263138499237212,0.243403111794421,0.225147878409839,0.208261787529102,0.192642153464419,0.178193991954587,0.164829442557993,,,,,,,,,,,,,,,,,,,,,,,,,,,
,,,,,,,,% change Q/Q,,,,,,,,,,,,,,,,,,,,,,,,,,,,,,,,,,,,,,,,,,,,,,,,,,,,,,,,,,,,,0.0187590764222629,0.0212066414959282,0.181431616029632,-0.0612850673860834,0.0484636963189062,0.0586069986652427,0.116781330320723,0.00137422622197536,0.0528373859077722,0.00352272188962388,0.142043233515698,-0.0650580683385279,0.0940585112544417,0.0441285420896633,0.0997346436987205,-0.0867331028375629,-0.108749347523983,0.145816766669641,0.240761548806157,-0.0324571220788931,0.104026086773922,0.0750094885957928,0.217539515753104,-0.118704648276625,0.0634531981833482,0.0162196514470414,0.0809016694748932,-0.0412111982216836,0.0423726591606508,-0.00154056971722016,0.111781225975791,-0.0528835061172637,0.0333526422012109,0.00838283871336754,0.157691173655042,-0.067724696943997,0.00490413111088195,0.0358610577227496,0.11842935843426,-0.0465711656140837,0.0592232733330917,0.0358610577227496,0.0897516825769718,-0.0515892121108518,0.0648276292766534,0.0449475582290895,0.0897516825769718,,,,,,,,,,,,,,,,,,,,,,,,,,,,,,,,,,,,,,,,,,,,,,,,,,,,,,,,,,,,,,,,,,,
,,,,,,,,YoY Accel/Decel in bp,,,,,,,,,,,,,,,,,,,,0,0,0,0,0,0,0,0,0,0,0,0,0,0,0,0,0,0,0,0,0,0,0,0,0,0,0,0,0,0,0,0,0,0,0,0,0,0,0,0,0,0,0,0,1537.91770053203,1874.33625878103,2309.21828870633,1635.63340370676,874.395123548304,589.754803843026,-493.692220188477,447.163139018321,-1131.10261943124,-741.194244132866,381.717598382438,-337.416836886912,191.872899970322,-2376.6025410679,-1940.70890359671,-173.575515420126,786.440112442059,5840.04348900055,3991.34296969278,2409.41095300189,475.395512137358,-2919.42649193979,-2651.81608709291,-3686.51650718073,-1534.99381094415,-1288.99937447395,-810.008014908656,799.494543362096,-240.792597108517,-113.612802403271,186.222690310622,331.172850420238,287.199726665137,72.4180240683747,262.464028032494,-571.639468891538,-146.3320478113,763.282878324808,465.259650662092,546.273438870001,240,-300,-200,99.9999999999998,,,,,,,,,,,0,0,0,0,0,0,0,0,0,0,0,1832.97262793713,348.198831635991,-438.207218168565,-1069.5224683446,3217.9770677173,-2295.5697507717,-583.036144876541,53.4616974452362,-8.09979189255516,416.349797737545,-35.6264981132348,-71.9449075153006,-102.521493209303,-94.8323812186056,-87.7199526272102,-81.1409561801693,-75.0553844666567,-69.4262306316575,-64.2192633342831,,,,,,,,,,,,,,,,,,,,,,,,,,,
,,,,,,,,,,,,,,,,,,,,,,,,,,,,,,,,,,,,,,,,,,,,,,,,,,,,,,,,,,,,,,,,,,,,,,,,,,,,,,,,,,,,,,,,,,,,,,,,,,,,,,,,,,,,,,,,,,,,,,,,,,,,,,,,,,,,,,,,,,,,,,,,,,,,,,,,,,,,,,,,,,,,,,,,,,,,,,,,,,,,,,
,,,,,,,,"EMEA ex-FX/hedge Y/Y (in dollars, reported)",,,,,,,,,,,,,,,,,,,,,,,,,,,,,,,,,,,,,,,,,,,,,,,,,,,,,,,,,,,,,,,,8377,8953,8975,9926,9597,10167,11032,12618,12430,13129,13021,14462,13080,11724,13674,16781,16102,17659,19349,23211,21628,22489,22093,24831,22251,22564,21858,23905,23584,25050,25618,27834,26647,27482,28650,31618,28774.53,33066.54,34995.87,37683.84,36492.0594699356,38857.7531727942,40604.31429618,44248.6198241463,,,,,,,,,,,,,,,,,,,,,,36231,43414,53042,55259,76321,91041,90578,102086,114397,134520.78,160202.746763056,182101.71318223,205127.231962308,229118.90005602,253906.802228679,279316.232441976,305172.063338886,331302.630135988,357543.043515242,,,,,,,,,,,,,,,,,,,,,,,,,,,
,,,,,,,,Period-to-period addition,,,,,,,,,,,,,,,,,,,,,,,,,,,,,,,,,,,,,,,,,,,,,,,,,,,,,,,,,,,,,,,,,576,22,951,-329,570,865,1586,-188,699,-108,1441,-1382,-1356,1950,3107,-679,1557,1690,3862,-1583,861,-396,2738,-2580,313,-706,2047,-321,1466,568,2216,-1187,835,1168,2968,-2843.47,4292.00999999999,1929.33000000001,2687.97,-1191.78053006437,2365.69370285857,1746.56112338576,3644.30552796634,,,,,,,,,,,,,,,,,,,,,,36231,7183,9628,2217,21062,14720,-463,11508,12311,20123.78,25681.9667630561,21898.9664191739,23025.5187800779,23991.6680937125,24787.9021726589,25409.4302132972,25855.8308969097,26130.566797102,26240.4133792538,,,,,,,,,,,,,,,,,,,,,,,,,,,
,,,,,,,,Y/Y Absolute Change,,,,,,,,,,,,,,,,,,,,,,,,,,,,,,,,,,,,,,,,,,,,,,,,,,,,,,,,,,,,,,,,8377,8953,8975,9926,1220,1214,2057,2692,2833,2962,1989,1844,650,-1405,653,2319,3022,5935,5675,6430,5526,4830,2744,1620,623,75,-235,-926,1333,2486,3760,3929,3063,2432,3032,3784,2127.53,5584.53999999999,6345.87,6065.84,7717.52946993563,5791.21317279421,5608.44429617996,6564.7798241463,,,,,,,,,,,,,,,,,,,,,,36231,7183,9628,2217,21062,14720,-463,11508,12311,20123.78,25681.9667630561,21898.9664191739,23025.5187800779,23991.6680937125,24787.9021726589,25409.4302132972,25855.8308969097,26130.566797102,26240.4133792538,,,,,,,,,,,,,,,,,,,,,,,,,,,
,,,,,,,,Y/Y currency gain / (loss) - disclosed,,,,,,,,,,,,,,,,,,,,,,,,,,,,,,,,,,,,,,,,,,,,,,,,,,,,,,,,,,,,,,,,-444,-396,283,562,1094,721,-123,-369,-762,-816,-456,-363,-235,-361,250,457,929,1425,490,-58,-1311,-1956,-2643,-3069,-1173,-275,803,1105,204,-367,-146,350,-724,780,1261,1438,3405.41662251819,1019.2083971879,312.229387982574,793.220716648953,0,0,0,0,,,,,,,,,,,,,,,,,,,,,,5,1323,-2397,111,2786,-8979,460,41,2755,5530.07512433763,0,0,0,0,0,0,0,0,0,,,,,,,,,,,,,,,,,,,,,,,,,,,
,,,,,,,,Y/Y hedge gain / (loss) - disclosed,,,,,,,,,,,,,,,,,,,,,,,,,,,,,,,,,,,,,,,,,,,,,,,,,,,,,,,,,,,,,,,,158,-12,-161,-175,-217,-103,49,99,123,88,102,0,0,0,0,0,0,0,0,0,0,0,0,0,0,0,0,0,0,0,0,0,0,0,0,0,0,0,0,0,0,0,0,0,,,,,,,,,,,,,,,,,,,,,,-190,-172,313,0,0,0,0,0,0,0,0,0,0,0,0,0,0,0,0,,,,,,,,,,,,,,,,,,,,,,,,,,,
,,,,,,,,EMEA revenue ex-FX - % change Y/Y,,,,,,,,,,,,,,,,,,,,,,,,,,,,,,,,,,,,,,,,,,,,,,,,,,,,,,,,,,,,,,,,,,,,0.234340836012862,0.186486171081806,0.171249601868564,0.183344274594392,0.139530619728639,0.194522791374761,0.198987108655617,0.190288065843621,0.132957990472066,-0.0409815950920246,0.0971676161437856,0.19022625718136,0.253561697158427,0.554079028425592,0.389615053145648,0.346501914375218,0.269919558452234,0.178421714525257,0.113614597509955,0.0724744093637975,0.0951912191760596,0.0989139434081723,0.123804627249357,0.0984744049260178,0.118891735458772,0.123872762349141,0.130488504479061,0.112914834066373,0.120186648730452,0.113397885184135,0.124764447236181,0.121842179960261,0.11,0.17,0.17,0.14,0.134,0.14,0.15,0.15,,,,,,,,,,,,,,,,,,,,,,,0.191840992697524,0.181099556881694,0.0978900103313996,0.378381795195955,0.150858963176457,0.103775194365236,0.121355917309256,0.120144525933397,0.148258501775471,0.143889815030601,0.136695324279071,0.126443174958141,0.11695993683628,0.108187941573559,0.100073845955542,0.0925683075088766,0.0856256844457111,0.0792037581122826,,,,,,,,,,,,,,,,,,,,,,,,,,,
,,,,,,,,Impact - points of growth,,,,,,,,,,,,,,,,,,,,,,,,,,,,,,,,,,,,,,,,,,,,,,,,,,,,,,,,,,,,,,,,,,,,0.113320830443712,0.0859223833181,0.00708265131786967,-0.0154380961046894,-0.0481453423925624,-0.0636447605150992,-0.0471858436450752,-0.0392553284773058,-0.0320838046647296,-0.0361726321474783,0.0109899644371934,0.0324136463578977,0.0723238614246788,0.125407022793276,0.0351910370583166,-0.00336465947325681,-0.0769772767306678,-0.102494236009222,-0.13322244064721,-0.13255301688766,-0.0577349018063691,-0.0133930745628987,0.0412853470437018,0.0507765830346476,0.00967833760318815,-0.0164655211090674,-0.00644278716738,0.0139944022391043,-0.0304355137043888,0.0316006968358789,0.0495053391959799,0.0510218563724099,0.13136660967165,0.0360628546170796,0.0104386141547448,0.0239962704697771,0,0,0,0,,,,,,,,,,,,,,,,,,,,,,,0.0427599566346322,-0.0490388465077305,-0.00459353486491709,0.0503160556257902,-0.113504493913307,0.00560551777924001,0.000450361387552389,0.0269762158880609,0.0472042741424614,0,0,0,0,0,0,0,0,0,,,,,,,,,,,,,,,,,,,,,,,,,,,
,,,,,,,,Y/Y Abs Change (Constant Currency),,,,,,,,,,,,,,,,,,,,,,,,,,,,,,,,,,,,,,,,,,,,,,,,,,,,,,,,,,,,,,,,,,,,1220,1214,2057,2692,2833,2962,1989,1844,650,-1405,653,2319,3022,5935,5675,6430,5526,4830,2744,1620,623,75,-235,-926,1333,2486,3760,3929,3063,2432,3032,3784,2127.53,5584.53999999999,6345.87,6065.84,7717.52946993563,5791.21317279421,5608.44429617996,6564.7798241463,,,,,,,,,,,,,,,,,,,,,,,7183,9628,2217,21062,14720,-463,11508,12311,20123.78,25681.9667630561,21898.9664191739,23025.5187800779,23991.6680937125,24787.9021726589,25409.4302132972,25855.8308969097,26130.566797102,26240.4133792538,,,,,,,,,,,,,,,,,,,,,,,,,,,
,,,,,,,,,,,,,,,,,,,,,,,,,,,,,,,,,,,,,,,,,,,,,,,,,,,,,,,,,,,,,,,,,,,,,,,,,,,,,,,,,,,,,,,,,,,,,,,,,,,,,,,,,,,,,,,,,,,,,,,,,,,,,,,,,,,,,,,,,,,,,,,,,,,,,,,,,,,,,,,,,,,,,,,,,,,,,,,,,,,,,,
,,,,,,,,EMEA ex-FX/hedge Q/Q (in dollars),,,,,,,,,,,,,,,,,,,,,,,,,,,,,,,,,,,,,,,,,,,,,,,,,,,,,,,,,,,,,,,,7952,8334,9006,10625,10584,11118,11258,12325,11585,12379,12545,14154,12782,11644,13319,17147,16481,19163,20023,23662,20836,21164,20390,22342,20068,22014,22615,25518,23428,24933,25244,28220,26554,26992,29158,33107,31516.5435494609,34085.7483971879,35308.0993879826,38477.060716649,36492.0594699356,38857.7531727942,40604.31429618,44248.6198241463,,,,,,,,,,,,,,,,,,,,,,,,,,,,,,,,,,,,,,,,,,,,,,,,,,,,,,,,,,,,,,,,,,,
,,,,,,,,Q/Q currency gain / (loss) - disclosed,,,,,,,,,,,,,,,,,,,,,,,,,,,,,,,,,,,,,,,,,,,,,,,,,,,,,,,,,,,,,,,,-177,235,413,38,324,-127,-398,-175,-40,-154,-82,-55,63,-281,605,91,550,-79,-184,-509,-519,-631,-940,-580,1010,275,46,-508,360,-250,228,-36,-631,1270,753,-51,663.403073057347,0,0,0,0,0,0,0,,,,,,,,,,,,,,,,,,,,,,,,,,,,,,,,,,,,,,,,,,,,,,,,,,,,,,,,,,,,,,,,,,,
,,,,,,,,Q/Q hedge gain / (loss) - disclosed,,,,,,,,,,,,,,,,,,,,,,,,,,,,,,,,,,,,,,,,,,,,,,,,,,,,,,,,,,,,,,,,158,-12,-161,-175,-217,-103,49,99,123,88,102,0,0,0,0,0,0,0,0,0,0,0,0,0,0,0,0,0,0,0,0,0,0,0,0,0,0,0,0,0,0,0,0,0,,,,,,,,,,,,,,,,,,,,,,,,,,,,,,,,,,,,,,,,,,,,,,,,,,,,,,,,,,,,,,,,,,,
,,,,,,,,EMEA revenue ex-FX - % change Q/Q,,,,,,,,,,,,,,,,,,,,,,,,,,,,,,,,,,,,,,,,,,,,,,,,,,,,,,,,,,,,,,,,,0.0718971061093248,0.0509977827050998,0.128039069964965,-0.00740879677389106,0.0192519251925192,0.0242926030388499,0.134898710865562,-0.0465020576131687,0.0722390645300997,0.0261758691206544,0.135681617588061,-0.0934108802042698,-0.09349941611522,0.172137639707824,0.231470841712152,-0.0439146072630235,0.125183488931948,0.049203521274366,0.192701245022431,-0.100073424610202,0.0416892257715213,-0.00696439877270738,0.148688946015424,-0.0778421101001746,0.044406490179334,0.0146260487235856,0.126075636556198,-0.0632546981207517,0.0481335126954767,0.0227281934934975,0.107883165829146,-0.0578342321884757,0.0412375110905374,0.0317033472507253,0.106850322623784,-0.0465711656140837,0.0592232733330917,0.0358610577227498,0.0897516825769718,-0.0515892121108519,0.0648276292766534,0.0449475582290895,0.0897516825769718,,,,,,,,,,,,,,,,,,,,,,,,,,,,,,,,,,,,,,,,,,,,,,,,,,,,,,,,,,,,,,,,,,,
,,,,,,,,Q/Q Abs Change (Constant Currency),,,,,,,,,,,,,,,,,,,,,,,,,,,,,,,,,,,,,,,,,,,,,,,,,,,,,,,,,,,,,,,,,382,672,1619,-41,534,140,1067,-740,794,166,1609,-1372,-1138,1675,3828,-666,2682,860,3639,-2826,328,-774,1952,-2274,1946,601,2903,-2090,1505,311,2976,-1666,438,2166,3949,-1590.45645053915,2569.20484772705,1222.35099079468,3168.96132866638,-1985.00124671333,2365.69370285857,1746.56112338576,3644.30552796634,,,,,,,,,,,,,,,,,,,,,,,,,,,,,,,,,,,,,,,,,,,,,,,,,,,,,,,,,,,,,,,,,,,
,,,,,,,,,,,,,,,,,,,,,,,,,,,,,,,,,,,,,,,,,,,,,,,,,,,,,,,,,,,,,,,,,,,,,,,,,,,,,,,,,,,,,,,,,,,,,,,,,,,,,,,,,,,,,,,,,,,,,,,,,,,,,,,,,,,,,,,,,,,,,,,,,,,,,,,,,,,,,,,,,,,,,,,,,,,,,,,,,,,,,,
,,,,,,,,Exchange rate,,,,,,,,,,,,,,,,,,,,,,,,,,,,,,,,,,,,,,,,,,,,,,,,,,,,,,,,1.16351362194951,1.13412337054108,1.14950676125,1.09648893305412,1.08999321972268,1.12319349673012,1.08620326315644,1.03195710691037,1.03016603627127,1.08288808504727,1.12440681299634,1.13980336728224,1.16439209015253,1.11437157818102,1.09722434243414,1.0748784149792,1.09242684282365,1.05732072339342,1.03234891087861,1.06195059624354,1.05938152527417,1.05150521807639,1.12452021555528,1.12202311168537,1.14573677990672,1.16287967099458,1.12453467225514,1.07789704021177,1.07326782175722,1.01995862221102,0.950740869154166,0.984136129459221,0.994174952098828,1.00855825757512,1.02697306419755,1.01946973588704,1.02380011979744,1.02803200428934,1.05207400980618,1.00552565098245,0.992045529018691,1.07627835125188,1.09964154434484,1.08658060160724,1.10945242792599,1.10945242792599,1.10945242792599,1.10945242792599,1.10945242792599,1.10945242792599,1.10945242792599,1.10945242792599,,,,,,,,,,,,,,,,,,,,,1.03195710691037,1.13980336728224,1.0748784149792,1.06195059624354,1.12202311168537,1.07789704021177,0.984136129459221,1.01946973588704,1.00552565098245,1.08658060160724,1.10945242792599,1.10945242792599,1.10945242792599,1.10945242792599,1.10945242792599,1.10945242792599,1.10945242792599,1.10945242792599,1.10945242792599,1.10945242792599,,,,,,,,,,,,,,,,,,,,,,,,,,,
,,,,,,,,% change Y/Y,,,,,,,,,,,,,,,,,,,,,,,,,,,,,,,,,,,,,,,,,,,,,,,,,,,,,,,,,,,,-0.0631882608332902,-0.00963728823060295,-0.0550701398439166,-0.0588531486259483,-0.054887665692661,-0.0358846554936283,0.0351716397250477,0.104506533895338,0.130295553488729,0.0290736351876757,-0.0241749429548298,-0.0569615375482225,-0.0618049950162857,-0.0511955400735542,-0.0591268613414142,-0.0120272382024821,-0.0302494558482864,-0.00550022825464513,0.0892830938313507,0.0565680886232569,0.0815147825144476,0.105919068211508,1.28558825898129e-05,-0.0393272393536621,-0.0632509660337537,-0.122902697801335,-0.154547305111051,-0.086985034056807,-0.0736935069281156,-0.0111772814971526,0.0801818850084872,0.0359031696633634,0.0297987468262713,0.0193084996012423,0.024441678641528,-0.0136777820995959,-0.0310163968187788,0.0469307830507668,0.0452131067731916,0.0806095304934256,0.118348297001487,0.0308229526641703,0.00892189243995278,0.0210493600612081,0,0,0,0,,,,,,,,,,,,,,,,,,,,,,0.104506533895338,-0.0569615375482225,-0.0120272382024821,0.0565680886232569,-0.0393272393536621,-0.086985034056807,0.0359031696633634,-0.0136777820995959,0.0806095304934256,0.0210493600612081,0,0,0,0,0,0,0,0,0,,,,,,,,,,,,,,,,,,,,,,,,,,,
,,,,,,,,% change Q/Q,,,,,,,,,,,,,,,,,,,,,,,,,,,,,,,,,,,,,,,,,,,,,,,,,,,,,,,,,,,,-0.00592410295774315,0.0304591592009027,-0.0329330909423596,-0.0499410728047574,-0.00173560570212561,0.0511782051821752,0.0383407376278049,0.0136930460647648,0.0215727761262177,-0.0429584779856749,-0.0153873591920476,-0.0203658692126367,0.0163259654300405,-0.0321358996813805,-0.023618011037054,0.0286741091630911,-0.00241920008186469,-0.00743481645646316,0.0694385498271315,-0.0022205949127182,0.021134741320733,0.0149623293835921,-0.032974175829084,-0.0414728271115342,-0.00429467591231847,-0.0496699877379335,-0.0678632951862342,0.0351255125224239,0.0102006443408627,0.0144675798217648,0.0182585452889086,-0.00730625619317127,0.00424768265105202,0.00413350654103439,0.0233864368196017,-0.0442443767167166,-0.0134060448389204,0.0849082222229398,0.0217073892323345,-0.011877454798589,0.0210493600612081,0,0,0,0,0,0,0,,,,,,,,,,,,,,,,,,,,,,,,,,,,,,,,,,,,,,,,,,,,,,,,,,,,,,,,,,,,,,,,,,,
,,,,,,,,,,,,,,,,,,,,,,,,,,,,,,,,,,,,,,,,,,,,,,,,,,,,,,,,,,,,,,,,,,,,,,,,,,,,,,,,,,,,,,,,,,,,,,0.165740153897143,,,,,,,0.0864824273322571,0.124996374914408,0.124817373940435,0.127669145738909,0.137885387571293,0.165132895435365,0.15123636174247,0.190349316732144,0.208089915369263,0.212811392817953,0.20797426906797,0.202129607422407,0.181338165733976,0.170013166777528,0.161412919538761,,,,,,,,,,,,,,,,,,,,,,,,,,,,,,,,,,,,,,,,,,,,,,,,,,,,,,,,,,,,,,,,,,,
,,,,,,,,APAC revenue in dollars (reported),,,,,,,,,,,,,,,,,,,,,,,,,,,,,,,,,,,,,,,,,,,,,,,,,,,,,,,,,,,,2799,2904,3248,3608,3560,3719,4217,4696,4819,5090,5401,6031,6096,6536,6814,7482,7238,6945,8458,9909,10455,11231,11705,12732,11841,11710,11494,11979,11681,12728,13126,13979,13289,13823,14547,15156,14854,16480,17819,18527,18829.60264828,20174.4092305166,21397.3492202646,22115.6630071724,21465.7470190392,22998.8265227889,24392.9781111017,24990.6991981048,,,,,,,,,,,,,,,,,,,,,12559,16192,21341,26928,32550,46123,47024,51514,56815,67680,82517.0241062336,93848.2508510346,105446.75721215,117175.504267892,128905.496714506,140519.310207454,152229.964289819,163965.070421329,175656.831953391,187556.018140602,,,,,,,,,,,,,,,,,,,,,,,,,,,
,,,,,,,,Period-to-period addition,,,,,,,,,,,,,,,,,,,,,,,,,,,,,,,,,,,,,,,,,,,,,,,,,,,,,,,,,,,,,105,344,360,-48,159,498,479,123,271,311,630,65,440,278,668,-244,-293,1513,1451,546,776,474,1027,-891,-131,-216,485,-298,1047,398,853,-690,534,724,609,-302,1626,1339,708,302.60264827999,1344.80658223659,1222.93998974806,718.313786907729,-649.915988133187,1533.07950374972,1394.15158831279,597.721087003079,,,,,,,,,,,,,,,,,,,,,,3633,5149,5587,5622,13573,901,4490,5301,10865,14837.0241062336,11331.226744801,11598.506361115,11728.7470557426,11729.9924466142,11613.8134929476,11710.6540823648,11735.1061315107,11691.7615320615,11899.1861872114,,,,,,,,,,,,,,,,,,,,,,,,,,,
,,,,,,,,Y/Y Absolute Change,,,,,,,,,,,,,,,,,,,,,,,,,,,,,,,,,,,,,,,,,,,,,,,,,,,,,,,,,,,,,,,,761,815,969,1088,1259,1371,1184,1335,1277,1446,1413,1451,1142,409,1644,2427,3217,4286,3247,2823,1386,479,-211,-753,-160,1018,1632,2000,1608,1095,1421,1177,1565,2657,3272,3371,3975.60264827999,3694.40923051658,3578.34922026465,3588.66300717237,2636.1443707592,2824.41729227232,2995.62889083706,2875.03619093241,,,,,,,,,,,,,,,,,,,,,,3633,5149,5587,5622,13573,901,4490,5301,10865,14837.0241062336,11331.226744801,11598.506361115,11728.7470557426,11729.9924466142,11613.8134929476,11710.6540823648,11735.1061315107,11691.7615320615,11899.1861872114,,,,,,,,,,,,,,,,,,,,,,,,,,,
,,,,,,,,% change Y/Y,,,,,,,,,,,,,,,,,,,,,,,,,,,,,,,,,,,,,,,,,,,,,,,,,,,,,,,,,,,,,,,,0.271882815291175,0.28064738292011,0.298337438423645,0.301552106430155,0.353651685393259,0.368647485883302,0.280768318709983,0.284284497444634,0.264992737082382,0.284086444007859,0.261618218848361,0.240590283535069,0.187335958005249,0.0625764993880049,0.241267977692985,0.324378508420208,0.444459795523625,0.617134629229662,0.383896902340979,0.284892521949743,0.132568149210904,0.0426498085655773,-0.0180264844083725,-0.0591423185673893,-0.0135123722658559,0.086934244235696,0.141987123716722,0.166958844644795,0.137659446965157,0.0860307982401005,0.108258418406217,0.0841977251591672,0.117766573858078,0.192215872097229,0.224926101601705,0.222420163631565,0.267645257053992,0.224175317385715,0.200816500379631,0.19369908820491,0.14,0.14,0.14,0.13,,,,,,,,,,,,,,,,,,,,,,0.289274623775778,0.317996541501976,0.261796541867766,0.208778966131907,0.416989247311828,0.0195347223727858,0.0954831575365771,0.102904064914392,0.191234709143712,0.219223169418345,0.137319866627921,0.12358787996513,0.111229091968617,0.100106182771755,0.0900955644945793,0.0833383971574859,0.0770880173706745,0.0713064160678738,0.0677410952644801,,,,,,,,,,,,,,,,,,,,,,,,,,,
,,,,,,,,% change Q/Q,,,,,,,,,,,,,,,,,,,,,,,,,,,,,,,,,,,,,,,,,,,,,,,,,,,,,,,,,,,,,0.037513397642015,0.118457300275482,0.110837438423645,-0.0133037694013304,0.0446629213483145,0.133906964237698,0.113587858667299,0.0261925042589437,0.0562357335546795,0.0611001964636542,0.116645065728569,0.0107776488144586,0.0721784776902887,0.0425336597307222,0.0980334605224538,-0.0326116011761561,-0.0404807957999448,0.217854571634269,0.171553558760936,0.0551014229488345,0.0742228598756576,0.0422046122339952,0.0877402819307989,-0.0699811498586239,-0.0110632547926696,-0.0184457728437233,0.0421959283104227,-0.0248768678520744,0.0896327369232086,0.031269641734758,0.0649855249123876,-0.0493597539165892,0.0401836105049289,0.0523764739926209,0.0418643019179212,-0.0199261018738454,0.109465463848122,0.08125,0.0397328694090577,0.0163330624645106,0.0714198067456,0.0606183792434525,0.033570223092281,-0.0293871356206871,0.0714198067456,0.0606183792434527,0.0245038176265588,,,,,,,,,,,,,,,,,,,,,,,,,,,,,,,,,,,,,,,,,,,,,,,,,,,,,,,,,,,,,,,,,,,
,,,,,,,,% of total gross revenue,,,,,,,,,,,,,,,,,,,,,,,,,,,,,,,,,,,,,,,,,,,,,,,,,,,,,,,,,,,,0.138174458211976,0.13506976744186,0.144670616008196,0.138428483732351,0.143838383838384,0.142983467896963,0.151843583465361,0.145283544225474,0.154722917870674,0.155862449092078,0.160077059869591,0.153554333435177,0.167753653099975,0.167830731306491,0.168251067927603,0.16238741182854,0.175854612599917,0.181345797320939,0.183180646698287,0.174153748813667,0.189011823408179,0.181496444731739,0.179750606591112,0.169027547295055,0.174104189028245,0.168041902848533,0.166357899612111,0.157518935409215,0.167380744264691,0.170607474130073,0.171149909378952,0.161962692619627,0.165000807062417,0.163118642467726,0.164804912312503,0.157107464574112,0.164616441696035,0.170904716472394,0.174105485314521,0.162763116280704,0.171757248935545,0.172050040629632,0.174394075170862,0.164478741668134,0.167845893361632,0.168567987572564,0.168507178152091,0.157692299937167,,,,,,,,,,,,,,,,,,,,,0.139123980857852,0.146064679085292,0.155979798127453,0.166369078878269,0.178329781347417,0.179023199307553,0.166258892078802,0.167582971691055,0.162320223531361,0.168008817484038,0.170474711768042,0.165353006947808,0.159770115685099,0.153922627771202,0.147904921650715,0.141800463184787,0.135928572288561,0.130285103222057,0.124868931361428,0.119855886379996,,,,,,,,,,,,,,,,,,,,,,,,,,,
,,,,,,,,,,,,,,,,,,,,,,,,,,,,,,,,,,,,,,,,,,,,,,,,,,,,,,,,,,,,,,,,,,,,,,,,,,,,,,,,,,,,,,,,,,,,,,,,,,,,,0.134415447392355,0.13520801116788,0.152332885900272,0.173446717672636,0.143199204938262,0.162344187170357,0.161069472636372,0.158829538884607,0.184602724190102,0.20196691811115,0.174425475435702,0.144989082917387,0.144989082917387,0.14,0.13,,,,,,,,,,,,,,,,,,,,,,,,,,,,,,,,,,,,,,,,,,,,,,,,,,,,,,,,,,,,,,,,,,,
,,,,,,,,APAC revenue in local at current FX rates (ex-hedge),,,,,,,,,,,,,,,,,,,,,,,,,,,,,,,,,,,,,,,,,,,,,,,,,,,,,,,,,,,,53131.0714988722,54258.864599753,58526.3504305561,66532.9451626687,64257.8724202811,67353.4100189386,72927.3515113136,84181.7148728731,84389.935276643,91547.6760249006,101086.524562513,112009.988389662,115879.917088262,126560.749584608,135578.020039402,147496.731252604,147841.726031635,137850.631206097,156434.51124941,183848.774601006,185223.522793981,199929.672033044,218474.928099489,244142.379394671,224447.9889043,225399.2355875,231881.115545061,243632.069823604,239915.273135707,270832.31904788,280302.491138126,292918.254361448,282906.790461712,290065.917280223,298824.550972172,323511.979661581,330357.860851711,353951.95543063,378701.001485717,394877.919994322,379911.539979467,407044.748745224,431719.141693718,446212.049593584,433099.155576593,464031.013569555,492159.821530838,504219.61604075,,,,,,,,,,,,,,,,,,,,,232449.23169185,288720.348823406,389034.124253719,525515.417964876,625975.643088148,847770.502321185,925360.409860464,1083968.33768316,1195309.23837569,1457888.73776238,1664887.48001199,1893509.60671774,2127524.44470559,2364167.05683123,2600834.79632533,2835158.47545741,3071436.03848949,3308206.95317748,3544103.33461939,3784184.776237,,,,,,,,,,,,,,,,,,,,,,,,,,,
,,,,,,,,Period-to-period addition,,,,,,,,,,,,,,,,,,,,,,,,,,,,,,,,,,,,,,,,,,,,,,,,,,,,,,,,,,,,,1127.79310088084,4267.48583080307,8006.5947321126,-2275.07274238759,3095.53759865746,5573.94149237507,11254.3633615595,208.220403769883,7157.74074825757,9538.84853761271,10923.4638271487,3869.92869860047,10680.832496345,9017.27045479471,11918.7112132013,344.994779031171,-9991.09482553776,18583.8800433126,27414.2633515967,1374.74819297492,14706.1492390627,18545.256066445,25667.4512951821,-19694.3904903714,951.246683200006,6481.87995756112,11750.9542785437,-3716.79668789776,30917.0459121731,9470.17209024599,12615.7632233227,-10011.4638997364,7159.12681851123,8758.63369194849,24687.4286894091,6845.88119012991,23594.0945789189,24749.0460550878,16176.9185086048,-14966.3800148549,27133.2087657568,24674.3929484938,14492.9078998662,-13112.8940169914,30931.8579929628,28128.807961283,12059.7945099114,,,,,,,,,,,,,,,,,,,,,,56271.1171315564,100313.775430312,136481.293711157,100460.225123272,221794.859233037,77589.9075392794,158607.927822696,111340.900692527,262579.499386692,206998.742249613,228622.126705743,234014.837987851,236642.612125637,236667.739494109,234323.679132075,236277.563032082,236770.914687993,235896.381441907,240081.441617614,,,,,,,,,,,,,,,,,,,,,,,,,,,
,,,,,,,,Y/Y Absolute Change,,,,,,,,,,,,,,,,,,,,,,,,,,,,,,,,,,,,,,,,,,,,,,,,,,,,,,,,,,,,,,,,11126.8009214089,13094.5454191855,14401.0010807575,17648.7697102044,20132.0628563619,24194.266005962,28159.1730511996,27828.2735167889,31489.9818116195,35013.073559707,34491.495476889,35486.7428629415,31961.8089433722,11289.8816214894,20856.4912100073,36352.0433484027,37381.7967623465,62079.0408269469,62040.4168500793,60293.6047936647,39224.4661103184,25469.5635544558,13406.1874455719,-510.30957106658,15467.284231407,45433.0834603801,48421.3755930649,49286.184537844,42991.5173260053,19233.5982323435,18522.059834046,30593.7253001324,47451.0703899987,63886.0381504064,79876.4505135457,71365.9403327414,49553.6791277566,53092.7933145944,53018.1402080005,51334.1295992619,53187.6155971254,56986.2648243314,60440.6798371206,58007.5664471659,,,,,,,,,,,,,,,,,,,,,,56271.1171315564,100313.775430312,136481.293711157,100460.225123272,221794.859233037,77589.9075392794,158607.927822696,111340.900692527,262579.499386692,206998.742249613,228622.126705743,234014.837987851,236642.612125637,236667.739494109,234323.679132075,236277.563032082,236770.914687993,235896.381441907,240081.441617614,,,,,,,,,,,,,,,,,,,,,,,,,,,
,,,,,,,,% change Y/Y,,,,,,,,,,,,,,,,,,,,,,,,,,,,,,,,,,,,,,,,,,,,,,,,,,,,,,,,,,,,,,,,0.209421730213837,0.241334674357435,0.246060124624462,0.265263617401189,0.313301111569449,0.359213676028564,0.386126363670716,0.330573849188196,0.373148547968316,0.38245726248893,0.341207649844159,0.316817663970196,0.275818362201863,0.0892052366831311,0.153833867790265,0.246459992975343,0.252850110491457,0.450335557289789,0.396590345407644,0.327952171149988,0.211768276073373,0.12739261409005,0.0613625900335206,-0.00209021298281697,0.0689125543379316,0.201567158566263,0.208819832004195,0.202297606277894,0.179194583004674,0.0710166286651455,0.0660788270515897,0.104444584264049,0.167726869731749,0.220246621007487,0.267302168625978,0.220597519780862,0.15,0.15,0.14,0.13,0.14,0.14,0.14,0.13,,,,,,,,,,,,,,,,,,,,,,0.242079170242873,0.347442692692466,0.350820879718374,0.191165133674511,0.354318673069848,0.0915223015271696,0.171401246619804,0.102716008228159,0.219674951850546,0.141985281104045,0.137319866627922,0.123587879965129,0.111229091968617,0.100106182771755,0.0900955644945794,0.0833383971574859,0.0770880173706745,0.0713064160678739,0.0677410952644802,,,,,,,,,,,,,,,,,,,,,,,,,,,
,,,,,,,,Two-year % change ,,,,,,,,,,,,,,,,,,,,,,,,,,,,,,,,,,,,,,,,,,,,,,,,,,,,,,,,,,,,,,,,,,,,0.522722841783286,0.600548350385999,0.632186488295178,0.595837466589385,0.686449659537765,0.741670938517494,0.727334013514875,0.647391513158392,0.648966910170178,0.471662499172062,0.495041517634424,0.563277656945539,0.528668472693319,0.53954079397292,0.550424213197909,0.574412164125331,0.464618386564829,0.577728171379839,0.457952935441165,0.325861958167171,0.280680830411304,0.328959772656313,0.270182422037716,0.200207393295077,0.248107137342605,0.272583787231409,0.274898659055785,0.306742190541943,0.346921452736423,0.291263249672633,0.333380995677568,0.325042104044911,0.317726869731749,0.370246621007487,0.407302168625978,0.350597519780862,0.29,0.29,0.28,0.26,,,,,,,,,,,,,,,,,,,,,,,0.589521862935339,0.69826357241084,0.541986013392884,0.545483806744359,0.445840974597018,0.262923548146973,0.274117254847962,0.322390960078705,0.361660232954592,0.279305147731967,0.260907746593051,0.234816971933746,0.211335274740371,0.190201747266334,0.173433961652065,0.16042641452816,0.148394433438548,0.139047511332354,,,,,,,,,,,,,,,,,,,,,,,,,,,
,,,,,,,,% change Q/Q,,,,,,,,,,,,,,,,,,,,,,,,,,,,,,,,,,,,,,,,,,,,,,,,,,,,,,,,,,,,,0.0212266206772205,0.0786504815808935,0.136803246284983,-0.0341946795955775,0.0481736708992009,0.0827566338631969,0.154322940958764,0.00247346355540889,0.0848174693438668,0.104195419827131,0.108060534026902,0.034549853582144,0.0921715579776412,0.0712485544245813,0.0879103501418403,0.00233899948901462,-0.0675796684313594,0.134811715265404,0.175244344311525,0.00747760324189506,0.0793967689266977,0.0927588980558118,0.117484653815717,-0.0806676437708268,0.00423816086677253,0.0287573289264544,0.05067663337276,-0.0152557776592746,0.128866518200719,0.0349669202092966,0.0450076742882244,-0.0341783543724888,0.0253056026220768,0.030195321718846,0.0826151285397836,0.0211611365900306,0.0714198067455998,0.069922049236816,0.0427168622346907,-0.037901283553839,0.0714198067456,0.0606183792434525,0.033570223092281,-0.029387135620687,0.0714198067456,0.0606183792434527,0.0245038176265588,,,,,,,,,,,,,,,,,,,,,,,,,,,,,,,,,,,,,,,,,,,,,,,,,,,,,,,,,,,,,,,,,,,
,,,,,,,,YoY Accel/Decel in bp,,,,,,,,,,,,,,,,,,,,0,0,0,0,0,0,0,0,0,0,0,0,0,0,0,0,0,0,0,0,0,0,0,0,0,0,0,0,0,0,0,0,0,0,0,0,0,0,0,0,0,0,0,0,2094.21730213837,2413.34674357435,2460.60124624462,2652.63617401189,1038.79381355611,1178.79001671129,1400.66239046255,653.102317870073,598.474363988668,232.435864603668,-449.187138265577,-137.561852180002,-973.30185766453,-2932.52025805799,-1873.73782053893,-703.576709948528,-229.68251710406,3611.30320606658,2427.56477617379,814.921781746443,-410.818344180841,-3229.4294319974,-3352.27755374123,-3300.42384132805,-1428.55721735441,741.745444762136,1474.57241970675,2043.87819260711,1102.82028666742,-1305.50529901118,-1427.41004952605,-978.530220138454,-114.677132729248,1492.29992342342,2012.23341574389,1161.52935516813,-177.268697317489,-702.466210074872,-1273.02168625978,-905.975197808621,-99.9999999999998,-99.9999999999998,0,0,,,,,,,,,,,0,0,0,0,0,0,0,0,0,0,0,2420.79170242873,1053.63522449593,33.7818702590775,-1596.55746043863,1631.53539395338,-2627.96371542679,798.789450926341,-686.852383916448,1169.58943622387,-776.896707465011,-46.6541447612356,-137.319866627922,-123.587879965129,-111.229091968617,-100.106182771755,-67.5716733709345,-62.5037978681144,-57.8160130280059,-35.653208033937,,,,,,,,,,,,,,,,,,,,,,,,,,,
,,,,,,,,,,,,,,,,,,,,,,,,,,,,,,,,,,,,,,,,,,,,,,,,,,,,,,,,,,,,,,,,,,,,,,,,,,,,,,,,,,,,,,,,,,,,,,,,,,,,,,,,,,,,,,,,,,,,,,,,,,,,,,,,,,,,,,,,,,,,,,,,,,,,,,,,,,,,,,,,,,,,,,,,,,,,,,,,,,,,,,
,,,,,,,,"APAC ex-FX/hedge Y/Y (in dollars, reported)",,,,,,,,,,,,,,,,,,,,,,,,,,,,,,,,,,,,,,,,,,,,,,,,,,,,,,,,,,,,,,,,3497,3695,4271,4755,4621,4999,5495,6177,6295,6753,6831,7437,7299,7050,8459,9753,10092,10881,11697,12996,12440,12466,12604,13429,12515,13293,13396,14069,13728,14418,14832,15206,15235,16365,17691,18703,17082.1,18952,20313.66,20935.51,21465.7470190392,22998.8265227889,24392.9781111017,24990.6991981048,,,,,,,,,,,,,,,,,,,,,,16218,21292,27316,32561,45666,50939,53273,58184,67994,77283.27,93848.2508510346,105446.75721215,117175.504267892,128905.496714506,140519.310207454,152229.964289819,163965.070421329,175656.831953391,187556.018140602,,,,,,,,,,,,,,,,,,,,,,,,,,,
,,,,,,,,Period-to-period addition,,,,,,,,,,,,,,,,,,,,,,,,,,,,,,,,,,,,,,,,,,,,,,,,,,,,,,,,,,,,,,,,,198,576,484,-134,378,496,682,118,458,78,606,-138,-249,1409,1294,339,789,816,1299,-556,26,138,825,-914,778,103,673,-341,690,414,374,29,1130,1326,1012,-1620.9,1869.9,1361.66,621.849999999995,530.237019039189,1533.07950374972,1394.15158831279,597.721087003079,,,,,,,,,,,,,,,,,,,,,,16218,5074,6024,5245,13105,5273,2334,4911,9810,9289.27,16564.9808510346,11598.506361115,11728.7470557426,11729.9924466142,11613.8134929476,11710.6540823648,11735.1061315107,11691.7615320615,11899.1861872114,,,,,,,,,,,,,,,,,,,,,,,,,,,
,,,,,,,,Y/Y Absolute Change,,,,,,,,,,,,,,,,,,,,,,,,,,,,,,,,,,,,,,,,,,,,,,,,,,,,,,,,,,,,,,,,3497,3695,4271,4755,1124,1304,1224,1422,1674,1754,1336,1260,1004,297,1628,2316,2793,3831,3238,3243,2348,1585,907,433,75,827,792,640,1213,1125,1436,1137,1507,1947,2859,3497,1847.1,2587,2622.66,2232.51,4383.64701903919,4046.82652278891,4079.3181111017,4055.18919810478,,,,,,,,,,,,,,,,,,,,,,16218,5074,6024,5245,13105,5273,2334,4911,9810,9289.27,16564.9808510346,11598.506361115,11728.7470557426,11729.9924466142,11613.8134929476,11710.6540823648,11735.1061315107,11691.7615320615,11899.1861872114,,,,,,,,,,,,,,,,,,,,,,,,,,,
,,,,,,,,Y/Y currency gain / (loss) - disclosed,,,,,,,,,,,,,,,,,,,,,,,,,,,,,,,,,,,,,,,,,,,,,,,,,,,,,,,,,,,,,,,,63,24,-54,-59,198,91,-94,-146,-199,-217,-17,45,-61,-105,-1,156,363,350,8,-264,-599,-756,-1110,-1450,-834,-565,-270,-90,-439,-595,-285,-50,-381,115,128,-176,1747.50264827999,1222.40923051658,1083.68922026464,1180.15300717238,0,0,0,0,,,,,,,,,,,,,,,,,,,,,,-26,49,-388,-11,457,-3915,-1759,-1369,-314,5233.75410623359,0,0,0,0,0,0,0,0,0,,,,,,,,,,,,,,,,,,,,,,,,,,,
,,,,,,,,Y/Y hedge gain / (loss) - disclosed,,,,,,,,,,,,,,,,,,,,,,,,,,,,,,,,,,,,,,,,,,,,,,,,,,,,,,,,,,,,,,,,59,11,-18,-9,-15,0,23,25,16,15,14,0,0,0,0,0,0,0,0,0,0,0,0,0,0,0,0,0,0,0,0,0,0,0,0,0,0,0,0,0,0,0,0,0,,,,,,,,,,,,,,,,,,,,,,43,33,45,0,0,0,0,0,0,0,0,0,0,0,0,0,0,0,0,,,,,,,,,,,,,,,,,,,,,,,,,,,
,,,,,,,,APAC revenue ex-FX - % change Y/Y,,,,,,,,,,,,,,,,,,,,,,,,,,,,,,,,,,,,,,,,,,,,,,,,,,,,,,,,,,,,,,,,,,,,0.319908597543559,0.348166127292341,0.297520661157025,0.312858660998937,0.302234174596607,0.32671905697446,0.270174786165861,0.238261738261738,0.200493421052632,0.0811225272197516,0.243970588235294,0.303528468323978,0.394307819839735,0.566738660907127,0.382951052258217,0.311534968210718,0.18986131037781,0.10996349390081,0.0768047842802222,0.0547439522463085,0.056920868169918,0.135183603757472,0.165477640508091,0.174471992653811,0.175241845732386,0.132778126964173,0.129971049824775,0.0877745189212391,0.146436902701482,0.183896404543153,0.216127036502372,0.234032726313011,0.15,0.15,0.14,0.13,0.14,0.14,0.14,0.13,,,,,,,,,,,,,,,,,,,,,,,0.318471731995789,0.281959827294913,0.211211546330395,0.40294930875576,0.104416451661861,0.132889588295338,0.129479364832861,0.196761418639444,0.141892287234043,0.137319866627921,0.12358787996513,0.111229091968617,0.100106182771755,0.0900955644945793,0.0833383971574859,0.0770880173706745,0.0713064160678738,0.0677410952644801,,,,,,,,,,,,,,,,,,,,,,,,,,,
,,,,,,,,Impact - points of growth,,,,,,,,,,,,,,,,,,,,,,,,,,,,,,,,,,,,,,,,,,,,,,,,,,,,,,,,,,,,,,,,,,,,0.0337430878496996,0.0204813585909611,-0.0167523424470413,-0.0285741635543035,-0.0372414375142252,-0.0426326129666013,-0.00855656731749965,0.0023285452733306,-0.0131574630473823,-0.0185460278317466,-0.00270261054230891,0.0208500400962308,0.0501519756838906,0.0503959683225341,0.000945850082761934,-0.0266424462609749,-0.0572931611669059,-0.067313685335233,-0.0948312686885947,-0.113886270813698,-0.0704332404357739,-0.0482493595217763,-0.0234905167913693,-0.00751314800901559,-0.0375823987672288,-0.0467473287240729,-0.0217126314185585,-0.00357679376207187,-0.0286703288434043,0.00831946755407653,0.00879906509933326,-0.0116125626814463,0.117645257053992,0.0741753173857151,0.0608165003796308,0.0636990882049104,0,0,0,0,,,,,,,,,,,,,,,,,,,,,,,-0.000475190493812949,-0.0201632854271463,-0.00243258019848747,0.0140399385560677,-0.0848817292890749,-0.0374064307587614,-0.0265752999184687,-0.00552670949573164,0.0773308821843024,0,0,0,0,0,0,0,0,0,,,,,,,,,,,,,,,,,,,,,,,,,,,
,,,,,,,,Y/Y Abs Change (Constant Currency),,,,,,,,,,,,,,,,,,,,,,,,,,,,,,,,,,,,,,,,,,,,,,,,,,,,,,,,,,,,,,,,,,,,1124,1304,1224,1422,1674,1754,1336,1260,1004,297,1628,2316,2793,3831,3238,3243,2348,1585,907,433,75,827,792,640,1213,1125,1436,1137,1507,1947,2859,3497,1847.1,2587,2622.66,2232.51,4383.64701903919,4046.82652278891,4079.3181111017,4055.18919810478,,,,,,,,,,,,,,,,,,,,,,,5074,6024,5245,13105,5273,2334,4911,9810,9289.27,16564.9808510346,11598.506361115,11728.7470557426,11729.9924466142,11613.8134929476,11710.6540823648,11735.1061315107,11691.7615320615,11899.1861872114,,,,,,,,,,,,,,,,,,,,,,,,,,,
,,,,,,,,,,,,,,,,,,,,,,,,,,,,,,,,,,,,,,,,,,,,,,,,,,,,,,,,,,,,,,,,,,,,,,,,,,,,,,,,,,,,,,,,,,,,,,,,,,,,,,,,,,,,,,,,,,,,,,,,,,,,,,,,,,,,,,,,,,,,,,,,,,,,,,,,,,,,,,,,,,,,,,,,,,,,,,,,,,,,,,
,,,,,,,,APAC ex-FX/hedge Q/Q (in dollars),,,,,,,,,,,,,,,,,,,,,,,,,,,,,,,,,,,,,,,,,,,,,,,,,,,,,,,,,,,,,,,,3639,3631,4191,4746,4636,4999,5513,6098,6014,6547,6761,7522,7275,7019,8278,9800,10300,11389,11839,12872,11975,12044,11949,12345,11266,12827,13345,14175,13204,14073,14451,15130,15100,16238,17744,18763,17824.802919598,20174.4092305166,21397.3492202646,22115.6630071724,21465.7470190392,22998.8265227889,24392.9781111017,24990.6991981048,,,,,,,,,,,,,,,,,,,,,,,,,,,,,,,,,,,,,,,,,,,,,,,,,,,,,,,,,,,,,,,,,,,
,,,,,,,,Q/Q currency gain / (loss) - disclosed,,,,,,,,,,,,,,,,,,,,,,,,,,,,,,,,,,,,,,,,,,,,,,,,,,,,,,,,,,,,,,,,-138,77,44,-41,198,91,-135,-92,66,-26,39,-40,-37,-74,180,109,155,-158,-134,-140,-134,-334,-455,-366,415,-99,-219,-196,85,-250,96,26,-246,242,75,-236,1004.79972868196,0,0,0,0,0,0,0,,,,,,,,,,,,,,,,,,,,,,,,,,,,,,,,,,,,,,,,,,,,,,,,,,,,,,,,,,,,,,,,,,,
,,,,,,,,Q/Q hedge gain / (loss) - disclosed,,,,,,,,,,,,,,,,,,,,,,,,,,,,,,,,,,,,,,,,,,,,,,,,,,,,,,,,,,,,,,,,59,11,-18,-9,-15,0,23,25,16,15,14,0,0,0,0,0,0,0,0,0,0,0,0,0,0,0,0,0,0,0,0,0,0,0,0,0,0,0,0,0,0,0,0,0,,,,,,,,,,,,,,,,,,,,,,,,,,,,,,,,,,,,,,,,,,,,,,,,,,,,,,,,,,,,,,,,,,,
,,,,,,,,APAC revenue ex-FX - % change Q/Q,,,,,,,,,,,,,,,,,,,,,,,,,,,,,,,,,,,,,,,,,,,,,,,,,,,,,,,,,,,,,,,,,0.0371322479291631,0.130258899676375,0.120661157024793,-0.0146652497343251,0.0341332230037237,0.0831041257367386,0.133878765340275,0.00133200133200129,0.0768092105263158,0.0368041711393958,0.106176470588235,-0.0276663993584603,-0.0302569770654877,0.191936645068395,0.158666351383306,0.0394590776062165,0.0893352462936394,0.054135873920399,0.099700982486117,-0.0594564875903236,0.0171438223123046,0.0204099060631939,0.0740386288498347,-0.0595208281158695,0.0981080386953173,0.0484758013827782,0.0799177205546244,-0.055440303312111,0.0589961622394462,0.0454315271648702,0.0400769918196191,-0.00369490630773295,0.0931735559445268,0.0766990291262135,0.0529771592120769,-0.0379012835538389,0.0714198067456,0.0606183792434525,0.033570223092281,-0.0293871356206871,0.0714198067456,0.0606183792434527,0.0245038176265588,,,,,,,,,,,,,,,,,,,,,,,,,,,,,,,,,,,,,,,,,,,,,,,,,,,,,,,,,,,,,,,,,,,
,,,,,,,,Q/Q Abs Change (Constant Currency),,,,,,,,,,,,,,,,,,,,,,,,,,,,,,,,,,,,,,,,,,,,,,,,,,,,,,,,,,,,,,,,,-8,560,555,-110,363,514,585,-84,533,214,761,-247,-256,1259,1522,500,1089,450,1033,-897,69,-95,396,-1079,1561,518,830,-971,869,378,679,-30,1138,1506,1019,-938.197080401973,2349.60631091856,1222.93998974806,718.313786907729,-649.915988133187,1533.07950374972,1394.15158831279,597.721087003079,,,,,,,,,,,,,,,,,,,,,,,,,,,,,,,,,,,,,,,,,,,,,,,,,,,,,,,,,,,,,,,,,,,
,,,,,,,,,,,,,,,,,,,,,,,,,,,,,,,,,,,,,,,,,,,,,,,,,,,,,,,,,,,,,,,,,,,,,,,,,,,,,,,,,,,,,,,,,,,,,,,,,,,,,,,,,,,,,,,,,,,,,,,,,,,,,,,,,,,,,,,,,,,,,,,,,,,,,,,,,,,,,,,,,,,,,,,,,,,,,,,,,,,,,,
,,,,,,,,Exchange rate,,,,,,,,,,,,,,,,,,,,,,,,,,,,,,,,,,,,,,,,,,,,,,,,,,,,,,,,0.0572565312908549,0.0560038518616014,0.0522933029173252,0.0531813457402866,0.0526810380637517,0.0535212084038563,0.055496370030007,0.0542287732968784,0.054483596610569,0.0550528918870979,0.0580714904934262,0.0558909973158096,0.0572817123766408,0.0555994452400468,0.0532019477697462,0.0536202180390041,0.0524681079584225,0.0515246632261816,0.0501556225561028,0.0507265478798055,0.0489577617515859,0.0503806180590984,0.0540673533764879,0.0538975580419548,0.0564453145167139,0.0561747532809626,0.0535759416507042,0.0521498972508085,0.0527560975609756,0.0519522613707099,0.0495685039852519,0.0491684038504171,0.0486880215974942,0.0469958683097561,0.0468279819658537,0.0477232121653659,0.0469730683321951,0.0476546852853659,0.0486807390914634,0.0468483424195122,0.0449633617365854,0.046559991397561,0.0470529518804878,0.0469182981926829,0.0495631236926829,0.0495631236926829,0.0495631236926829,0.0495631236926829,0.0495631236926829,0.0495631236926829,0.0495631236926829,0.0495631236926829,,,,,,,,,,,,,,,,,,,,,0.0542287732968784,0.0558909973158096,0.0536202180390041,0.0507265478798055,0.0538975580419548,0.0521498972508085,0.0491684038504171,0.0477232121653659,0.0468483424195122,0.0469182981926829,0.0495631236926829,0.0495631236926829,0.0495631236926829,0.0495631236926829,0.0495631236926829,0.0495631236926829,0.0495631236926829,0.0495631236926829,0.0495631236926829,0.0495631236926829,,,,,,,,,,,,,,,,,,,,,,,,,,,
,,,,,,,,% change Y/Y,,,,,,,,,,,,,,,,,,,,,,,,,,,,,,,,,,,,,,,,,,,,,,,,,,,,,,,,,,,,-0.07991216240223,-0.0443298697361089,0.0612519564454712,0.0196953939771842,0.0342164583893707,0.0286182530051258,0.0464016017989433,0.0306520674888089,0.0513570311092326,0.00992778642890801,-0.0838542748309726,-0.0406287127777397,-0.0840338778032292,-0.0732881775397688,-0.0572596557334267,-0.053966027461763,-0.0669043795064674,-0.0222038359001214,0.0779918705227825,0.0625118462557879,0.152939033510566,0.115007227880123,-0.0090888807218269,-0.0324256024695194,-0.0653591354273687,-0.0751670753075411,-0.074799201693538,-0.0571716064185568,-0.0771110099411643,-0.0954028357993321,-0.0552875676904359,-0.0293926906687453,-0.0352233097388235,0.0140186148124215,0.0395651712465588,-0.0183321638707417,-0.0427842307723446,-0.0229713800699688,-0.0334380135009302,0.00149323902528509,0.10230022352521,0.0645002759875784,0.0533478073505533,0.0563708745176197,0,0,0,0,,,,,,,,,,,,,,,,,,,,,,0.0306520674888089,-0.0406287127777397,-0.053966027461763,0.0625118462557879,-0.0324256024695194,-0.0571716064185568,-0.0293926906687453,-0.0183321638707417,0.00149323902528509,0.0563708745176197,0,0,0,0,0,0,0,0,0,,,,,,,,,,,,,,,,,,,,,,,,,,,
,,,,,,,,% change Q/Q,,,,,,,,,,,,,,,,,,,,,,,,,,,,,,,,,,,,,,,,,,,,,,,,,,,,,,,,,,,,-0.00940757834482242,0.0159482495217311,0.0369042793512193,-0.0228410746944935,0.00469904255985187,0.0104489298053883,0.0548308817730925,-0.037548427965069,0.0248826309713719,-0.0293683108761269,-0.0431208883460887,0.00786193526350143,-0.0214864863052893,-0.017981298906157,-0.0265705893907345,0.0113830772026426,-0.034869041993765,0.0290629362251522,0.0731776516331109,-0.00314044102271449,0.0472703507787111,-0.00479333383236336,-0.0462629825405775,-0.0266172531169482,0.0116241899241267,-0.0152368394826136,-0.0458836116574118,-0.00807166048331498,-0.00977014129611309,-0.0347550225336158,-0.00357236391071414,0.0191174200110735,-0.0157186366787594,0.0145108032617822,0.0215310163093796,-0.037641102130936,-0.0402358031378659,0.0355095704438058,0.0105876411942949,-0.00286174793341099,0.0563708745176197,0,0,0,0,0,0,0,,,,,,,,,,,,,,,,,,,,,,,,,,,,,,,,,,,,,,,,,,,,,,,,,,,,,,,,,,,,,,,,,,,
,,,,,,,,,,,,,,,,,,,,,,,,,,,,,,,,,,,,,,,,,,,,,,,,,,,,,,,,,,,,,,,,,,,,,,,,,,,,,,,,,,,,,,,,,,,,,,,,,,,,,,,0.109742857432294,0.132518449834565,0.127535690092262,0.154161484673489,0.151992427632677,0.168433691749893,0.17796227314243,0.16334844046231,0.165425415395735,0.160798183032768,0.151600122759102,0.125689671033164,0.121832610612475,,,,,,,,,,,,,,,,,,,,,,,,,,,,,,,,,,,,,,,,,,,,,,,,,,,,,,,,,,,,,,,,,,,
,,,,,,,,Other Americas revenue in dollars (reported),,,,,,,,,,,,,,,,,,,,,,,,,,,,,,,,,,,,,,,,,,,,,,,,,,,,,,,,,,,,947,1076,1162,1443,1271,1409,1558,1909,1731,1849,1827,2201,1906,2124,2290,2666,2157,1839,2371,3050,2905,3364,3688,4447,3842,4340,4138,4656,4080,4511,4553,5176,4653,4938,5093,5734,5233,5735,6065,6869,6352.44911975177,6851.9446874837,6892.76227186557,7788.01283100775,7051.21852292447,7605.6586031069,7685.42993313011,8644.6942424186,,,,,,,,,,,,,,,,,,,,,4628,6147,7608,8986,9417,14404,16976,18320,20418,23902,27885.1689101088,30987.0013015801,34089.1821130173,37075.3360457406,39933.3436374809,42673.0496575002,45307.9517305776,47895.7293942897,50494.5298096832,53165.8446959254,,,,,,,,,,,,,,,,,,,,,,,,,,,
,,,,,,,,Period-to-period addition,,,,,,,,,,,,,,,,,,,,,,,,,,,,,,,,,,,,,,,,,,,,,,,,,,,,,,,,,,,,,129,86,281,-172,138,149,351,-178,118,-22,374,-295,218,166,376,-509,-318,532,679,-145,459,324,759,-605,498,-202,518,-576,431,42,623,-523,285,155,641,-501,502,330,804,-516.550880248227,499.495567731924,40.8175843818735,895.250559142175,-736.794308083277,554.440080182434,79.7713300232081,959.264309288487,,,,,,,,,,,,,,,,,,,,,,1519,1461,1378,431,4987,2572,1344,2098,3484,3983.16891010878,3101.8323914713,3102.18081143717,2986.15393272331,2858.00759174036,2739.70602001926,2634.90207307741,2587.77766371209,2598.8004153935,2671.31488624216,,,,,,,,,,,,,,,,,,,,,,,,,,,
,,,,,,,,Y/Y Absolute Change,,,,,,,,,,,,,,,,,,,,,,,,,,,,,,,,,,,,,,,,,,,,,,,,,,,,,,,,,,,,,,,,324,333,396,466,460,440,269,292,175,275,463,465,251,-285,81,384,748,1525,1317,1397,937,976,450,209,238,171,415,520,573,427,540,558,580,797,972,1135,1119.44911975177,1116.9446874837,827.76227186557,919.012831007745,698.769403172696,753.713915623206,792.667661264541,856.681411410853,,,,,,,,,,,,,,,,,,,,,,1519,1461,1378,431,4987,2572,1344,2098,3484,3983.16891010878,3101.8323914713,3102.18081143717,2986.15393272331,2858.00759174036,2739.70602001926,2634.90207307741,2587.77766371209,2598.8004153935,2671.31488624216,,,,,,,,,,,,,,,,,,,,,,,,,,,
,,,,,,,,% change Y/Y,,,,,,,,,,,,,,,,,,,,,,,,,,,,,,,,,,,,,,,,,,,,,,,,,,,,,,,,,,,,,,,,0.342133051742344,0.309479553903346,0.3407917383821,0.322938322938323,0.36191974822974,0.312278211497516,0.172657252888318,0.15295966474594,0.101097631426921,0.148729042725798,0.253420908593322,0.211267605633803,0.131689401888772,-0.134180790960452,0.0353711790393012,0.144036009002251,0.346777932313398,0.829255029907559,0.555461830451286,0.458032786885246,0.322547332185887,0.29013079667063,0.122017353579176,0.0469979761637058,0.0619469026548674,0.0394009216589861,0.100289995166747,0.111683848797251,0.140441176470588,0.094657503879406,0.118603118822754,0.107805255023184,0.124650762948635,0.161401377075739,0.190850186530532,0.197942099755842,0.213921100659616,0.194759317782685,0.136481825534307,0.133791356967207,0.11,0.11,0.115,0.11,,,,,,,,,,,,,,,,,,,,,,0.328219533275713,0.23767691556857,0.181125131440589,0.0479634987758737,0.529574174365509,0.178561510691475,0.0791705937794534,0.114519650655022,0.170633754530316,0.166645841775114,0.111235919046086,0.100112327141477,0.0875982862487927,0.0770864918989374,0.0686069777900544,0.0617462800110491,0.0571153090102206,0.0542595435597091,0.0529030549707166,,,,,,,,,,,,,,,,,,,,,,,,,,,
,,,,,,,,% change Q/Q,,,,,,,,,,,,,,,,,,,,,,,,,,,,,,,,,,,,,,,,,,,,,,,,,,,,,,,,,,,,,0.136219640971489,0.0799256505576209,0.241824440619621,-0.119196119196119,0.108575924468922,0.105748757984386,0.225288831835687,-0.0932425353588267,0.0681686886192952,-0.0118983234180639,0.204707170224412,-0.134029986369832,0.114375655823715,0.0781544256120528,0.164192139737991,-0.190922730682671,-0.147426981919332,0.289287656334965,0.286377056094475,-0.0475409836065573,0.158003442340792,0.0963139120095125,0.205802603036876,-0.136046773105464,0.129619989588756,-0.0465437788018434,0.125181246979217,-0.123711340206186,0.105637254901961,0.0093105741520727,0.136832857456622,-0.101043276661515,0.061250805931657,0.0313892264074525,0.125859022187316,-0.0873735612138124,0.0959296770494935,0.0575414123801221,0.132563891178895,-0.0752003028458622,0.0786303925172474,0.00595708025145525,0.12988269779684,-0.0946062011030274,0.0786303925172471,0.0104884184507863,0.124815959241697,,,,,,,,,,,,,,,,,,,,,,,,,,,,,,,,,,,,,,,,,,,,,,,,,,,,,,,,,,,,,,,,,,,
,,,,,,,,% of total gross revenue,,,,,,,,,,,,,,,,,,,,,,,,,,,,,,,,,,,,,,,,,,,,,,,,,,,,,,,,,,,,,0.0531174408846325,0.054046511627907,0.0642733063115229,0.0487645794966237,0.0569292929292929,0.0599000384467513,0.0687382975658937,0.0535531974136064,0.0593655686123419,0.0559451266191016,0.0652341434499111,0.048528363377126,0.0584495996037315,0.0588023829087921,0.0658287858959481,0.0468149755832881,0.0446803858208411,0.0619108546361334,0.0660559201264808,0.0510562761432739,0.060816429836931,0.0595992243051067,0.0682914094413219,0.0510056422170594,0.0638132066871536,0.0593815024754251,0.0673884096566896,0.0536503261098254,0.0646395460472581,0.0610288992547317,0.0674898621777737,0.0539103232533889,0.0613119109996399,0.0601000684430389,0.0649612543617166,0.0542454052597207,0.0635569740895893,0.0628966690172979,0.0671154710491861,0.0558074385893785,0.0625011154703376,0.0587823918596351,0.0634743715729103,0.0524413647242465,0.0594704932332329,0.0563297199608857,0.0597177198348986,,,,,,,,,,,,,,,,,,,,,0.0617157183053515,0.0680942041829139,0.068630192593929,0.0656780125567355,0.0581809869205533,0.0789143523971796,0.0658911569378622,0.0647725183498565,0.0664228969986402,0.0682879166214309,0.0692221373216614,0.0640170943227671,0.0600623742655158,0.0561755608773656,0.0524567419340371,0.0489626449380056,0.0457210367163408,0.0427668635781221,0.0401224785955876,0.0377939311456408,,,,,,,,,,,,,,,,,,,,,,,,,,,
,,,,,,,,,,,,,,,,,,,,,,,,,,,,,,,,,,,,,,,,,,,,,,,,,,,,,,,,,,,,,,,,,,,,,,,,,,,,,,,,,,,,,,,,,,,,,,,,,,,,,,,0.147347874935123,0.17408513507976,0.149803298974708,0.176202956474125,0.176434952712494,0.179696426295227,0.179617872704175,0.155931840727278,0.134577934527814,0.119955356253096,0.134724636200343,0.117497203575919,0.11,,,,,,,,,,,,,,,,,,,,,,,,,,,,,,,,,,,,,,,,,,,,,,,,,,,,,,,,,,,,,,,,,,,
,,,,,,,,Other Americas revenue in local at current FX rates (ex-hedge),,,,,,,,,,,,,,,,,,,,,,,,,,,,,,,,,,,,,,,,,,,,,,,,,,,,,,,,,,,,3041.85169526337,3281.27055933685,3448.37126489053,4430.33943760968,3760.89565781127,4255.16469025939,4492.34892960628,5673.84192037999,5117.25799191302,5742.651569292,5841.73453516612,7063.08436303103,6017.73779252497,6896.19878373133,7529.6381416796,8777.44437504058,7211.62820718804,6544.19610841555,8238.57069157143,10471.0194510153,9901.18226251198,10878.8929946645,12298.688956867,15297.5137670171,12877.2530910174,14222.7426789606,14246.9209998246,16250.4502137515,14419.8654852744,15798.1558893141,15729.2632335754,17925.2605740891,16139.8057733299,17411.2037126832,18240.0692605669,21392.2087890196,19877.43711636,20885.9144939083,21760.7026184833,24808.5462578287,22461.5039414868,24227.6608129336,24371.9869327013,27537.4863461899,24932.2693750504,26892.7035023563,27174.765429962,30566.6098442708,,,,,,,,,,,,,,,,,,,,,14201.8329571004,18182.2511980569,23764.7284594022,29221.0190929765,32465.4144581903,48376.2779810606,57597.3669835542,63872.545182253,73183.2875355996,87332.6004865803,98598.6380333116,109566.348151639,120535.290241493,131093.975099149,141199.549748629,150886.824122199,160203.524214426,169353.598004459,178542.646932376,187988.098397657,,,,,,,,,,,,,,,,,,,,,,,,,,,
,,,,,,,,Period-to-period addition,,,,,,,,,,,,,,,,,,,,,,,,,,,,,,,,,,,,,,,,,,,,,,,,,,,,,,,,,,,,,239.41886407348,167.100705553679,981.968172719155,-669.443779798415,494.269032448117,237.184239346891,1181.49299077372,-556.583928466978,625.393577378984,99.082965874125,1221.3498278649,-1045.34657050606,878.460991206363,633.439357948265,1247.80623336098,-1565.81616785254,-667.432098772486,1694.37458315587,2232.44875944389,-569.837188503336,977.710732152505,1419.79596220256,2998.82481015002,-2420.26067599964,1345.48958794321,24.1783208639645,2003.52921392695,-1830.58472847713,1378.29040403965,-68.8926557386276,2195.99734051365,-1785.45480075921,1271.39793935336,828.865547883626,3152.13952845276,-1514.77167265962,1008.47737754828,874.788124575014,3047.84363934541,-2347.0423163419,1766.1568714468,144.326119767688,3165.49941348857,-2605.21697113951,1960.43412730595,282.061927605639,3391.84441430881,,,,,,,,,,,,,,,,,,,,,,3980.41824095649,5582.47726134524,5456.29063357431,3244.39536521385,15910.8635228702,9221.08900249362,6275.17819869881,9310.74235334661,14149.3129509807,11266.0375467313,10967.7101183278,10968.9420898539,10558.6848576556,10105.5746494801,9687.27437356988,9316.7000922272,9150.07379003326,9189.04892791645,9445.45146528073,,,,,,,,,,,,,,,,,,,,,,,,,,,
,,,,,,,,Y/Y Absolute Change,,,,,,,,,,,,,,,,,,,,,,,,,,,,,,,,,,,,,,,,,,,,,,,,,,,,,,,,,,,,,,,,719.043962547899,973.894130922536,1043.97766471575,1243.50248277031,1356.36233410175,1487.48687903261,1349.38560555985,1389.24244265103,900.479800611954,1153.54721443933,1687.90360651347,1714.36001200955,1193.89041466307,-352.002675315781,708.932549891829,1693.57507597474,2689.55405532394,4334.69688624894,4060.11826529562,4826.49431600175,2976.07082850544,3343.84968429615,1948.23204295755,952.936446734484,1542.61239425699,1575.41321035343,1482.34223375084,1674.81036033755,1719.94028805547,1613.04782336918,2510.80602699143,3466.94821493054,3737.63134303013,3474.71078122505,3520.63335791643,3416.33746880908,2584.0668251268,3341.74631902533,2611.284314218,2728.94008836116,2470.76543356355,2665.0426894227,2802.77849726065,3029.12349808089,,,,,,,,,,,,,,,,,,,,,,3980.41824095649,5582.47726134524,5456.29063357431,3244.39536521385,15910.8635228702,9221.08900249362,6275.17819869881,9310.74235334661,14149.3129509807,11266.0375467313,10967.7101183278,10968.9420898539,10558.6848576556,10105.5746494801,9687.27437356988,9316.7000922272,9150.07379003326,9189.04892791645,9445.45146528073,,,,,,,,,,,,,,,,,,,,,,,,,,,
,,,,,,,,% change Y/Y,,,,,,,,,,,,,,,,,,,,,,,,,,,,,,,,,,,,,,,,,,,,,,,,,,,,,,,,,,,,,,,,0.23638363555579,0.296803970690964,0.302745146772614,0.28067882840174,0.36064875431591,0.349572105267197,0.300374175449037,0.244850396282805,0.175969201090704,0.200873620925873,0.288938772611562,0.242721157485065,0.198395220234766,-0.0510430001156844,0.0941522735292684,0.192946261304778,0.372946854448651,0.662372706202173,0.49281828332788,0.460938339249646,0.300577319920015,0.307370399353696,0.158409733735867,0.0622935505238182,0.11979359133145,0.110767187870445,0.104046497749871,0.103062397552548,0.119275751206686,0.102103551494909,0.159626423037533,0.193411314753326,0.231578458596221,0.199567522071658,0.193016446792101,0.159700080646308,0.13,0.16,0.12,0.11,0.11,0.11,0.115,0.11,,,,,,,,,,,,,,,,,,,,,,0.280274965420321,0.307028937205632,0.229596169924492,0.111029507728349,0.490086567148576,0.190611791302004,0.108949046238356,0.145770648825398,0.19334076709929,0.129001512424475,0.111235919046086,0.100112327141477,0.0875982862487928,0.0770864918989377,0.0686069777900545,0.0617462800110491,0.0571153090102204,0.0542595435597094,0.0529030549707166,,,,,,,,,,,,,,,,,,,,,,,,,,,
,,,,,,,,Two-year % change ,,,,,,,,,,,,,,,,,,,,,,,,,,,,,,,,,,,,,,,,,,,,,,,,,,,,,,,,,,,,,,,,,,,,0.5970323898717,0.646376075958161,0.603119322221651,0.525529224684545,0.536617955406614,0.55044572619307,0.589312948060599,0.48757155376787,0.37436442132547,0.149830620810189,0.38309104614083,0.435667418789843,0.571342074683418,0.611329706086488,0.586970556857149,0.653884600554425,0.673524174368666,0.969743105555868,0.651228017063747,0.523231889773465,0.420370911251465,0.418137587224141,0.262456231485738,0.165355948076366,0.239069342538136,0.212870739365354,0.263672920787404,0.296473712305874,0.350854209802907,0.301671073566567,0.352642869829634,0.353111395399634,0.361578458596221,0.359567522071658,0.313016446792101,0.269700080646308,0.24,0.27,0.235,0.22,,,,,,,,,,,,,,,,,,,,,,,0.587303902625953,0.536625107130124,0.340625677652841,0.601116074876924,0.68069835845058,0.29956083754036,0.254719695063754,0.339111415924688,0.322342279523764,0.240237431470561,0.211348246187564,0.18771061339027,0.16468477814773,0.145693469688992,0.130353257801104,0.118861589021269,0.11137485256993,0.107162598530426,,,,,,,,,,,,,,,,,,,,,,,,,,,
,,,,,,,,% change Q/Q,,,,,,,,,,,,,,,,,,,,,,,,,,,,,,,,,,,,,,,,,,,,,,,,,,,,,,,,,,,,,0.0787082632747322,0.050925610226866,0.284762891605388,-0.151104399386518,0.131423223992278,0.0557403194968777,0.263001162484783,-0.0980964814102016,0.12221263386902,0.0172538703904581,0.209073147797561,-0.148001427814953,0.145978608821667,0.0918534076254585,0.165719282903367,-0.178390896136588,-0.0925494326104107,0.258912562381342,0.270975250807501,-0.0544204116102641,0.098746867417473,0.130509231306797,0.243832885006463,-0.158212681672361,0.104485760933111,0.00169997597578209,0.140628927046877,-0.112648246934602,0.0955827504387723,-0.00436080364197611,0.139612218824472,-0.0996055144291781,0.078774054484241,0.0476052983792175,0.172814010924145,-0.0708095030110745,0.0507347789176633,0.0418841188318644,0.140061821200415,-0.0946062011030275,0.0786303925172474,0.00595708025145547,0.12988269779684,-0.0946062011030274,0.0786303925172471,0.0104884184507863,0.124815959241697,,,,,,,,,,,,,,,,,,,,,,,,,,,,,,,,,,,,,,,,,,,,,,,,,,,,,,,,,,,,,,,,,,,
,,,,,,,,YoY Accel/Decel in bp,,,,,,,,,,,,,,,,,,,,0,0,0,0,0,0,0,0,0,0,0,0,0,0,0,0,0,0,0,0,0,0,0,0,0,0,0,0,0,0,0,0,0,0,0,0,0,0,0,0,0,0,0,0,2363.8363555579,2968.03970690964,3027.45146772614,2806.7882840174,1242.6511876012,527.681345762334,-23.7097132357689,-358.284321189353,-1846.79553225206,-1486.98484341324,-114.354028374752,-21.292387977403,224.260191440624,-2519.16621041558,-1947.86499082293,-497.748961802864,1745.51634213885,7134.15706317857,3986.66009798612,2679.92077944868,-723.695345286361,-3550.02306848477,-3344.08549592014,-3986.44788725828,-1807.83728588565,-1966.0321148325,-543.632359859954,407.688470287295,-5.17840124763858,-86.6363637553658,555.799252876619,903.489172007785,1123.02707389535,974.639705767491,333.900237545677,-337.112341070187,-1015.78458596221,-395.67522071658,-730.164467921007,-497.000806463076,-200,-500,-49.9999999999999,0,,,,,,,,,,,0,0,0,0,0,0,0,0,0,0,0,2802.74965420321,267.539717853111,-774.327672811397,-1185.66662196144,3790.57059420227,-2994.74775846572,-816.627450636476,368.216025870425,475.70118273891,-643.392546748149,-177.655933783885,-111.235919046086,-125.140408926847,-105.117943498551,-84.7951410888315,-68.6069777900545,-46.3097100082868,-28.5576545051102,-13.5648858899273,,,,,,,,,,,,,,,,,,,,,,,,,,,
,,,,,,,,,,,,,,,,,,,,,,,,,,,,,,,,,,,,,,,,,,,,,,,,,,,,,,,,,,,,,,,,,,,,,,,,,,,,,,,,,,,,,,,,,,,,,,,,,,,,,,,,,,,,,,,,,,,,,,,,,,,,,,,,,,,,,,,,,,,,,,,,,,,,,,,,,,,,,,,,,,,,,,,,,,,,,,,,,,,,,,
,,,,,,,,"Other Americas ex-FX/hedge Y/Y (in dollars, reported)",,,,,,,,,,,,,,,,,,,,,,,,,,,,,,,,,,,,,,,,,,,,,,,,,,,,,,,,,,,,,,,,1194,1401,1532,1872,1712,1893,1995,2412,2098,2308,2356,2765,2253,2079,2675,3374,3096,3252,3571,4398,3923,4310,4303,4870,4247,4817,4659,5251,4805,5243,5679,6299,5733,6087,6115,6800,5913.29,6652.6,6792.8,7624.59,7051.21852292447,7605.6586031069,7685.42993313011,8644.6942424186,,,,,,,,,,,,,,,,,,,,,,5999,8012,9527,10381,14317,17406,18974,22026,24735,26983.28,30987.0013015801,34089.1821130173,37075.3360457406,39933.3436374809,42673.0496575002,45307.9517305776,47895.7293942897,50494.5298096832,53165.8446959254,,,,,,,,,,,,,,,,,,,,,,,,,,,
,,,,,,,,Period-to-period addition,,,,,,,,,,,,,,,,,,,,,,,,,,,,,,,,,,,,,,,,,,,,,,,,,,,,,,,,,,,,,,,,,207,131,340,-160,181,102,417,-314,210,48,409,-512,-174,596,699,-278,156,319,827,-475,387,-7,567,-623,570,-158,592,-446,438,436,620,-566,354,28,685,-886.71,739.31,140.200000000001,831.79,-573.371477075532,554.440080182434,79.7713300232081,959.264309288487,,,,,,,,,,,,,,,,,,,,,,5999,2013,1515,854,3936,3089,1568,3052,2709,2248.28,4003.72130158008,3102.18081143717,2986.15393272331,2858.00759174036,2739.70602001926,2634.90207307741,2587.77766371209,2598.8004153935,2671.31488624216,,,,,,,,,,,,,,,,,,,,,,,,,,,
,,,,,,,,Y/Y Absolute Change,,,,,,,,,,,,,,,,,,,,,,,,,,,,,,,,,,,,,,,,,,,,,,,,,,,,,,,,,,,,,,,,1194,1401,1532,1872,518,492,463,540,386,415,361,353,155,-229,319,609,843,1173,896,1024,827,1058,732,472,324,507,356,381,558,426,1020,1048,928,844,436,501,180.29,565.6,677.800000000001,824.590000000001,1137.92852292447,953.058603106902,892.62993313011,1020.1042424186,,,,,,,,,,,,,,,,,,,,,,5999,2013,1515,854,3936,3089,1568,3052,2709,2248.28,4003.72130158008,3102.18081143717,2986.15393272331,2858.00759174036,2739.70602001926,2634.90207307741,2587.77766371209,2598.8004153935,2671.31488624216,,,,,,,,,,,,,,,,,,,,,,,,,,,
,,,,,,,,Y/Y currency gain / (loss) - disclosed,,,,,,,,,,,,,,,,,,,,,,,,,,,,,,,,,,,,,,,,,,,,,,,,,,,,,,,,,,,,,,,,77,8,26,37,19,-44,-168,-211,-192,-184,-66,-99,-96,-240,-304,-324,-191,112,117,49,-81,30,-165,-214,-167,-306,-106,-75,-152,-305,-586,-565,-500,-352,-50,69,439.159119751773,199.344687483696,99.9622718655692,163.422831007744,0,0,0,0,,,,,,,,,,,,,,,,,,,,,,148,-404,-541,-964,87,-430,-654,-1608,-833,901.888910108783,0,0,0,0,0,0,0,0,0,,,,,,,,,,,,,,,,,,,,,,,,,,,
,,,,,,,,Y/Y hedge gain / (loss) - disclosed,,,,,,,,,,,,,,,,,,,,,,,,,,,,,,,,,,,,,,,,,,,,,,,,,,,,,,,,,,,,,,,,0,4,-12,-14,-7,0,8,0,-2,5,3,0,0,0,0,0,0,0,0,0,0,0,0,0,0,0,0,0,0,0,0,0,0,0,0,0,0,0,0,0,0,0,0,0,,,,,,,,,,,,,,,,,,,,,,-22,1,6,0,0,0,0,0,0,0,0,0,0,0,0,0,0,0,0,,,,,,,,,,,,,,,,,,,,,,,,,,,
,,,,,,,,Other Americas revenue ex-FX - % change Y/Y,,,,,,,,,,,,,,,,,,,,,,,,,,,,,,,,,,,,,,,,,,,,,,,,,,,,,,,,,,,,,,,,,,,,0.346970889063729,0.347330960854092,0.270700636942675,0.254290171606864,0.207134637514384,0.248242293131422,0.295217152281473,0.256247160381645,0.180817610062893,-0.0188768286927796,0.169654569304766,0.265566391597899,0.435326842837274,0.768352365415987,0.506115563053564,0.441967213114754,0.350430292598967,0.281212841854935,0.16675704989154,0.0951203058241512,0.105413846954711,0.109907834101382,0.125906234896085,0.127792096219931,0.177696078431373,0.16227000665041,0.247309466285965,0.216962905718702,0.2321083172147,0.232685297691373,0.200667582957,0.185908615277293,0.13,0.16,0.12,0.11,0.11,0.11,0.115,0.11,,,,,,,,,,,,,,,,,,,,,,,0.298751823634301,0.252399106086499,0.156013363028953,0.520335563342891,0.208414329352957,0.117695570216777,0.202292576419214,0.211431090214517,0.12891306166848,0.111235919046086,0.100112327141477,0.0875982862487927,0.0770864918989374,0.0686069777900544,0.0617462800110491,0.0571153090102206,0.0542595435597091,0.0529030549707166,,,,,,,,,,,,,,,,,,,,,,,,,,,
,,,,,,,,Impact - points of growth,,,,,,,,,,,,,,,,,,,,,,,,,,,,,,,,,,,,,,,,,,,,,,,,,,,,,,,,,,,,,,,,,,,,0.014948859166011,-0.0350527493565764,-0.0980433840543569,-0.101330506860924,-0.106037006087463,-0.0995132504056246,-0.0417962436881509,-0.044979554747842,-0.0491282081741209,-0.115303962267672,-0.134283390265465,-0.121530382595649,-0.0885489105238759,0.0609026644915716,0.0493462673977225,0.0160655737704918,-0.0278829604130808,0.00891795481569546,-0.0447396963123643,-0.0481223296604454,-0.0434669442998437,-0.0705069124423963,-0.0256162397293378,-0.0161082474226804,-0.0372549019607844,-0.0676125027710042,-0.128706347463211,-0.109157650695518,-0.107457554266065,-0.0712839206156337,-0.00981739642646762,0.012033484478549,0.0839211006596166,0.0347593177826846,0.0164818255343067,0.023791356967207,0,0,0,0,,,,,,,,,,,,,,,,,,,,,,,-0.0610749080657305,-0.0712739746459103,-0.10804986425308,0.00923861102261858,-0.0298528186614828,-0.0385249764373232,-0.0877729257641922,-0.0407973356842002,0.0377327801066347,0,0,0,0,0,0,0,0,0,,,,,,,,,,,,,,,,,,,,,,,,,,,
,,,,,,,,Y/Y Abs Change (Constant Currency),,,,,,,,,,,,,,,,,,,,,,,,,,,,,,,,,,,,,,,,,,,,,,,,,,,,,,,,,,,,,,,,,,,,518,492,463,540,386,415,361,353,155,-229,319,609,843,1173,896,1024,827,1058,732,472,324,507,356,381,558,426,1020,1048,928,844,436,501,180.29,565.6,677.800000000001,824.590000000001,1137.92852292447,953.058603106902,892.62993313011,1020.1042424186,,,,,,,,,,,,,,,,,,,,,,,2013,1515,854,3936,3089,1568,3052,2709,2248.28,4003.72130158008,3102.18081143717,2986.15393272331,2858.00759174036,2739.70602001926,2634.90207307741,2587.77766371209,2598.8004153935,2671.31488624216,,,,,,,,,,,,,,,,,,,,,,,,,,,
,,,,,,,,,,,,,,,,,,,,,,,,,,,,,,,,,,,,,,,,,,,,,,,,,,,,,,,,,,,,,,,,,,,,,,,,,,,,,,,,,,,,,,,,,,,,,,,,,,,,,,,,,,,,,,,,,,,,,,,,,,,,,,,,,,,,,,,,,,,,,,,,,,,,,,,,,,,,,,,,,,,,,,,,,,,,,,,,,,,,,,
,,,,,,,,Other Americas ex-FX/hedge Q/Q (in dollars),,,,,,,,,,,,,,,,,,,,,,,,,,,,,,,,,,,,,,,,,,,,,,,,,,,,,,,,,,,,,,,,1262,1408,1540,1935,1757,1914,1901,2228,1903,2162,2274,2723,2171,2029,2336,3061,2828,3371,3634,4560,3854,4231,4290,4797,4063,4503,4494,5327,4725,5002,5271,5815,5377,5626,5975,6839,6219.1500046233,6851.9446874837,6892.76227186557,7788.01283100775,7051.21852292447,7605.6586031069,7685.42993313011,8644.6942424186,,,,,,,,,,,,,,,,,,,,,,,,,,,,,,,,,,,,,,,,,,,,,,,,,,,,,,,,,,,,,,,,,,,
,,,,,,,,Q/Q currency gain / (loss) - disclosed,,,,,,,,,,,,,,,,,,,,,,,,,,,,,,,,,,,,,,,,,,,,,,,,,,,,,,,,,,,,,,,,9,-3,30,-12,-12,-65,-82,-27,1,-43,13,-57,-14,-190,35,-11,77,-7,54,-113,-12,109,-152,-141,17,8,59,-151,-72,-64,-178,-81,-144,109,90,30,133.299115128469,0,0,0,0,0,0,0,,,,,,,,,,,,,,,,,,,,,,,,,,,,,,,,,,,,,,,,,,,,,,,,,,,,,,,,,,,,,,,,,,,
,,,,,,,,Q/Q hedge gain / (loss) - disclosed,,,,,,,,,,,,,,,,,,,,,,,,,,,,,,,,,,,,,,,,,,,,,,,,,,,,,,,,,,,,,,,,0,4,-12,-14,-14,0,8,0,2,5,3,0,0,0,0,0,0,0,0,0,0,0,0,0,0,0,0,0,0,0,0,0,0,0,0,0,0,0,0,0,0,0,0,0,,,,,,,,,,,,,,,,,,,,,,,,,,,,,,,,,,,,,,,,,,,,,,,,,,,,,,,,,,,,,,,,,,,
,,,,,,,,Other Americas revenue ex-FX - % change Q/Q,,,,,,,,,,,,,,,,,,,,,,,,,,,,,,,,,,,,,,,,,,,,,,,,,,,,,,,,,,,,,,,,,0.107789142407553,0.0960854092526691,0.232484076433121,-0.0863234529381175,0.0968481375358166,0.0281233098972418,0.224848818031886,-0.135393003180373,0.135504201680672,0.0731477111845209,0.190642763445562,-0.185671417854464,-0.0593416782568382,0.270255573681349,0.291016448755799,-0.0727868852459016,0.160413080895009,0.0802615933412605,0.236442516268981,-0.13334832471329,0.101249349297241,-0.0115207373271889,0.159255679072015,-0.127362542955326,0.103676470588235,-0.00376856572821993,0.169997803645948,-0.0871329211746522,0.0750053728777134,0.0674362089914946,0.141763204398194,-0.0622602023020579,0.0751003248614561,0.041848299912816,0.127617477328936,-0.0946062011030275,0.0786303925172474,0.00595708025145525,0.12988269779684,-0.0946062011030274,0.0786303925172471,0.0104884184507863,0.124815959241697,,,,,,,,,,,,,,,,,,,,,,,,,,,,,,,,,,,,,,,,,,,,,,,,,,,,,,,,,,,,,,,,,,,
,,,,,,,,Q/Q Abs Change (Constant Currency),,,,,,,,,,,,,,,,,,,,,,,,,,,,,,,,,,,,,,,,,,,,,,,,,,,,,,,,,,,,,,,,,146,132,395,-178,157,-13,327,-325,259,112,449,-552,-142,307,725,-233,543,263,926,-706,377,59,507,-734,440,-9,833,-602,277,269,544,-438,249,349,864,-619.849995376696,632.794682860393,40.8175843818735,895.250559142175,-736.794308083277,554.440080182434,79.7713300232081,959.264309288487,,,,,,,,,,,,,,,,,,,,,,,,,,,,,,,,,,,,,,,,,,,,,,,,,,,,,,,,,,,,,,,,,,,
,,,,,,,,,,,,,,,,,,,,,,,,,,,,,,,,,,,,,,,,,,,,,,,,,,,,,,,,,,,,,,,,,,,,,,,,,,,,,,,,,,,,,,,,,,,,,,,,,,,,,,,,,,,,,,,,,,,,,,,,,,,,,,,,,,,,,,,,,,,,,,,,,,,,,,,,,,,,,,,,,,,,,,,,,,,,,,,,,,,,,,
,,,,,,,,Exchange rate,,,,,,,,,,,,,,,,,,,,,,,,,,,,,,,,,,,,,,,,,,,,,,,,,,,,,,,,0.370350134821908,0.357314140495994,0.328813313450445,0.321857287351185,0.311323527532465,0.327921754863598,0.33697067709352,0.325708677703157,0.337951412547214,0.330186985057529,0.349483093277352,0.338923788675313,0.339635016007913,0.321976699733493,0.311380119902739,0.31162023372116,0.317062668029513,0.307270724996919,0.303733055555556,0.303733055555556,0.299100277777778,0.281012361111111,0.287792638888889,0.291280138888889,0.293399305555556,0.309222638888889,0.299869361111111,0.290700833333333,0.298355555555556,0.305145083333333,0.290448722222222,0.286515138888889,0.282943,0.285539656122222,0.289460474555556,0.288754519277778,0.288293432111111,0.283610489055556,0.279220430977778,0.268041512522222,0.263263315555556,0.274586971122222,0.278713426966667,0.276880391483333,0.28281495025,0.28281495025,0.28281495025,0.28281495025,0.28281495025,0.28281495025,0.28281495025,0.28281495025,,,,,,,,,,,,,,,,,,,,,0.325708677703157,0.338923788675313,0.31162023372116,0.303733055555556,0.291280138888889,0.290700833333333,0.286515138888889,0.288754519277778,0.268041512522222,0.276880391483333,0.28281495025,0.28281495025,0.28281495025,0.28281495025,0.28281495025,0.28281495025,0.28281495025,0.28281495025,0.28281495025,0.28281495025,,,,,,,,,,,,,,,,,,,,,,,,,,,
,,,,,,,,% change Y/Y,,,,,,,,,,,,,,,,,,,,,,,,,,,,,,,,,,,,,,,,,,,,,,,,,,,,,,,,,,,,-0.159380547594044,-0.0822592287884144,0.0248084956094827,0.011966143080582,0.0855312324956619,0.00690783749578583,0.037132062325882,0.0405734077008513,0.00498179145934063,-0.0248655631372201,-0.109026657104622,-0.080559570813453,-0.0664606030429862,-0.0456740340178208,-0.0245586145627155,-0.0253102247932397,-0.0566524919611897,-0.085456770689988,-0.0524816656438997,-0.0409995436416663,-0.0190604043051338,0.100388031566424,0.0419632769929352,-0.00198882614436202,0.0168925076036406,-0.0131864716315957,-0.0314158100513584,-0.0143986324237497,-0.0516583494711754,-0.0642495268052363,-0.00340248584709058,0.0078159234362738,0.0189099292476262,-0.00675621415556016,-0.0353763103356358,-0.071732234035201,-0.0868216676747207,-0.0318165874731301,-0.00181578407187366,0.0329757837804257,0.0742664607607224,0.029964929123004,0.0147159156556309,0.0214336549254117,0,0,0,0,,,,,,,,,,,,,,,,,,,,,,0.0405734077008513,-0.080559570813453,-0.0253102247932397,-0.0409995436416663,-0.00198882614436202,-0.0143986324237497,0.0078159234362738,-0.071732234035201,0.0329757837804257,0.0214336549254117,0,0,0,0,0,0,0,0,0,,,,,,,,,,,,,,,,,,,,,,,,,,,
,,,,,,,,% change Q/Q,,,,,,,,,,,,,,,,,,,,,,,,,,,,,,,,,,,,,,,,,,,,,,,,,,,,,,,,,,,,-0.0327280451078518,0.0533150432371439,0.0275947603222786,-0.0334213038579534,0.0375879909936383,-0.0229749816139618,0.0584399418906854,-0.0302140641569141,0.00209848749590713,-0.0519920368693945,-0.0329110144911866,0.000771127644552117,0.0174649580464117,-0.0308833048477419,-0.0115132004241509,0,-0.0152527941659298,-0.060474422829207,0.0241280410262694,0.0121181000788089,0.00727535586446182,0.0539310524384904,-0.0302477134642738,-0.0305750735713896,0.0263319583038311,0.0227564985848352,-0.0481618807374233,-0.0135431249386725,-0.0124675397702954,0.00917731176322523,0.0137312571100634,-0.00243886588958897,-0.00159681368042275,-0.0162436688940966,-0.0154791809442483,-0.0400361764947109,-0.0178263319054749,0.0430126603198426,0.0150278646782833,-0.00657677494508568,0.0214336549254117,0,0,0,0,0,0,0,,,,,,,,,,,,,,,,,,,,,,,,,,,,,,,,,,,,,,,,,,,,,,,,,,,,,,,,,,,,,,,,,,,
,,,,,,,,,,,,,,,,,,,,,,,,,,,,,,,,,,,,,,,,,,,,,,,,,,,,,,,,,,,,,,,,,,,,,,,,,,,,,,,,,,,,,,,,,,,,,,,,,,,,,,,,,,,,,,,,,,,,,,,,,,,,,,,,,,,,,,,,,,,,,,,,,,,,,,,,,,,,,,,,,,,,,,,,,,,,,,,,,,,,,,
,,,,,,,,UK revenue in dollars (reported),,,,,,,,,,,,76.221,81.421,107.91,137.25,186.215,199.164,233.207,259.524,342.871,369.949,422.494,468.528,578.359,599.514,661.016,692.027,802.973,773.958,776.16,685.397,733,715,765,772,842,770,840,878,969,976,1047,1064,1150,1175,1216,1305,1387,1321,1389,1503,1583,1616,1627,1657,1675,1678,1792,1922,1921,1914,1890,2062,2025,1989.4335876184,2167.73981469484,2443.98085046957,,,,,,,,,,,,,,,,,,,,,,,,,,,,,,,,,,,,,,,,,,,,,,,,,402.802,878.11,1603.842,2530.916,3038.488,2985,3330,4056,4846,5600,6483,7067,7787,8626.15425278281,9688.52190723466,10754.2593170305,11829.6852487335,12894.3569211195,14054.8490440203,14968.4142318816,15866.5190857945,16659.8450400842,17492.8372920884,18367.4791566929,19285.8531145275,20250.1457702539,21262.6530587666,,,,,,,0.169210459374467,0.134010895297682,0.116162384968087,0.0998844601496798,0.110897897360517,,,,,,,,,,,,,,,,,,,,,
,,,,,,,,Period-to-period addition,,,,,,,,,,,,,,,,48.965,12.949,34.043,26.317,83.347,27.078,52.545,46.0340000000002,109.831,21.155,61.502,31.0110000000001,110.946,-29.015,2.202,-90.763,47.6030000000001,-18,50,7,70,-72,70,38,91,7,71,17,86,25,41,89,82,-66,68,114,80,33,11,30,18,3,114,130,-1,-7,-24,172,-37,-35.5664123816036,178.306227076444,276.241035774729,,,,,,,,,,,,,,,,,,,,,,,,,,,,,,,,,,,,,,,,,,,,,,,0,0,402.802,475.308,725.732,927.074,507.572,-53.4879999999998,345,726,790,754,883,584,720,839.154252782806,1062.36765445185,1065.73740979581,1075.42593170305,1064.67167238602,1160.49212290076,913.565187861319,898.104853912897,793.325954289725,832.992252004213,874.641864604422,918.373957834643,964.292655726378,1012.5072885127,,,,,,,,,,,,,,,,,,,,,,,,,,,,,,,,
,,,,,,,,% change Y/Y,,,,,,,,,,,,,,,,1.44309311082248,1.44610112870144,1.16112501158373,0.890885245901639,0.841264130172113,0.857509389247053,0.811669461036761,0.805335922689232,0.68681224133858,0.620531478663275,0.564557129805394,0.477023785131304,0.388364320430736,0.29097569030915,0.174192455250705,-0.00958055104786393,-0.0871424070298752,-0.0761772602647689,-0.014378478664193,0.126354506949987,0.148703956343793,0.0769230769230769,0.0980392156862746,0.137305699481865,0.15083135391924,0.267532467532468,0.246428571428571,0.211845102505695,0.186790505675955,0.203893442622951,0.161413562559694,0.226503759398496,0.206086956521739,0.124255319148936,0.142269736842105,0.151724137931035,0.141312184571017,0.22331566994701,0.171346292296616,0.102461743180306,0.0581174984207202,0.0383663366336633,0.101413644744929,0.15992757996379,0.146865671641791,0.140643623361144,0.0546875,0.0728407908428721,0.054138469547111,0.0394114877839062,0.146952282907323,0.185247745135582,,,,,,,,,,,,,,,,,,,,,,,,,,,,,,,,,,,,,,,,,,,,,,,,,NA,1.18000407147929,0.826470487752104,0.578033247664047,0.200548734134203,-0.0176034922632572,0.115577889447236,0.218018018018018,0.194773175542406,0.155592241023525,0.157678571428571,0.0900817522751813,0.101881986698741,0.10776348436918,0.123156579782831,0.11,0.1,0.0900000000000001,0.0900000000000001,0.065,0.0600000000000001,0.05,0.05,0.05,0.05,0.05,0.05,,,,,,,,,,,,,,,,,,,,,,,,,,,,,,,,
,,,,,,,,% change Q/Q,,,,,,,,,,,,,0.068222668293515,0.325333759103917,0.271893244370309,0.356757741347905,0.0695378997395484,0.170929485248338,0.112848242119662,0.321153342272776,0.0789743081217136,0.142033091047685,0.108957760346893,0.234417153297134,0.0365776273906,0.102586428340289,0.0469141442869765,0.160320334322216,-0.0361344652933535,0.00284511562642931,-0.116938517831375,0.0694531782310108,-0.0245566166439291,0.06993006993007,0.00915032679738559,0.0906735751295338,-0.0855106888361045,0.0909090909090908,0.0452380952380953,0.103644646924829,0.00722394220846234,0.0727459016393444,0.0162368672397326,0.0808270676691729,0.0217391304347827,0.0348936170212766,0.0731907894736843,0.0628352490421456,-0.0475847152126893,0.0514761544284632,0.08207343412527,0.053226879574185,0.0208464939987365,0.00680693069306937,0.018438844499078,0.0108630054315026,0.00179104477611935,0.0679380214541121,0.0725446428571428,-0.000520291363163339,-0.0036439354502863,-0.012539184952978,0.091005291005291,-0.0179437439379243,-0.0175636604353598,0.0896266295020682,0.127432745342464,,,,,,,,,,,,,,,,,,,,,,,,,,,,,,,,,,,,,,,,,,,,,,,,,,,,,,,,,,,,,,,,,,,,,,,,,,,,,,,,,,,,,,,,,,,,,,,,,,,,,,,,,,,
,,,,,,,,% of total gross revenue,,,,,,,,,,,,0.116971009310598,0.116280497906348,0.133902147571558,0.133058523452716,0.14819946582455,0.143853173900953,0.147743744519961,0.135232633332517,0.152133217674503,0.150631252313221,0.157080061405234,0.146163872197081,0.15785032141357,0.154833760977896,0.15621866396808,0.143375393308733,0.154833463586785,0.144201123413795,0.14006591485784,0.120226020294325,0.133055000907606,0.129458627557487,0.128679562657696,0.115680334477999,0.124280442804428,0.112903225806452,0.115289596486412,0.104028436018957,0.113002915451895,0.108132062929315,0.107716049382716,0.100529100529101,0.108031939877877,0.107168916453849,0.105500607322575,0.101123595505618,0.107095977144622,0.10078583962768,0.100988803257234,0.0956898198255555,0.102658884565499,0.101284863679097,0.0984688010651819,0.0915317903109982,0.0970564375941592,0.09465786653128,0.0959571619812584,0.090112054010971,0.0948314163005381,0.0890232558139535,0.0841833325909759,0.0791129527317373,0.0818181818181818,0.0764872582706035,0.0780548687417125,0.0756112010169096,,,,,,,,,,,,,,,,,,,,,,,,,,,,,,,,,,,,,,,,,,,,,,,,,0.126300983029409,0.143048206745556,0.15123569566834,0.152520075646683,0.139408640754649,0.126212640265688,0.113570478496641,0.107004352987732,0.105256298870547,0.0999214902576547,0.0982257844578112,0.0942404886049954,0.0862615207373272,0.0776963021759512,0.0707423745553989,0.0664429670451724,0.0648106047255119,0.0500485447397677,0.0496925746511063,0.048694555625294,0.0453305803867073,0.0413563957543125,0.0361390443690122,0.0323620086796416,0.029221410545557,0.0266007444916238,0.024396562713755,,,,,,,,,,,,,,,,,,,,,,,,,,,,,,,,
,,,,,,,,,,,,,,,,,,,,,,,,,,,,,,,,,,,,,,,,,,,,,,,,,,,,,,,,,,,,,,,,,,,,,,,,,,,,,,,,,,,,,,,,,,,,,,,,,,,,,,,,,,,,,,,,,,,,,,,,,,,,,,,,,,,,,,,,,,,,,,,,,,,,,,,,,,,,,,,,,,,,,,,,,,,,,,,,,,,,,,
,,,,,,,,UK revenue in pounds at current FX rates (ex-hedge),,,,,,,,,,,,43.5884916835541,44.8629479120316,59.6089177725057,74.1444526975229,97.4658614325051,106.276543700362,130.731210068826,147.743689978035,196.100045295373,204.636700146712,225.580862953471,244.779370924484,295.367533514599,302.8205955895,327.481600619977,336.433609054443,403.652810448019,390.608508217793,401.808504101114,411.379581696552,453.679697766158,429.357191988062,449.893697414874,468.826725119732,526.62127511974,500.611265686597,540.758174270813,555.373683119288,603.892610413316,595.503424419257,644.281458488306,668.957124716897,717.393615096666,758.860755093739,761.797120960917,813.652540539583,900.55714644469,855.484466723831,886.935275316475,916.333892779289,944.595280007161,963.424966216037,979.678151340705,1056.16067332733,1070.92035801482,1064.25540294748,1152.14624298894,1250.91377158408,1348.30693120176,1289.59147157502,1378.94268996596,1543.14169562459,1554.16377269961,1541.06180853215,1682.31008175847,1805.47578388076,,,,,,,,,,,,,,,,,,,,,,,,,,,,,,,,,,,,,,,,,,,,,,,,,223.006159125851,479.511907106334,873.637783697596,1263.35794640565,1605.75725754338,1802.97848121383,2124.58063548137,2511.65969936998,3052.02710576832,3561.34529834725,3939.21080403943,4535.99291406472,5539.73841488336,6565.81371709917,7485.02763749306,8308.3806776173,9139.21874537903,9961.74843246314,10858.3057913848,11564.0956678248,12257.9414078943,12870.838478289,13514.3804022035,14190.0994223137,14899.6043934294,15644.5846131008,16426.8138437559,,,,,,,0.16184842891559,0.141198854431043,0.158666342098925,0.185658934265719,0.18169939614788,,,,,,,,,,,,,,,,,,,,,
,,,,,,,,Period-to-period addition,,,,,,,,,,,,,,,,23.3214087349822,8.81068226785646,24.4546663684648,17.0124799092085,48.3563553173384,8.53665485133834,20.9441628067589,19.1985079710138,50.5881625901144,7.45306207490091,24.6610050304776,8.95200843446571,67.2192013935758,-13.0443022302262,11.199995883321,9.57107759543862,42.3001160696062,-24.322505778096,20.536505426812,18.9330277048575,57.7945500000081,-26.0100094331426,40.1469085842158,14.6155088484749,48.5189272940276,-8.38918599405895,48.7780340690491,24.6756662285915,48.4364903797689,41.467139997073,2.93636586717798,51.8554195786656,86.9046059051073,-45.072679720859,31.450808592644,29.3986174628141,28.2613872278715,18.8296862088765,16.2531851246679,76.4825219866278,14.7596846874903,-6.66495506734668,87.8908400414666,98.7675285951323,97.3931596176847,-58.7154596267401,89.3512183909427,164.199005658623,11.0220770750254,-13.1019641674618,141.248273226325,123.16570212229,,,,,,,,,,,,,,,,,,,,,,,,,,,,,,,,,,,,,,,,,,,,,,,0,0,223.006159125851,256.505747980483,394.125876591262,389.720162708051,342.399311137728,197.221223670456,321.602154267536,387.079063888611,540.367406398344,509.318192578926,377.865505692182,596.782110025289,1003.74550081864,1026.07530221581,919.213920393885,823.353040124238,830.83806776173,822.529687084114,896.557358921684,705.789876440012,693.845740069492,612.897070394716,643.541923914452,675.719020110175,709.504971115684,744.980219671468,782.229230655043,,,,,,,,,,,,,,,,,,,,,,,,,,,,,,,,
,,,,,,,,Y/Y Absolute Change,,,,,,,,,,,,,,,,53.8773697489509,61.4135957883299,71.1222922963206,73.599237280512,98.6341838628682,98.3601564463501,94.8496528846441,97.0356809464495,99.2674882192254,98.183895442788,101.900737666507,91.6542381299586,108.28527693342,87.7879126282929,74.3269034811363,74.9459726421092,50.0268873181396,38.7486837702698,48.0851933137608,57.4471434231797,72.9415773535816,71.254073698535,90.8644768559388,86.5469579995561,77.2713352935756,94.8921587326593,103.523284217493,113.583441597609,113.501004683351,163.357330674482,117.515662472611,144.695415822686,183.163531348024,96.6237116300919,125.138154355558,102.681352239706,44.0381335624705,107.940499492206,92.74287602423,139.826780548044,126.325078007663,100.830436731439,172.468091648238,194.753098256743,277.386573186937,225.336068627543,226.79644697702,292.22792404051,205.856841497851,251.470336957129,303.367391792512,262.334088256179,,,,,,,,,,,,,,,,,,,,,,,,,,,,,,,,,,,,,,,,,,,,,,,,,,,,,,,,,,509.318192578926,377.865505692182,596.782110025289,1003.74550081864,1026.07530221581,919.213920393885,823.353040124238,830.83806776173,822.529687084114,896.557358921684,705.789876440012,693.845740069492,612.897070394716,643.541923914452,675.719020110175,709.504971115684,744.980219671468,782.229230655043,,,,,,,,,,,,,,,,,,,,,,,,,,,,,,,,
,,,,,,,,% change Y/Y,,,,,,,,,,,,NA,NA,NA,NA,1.23604574666388,1.36891574554466,1.19314852465121,0.992646578440128,1.01198699127255,0.925511434806056,0.725531820861357,0.656783927360118,0.506208390057764,0.479796123434342,0.451725985672487,0.374436120919007,0.366611982180052,0.28990073299802,0.226965128240558,0.222766009771578,0.123935436650656,0.0992008186075266,0.119671915409885,0.139645101456578,0.16077769781794,0.16595523500749,0.201968770351871,0.184603294484659,0.146730371415409,0.189552583485138,0.19144099736835,0.204517147733147,0.187948987495754,0.274318037438308,0.182398020188787,0.216299984672292,0.255318039488466,0.127327327156556,0.164267035031205,0.12619803555411,0.0489009872791846,0.126174704148137,0.104565551292497,0.152593701542504,0.133734606430285,0.104658318257479,0.17604566500969,0.184397225891011,0.259016995158381,0.21173119535355,0.196846926644187,0.233611565144456,0.152678026593224,0.195,0.22,0.17,,,,,,,,,,,,,,,,,,,,,,,,,,,,,,,,,,,,,,,,,,,,,,,,,NA,1.15021822260849,0.82193136552053,0.446088951256887,0.271023198224922,0.122821318567279,0.178372708059734,0.182190808587931,0.215143558872203,0.166878659634548,0.106101900837176,0.151497886178958,0.221284627166488,0.185220894087544,0.14,0.11,0.1,0.09,0.09,0.065,0.06,0.05,0.05,0.05,0.05,0.05,0.05,,,,,,,,,,,,,,,,,,,,,,,,,,,,,,,,
,,,,,,,,Two-year % change ,,,,,,,,,,,,,,,,,,,,2.24803273793643,2.29442718035072,1.91868034551257,1.64943050580025,1.51819538133032,1.4053075582404,1.17725780653384,1.03122004827913,0.872820372237816,0.769696856432362,0.678691113913045,0.597202130690585,0.490547418830708,0.389101551605547,0.346637043650443,0.362411111228156,0.284713134468596,0.265156053615017,0.321640685761756,0.324248395941237,0.307508069233349,0.355507818492628,0.393409767720221,0.389120442217806,0.334679358911163,0.463870620923446,0.373839017557138,0.420817132405439,0.44326702698422,0.401645364594865,0.346665055219992,0.342498020226402,0.30421902676765,0.253502031304693,0.268832586323702,0.278791737096614,0.18263559370947,0.230833022405616,0.280611216302187,0.336990927433515,0.392751601588666,0.31638951361103,0.372892591653877,0.418008791035467,0.411695021751605,0.40673119535355,0.416846926644187,0.403611565144456,,,,,,,,,,,,,,,,,,,,,,,,,,,,,,,,,,,,,,,,,,,,,,,,,,,,,,,,,,,0.272980560471724,0.257599787016134,0.372782513345447,0.406505521254033,0.325220894087544,0.25,0.21,0.19,0.18,0.155,0.125,0.11,0.1,0.1,0.1,0.1,0.1,,,,,,,,,,,,,,,,,,,,,,,,,,,,,,,,
,,,,,,,,% change Q/Q,,,,,,,,,,,,NA,0.0292383649732548,0.328689275822633,0.24384832787086,0.314540169716046,0.0903976237254913,0.230104080514821,0.130133270396961,0.327298954862489,0.0435321411500957,0.102348028441347,0.0851069887740159,0.206668406733185,0.0252331797818683,0.0814376742852319,0.0273359126665989,0.19979930537409,-0.0323156482318262,0.0286732000140564,0.0238199975803153,0.102825025722371,-0.0536116248927512,0.0478308173474895,0.042083336160627,0.123274862339062,-0.0493903506409394,0.0801957753171088,0.0270278093681768,0.0873626690798854,-0.0138918507188177,0.0819105853448587,0.0382995132073001,0.0724059713098462,0.0578024938115533,0.0038694396138792,0.0680698550202661,0.106808006581625,-0.0500497718537923,0.0367637400981553,0.0331462940768976,0.0308418006259195,0.0199341311643371,0.0168702137629919,0.0780690289785071,0.0139748478240449,-0.00622357677437524,0.082584349394,0.0857248193935047,0.0778576124350701,-0.0435475471259399,0.0692864526172892,0.119076018788479,0.0071426215144581,-0.00843023392875997,0.0916564620862699,0.0732122475266559,,,,,,,,,,,,,,,,,,,,,,,,,,,,,,,,,,,,,,,,,,,,,,,,,,,,,,,,,,,,,,,,,,,,,,,,,,,,,,,,,,,,,,,,,,,,,,,,,,,,,,,,,,,
,,,,,,,,,,,,,,,,,,,,,,,,,,,,,,,,,,,,,,,,,,,,,,,,,,,,,,,,,,,,,,,,,,,,,,,,,,,,,,,,,,,,,,,,,,,,,,,,,,,,,,,,,,,,,,,,,,,,,,,,,,,,,,,,,,,,,,,,,,,,,,,,,,,,,,,,,,,,,,,,,,,,,,,,,,,,,,,,,,,,,,
,,,,,,,,"Y/Y UK revenue ex-FX/hedge (in dollars, reported)",,,,,,,,,,,,,,,,,,,,,,,,,,,,,,,676.397,651,648,740,771,760,756,879,902,970,895,991,1060,1153,1198,1257,1288,1372,1345,1391,1496,1512,1492,1506,1666,1771,1791,1917,1993,2008,1948,2083,2277,2186,2151.44393441775,2190.47159975091,2323.72864044734,,,,,,,,,,,,,,,,,,,,,,,,,,,,,,,,,,,,,,,,,,,,,,,,,402.802,878.11,1603.842,2530.916,3029.488,2810,3297,3916,4896,5604,6176,7472,8316,8851.64417461601,9688.52190723466,10754.2593170305,11829.6852487335,12894.3569211195,14054.8490440203,14968.4142318816,15866.5190857945,16659.8450400842,17492.8372920884,18367.4791566929,19285.8531145275,20250.1457702539,21262.6530587666,,,,,,,0.164005059580068,0.15132645703372,0.140614228051279,0.127471449919542,0.0904528388611111,,,,,,,,,,,,,,,,,,,,,
,,,,,,,,Y/Y currency gain / (loss) - disclosed,,,,,,,,,,,,,,,,,,,,,,,,,,,,,,,0,0,0,0,-7,72,-5,-50,-26,-5,81,56,-2,-7,-30,-47,16,-5,-48,-19,5,71,124,121,-12,-116,-167,-145,-110,-129,-71,-277,-349,-252,-253.581412381604,-35.5801853051594,188.22085046957,,,,,,,,,,,,,,,,,,,,,,,,,,,,,,,,,,,,,,,,,,,,,,,,,0,0,0,0,0,-7,-9,130,-68,-67,304,-538,-826,-352.940747217193,0,0,0,0,0,0,0,0,0,0,0,0,0,,,,,,,,,,,,,,,,,,,,,,,,,,,,,,,,
,,,,,,,,Y/Y hedge gain / (loss) - disclosed,,,,,,,,,,,,,,,,,,,,,,,,,,,,,,,9,82,67,25,8,10,19,11,2,4,0,0,6,4,7,6,1,20,24,17,2,0,0,0,3,20,54,20,39,42,37,84,134,91,91.5710655822457,12.8484002490853,-67.9686404473446,,,,,,,,,,,,,,,,,,,,,,,,,,,,,,,,,,,,,,,,,,,,,,,,,0,0,0,0,9,182,42,10,18,63,3,133,297,127.450825383986,0,0,0,0,0,0,0,0,0,0,0,0,0,,,,,,,,,,,,,,,,,,,,,,,,,,,,,,,,
,,,,,,,,UK revenue ex-FX/hedge - % change Y/Y,,,,,,,,,,,,,,,,,,,,,,,,,,,,,,,,,,,0.139863127719372,0.167434715821813,0.166666666666667,0.187837837837838,0.180628272251309,0.165865384615385,0.191744340878828,0.195416164053076,0.210045662100457,0.194818652849741,0.227459016393443,0.200573065902579,0.217391304347826,0.197207678883071,0.151541095890411,0.149586776859504,0.147239263803681,0.106071689831748,0.150346954510409,0.097667638483965,0.109926715522985,0.118761844598863,0.108292079207921,0.178242163491088,0.204957678355502,0.213293051359517,0.199507389162562,0.175507900677201,0.209240573552841,0.163384779137839,0.146214136610418,0.212885714147793,0.205253444215427,,,,,,,,,,,,,,,,,,,,,,,,,,,,,,,,,,,,,,,,,,,,,,,,,,,,,,-0.0724505262935519,0.176239743132358,0.190997566909976,0.210084033613445,0.16072908036454,0.115405454217085,0.153086419753086,0.19930775886934,0.181794949881978,0.14,0.11,0.1,0.0900000000000001,0.0900000000000001,0.065,0.0600000000000001,0.05,0.05,0.05,0.05,0.05,0.05,,,,,,,,,,,,,,,,,,,,,,,,,,,,,,,,
,,,,,,,,Impact - points of growth,,,,,,,,,,,,,,,,,,,,,,,,,,,,,,,,,,,-0.0135086207693853,-0.0187307594780199,-0.0897435897435899,-0.0897986221515632,-0.0433225727694435,-0.0150340306961447,0.0757881266536393,0.0510124073754954,0.00179944040523794,-0.00802814717378619,-0.0235655737704918,-0.0391595033428844,0.00911245505067004,0.00887927763866769,-0.0272857767414747,-0.00731704001739875,0.00448487412735354,0.0352404947392682,0.0729687154366012,0.0736786538126513,-0.00746497234267851,-0.0606443461781427,-0.0699257425742574,-0.0768285187461584,-0.0450300983917118,-0.0664273797177255,-0.0588637658014175,-0.120820400677201,-0.136399782709969,-0.109246309590728,-0.106802648826511,-0.0659334312404702,-0.0200056990798458,,,,,,,,,,,,,,,,,,,,,,,,,,,,,,,,,,,,,,,,,,,,,,,,,,,,,,0.0548470340302947,-0.060661853685122,0.0270204511080423,-0.015310858071039,-0.00513683934101561,0.0422731172114863,-0.063004667477905,-0.0974257721705989,-0.0740314655127976,-0.0168434202171694,0,0,0,0,0,0,0,0,0,0,0,0,,,,,,,,,,,,,,,,,,,,,,,,,,,,,,,,
,,,,,,,,,,,,,,,,,,,,,,,,,,,,,,,,,,,,,,,,,,,,,,,,,,,,,,,,,,,,,,,,,,,,,,,,,,,,,,,,,,,,,,,,,,,,,,,,,,,,,,,,,,,,,,,,,,,,,,,,,,,,,,,,,,,,,,,,,,,,,,,,,,,,,,,,,,,,,,,,,,,,,,,,,,,,,,,,,,,,,,
,,,,,,,,"Q/Q UK revenue ex-FX/hedge (in dollars, reported)",,,,,,,,,,,,,,,,,,,,,,,,,,,,,,,,,,,764,852,798,805,853,966,947,1048,1090,1150,1158,1227,1277,1394,1328,1359,1447,1547,1600,1618,1732,1717,1654,1811,1927,1972,1856,1959,2015,1948,1917.69592758178,2171.77803181509,2326.44491858167,,,,,,,,,,,,,,,,,,,,,,,,,,,,,,,,,,,,,,,,,,,,,,,,,,,,,,,,,,,,,,,,,,,,,,,,,,,,,,,,,,,,,,,,,,,,,,,,,,,,,,,,,,,
,,,,,,,,Q/Q currency gain / (loss) - disclosed,,,,,,,,,,,,,,,,,,,,,,,,,,,,,,,,,,,0,-20,-47,24,23,-1,29,-1,-32,-4,10,-17,27,-27,-31,13,54,36,16,9,-78,-62,-30,-39,-44,-93,21,-153,-87,-14,71.7376600366181,-4.03821712025319,117.535931887902,,,,,,,,,,,,,,,,,,,,,,,,,,,,,,,,,,,,,,,,,,,,,,,,,,,,,,,,,,,,,,,,,,,,,,,,,,,,,,,,,,,,,,,,,,,,,,,,,,,,,,,,,,,
,,,,,,,,Q/Q hedge gain / (loss) - disclosed,,,,,,,,,,,,,,,,,,,,,,,,,,,,,,,,,,,8,10,19,11,2,4,0,0,6,4,7,6,1,20,24,17,2,0,0,0,3,20,54,20,39,42,37,84,134,91,0,0,0,,,,,,,,,,,,,,,,,,,,,,,,,,,,,,,,,,,,,,,,,,,,,,,,,,,,,,,,,,,,,,,,,,,,,,,,,,,,,,,,,,,,,,,,,,,,,,,,,,,,,,,,,,,
,,,,,,,,UK revenue ex-FX/hedge - % change Q/Q,,,,,,,,,,,,,,,,,,,,,,,,,,,,,,,,,,,-0.00130718954248366,0.115183246073298,-0.0408653846153846,0.0719041278295607,0.028950542822678,0.102739726027397,-0.0186528497409326,0.0737704918032787,0.0410697230181472,0.0869565217391304,0.0104712041884816,0.0505136986301369,0.0553719008264464,0.0690184049079754,-0.0285296269202634,0.0478026214340785,0.05466472303207,0.0306462358427715,0.010739102969046,0.00123762376237613,0.0645359557467733,0.0380894800483675,-0.000604229607250706,0.115147783251232,0.087471783295711,0.0472650026553372,-0.0122405534858967,0.0436867341502398,0.115725359911407,0.0103734439834025,-0.00843023392875997,0.0916564620862701,0.0732122475266561,,,,,,,,,,,,,,,,,,,,,,,,,,,,,,,,,,,,,,,,,,,,,,,,,,,,,,,,,,,,,,,,,,,,,,,,,,,,,,,,,,,,,,,,,,,,,,,,,,,,,,,,,,,
,,,,,,,,,,,,,,,,,,,,,,,,,,,,,,,,,,,,,,,,,,,,,,,,,,,,,,,,,,,,,,,,,,,,,,,,,,,,,,,,,,,,,,,,,,,,,,,,,,,,,,,,,,,,,,,,,,,,,,,,,,,,,,,,,,,,,,,,,,,,,,,,,,,,,,,,,,,,,,,,,,,,,,,,,,,,,,,,,,,,,,
,,,,,,,,$/£ exchange rate,,,,,,,,,,,,1.74864963333333,1.81488296666667,1.8102996,1.85111623333333,1.9105664,1.87401653333333,1.7838663,1.75658263333333,1.74844936666667,1.8078331,1.87291596666667,1.91408286666667,1.95809943333333,1.97976626666667,2.01848286666667,2.05694966666667,1.98926646666667,1.98141613333333,1.93166643333333,1.64421626666667,1.43493306666667,1.5092329,1.644833,1.62959993333333,1.579883,1.500166,1.53303276666667,1.57731636666667,1.59796623333333,1.63894943333333,1.62506616666667,1.58156623333333,1.5974494,1.5391493,1.5883494,1.6026497,1.5179492,1.5161,1.5468998,1.6380492,1.67585,1.6773491,1.6607495,1.5660496,1.5453997,1.5259495,1.5379992,1.5052996,1.3935996,1.4554997,1.3096991,1.2493992,1.2443991,1.2909499,1.2885495,1.3536492,,,,,,,,,,,,,,,,,,,,,,,,,,,,,,,,,,,,,,,,,,,,,,,,,1.80623710833333,1.83125796666667,1.835820325,2.00332455833333,1.886641325,1.554649725,1.54759953333333,1.61088701666667,1.58189945,1.55474955,1.64499955,1.528662,1.3520494,1.294386925,1.294386925,1.294386925,1.294386925,1.294386925,1.294386925,1.294386925,1.294386925,1.294386925,1.294386925,1.294386925,1.294386925,1.294386925,1.294386925,,,,,,,,,,,,,,,,,,,,,,,,,,,,,,,,
,,,,,,,,% change Y/Y,,,,,,,,,,,,,,,,0.092595316740504,0.0325825784652525,-0.0146016162186634,-0.0510684301167691,-0.0848528652724832,-0.0353163550887208,0.0499194735988155,0.0896628660357739,0.119906284198755,0.0951045573104434,0.0777220668683141,0.0746398196692495,0.0159169819482949,0.000833364369544842,-0.043010735818978,-0.200653135411351,-0.278662215087189,-0.238305939570089,-0.148490147358603,-0.00888954429514621,0.101015118196454,-0.00600762148771061,-0.0679705680353772,-0.0320836823794666,0.0114459319666922,0.0925120508885904,0.0600335504896687,0.00269436541487722,-0.000323431949031394,-0.0608927470876007,-0.0225940133514563,0.0133307516449885,-0.0497669597547189,-0.0149753503445053,-0.0260960214421335,0.0220881082122937,0.104022453452329,0.106357826000923,0.073598626103643,-0.0439544795113602,-0.0778412745770803,-0.0902612342296544,-0.0739125918749336,-0.0387918747911943,-0.0982270800233752,-0.046167845004045,-0.148439674090858,-0.169999646581983,-0.107061239110574,-0.113053819248468,-0.0161484420352735,0.0834401046518998,,,,,,,,,,,,,,,,,,,,,,,,,,,,,,,,,,,,,,,,,,,,,,,,,,0.0138524771846928,0.00249137937766242,0.0912421717159784,-0.0582447975531274,-0.175969642772454,-0.00453490683675817,0.0408939664106904,-0.017994785709211,-0.0171628481190759,0.0580479344727902,-0.0707219342400429,-0.115534107605213,-0.0426482013157212,0,0,0,0,0,0,0,0,0,0,0,0,0,,,,,,,,,,,,,,,,,,,,,,,,,,,,,,,,
,,,,,,,,% change Q/Q,,,,,,,,,,,,,0.0378768462651247,-0.00252543373366099,0.0225468940794846,0.0321158475065684,-0.019130382836559,-0.0481053564522093,-0.015294681370833,-0.00463016456631626,0.0339636562919436,0.036000484041733,0.0219801105509647,0.0229961656484186,0.0110652365066308,0.0195561469310148,0.0190572833860732,-0.032904645697861,-0.00394634578367359,-0.0251081532864609,-0.148809422634443,-0.127284472391385,0.0517793025049809,0.0898470342118833,-0.00926116308869451,-0.0305086741330664,-0.0504575338806733,0.0219087532090891,0.0288862710327371,0.0130917722677955,0.0256471001358456,-0.00847083283004679,-0.0267680998014747,0.0100426819515431,-0.0364957412735576,0.0319657748601776,0.0090032457594027,-0.0528502891180773,-0.00121822258610504,0.020315150715652,0.0589239199591336,0.0230767183305605,0.000894531133454724,-0.00989632986955424,-0.0570223865790718,-0.0131859808271717,-0.012585870179734,0.00789652606459113,-0.0212611293946057,-0.0742044972309832,0.0444174209005228,-0.100172195157443,-0.0460410333946171,-0.0040020035229732,0.0374082559204678,-0.00185940600793255,0.0505216912505107,,,,,,,,,,,,,,,,,,,,,,,,,,,,,,,,,,,,,,,,,,,,,,,,,,,,,,,,,,,,,,,,,,,,,,,,,,,,,,,,,,,,,,,,,,,,,,,,,,,,,,,,,,,
,,,,,,,,"Prior month end $/£ (Dec, Mar, Jun, Sept)",,,,,,,,,,,,1.5698996,1.8378497,1.8134995,1.8095494,1.9199,1.8895999,1.79245,1.7690993,1.7167492,1.7345496,1.8495493,1.8679495,1.9571496,1.9613495,2.0063496,2.0373498,1.9905997,1.9874993,1.9901495,1.7824498,1.4377499,1.4333497,1.6468497,1.59935,1.6148491,1.5168992,1.4960995,1.5758,1.56565,1.6029492,1.6054497,1.5577994,1.5540991,1.6013,1.56845,1.6147995,1.6254998,1.5184498,1.5166998,1.6193991,1.6671496,1.6671496,1.7098494,,,,,,,,,,,,,,,,,,,,,,,,,,,,,,,,,,,,,,,,,,,,,,,,,,,,,,,,,,,,,,,,,,,,,,,,,,,,,,,,,,,,,,,,,,,,,,,,,,,,,,,,,,,,,,,,,,,,,,,,
,,,,,,,,"Month 1 end $/£ (Jan, Apr, Jul, Oct)",,,,,,,,,,,,1.8202496,1.7733498,1.81845,1.8322993,1.8860999,1.9098998,1.7605992,1.7702494,1.7773495,1.8176499,1.8670493,1.9072495,1.9573994,1.9998494,2.0320492,2.0773497,1.988,1.9805499,1.9808999,1.6157494,1.4417,1.4817992,1.6578494,1.6483498,1.6023999,1.5306492,1.5660992,1.5987998,1.6017495,1.6679497,1.6414996,1.6140996,1.5751,1.6224,1.5667992,1.6110497,1.5854493,1.5563994,1.5160494,1.6065999,1.6434498,1.68855,1.6882992,,,,,,,,,,,,,,,,,,,,,,,,,,,,,,,,,,,,,,,,,,,,,,,,,,,,,,,,,,,,,,,,,,,,,,,,,,,,,,,,,,,,,,,,,,,,,,,,,,,,,,,,,,,,,,,,,,,,,,,,
,,,,,,,,"Month 2 end $/£ (Feb, May, Aug, Nov)",,,,,,,,,,,,1.8557997,1.8334494,1.7989493,1.9115,1.9256993,1.8225499,1.7985497,1.7303992,1.7512494,1.8712998,1.9021493,1.9670496,1.9597493,1.9780999,2.0170498,2.0561495,1.9891997,1.9761992,1.8239499,1.5344496,1.4253493,1.6125498,1.6297999,1.6411,1.5224,1.4529496,1.5368996,1.5573493,1.6264992,1.6459494,1.6282492,1.5727997,1.5952,1.5403,1.5883494,1.6026497,1.5179492,1.5161,1.5468998,1.6380492,1.67585,1.6773491,1.6607495,,,,,,,,,,,,,,,,,,,,,,,,,,,,,,,,,,,,,,,,,,,,,,,,,,,,,,,,,,,,,,,,,,,,,,,,,,,,,,,,,,,,,,,,,,,,,,,,,,,,,,,,,,,,,,,,,,,,,,,,
,,,,,,,,,,,,,,,,,,,,,,,,,,,,,,,,,,,,,,,,,,,,,,,,,,,,,,,,,,,,,,,,,,,,,,,,,,,,,,,,,,,,,,,,,,,,,,,,,,,,,,,,,,,,,,,,,,,,,,,,,,,,,,,,,,,,,,,,,,,,,,,,,,,,,,,,,,,,,,,,,,,,,,,,,,,,,,,,,,,,,,
,,,,,,,,Rest of World revenue in dollars (reported),,,,,,,,,,,,128.989,136.283,173.449,228.657,298.489,342.073,388.163,474.839,593.363,665.016,760.374,952.181999999999,1127.23,1244.529,1364.526,1628.764,1847.596,2026.23,2070.219,2177.464,2149,2199,2378,2746.006,2737,2762,2929,3507,3601,3895,4253,4540,4621,4784,4894,5608,5521.25,5683.25,6078.25,7049.25,6942,7381,7572,8141,7862,8001,8135,9114,8955,9551,9912,11286,10956,11763.4792801012,12926.9946045575,14302.8544452904,,,,,,,,,,,,,,,,,,,,,,,,,,,,,,,,,,,,,,,,,,,,,,,,,667.378,1503.564,2970.935,5365.049,8121.509,9472.006,11935,16289,19907,24332,30036,33112,39704,49949.3283299492,57951.0215781915,67231.3759737453,76643.7686100696,97289.4214126373,108839.359220068,118079.40673565,127084.410264781,136222.041542873,146055.561525478,156640.642799923,168037.585829612,180311.714416746,193533.805599157,,,,,,,0.226259987098379,0.184840431539735,0.17729550214204,0.184756733475449,0.205105941416493,,,,,,,,,,,,,,,,,,,,,
,,,,,,,,Period-to-period addition,,,,,,,,,,,,,,,,69.8320000000001,43.5839999999998,46.09,86.6760000000002,118.524,71.6529999999997,95.3579999999998,191.808,175.048000000001,117.299,119.996999999999,264.238000000001,218.831999999999,178.634000000001,43.9889999999991,107.245,-28.4639999999999,50,179,368.006,-9.00600000000031,25,167,578,94,294,358,287,81,163,110,714,-86.75,162,395,971,-107.25,439,191,569,-279,139,134,979,-159,596,361,1374,-330,807.479280101195,1163.51532445633,1375.85984073292,,,,,,,,,,,,,,,,,,,,,,,,,,,,,,,,,,,,,,,,,,,,,,,0,0,667.378,836.186,1467.371,2394.114,2756.46,1350.497,2462.994,4354,3618,4425,5704,3076,6592,10245.3283299492,8001.69324824237,9280.35439555373,9412.39263632434,20645.6528025677,11549.9378074304,9240.04751558257,9005.00352913109,9137.63127809203,9833.51998260472,10585.0812744452,11396.9430296886,12274.1285871338,13222.0911824116,,,,,,,,,,,,,,,,,,,,,,,,,,,,,,,,
,,,,,,,,Y/Y Absolute Change,,,,,,,,,,,,,,,,169.5,205.79,214.714,246.182,294.874,322.943,372.211,477.342999999999,533.867,579.513,604.152,676.582000000001,720.366,781.701000000001,705.693,548.7,301.404,172.77,307.781,568.542,588,563,551,760.994,864,1133,1324,1033,1020,889,641,1068,900.25,899.25,1184.25,1441.25,1420.75,1697.75,1493.75,1091.75,920,620,563,973,1093,1550,1777,2172,2001,2212.4792801012,3014.99460455752,3016.85444529044,,,,,,,,,,,,,,,,,,,,,,,,,,,,,,,,,,,,,,,,,,,,,,,,,,,,,,,,,,,5704,3076,6592,10245.3283299492,8001.69324824237,9280.35439555373,9412.39263632434,20645.6528025677,11549.9378074304,9240.04751558257,9005.00352913109,9137.63127809203,9833.51998260472,10585.0812744452,11396.9430296886,12274.1285871338,13222.0911824116,,,,,,,,,,,,,,,,,,,,,,,,,,,,,,,,
,,,,,,,,% change Y/Y,,,,,,,,,,,,NA,NA,NA,NA,1.31406554047244,1.51001959158516,1.23790854948717,1.07664318170885,0.987889000934708,0.944076264423091,0.958903862552587,1.00527336634101,0.899730856153821,0.871427153632394,0.794545841914637,0.710559535887048,0.639058577220265,0.628109911460481,0.517170797771534,0.336881217905111,0.163133065886699,0.0852667268770078,0.148670744496114,0.261102824202834,0.273615635179153,0.256025466120964,0.231707317073171,0.277127580930267,0.315674095725247,0.410209992758871,0.452031410037556,0.29455374964357,0.283254651485698,0.22824133504493,0.150717140841759,0.235242290748899,0.194817139147371,0.187970317725753,0.24197997548018,0.256998930099857,0.257323975549015,0.298728720362469,0.245753300703327,0.154874632053055,0.132526649380582,0.0839994580680126,0.0743528790279979,0.119518486672399,0.139023149325871,0.193725784276965,0.218438844499078,0.238314680710994,0.223450586264657,0.231648966610951,0.304176211113552,0.267309449343473,,,,,,,,,,,,,,,,,,,,,,,,,,,,,,,,,,,,,,,,,,,,,,,,,NA,1.25294211076781,0.975928527152818,0.805845297860775,0.51378095521588,0.166286462281825,0.260028762650699,0.364809384164223,0.222113082448278,0.222283618827548,0.234423804044057,0.102410440804368,0.199081903841508,0.258042724409358,0.160196213157978,0.160141342513385,0.14,0.269371576802335,0.118717303893125,0.0848961954737317,0.0762622694174862,0.071902063038682,0.0721874365648074,0.0724729764747691,0.0727585307744549,0.0730439474391142,0.0733290747369417,,,,,,,,,,,,,,,,,,,,,,,,,,,,,,,,
,,,,,,,,Two-year % change ,,,,,,,,,,,,,,,,,,,,2.30195454140715,2.45409585600825,2.19681241203976,2.08191654804986,1.88761985708853,1.81550341805549,1.75344970446722,1.71583290222806,1.53878943337409,1.49953706509288,1.31171663968617,1.04744075379216,0.802191643106964,0.713376638337488,0.665841542267648,0.597984042107945,0.436748701065852,0.341292192997972,0.380378061569285,0.538230405133102,0.5892897309044,0.666235458879835,0.683738727110726,0.571681330573837,0.598928747210945,0.6384513278038,0.602748550879314,0.529796040392469,0.478071790633069,0.416211652770682,0.392697116321939,0.492241220848756,0.452141114696386,0.486699038088221,0.487733276183507,0.411873562152913,0.389850624929597,0.382728178430481,0.320106179731325,0.274393118725454,0.271549798706453,0.277725242344978,0.292791723527076,0.357833167383393,0.362473735590528,0.425374750887917,0.52261505561263,0.505624130054468,,,,,,,,,,,,,,,,,,,,,,,,,,,,,,,,,,,,,,,,,,,,,,,,,,,,,,,,,,,0.456707422871605,0.336834244848425,0.301492344645876,0.457124628250866,0.418238937567336,0.320337555671363,0.300141342513385,0.409371576802335,0.38808888069546,0.203613499366857,0.161158464891218,0.148164332456168,0.144089499603489,0.144660413039577,0.145231507249224,0.145802478213569,0.146373022176056,,,,,,,,,,,,,,,,,,,,,,,,,,,,,,,,
,,,,,,,,% change Q/Q,,,,,,,,,,,,NA,0.0565474575351386,0.272711930321463,0.318295291411308,0.305400665625807,0.14601543105441,0.134737322150535,0.223297944420257,0.24960881477722,0.120757445273803,0.143392038687791,0.25225481144805,0.183838803926141,0.104059508707185,0.096419609346186,0.193648197249448,0.134354639468947,0.0966845565805516,0.0217097762840344,0.0518036980628622,-0.0130720875293461,0.0232666356444857,0.081400636653024,0.154754415475189,-0.00327967236779536,0.00913408841797581,0.0604634322954381,0.197336975076818,0.0268035357855718,0.0816439877811719,0.0919127086007703,0.0674817775687751,0.01784140969163,0.0352737502705043,0.0229933110367893,0.145892930118513,-0.015468972895863,0.0293411817976001,0.0695024853736859,0.159749928022046,-0.0152143845089903,0.0632382598674735,0.0258772524048232,0.0751452720549393,-0.0342709740818081,0.0176799796489442,0.016747906511686,0.120344191763983,-0.0174456879526004,0.0665549972082635,0.0377970893100199,0.13861985472155,-0.0292397660818714,0.0737020153433001,0.0989091149609538,0.106433079213002,,,,,,,,,,,,,,,,,,,,,,,,,,,,,,,,,,,,,,,,,,,,,,,,,,,,,,,,,,,,,,,,,,,,,,,,,,,,,,,,,,,,,,,,,,,,,,,,,,,,,,,,,,,
,,,,,,,,,,,,,,,,,,,,,,,,,,,,,,,,,,,,,,,,,,,,,,,,,,,,,,,,,,,,,,,,,,,,,,,,,,,,,,,,,,,,,,,,,,,,,,,,,,,,,,,,,,,,,,,,,,,,,,,,,,,,,,,,,,,,,,,,,,,,,,,,,,,,,,,,,,,,,,,,,,,,,,,,,,,,,,,,,,,,,,
,,,,,,,,Old RoW Revenue Disclosure,,,,,,,,,,,,,,,,,,,,,,,,,,,,,,,,,,,,,,,,,,,,,,,,,,,,7181,7709,7921,8568,8195,,,,,,,,,,,,,,,,,,,,,,,,,,,,,,,,,,,,,,,,,,,,,,,,,,,,,,,,,,,,,,,,,,,,,,,,,,,,,,,,,,,,,,,,,,,,,,,,,,,,,,,,,,,,,,,,,,,,,,
,,,,,,,,Change,,,,,,,,,,,,,,,,,,,,,,,,,,,,,,,,,,,,,,,,,,,,,,,,,,,,-239,-328,-349,-427,-333,,,,,,,,,,,,,,,,,,,,,,,,,,,,,,,,,,,,,,,,,,,,,,,,,,,,,,,,,,,,,,,,,,,,,,,,,,,,,,,,,,,,,,,,,,,,,,,,,,,,,,,,,,,,,,,,,,,,,,
,,,,,,,,,,,,,,,,,,,,,,,,,,,,,,,,,,,,,,,,,,,,,,,,,,,,,,,,,,,,,,,,,,,,,,,,,,,,,,,,,,,,,,,,,,,,,,,,,,,,,,,,,,,,,,,,,,,,,,,,,,,,,,,,,,,,,,,,,,,,,,,,,,,,,,,,,,,,,,,,,,,,,,,,,,,,,,,,,,,,,,
,,,,,,,,Rest of World ex-FX/hedge Y/Y (in dollars),,,,,,,,,,,,,,,,,,,,,,,,,,,,,,,2057.464,2077,2142,2364,2543.006,2567,2673,2970,3590,3563,3555,3825,4480,4648,5030,5348,5781,5611.25,5841.25,6189.25,7194.25,7168,7379,7577,8600,8561,8991,9301,10044,9461,9552,9810,11086,10882,11611.6349244748,12264.9990876871,13261.2175566976,,,,,,,,,,,,,,,,,,,,,,,,,,,,,,,,,,,,,,,,,,,,,,,,,667.378,1503.564,2970.935,5365.049,8001.509,9126.006,11800,15423,20807,24836,30724,36897,39909,48019.8515688595,57951.0215781915,67231.3759737453,76643.7686100696,97289.4214126373,108839.359220068,118079.40673565,127084.410264781,136222.041542873,146055.561525478,156640.642799923,168037.585829612,180311.714416746,193533.805599157,,,,,,,0.258257803846707,0.210395210012741,0.171286303517168,0.160506789497,0.162402887209268,,,,,,,,,,,,,,,,,,,,,
,,,,,,,,Y/Y currency gain / (loss) - disclosed,,,,,,,,,,,,,,,,,,,,,,,,,,,,,,,0,0,0,0,203,170,29,-119,-106,28,336,427,41,-60,-320,-510,-209,-105,-169,-116,-146,-234,-4,-15,-604,-990,-1407,-1432,-1223,-633,-42,81,147,-52,151.844355626346,661.995516870465,1041.63688859288,,,,,,,,,,,,,,,,,,,,,,,,,,,,,,,,,,,,,,,,,,,,,,,,,0,0,0,0,0,203,-26,832,-1099,-536,-857,-5052,-447,1803.47676108969,0,0,0,0,0,0,0,0,0,0,0,0,0,,,,,,,,,,,,,,,,,,,,,,,,,,,,,,,,
,,,,,,,,Y/Y hedge gain / (loss) - disclosed,,,,,,,,,,,,,,,,,,,,,,,,,,,,,,,120,72,57,14,0,0,60,78,23,10,4,1,19,33,74,56,36,15,11,5,1,8,6,10,145,291,417,266,293,127,41,21,53,126,0,0,0,,,,,,,,,,,,,,,,,,,,,,,,,,,,,,,,,,,,,,,,,,,,,,,,,0,0,0,0,120,143,161,34,199,32,169,1267,242,126,0,0,0,0,0,0,0,0,0,0,0,0,0,,,,,,,,,,,,,,,,,,,,,,,,,,,,,,,,
,,,,,,,,Rest of World revenue ex-FX - % change Y/Y,,,,,,,,,,,,,,,,,,,,,,,,,,,,,,,0.263205719183381,0.124163507606642,0.0571356657437703,0.141908174932218,0.235990520368765,0.235917188252287,0.247899159663866,0.256345177664975,0.307353297844214,0.301790281329923,0.315692079940785,0.341634514205542,0.285878300803674,0.294346978557505,0.292726805448471,0.257761053621825,0.278699402786994,0.223027462946818,0.240180467091295,0.27929929723026,0.291143216080402,0.301793416572077,0.300894706686059,0.247602189931256,0.220161032880502,0.23464089991347,0.219118644067797,0.229965617561492,0.256128064032016,0.249636771892749,0.259493670886076,0.246664125047655,0.256773608434418,0.232668781150884,0.220992105623012,0.240016084085235,0.180558849523507,,,,,,,,,,,,,,,,,,,,,,,,,,,,,,,,,,,,,,,,,,,,,,,,,,1.25294211076781,0.975928527152818,0.805845297860775,0.491413964718682,0.140535616469344,0.264872163229394,0.309920163071174,0.280036911719471,0.260198903998376,0.264362139917695,0.235376837312083,0.253226566179934,0.216863097888081,0.163130274926991,0.160141342513385,0.14,0.269371576802335,0.118717303893125,0.0848961954737317,0.0762622694174862,0.071902063038682,0.0721874365648074,0.0724729764747691,0.0727585307744549,0.0730439474391142,0.0733290747369417,,,,,,,,,,,,,,,,,,,,,,,,,,,,,,,,
,,,,,,,,Two-Year Ex-FX % Growth,,,,,,,,,,,,,,,,,,,,,,,,,,,,,,,,,,,,,,0.398253352597192,0.543343818212979,0.53770746958221,0.56359123960465,0.597979691870517,0.593231598647888,0.596137259887428,0.608418885389255,0.599395567827367,0.564577703590668,0.517374441504323,0.532907272539766,0.537060350852086,0.569842618867396,0.524820879518895,0.541075173777354,0.526901487161516,0.511304248960904,0.536434316485547,0.520013350753856,0.477567807492748,0.476289096912518,0.484277671806219,0.478612314953873,0.476629742609147,0.512901672466434,0.482305553043632,0.480485776509088,0.48668020913289,0.437332457957925,,,,,,,,,,,,,,,,,,,,,,,,,,,,,,,,,,,,,,,,,,,,,,,,,,,,,,,,,,0.540235815717847,0.524561043916072,0.499738977229779,0.488603403492018,0.470089664068015,0.379993372815072,0.323271617440376,0.300141342513385,0.409371576802335,0.38808888069546,0.203613499366857,0.161158464891218,0.148164332456168,0.144089499603489,0.144660413039577,0.145231507249224,0.145802478213569,0.146373022176056,,,,,,,,,,,,,,,,,,,,,,,,,,,,,,,,
,,,,,,,,Impact - points of growth,,,,,,,,,,,,,,,,,,,,,,,,,,,,,,,,,,,0.0251123038340695,0.037698446926866,0.00812630645709844,-0.0246378605918038,-0.030225716913947,0.0138838143953233,0.094517912818086,0.110396895832014,0.00867544883989591,-0.0110923270718064,-0.0644854704035414,-0.107043912780066,-0.0434571120380953,-0.0282103237994471,-0.0522101493655425,-0.0373193217500805,-0.0341442859805445,-0.0444694410230622,-0.00216598632359055,-0.00184888922792847,-0.065286400827447,-0.102114250532888,-0.135119185999784,-0.155612738533494,-0.136609577359617,-0.110613622566877,-0.0657678866091107,-0.0282252805485772,-0.0184589277234237,-0.00921819488622711,0.0106568609879389,0.0641601270283168,0.086750599819966,,,,,,,,,,,,,,,,,,,,,,,,,,,,,,,,,,,,,,,,,,,,,,,,,,,,,,0.0257508458124813,-0.00484340057869503,0.0548892210930489,-0.057923829271193,-0.0379152851708282,-0.0299383358736383,-0.132966396507715,-0.0541446623384263,0.0411796265212772,-0.00293406176901345,0,0,0,0,0,0,0,0,0,0,0,0,,,,,,,,,,,,,,,,,,,,,,,,,,,,,,,,
,,,,,,,,Y/Y Abs Change (Constant Currency),,,,,,,,,,,,,,,,,,,,,,,,,,,,,,,,,,,485.542,490,531,606,843.994,826,853,974,996,1057,1139,1096,1260,1023.25,1131.25,1351.25,1622.25,1661.75,1706.75,1503.75,1551.75,1627,1616,1739,2048,1890,1968,1941,2265,2054,2101.63492447485,2373.99908768706,2028.21755669756,,,,,,,,,,,,,,,,,,,,,,,,,,,,,,,,,,,,,,,,,,,,,,,,,,,,,,,,,,,6424,7030,8064,8557.85156885946,9931.17000933206,9280.35439555373,9412.39263632434,20645.6528025677,11549.9378074304,9240.04751558257,9005.00352913109,9137.63127809203,9833.51998260472,10585.0812744452,11396.9430296886,12274.1285871338,13222.0911824116,,,,,,,,,,,,,,,,,,,,,,,,,,,,,,,,
,,,,,,,,,,,,,,,,,,,,,,,,,,,,,,,,,,,,,,,,,,,,,,,,,,,,,,,,,,,,,,,,,,,,,,,,,,,,,,,,,,,,,,,,,,,,,,,,,,,,,,,,,,,,,,,,,,,,,,,,,,,,,,,,,,,,,,,,,,,,,,,,,,,,,,,,,,,,,,,,,,,,,,,,,,,,,,,,,,,,,,
,,,,,,,,Rest of World ex-FX/hedge Q/Q (in dollars),,,,,,,,,,,,,,,,,,,,,,,,,,,,,,,,,,,2746.006,2829,2831,2866,3306,3601,3753,4198,4728,4663,4788,4957,5469,5490.25,5818.25,6127.25,6946.25,7020,7324,7637,8459,8083,7876,7930,8988,8885,9230,9850,11365,11122,11485.8840226252,12229.0350490888,14533.7816344833,,,,,,,,,,,,,,,,,,,,,,,,,,,,,,,,,,,,,,,,,,,,,,,,,,,,,,,,,,,,,,,,,,,,,,,,,,,,,,,,,,,,,,,,,,,,,,,,,,,,,,,,,,,
,,,,,,,,Q/Q currency gain / (loss) - disclosed,,,,,,,,,,,,,,,,,,,,,,,,,,,,,,,,,,,0,-92,-129,-15,178,0,138,54,-207,-75,-78,-119,103,16,-146,-54,102,-86,-4,-75,-463,-512,-292,-61,-167,-57,280,41,-132,-292,277.595257476027,697.959555468732,-230.927189192907,,,,,,,,,,,,,,,,,,,,,,,,,,,,,,,,,,,,,,,,,,,,,,,,,,,,,,,,,,,,,,,,,,,,,,,,,,,,,,,,,,,,,,,,,,,,,,,,,,,,,,,,,,,
,,,,,,,,Q/Q hedge gain / (loss) - disclosed,,,,,,,,,,,,,,,,,,,,,,,,,,,,,,,,,,,0,0,60,78,23,0,4,1,19,33,74,56,36,15,11,5,1,8,61,10,145,291,417,266,293,127,41,21,53,126,0,0,0,,,,,,,,,,,,,,,,,,,,,,,,,,,,,,,,,,,,,,,,,,,,,,,,,,,,,,,,,,,,,,,,,,,,,,,,,,,,,,,,,,,,,,,,,,,,,,,,,,,,,,,,,,,
,,,,,,,,RoW revenue ex-FX - % change Q/Q,,,,,,,,,,,,,,,,,,,,,,,,,,,,,,,,,,,0.154754415475189,0.0302235319223627,0.0343441724515894,0.0606957809030348,0.159593125219221,0.0335820895522387,0.0422104970841433,0.0789000257003341,0.111947318908749,0.0314089803140898,0.0435919790758501,0.0524416135881105,0.130425795783382,-0.0146715721464465,0.0566628830874008,0.0802150821984222,0.143745111760589,-0.00400808711382261,0.0562445918661667,0.0433060109289618,0.118619412853742,0.0108804402201101,0.0402852991678775,0.0456223628691983,0.142203583682806,0.00725541321845591,0.0455369279565021,0.035751840168244,0.149024365584875,-0.00988159886050033,0.0605617749423055,0.0395763666430831,0.124297029516771,,,,,,,,,,,,,,,,,,,,,,,,,,,,,,,,,,,,,,,,,,,,,,,,,,,,,,,,,,,,,,,,,,,,,,,,,,,,,,,,,,,,,,,,,,,,,,,,,,,,,,,,,,,
,,,,,,,,Q/Q Abs Change (Constant Currency),,,,,,,,,,,,,,,,,,,,,,,,,,,,,,,,,,,368.006,82.9939999999997,94,164,455,117,152,307,476,142,200,247,631,-81.75,312,455,873,-28.25,390,317,897,87,305,346,1119,64,402,340,1474,-111,655.884022625169,465.555768987595,1606.78702992582,,,,,,,,,,,,,,,,,,,,,,,,,,,,,,,,,,,,,,,,,,,,,,,,,,,,,,,,,,,,,,,,,,,,,,,,,,,,,,,,,,,,,,,,,,,,,,,,,,,,,,,,,,,
,,,,,,,,,,,,,,,,,,,,,,,,,,,,,,,,,,,,,,,,,,,,,,,,,,,,,,,,,,,,,,,,,,,,,,,,,,,,,,,,,,,,,,,,,,,,,,,,,,,,,,,,,,,,,,,,,,,,,,,,,,,,,,,,,,,,,,,,,,,0.202962233221194,,,,,,,,,,,,,,,,,,,,,,,,,,,,,,,,,,,,,,,,,,,
,,,,,,,,Europe revenue in dollars (estimated),,,,,,,,,,,,116.0901,121.29187,152.63512,198.93159,256.70054,290.76205,326.05692,394.11637,486.55766,538.66296,608.2992,752.223779999999,879.2394,958.28733,1037.03976,1221.573,1367.22104,1479.1479,1490.55768,1545.99944,1504.3,1517.31,1617.04,1839.82402,1806.42,1795.3,1874.56,2209.41,2232.62,2375.95,2551.8,2678.6,2680.18,2726.88,2740.64,3084.4,3093.12,3121.7,3263.92846354923,3704.12425763359,3662.31000000001,3931.59,4112.86259683485,4299.4625,3796.76,4032.8925,4201.875,4799.025,4507.1825,4730,4883.0925,5603.76,5259.375,5978.2792801012,6389.41485455752,7313.69924529044,,,,,,,,,,,,,,,,,,,,,,,,,,,,,,,,,,,,,,,,,,,,,,,,,588.94868,1267.63588,2385.7436,4096.13949,5882.92606,6478.47402,7685.69,9838.97,11232.1,13182.8727211828,16006.2250968349,16830.5525,19724.035,24940.7683799492,28565.9636369415,32850.8581824828,37449.9783280303,52804.4694425228,58348.9387339877,62287.4920985318,65713.3041639511,69327.5358929684,73140.5503670817,77163.2806372711,81407.261072321,85884.6604312987,90608.3167550201,,,,,,,0.176105898043081,0.144315561267721,0.143743314444336,0.159329720856619,0.192843592522947,,,,,,,,,,,,,,,,,,,,,
,,,,,,,,% change Y/Y,,,,,,,,,,,,NA,NA,NA,NA,1.21121818311811,1.39720972230043,1.13618543360139,0.981165334273959,0.895429047402861,0.852590322567887,0.865622726240559,0.90863368603542,0.807061058292659,0.779010997897461,0.704818549818905,0.623948926475046,0.555004291208969,0.543532773202793,0.43731970315198,0.265580886283505,0.100261008271201,0.0258000569111443,0.0848557031352186,0.190054777768872,0.200837598883201,0.183212395621198,0.159253945480631,0.200881158188162,0.235936271741898,0.323427839358324,0.361279446910208,0.212359860777311,0.200464028809202,0.147700919632147,0.0740026647856413,0.151497050698126,0.154071741450201,0.144788182831661,0.190936592748129,0.200922142923612,0.184018078833025,0.25943876733831,0.260095814833661,0.160723075404265,0.0367118021139647,0.0257662930264857,0.0216424451508919,0.116191849562591,0.187112827779475,0.172855462921464,0.162122266845158,0.16768718645975,0.166887517867315,0.263906824545707,0.308477128900901,0.305141413138757,,,,,,,,,,,,,,,,,,,,,,,,,,,,,,,,,,,,,,,,,,,,,,,,,NA,1.15237069552478,0.882041710589637,0.716923599836965,0.436212334653671,0.101233290020307,0.18634264431302,0.280167428038341,0.141593073258685,0.173678361231009,0.214168219277074,0.0515004255018354,0.171918450092473,0.264486114527234,0.145352188102865,0.15,0.14,0.41,0.105,0.0674999999999999,0.0549999999999999,0.0549999999999997,0.0550000000000002,0.0549999999999999,0.0549999999999999,0.0549999999999999,0.0549999999999999,,,,,,,,,,,,,,,,,,,,,,,,,,,,,,,,
,,,,,,,,% of total international ex-UK revenue,,,,,,,,,,,,0.9,0.89,0.88,0.87,0.86,0.85,0.84,0.83,0.82,0.81,0.8,0.79,0.78,0.77,0.76,0.75,0.74,0.73,0.72,0.71,0.7,0.69,0.68,0.67,0.66,0.65,0.64,0.63,0.62,0.61,0.6,0.59,0.58,0.57,0.56,0.55,0.560220964455512,0.549280781243126,0.536984899197833,0.525463596500846,0.527558340535869,0.532663595718737,0.54316727374998,0.528124616140523,0.482925464258458,0.504048556430446,0.516518131530424,0.526555299539171,0.503314628699051,0.49523610093184,0.492644521791768,0.49652312599681,0.480045180722892,0.508206725047232,0.494269166965141,0.511345429212464,,,,,,,,,,,,,,,,,,,,,,,,,,,,,,,,,,,,,,,,,,,,,,,,,0.882481412333041,0.843087410978183,0.803027868331014,0.763485942066885,0.72436366936243,0.683960084062447,0.643962295768747,0.604025415924857,0.564228663284272,0.541791579861204,0.532901354935239,0.508291631432713,0.496777024984888,0.49932139658012,0.492932874330755,0.488623915644854,0.488623915644854,0.542756536895838,0.536101454033821,0.527505124055863,0.517083913180515,0.50893038386265,0.500772100720882,0.492613406444148,0.484458644596734,0.47631215037309,0.468178241390478,,,,,,,,,,,,,,,,,,,,,,,,,,,,,,,,
,,,,,,,,,,,,,,,,,,,,,,,,,,,,,,,,,,,,,,,,,,,,,,,,,,,,,,,,,,,,,,,,,,,,,,,,,,,,,,,,,,,,,,,,,,,,,,,,,,,,,,,,,,,,,,,,,,,,,,,,,,,,,,,,,,,,,,,,,,,,,,,,,,,,,,,,,,,,,,,,,,,,,,,,,,,,,,,,,,,,,,
,,,,,,,,Europe revenue in euro at current FX rates (ex-hedge),,,,,,,,,,,,91.6380671259907,99.7247587569291,125.940072919521,155.289984860915,193.000732027857,228.027860987324,267.614491306469,330.048646865129,407.036567518137,430.442682180325,475.872137429363,583.323040761762,669.633271117807,711.326768523653,762.034417210413,845.03826045555,919.501030858317,945.04206645914,970.404921510593,1094.47922291235,1095.62134555037,1081.06217394909,1131.09581751489,1243.54484644875,1293.56505058518,1336.10421689622,1425.00173746027,1618.5300720064,1629.52337187632,1639.76037778781,1768.73644447156,1955.71575657321,1981.37115806019,2151.54798502454,2134.2641808806,2346.61088109318,2355.62140890732,2401.92975368202,2472.26524950878,2719.93381777671,2647.00564957026,2877.71856166177,3116.35531438347,3355.76398440043,3177.42667987816,3374.18997112053,3560.08573674763,4321.94968610031,4054.65308631045,4219.35849438284,4369.2877645029,5242.61132828482,4854.67615635321,5316.39170292238,5374.22395033857,6133.85525409323,,,,,,,,,,,,,,,,,,,,,,,,,,,,,,,,,,,,,,,,,,,,,,,,,473.422062421878,1010.53851185914,1903.03258218683,2997.17589450203,3913.90055846428,4561.67525044459,5671.65235079651,6987.94945386292,8609.51553209218,9959.89586609887,11956.5908837033,14396.5565576025,17859.0559582263,21749.628387512,25012.0726456388,28763.8835424847,32790.8272384325,46235.0664061898,51089.7483788398,54538.3063944115,57537.9132461041,60702.4984746398,64041.135890745,67563.3983647359,71279.3852747964,75199.7514649102,79335.7377954803,,,,,,,0.196058820394267,0.186934184396882,0.214883312735109,0.220716525522944,0.202163906178477,,,,,,,,,,,,,,,,,,,,,
,,,,,,,,Period-to-period addition,,,,,,,,,,,,,,,,37.7107471669414,35.0271289594677,39.5866303191443,62.4341555586602,76.9879206530085,23.4061146621881,45.4294552490373,107.4509033324,86.3102303560448,41.6934974058455,50.7076486867599,83.0038432451379,74.4627704027662,25.5410356008238,25.3628550514528,124.074301401752,1.14212263802642,-14.5591716012805,50.0336435657957,112.449028933865,50.0202041364285,42.5391663110402,88.8975205640545,193.528334546125,10.9932998699226,10.2370059114917,128.976066683748,186.979312101652,25.6554014869751,170.176826964348,-17.283804143935,212.346700212579,9.01052781413864,46.3083447747013,70.3354958267614,247.668568267927,-72.928168206452,230.712912091512,238.636752721703,239.408670016958,-178.337304522272,196.763291242373,185.8957656271,761.86394935268,-267.296599789863,164.705408072394,149.929270120058,873.323563781915,-387.935171931602,461.715546569168,57.832247416186,759.631303754667,,,,,,,,,,,,,,,,,,,,,,,,,,,,,,,,,,,,,,,,,,,,,,,0,0,473.422062421878,537.116449437264,892.494070327687,1094.1433123152,916.724663962256,647.774691980304,1109.97710035193,1316.2971030664,1621.56607822927,1350.38033400669,1996.69501760439,2439.96567389925,3462.49940062377,3890.57242928575,3262.4442581268,3751.81089684582,4026.94369594786,13444.2391677573,4854.68197264993,3448.55801557168,2999.60685169262,3164.58522853572,3338.63741610519,3522.26247399097,3715.98691006047,3920.3661901138,4135.98633057006,,,,,,,,,,,,,,,,,,,,,,,,,,,,,,,,
,,,,,,,,Y/Y Absolute Change,,,,,,,,,,,,,,,,101.362664901866,128.303102230395,141.674418386947,174.758662004214,214.035835490281,202.414821193001,208.257646122894,253.274393896634,262.59670359967,280.884086343327,286.16227978105,261.715219693788,249.867759740509,233.715297935488,208.370504300181,249.440962456795,176.120314692055,136.020107489951,160.690896004294,149.065623536407,197.943705034809,255.042042947129,293.905919945388,374.985225557648,335.958321291142,303.656160891594,343.734707011287,337.185684566814,351.847786183866,511.787607236722,365.527736409039,390.895124519967,374.250250847131,250.381768657484,338.001068628181,373.322936683528,291.384240662937,475.788807979749,644.09006487469,635.830166623722,530.421030307901,496.471409458762,443.730422364159,966.18570169988,877.226406432289,845.168523262311,809.202027755269,920.661642184505,800.023070042766,1097.03320853954,1004.93618583567,891.243925808419,,,,,,,,,,,,,,,,,,,,,,,,,,,,,,,,,,,,,,,,,,,,,,,,,,,,,,,,,,,1996.69501760439,2439.96567389925,3462.49940062377,3890.57242928575,3262.4442581268,3751.81089684582,4026.94369594786,13444.2391677573,4854.68197264993,3448.55801557168,2999.60685169262,3164.58522853572,3338.63741610519,3522.26247399097,3715.98691006047,3920.3661901138,4135.98633057006,,,,,,,,,,,,,,,,,,,,,,,,,,,,,,,,
,,,,,,,,% change Y/Y,,,,,,,,,,,,NA,NA,NA,NA,1.10611962998418,1.28657219961919,1.12493517831676,1.12536981802616,1.10898975999422,0.88767583187676,0.778200183055111,0.767385039454901,0.64514278213583,0.652547012579149,0.601342792050999,0.448662578717984,0.373141196110835,0.328562495153332,0.273439754943044,0.295183039786062,0.191539007332764,0.143930214661859,0.165591592171804,0.136197764576793,0.180667988843695,0.235918015719177,0.259841752921626,0.301545397923131,0.259715057344168,0.227269817018458,0.241217044144741,0.208328340880824,0.215920674877298,0.312111217083541,0.206660374727704,0.1998731785057,0.188884474937816,0.116372848944212,0.158368899059497,0.159090260635634,0.123697398725077,0.198086062779476,0.260526278481917,0.233766778613552,0.200385303444296,0.17252257259378,0.142387621949311,0.287918252353646,0.276080770639821,0.250480420633116,0.227298466270795,0.213019981501732,0.1973098691831,0.26,0.23,0.17,,,,,,,,,,,,,,,,,,,,,,,,,,,,,,,,,,,,,,,,,,,,,,,,,NA,1.13454038599204,0.883186597891967,0.574947230308525,0.305862817609031,0.165506170201339,0.243326637564511,0.23208353080413,0.232051775550962,0.156847424105702,0.200473483302237,0.204068676233198,0.240508859654728,0.217848717109465,0.15,0.15,0.14,0.41,0.105,0.0675,0.055,0.055,0.055,0.055,0.055,0.055,0.055,,,,,,,,,,,,,,,,,,,,,,,,,,,,,,,,
,,,,,,,,Two-year % change ,,,,,,,,,,,,,,,,,,,,2.21510938997839,2.17424803149595,1.90313536137187,1.89275485748106,1.75413254213005,1.54022284445591,1.37954297510611,1.21604761817289,1.01828397824667,0.98110950773248,0.874782546994043,0.743845618504046,0.564680203443599,0.472492709815191,0.439031347114848,0.431380804362854,0.372206996176459,0.379848230381036,0.42543334509343,0.437743162499924,0.440383046187863,0.463187832737635,0.501058797066367,0.509873738803955,0.475635732221467,0.539381034101999,0.447877418872444,0.408201519386524,0.404805149815114,0.428484066027754,0.365029273787201,0.358963439141333,0.312581873662893,0.314458911723688,0.418895177541414,0.392857039249186,0.324082702169373,0.370608635373257,0.402913900431227,0.521685030967198,0.476466074084117,0.423002993226896,0.369686088220105,0.500938233855378,0.473390639822921,0.510480420633116,0.457298466270795,0.383019981501732,,,,,,,,,,,,,,,,,,,,,,,,,,,,,,,,,,,,,,,,,,,,,,,,,,,,,,,,,,,0.357320907407938,0.404542159535435,0.444577535887926,0.458357576764193,0.367848717109465,0.3,0.29,0.55,0.515,0.1725,0.1225,0.11,0.11,0.11,0.11,0.11,0.11,,,,,,,,,,,,,,,,,,,,,,,,,,,,,,,,
,,,,,,,,% change Q/Q,,,,,,,,,,,,NA,0.0882459864612841,0.2628766866861,0.233046648783102,0.242840819391649,0.181487026455486,0.173604357589202,0.233298859317605,0.233262342943248,0.0575037147274125,0.10554124191152,0.22579784543143,0.147963005615777,0.062263180764969,0.0712860121825625,0.10892400837877,0.0881176319313923,0.0277770603225775,0.0268378053756715,0.127858277149512,0.00104353067113272,-0.0132885067093749,0.0462819297275237,0.09941600631229,0.0402238843892711,0.0328852161642712,0.0665348701395196,0.135809191988105,0.00679215051982007,0.00628220870480933,0.0786554355324456,0.105713495465128,0.0131181647439034,0.0858884143296781,-0.00803319482727594,0.0994941029863345,0.00383980483800572,0.019658653381055,0.0292829112587247,0.100178800926453,-0.0268124789396765,0.0871599620986714,0.082925674491219,0.0768232906279887,-0.0531435778413766,0.0619253600683929,0.0550934497518425,0.214001573470164,-0.0618463006752502,0.0406213317308162,0.0355336647311806,0.199877785774834,-0.0739965539384205,0.095107383417312,0.0108781012851999,0.141347162078501,,,,,,,,,,,,,,,,,,,,,,,,,,,,,,,,,,,,,,,,,,,,,,,,,,,,,,,,,,,,,,,,,,,,,,,,,,,,,,,,,,,,,,,,,,,,,,,,,,,,,,,,,,,
,,,,,,,,,,,,,,,,,,,,,,,,,,,,,,,,,,,,,,,,,,,,,,,,,,,,,,,,,,,,,,,,,,,,,,,,,,,,,,,,,,,,,,,,,,,,,,,,,,,,,,,,,,,,,,,,,,,,,,,,,,,,,,,,,,,,,,,,,,,,,,,,,,,,,,,,,,,,,,,,,,,,,,,,,,,,,,,,,,,,,,
,,,,,,,,Y/Y Europe revenue ex-FX/hedge (in dollars),,,,,,,,,,,,,,,,,,,,,,,,,,,,,,,1437.99944,1439.5,1466.01,1604.44,1657.12402,1653.42,1715.2,1911.46,2284.11,2198.42,2069.95,2166.6,2624.6,2704.48,2948.28,3149.24,3240.1,3163.62,3248.1,3352.72846354923,3820.12425763359,3843.11000000001,3929.99,4116.86259683485,4666.6625,4155.70063471504,4270.64991283553,4476.54422042683,5153.55771178702,4446.3008233295,4593.09284144493,4878.98562933917,5494.58133306234,5174.04740675035,5918.472,5985.539775,6506.7912,,,,,,,,,,,,,,,,,,,,,,,,,,,,,,,,,,,,,,,,,,,,,,,,,588.94868,1267.63588,2385.7436,4096.13949,5774.92606,6167.07402,7564.19,9059.57,12042.1,13584.5727211828,16556.6250968349,18056.4524797644,19412.9606271759,23584.8503817504,28565.9636369415,32850.8581824828,37449.9783280303,52804.4694425228,58348.9387339877,62287.4920985318,65713.3041639511,69327.5358929684,73140.5503670817,77163.2806372711,81407.261072321,85884.6604312987,90608.3167550201,,,,,,,0.222610374330282,0.144572744631379,0.12637221850328,0.12517593985817,0.165213434514643,,,,,,,,,,,,,,,,,,,,,
,,,,,,,,Y/Y currency gain / (loss) - est.,,,,,,,,,,,,,,,,,,,,,,,,,,,,,,,0,0,0,0,182.7,153,26.1,-107.1,-95.4,25.2,302.4,384.3,36.9,-54,-288,-459,-188.1,-84,-135.2,-92.8,-116.8,-187.2,-3.2,-12,-483.2,-591.740634715042,-571.357412835529,-487.469220426832,-588.932711787014,-40.7183233294963,104.10715855507,-12.6931293391708,66.7786669376565,-15.472406750353,59.8072801011958,403.875079557523,806.90804529044,,,,,,,,,,,,,,,,,,,,,,,,,,,,,,,,,,,,,,,,,,,,,,,,,0,0,0,0,0,182.7,-23.4,748.8,-989.1,-428.8,-685.6,-2239.49997976442,117.474372824059,1255.11799819881,0,0,0,0,0,0,0,0,0,0,0,0,0,,,,,,,,,,,,,,,,,,,,,,,,,,,,,,,,
,,,,,,,,Y/Y hedge gain / (loss) - est.,,,,,,,,,,,,,,,,,,,,,,,,,,,,,,,108,64.8,51.3,12.6,0,0,54,70.2,20.7,9,3.6,0.9,17.1,29.7,66.6,50.4,32.4,13.5,8.8,4,0.8,6.4,4.8,8,116,232.8,333.6,212.8,234.4,101.6,32.8,16.8,42.4,100.8,0,0,0,,,,,,,,,,,,,,,,,,,,,,,,,,,,,,,,,,,,,,,,,,,,,,,,,0,0,0,0,108,128.7,144.9,30.6,179.1,27.1,135.2,1013.6,193.6,100.8,0,0,0,0,0,0,0,0,0,0,0,0,0,,,,,,,,,,,,,,,,,,,,,,,,,,,,,,,,
,,,,,,,,Euro revenue ex-FX/hedge - % change Y/Y,,,,,,,,,,,,,,,,,,,,,,,,,,,,,,,,,,,0.152381547519935,0.148607155262244,0.169978376682287,0.191356485752038,0.241482867475553,0.217003797566457,0.188738298972032,0.200758163559378,0.199153839476221,0.216250978134753,0.242767719771535,0.234560351248579,0.217396205147473,0.193602668195949,0.220961703279354,0.246256268418146,0.251678983497244,0.247916950792633,0.262485142471651,0.262868999386764,0.260127975664216,0.136707587089134,0.0875676857778314,0.0905466662583492,0.231888109858046,0.247573155515072,0.24161386033814,0.223086963604136,0.203731157118568,0.174429807352456,0.26,0.23,0.17,,,,,,,,,,,,,,,,,,,,,,,,,,,,,,,,,,,,,,,,,,,,,,,,,,,,,,0.0679052780807383,0.191253417235784,0.201408605729638,0.227737126556197,0.229039421078695,0.25850647071275,0.137699195206074,0.227351515860969,0.207594730058514,0.15,0.15,0.14,0.41,0.105,0.0674999999999999,0.0549999999999999,0.0549999999999997,0.0550000000000002,0.0549999999999999,0.0549999999999999,0.0549999999999999,0.0549999999999999,,,,,,,,,,,,,,,,,,,,,,,,,,,,,,,,
,,,,,,,,Impact - points of growth,,,,,,,,,,,,,,,,,,,,,,,,,,,,,,,,,,,0.0376732302489367,0.0522304436209577,0.0132340189389109,-0.0321025402714068,-0.0406017092873916,0.0189324741754409,0.134689540386292,0.16052128335083,0.0132060213010905,-0.0157869493255516,-0.0950668001393875,-0.160557686462938,-0.0658991544493472,-0.0395309267457482,-0.0761735204476928,-0.0553196756700167,-0.0507568405736321,-0.0638988719596072,-0.00304637513334094,-0.00277318455310271,-0.0994049002599509,-0.0999957849751691,-0.0618013927513457,-0.0689042211074573,-0.115696260295455,-0.0604603277355968,-0.0687583974166763,-0.0609646967589781,-0.0360439706588183,-0.00754228948514135,0.00390682454570723,0.078477128900901,0.135141413138757,,,,,,,,,,,,,,,,,,,,,,,,,,,,,,,,,,,,,,,,,,,,,,,,,,,,,,0.0333280119395687,-0.00491077292276376,0.078758822308703,-0.086144053297512,-0.0553610598476859,-0.0443382514356758,-0.086198769704239,-0.0554330657684958,0.0568913844687196,-0.00464781189713448,0,0,0,0,0,0,0,0,0,0,0,0,,,,,,,,,,,,,,,,,,,,,,,,,,,,,,,,
,,,,,,,,,,,,,,,,,,,,,,,,,,,,,,,,,,,,,,,,,,,,,,,,,,,,,,,,,,,,,,,,,,,,,,,,,,,,,,,,,,,,,,,,,,,,,,,,,,,,,,,,,,,,,,,,,,,,,,,,,,,,,,,,,,,,,,,,,,,,,,,,,,,,,,,,,,,,,,,,,,,,,,,,,,,,,,,,,,,,,,
,,,,,,,,"Q/Q UK revenue ex-FX/hedge (in dollars, reported)",,,,,,,,,,,,,,,,,,,,,,,,,,,,,,,,,,,1839.82402,1889.22,1857.4,1817.86,2028.51,2232.62,2248.15,2502.3,2847.8,2717.98,2730.48,2797.34,2959.3,3066.82,3229.7,3303.12846354923,3621.72425763359,3724.71000000001,3885.99,4164.86259683485,4553.8625,3961.13833498477,3784.65950626935,3903.09928546612,4842.74332669049,4282.31982978024,4584.54312819998,4864.1087299753,5838.95626983268,5149.83852478903,5649.19357041196,6043.31160762135,7292.54051159145,,,,,,,,,,,,,,,,,,,,,,,,,,,,,,,,,,,,,,,,,,,,,,,,,,,,,,,,,,,,,,,,,,,,,,,,,,,,,,,,,,,,,,,,,,,,,,,,,,,,,,,,,,,
,,,,,,,,Q/Q currency gain / (loss) - est.,,,,,,,,,,,,,,,,,,,,,,,,,,,,,,,,,,,0,-82.8,-116.1,-13.5,160.2,0,124.2,48.6,-186.3,-67.5,-70.2,-107.1,92.7,12.8,-116.8,-43.2,81.6,-68.8,-3.2,-60,-370.4,-164.378334984769,248.232993730651,298.775714533882,-43.7183266904922,224.862670219763,145.456871800022,18.983770024699,-235.196269832682,109.536475210974,329.085709689236,346.103246936174,21.1587336989942,,,,,,,,,,,,,,,,,,,,,,,,,,,,,,,,,,,,,,,,,,,,,,,,,,,,,,,,,,,,,,,,,,,,,,,,,,,,,,,,,,,,,,,,,,,,,,,,,,,,,,,,,,,
,,,,,,,,Q/Q hedge gain / (loss) - est.,,,,,,,,,,,,,,,,,,,,,,,,,,,,,,,,,,,0,0,54,70.2,20.7,0,3.6,0.9,17.1,29.7,66.6,50.4,32.4,13.5,8.8,4,0.8,6.4,48.8,8,116,0,0,0,0,0,0,0,0,0,0,0,0,,,,,,,,,,,,,,,,,,,,,,,,,,,,,,,,,,,,,,,,,,,,,,,,,,,,,,,,,,,,,,,,,,,,,,,,,,,,,,,,,,,,,,,,,,,,,,,,,,,,,,,,,,,
,,,,,,,,Euro revenue ex-FX/hedge - % change Q/Q,,,,,,,,,,,,,,,,,,,,,,,,,,,,,,,,,,,0.137772732894672,0.0268482091020854,0.0282215653059643,0.0439671509791535,0.12422687268616,0.020062045679875,0.00695595309546637,0.0547769089721162,0.116390293621859,0.0212211159120796,0.0301832120974312,0.0515208925376274,0.100013381705721,0.00485583224115316,0.0487332852754561,0.0611097251916966,0.110982740305428,0.00577474206379214,0.0629337155455121,0.0726468845430344,0.109382444009542,-0.0531435778413766,-0.00318705784159423,-0.0321836534283723,0.15251960772048,-0.107668780683527,0.0171638552909668,0.0283527970349473,0.195749674992371,-0.0810030185466497,0.0741188012666827,0.0108781012851999,0.141347162078501,,,,,,,,,,,,,,,,,,,,,,,,,,,,,,,,,,,,,,,,,,,,,,,,,,,,,,,,,,,,,,,,,,,,,,,,,,,,,,,,,,,,,,,,,,,,,,,,,,,,,,,,,,,
,,,,,,,,,,,,,,,,,,,,,,,,,,,,,,,,,,,,,,,,,,,,,,,,,,,,,,,,,,,,,,,,,,,,,,,,,,,,,,,,,,,,,,,,,,,,,,,,,,,,,,,,,,,,,,,,,,,,,,,,,,,,,,,,,,,,,,,,,,,,,,,,,,,,,,,,,,,,,,,,,,,,,,,,,,,,,,,,,,,,,,
,,,,,,,,$/€ exchange rate,,,,,,,,,,,,1.2668327,1.21626636666667,1.21196626666667,1.28103296666667,1.33004956666667,1.27511633333333,1.2183829,1.194116,1.19536596666667,1.25141623333333,1.27828286666667,1.28954923333333,1.3130163,1.347183,1.3608831,1.44558306666667,1.48691626666667,1.5651662,1.5360162,1.31386636666667,1.31386633333333,1.35608296666667,1.41848283333333,1.47949953333333,1.3964663,1.3032666,1.266216,1.35228256666667,1.36458306666667,1.44676626666667,1.442216,1.36088283333333,1.3376999,1.2364493,1.2605,1.3005991,1.3073493,1.2959996,1.3185998,1.3615494,1.3811493,1.3645497,1.3171998,1.2466498,1.1216498,1.0963498,1.1204997,1.0561495,1.0865498,1.1132498,1.1137496,1.0607996,1.0625992,1.1244994,1.1889,1.1923495,,,,,,,,,,,,,,,,,,,,,,,,,,,,,,,,,,,,,,,,,,,,,,,,,1.244024575,1.2544162,1.253653575,1.36666636666667,1.47549125833333,1.39198291666667,1.32955786666667,1.40361204166667,1.283812075,1.320874525,1.32738715,1.0986622,1.0935872,1.142087025,1.142087025,1.142087025,1.142087025,1.142087025,1.142087025,1.142087025,1.142087025,1.142087025,1.142087025,1.142087025,1.142087025,1.142087025,1.142087025,,,,,,,,,,,,,,,,,,,,,,,,,,,,,,,,
,,,,,,,,% change Y/Y,,,,,,,,,,,,,,,,0.0499015115939672,0.0483857551927154,0.0052943992830603,-0.0678491256105848,-0.101262090808796,-0.0185866178484631,0.0491634991484751,0.079919566719928,0.0984220202131123,0.0765267095917221,0.0646181181702976,0.12099874072276,0.132443113361705,0.161806673629344,0.12869077439495,-0.0911166594554281,-0.116381760838001,-0.133585323611853,-0.0765183118945404,0.126065459067108,0.0628678614947893,-0.0389477398986086,-0.107344854484786,-0.0859864865114522,-0.0228313660940714,0.110107683774499,0.138996822027206,0.00635981478920189,-0.0197006450712709,-0.145370383255641,-0.125997770098238,-0.0442975191226971,-0.0226886463847384,0.0481623468103383,0.0460926616422055,0.0468632494056009,0.0564501009791338,0.0528936120042012,-0.001061732301188,-0.0843888587516546,-0.18788663904764,-0.196548282557975,-0.149332014778623,-0.152809794699361,-0.0312931897282021,0.0154147882363822,-0.00602418724431619,0.00440288046341908,-0.0220428000630989,0.0101051893294748,0.0674751308552659,0.124010133487984,,,,,,,,,,,,,,,,,,,,,,,,,,,,,,,,,,,,,,,,,,,,,,,,,,0.00835323128564403,-0.000607952129444866,0.0901467470123609,0.0796279869915093,-0.0565969748685566,-0.0448461322711395,0.0556983466884831,-0.0853511961356607,0.0288690616965885,0.00493054024188999,-0.172312162280613,-0.00461925421662812,0.0443492983458476,0,0,0,0,0,0,0,0,0,0,0,0,0,,,,,,,,,,,,,,,,,,,,,,,,,,,,,,,,
,,,,,,,,% change Q/Q,,,,,,,,,,,,,-0.0399155573844388,-0.0035354919924202,0.056987312188117,0.0382633400353034,-0.0413016437206966,-0.0444927508575035,-0.0199173018597028,0.00104677155876542,0.0468896289752712,0.0214689825956389,0.00881367259192456,0.0181978834619652,0.0260215353000568,0.0101694424588195,0.0622389731099364,0.0285927533000985,0.0526256488596715,-0.0186242202265805,-0.144627272377292,-2.53704136587984e-08,0.0321316044579878,0.0460147853785444,0.0430154659373743,-0.056122514041122,-0.0667396699798627,-0.0284290259567765,0.0679714730082917,0.00909610188225662,0.0602258682578798,-0.00314512908650433,-0.0563945807470356,-0.0170352162327959,-0.0756900706952284,0.0194514243325625,0.0318120587068622,0.0051900697147953,-0.00868145949976795,0.0174384313081579,0.0325721268879304,0.0143952911293561,-0.0120186861767949,-0.0347000186215276,-0.053560591187457,-0.100268736256164,-0.0225560598325787,0.0220275499662608,-0.0574299127433948,0.0287840878587737,0.024573194896359,0.000448955840818499,-0.0475421046166931,0.00169645614496838,0.058253572937002,0.057270461860629,0.0029014214820422,,,,,,,,,,,,,,,,,,,,,,,,,,,,,,,,,,,,,,,,,,,,,,,,,,,,,,,,,,,,,,,,,,,,,,,,,,,,,,,,,,,,,,,,,,,,,,,,,,,,,,,,,,,
,,,,,,,,"Prior month end $/€ (Dec, Mar, Jun, Sept)",,,,,,,,,,,,1.3156996,1.2289,1.2166491,1.2419997,1.3592492,1.2996493,1.2106495,1.2056494,1.1795493,1.2101498,1.2786494,1.2667494,1.3186493,1.3311492,1.3505497,1.4221497,1.4620495,1.58455,1.5755492,1.4046498,1.39005,1.3276997,1.4026499,1.4616995,1.4347497,1.3530999,1.2248993,1.3651991,1.3415499,1.4190999,1.4498492,1.3416997,1.2981492,1.3344,1.2690497,1.2865,,,,,,,,,,,,,,,,,,,,,,,,,,,,,,,,,,,,,,,,,,,,,,,,,,,,,,,,,,,,,,,,,,,,,,,,,,,,,,,,,,,,,,,,,,,,,,,,,,,,,,,,,,,,,,,,,,,,,,,,,,,,,,,
,,,,,,,,"Month 1 end $/€ (Jan, Apr, Jul, Oct)",,,,,,,,,,,,1.2422991,1.1987496,1.20395,1.27205,1.3035498,1.2909499,1.2146493,1.1977492,1.2142993,1.2596493,1.2761498,1.2763491,1.29945,1.36475,1.3688498,1.4467497,1.4805995,1.5568991,1.5602494,1.2680493,1.2814999,1.3251,1.4177495,1.4754496,1.3899498,1.32965,1.3027993,1.3898993,1.3709994,1.4835997,1.4369994,1.3947993,1.305,1.3228,1.2315493,1.2957993,,,,,,,,,,,,,,,,,,,,,,,,,,,,,,,,,,,,,,,,,,,,,,,,,,,,,,,,,,,,,,,,,,,,,,,,,,,,,,,,,,,,,,,,,,,,,,,,,,,,,,,,,,,,,,,,,,,,,,,,,,,,,,,
,,,,,,,,"Month 2 end $/€ (Feb, May, Aug, Nov)",,,,,,,,,,,,1.2424994,1.2211495,1.2152997,1.3290492,1.3273497,1.2347498,1.2298499,1.1789494,1.1922493,1.2844496,1.2800494,1.3255492,1.3209496,1.3456498,1.3632498,1.4678498,1.5180998,1.5540495,1.47225,1.2689,1.2700491,1.4154492,1.4350491,1.5013495,1.3646994,1.2270499,1.2709494,1.3017493,1.3811999,1.4375992,1.4397994,1.3461495,1.3361,1.2361,1.2605,1.3005991,,,,,,,,,,,,,,,,,,,,,,,,,,,,,,,,,,,,,,,,,,,,,,,,,,,,,,,,,,,,,,,,,,,,,,,,,,,,,,,,,,403.926456633519,,,,,,,,,,,,,,,,,,,,,,,,,,,,,,,,,,,,,,,,,,,,,
,,,,,,,,,,,,,,,,,,,,,,,,,,,,,,,,,,,,,,,,,,,,,,,,,,,,,,,,,,,,,,,,,,,,,,,,,,,,,,,,,,,,,,,,,,,,,,,,,,,,,,,,,,,,,,,,,,,,,,,,,,,,,,,,,,,,,,,,,,,,,,,,,,,,,,,,,,,,,,,,,,,,,,,,,,,,,,,,,,,,,,
,,,,,,,,ROW revenue in dollars (estimated),,,,,,,,,,,,12.8989,14.99113,20.81388,29.72541,41.78846,51.31095,62.10608,80.72263,106.80534,126.35304,152.0748,199.95822,247.9906,286.24167,327.48624,407.191,480.37496,547.0821,579.66132,631.46456,644.7,681.69,760.960000000001,906.181980000001,930.580000000001,966.700000000001,1054.44,1297.59,1368.38,1519.05,1701.2,1861.4,1940.82,2057.12,2153.36,2523.6,2428.13,2561.55,2814.32153645077,3345.12574236641,3279.68999999999,3449.41,3459.13740316515,3841.5375,4065.24,3968.1075,3933.125,4314.975,4447.8175,4821,5028.9075,5682.24,5696.625,5785.2,6537.57975,6989.1552,,,,,,,,,,,,,,,,,,,,,,,,,,,,,,,,,,,,,,,,,,,,,,,,,78.42932,235.92812,585.1914,1268.90951,2238.58294,2993.53198,4249.31,6450.03,8674.90000000001,11149.1272788172,14029.7749031652,16281.4475,19979.965,25008.55995,29385.05794125,34380.5177912625,39193.7902820392,44484.9519701145,50490.42048608,55791.9146371184,61371.1061008303,66894.505649905,72915.0111583964,79477.3621626521,86630.3247572908,94427.053985447,102925.488844137,,,,,,,0.295675727059818,0.233510484813149,0.214650360035355,0.212493243465379,0.217524883737183,,,,,,,,,,,,,,,,,,,,,
,,,,,,,,Period-to-period addition,,,,,,,,,,,,,,,,12.06305,9.52249000000001,10.79513,18.61655,26.08271,19.5476999999999,25.72176,47.88342,48.0323800000001,38.25107,41.2445699999998,79.7047600000003,73.1839599999998,66.7071400000002,32.5792199999999,51.8032400000002,13.2354399999999,36.99,79.2700000000002,145.22198,24.3980200000001,36.1199999999999,87.74,243.15,70.7900000000004,150.67,182.15,160.2,79.4200000000001,116.3,96.2400000000002,370.24,-95.4699999999998,133.42,252.771536450768,530.804205915643,-65.4357423664178,169.720000000007,9.72740316515183,382.400096834847,223.702499999999,-97.1324999999997,-34.9825000000001,381.849999999999,132.842500000001,373.1825,207.9075,653.3325,14.3850000000002,88.5749999999998,752.379750000001,451.575449999998,,,,,,,,,,,,,,,,,,,,,,,,,,,,,,,,,,,,,,,,,,,,,,,0,0,78.42932,157.4988,349.26328,683.718109999999,969.673430000003,754.94904,1255.77802,2200.72,2224.87,2474.22727881718,2880.64762434796,2251.67259683485,3698.51750000001,5028.59494999999,4376.49799125,4995.4598500125,4813.27249077676,5291.1616880753,6005.46851596546,5301.4941510384,5579.19146371185,5523.39954907473,6020.50550849145,6562.35100425569,7152.9625946387,7796.72922815618,8498.43485869023,,,,,,,,,,,,,,,,,,,,,,,,,,,,,,,,
,,,,,,,,Y/Y Absolute Change,,,,,,,,,,,,,,,,,,,,65.0168800000001,75.04209,89.96872,119.23559,141.18526,159.88863,175.41144,207.23278,232.38436,260.84043,252.17508,224.27356,164.32504,134.6079,181.29868,274.71742,285.88,285.01,293.48,391.40802,437.8,552.350000000001,646.760000000001,563.81,572.44,538.07,452.16,662.200000000001,487.310000000001,504.430000000001,660.961536450768,821.525742366411,851.559999999993,887.859999999999,644.815866714383,496.411757633588,785.550000000005,518.697499999999,473.987596834847,473.437499999999,382.5775,852.8925,1095.7825,1367.265,1248.8075,964.2,1508.67225,1306.9152,,,,,,,,,,,,,,,,,,,,,,,,,,,,,,,,,,,,,,,,,,,,,,,,,,,,,,,,,,,2880.64762434796,2251.67259683485,3698.51750000001,5028.59494999999,4376.49799125,4995.4598500125,4813.27249077676,5291.1616880753,6005.46851596546,5301.4941510384,5579.19146371185,5523.39954907473,6020.50550849145,6562.35100425569,7152.9625946387,7796.72922815618,8498.43485869023,,,,,,,,,,,,,,,,,,,,,,,,,,,,,,,,
,,,,,,,,% change Y/Y,,,,,,,,,,,,NA,NA,NA,NA,2.23969175666142,2.42275398852521,1.9838780659829,1.71561031454234,1.55585728691606,1.46249660160258,1.44862982819073,1.47710239371537,1.32189326863245,1.265411817555,1.15345501029756,1.03638039986553,0.93706922762395,0.911259461279695,0.770032597400124,0.550782212769928,0.342076614484652,0.246046982710639,0.312766565138416,0.435048041334259,0.443431053203041,0.418093268201089,0.385670731707317,0.43193092407333,0.470459283457629,0.57137684907417,0.613368233375062,0.434505506361794,0.418334088484193,0.354214805305948,0.265788854925935,0.355753733748792,0.251084593110129,0.245211752352804,0.306944280775517,0.32553722553749,0.350706098932097,0.346610450703675,0.229119472797547,0.148398534424723,0.239519588741621,0.150372817380363,0.137024795950905,0.123241670815396,0.0941094498725783,0.214936843318887,0.278603527729223,0.316865103505814,0.280768601679363,0.2,0.3,0.23,,,,,,,,,,,,,,,,,,,,,,,,,,,,,,,,,,,,,,,,,,,,,,,,,NA,2.00816225360618,1.48038004117525,1.16836664038467,0.764178550446834,0.337244167508933,0.419497111903244,0.517900553266296,0.344939480901639,0.285216806973819,0.258374270228402,0.16049242503006,0.227161467062434,0.251681869813085,0.175,0.17,0.14,0.135,0.135,0.105,0.1,0.09,0.09,0.09,0.09,0.09,0.09,,,,,,,,,,,,,,,,,,,,,,,,,,,,,,,,
,,,,,,,,Two-year % change ,,,,,,,,,,,,,,,,,,,,3.79554904357748,3.8852505901278,3.43250789417363,3.19271270825771,2.8777505555485,2.72790841915759,2.6020848384883,2.5134827935809,2.2589624962564,2.1766712788347,1.92348760769769,1.58716261263546,1.2791458421086,1.15730644399033,1.08279916253854,0.985830254104188,0.785507667687693,0.664140250911727,0.698437296845733,0.86697896540759,0.913890336660669,0.989470117275259,0.999038965082379,0.866436430435124,0.888793371941821,0.925591654380118,0.879157088300997,0.790259240110586,0.669418681594322,0.599426557658752,0.572733135701452,0.681290959286282,0.601790692042226,0.591822203056479,0.536063753573064,0.473935759962213,0.590225687673718,0.496983268084038,0.366144268748452,0.271640205240119,0.333629038614199,0.36530966069925,0.415628323680128,0.44010677432121,0.374878051551941,0.414936843318887,0.578603527729223,0.546865103505814,,,,,,,,,,,,,,,,,,,,,,,,,,,,,,,,,,,,,,,,,,,,,,,,,,,,,,,,,,,0.543591077202221,0.418866695258462,0.387653892092494,0.478843336875519,0.426681869813085,0.345,0.31,0.275,0.27,0.24,0.205,0.19,0.18,0.18,0.18,0.18,0.18,,,,,,,,,,,,,,,,,,,,,,,,,,,,,,,,
,,,,,,,,% change Q/Q,,,,,,,,,,,,NA,0.162202203288653,0.388413014896141,0.428153232362251,0.405816101443177,0.227873676129726,0.210386476960571,0.299754065946523,0.323115215646468,0.183021747789014,0.20357056703978,0.314867552020453,0.240212080303576,0.154244031830239,0.144090027143846,0.243383538801509,0.179728825047705,0.13886473183365,0.0595508791093693,0.0893681158508215,0.0209599094524005,0.0573755234993021,0.116284528157961,0.190840490958789,0.0269239739240899,0.0388145027832103,0.0907623875038792,0.230596335495618,0.0545549826986955,0.110108303249097,0.119910470359764,0.0941688220079942,0.0426668099280112,0.0599231252769448,0.046783853153924,0.17193595125757,-0.0378308765255982,0.0549476345994655,0.098679134293989,0.188608230808288,-0.0195615194782266,0.0517487933310792,0.00282001941350885,0.110547819373971,0.0582325436104683,-0.0238934232665229,-0.00881591539543725,0.0970856507230256,0.0307863892606564,0.0839023858330519,0.04312538892346,0.129915394148729,0.00253157205609056,0.0155486801395563,0.130052504667082,0.0690737960022589,,,,,,,,,,,,,,,,,,,,,,,,,,,,,,,,,,,,,,,,,,,,,,,,,,,,,,,,,,,,,,,,,,,,,,,,,,,,,,,,,,,,,,,,,,,,,,,,,,,,,,,,,,,
,,,,,,,,% of total gross revenue,,,,,,,,,,,,0.0197950348591133,0.0214094160054384,0.0258272934046585,0.0288176259644925,0.033257403805443,0.0370611305927432,0.0393460951714841,0.0420629068002437,0.0473899514366025,0.0514468660512192,0.0565402560088159,0.0623797675119435,0.0676835597224978,0.0739263375245514,0.0773951960024115,0.0843625606757773,0.0926284182371801,0.101930406326413,0.104605742493175,0.110765689090713,0.11702668360864,0.123427485062466,0.128,0.135786832311316,0.137354981549816,0.141744868035191,0.144721383475158,0.153742890995261,0.159577842565598,0.16829714159096,0.175020576131687,0.175869236583522,0.182322217003288,0.187624954396206,0.186826305743536,0.195552111584657,0.18748590842406,0.195433737697414,0.204618404569636,0.212970378962654,0.212690661478599,0.216196176747101,0.209352865893915,0.212204468872563,0.235556843203152,0.223845405313928,0.210609103078983,0.20230554643912,0.21956940810584,0.224232558139535,0.223994810921563,0.218011049723757,0.230166666666667,0.22242214532872,0.235401834581593,0.216228543142654,,,,,,,,,,,,,,,,,,,,,,,,,,,,,,,,,,,,,,,,,,,,,,,,,0.0245919836900712,0.0384337890319554,0.0551811390885945,0.0764680354677893,0.102708256501901,0.126573391931516,0.144923774768937,0.17016303917689,0.188420938314509,0.198935252280658,0.212569126273316,0.217117810612223,0.221330700549451,0.22559704072888,0.214773225511442,0.212412918757066,0.214728726610525,0.172665230421541,0.178514830099704,0.181499686516713,0.17533700009951,0.166058906477835,0.150637588369503,0.140032666551607,0.131259958809955,0.124040091595457,0.118095711597692,,,,,,,,,,,,,,,,,,,,,,,,,,,,,,,,
,,,,,,,,% of total international ex-UK revenue,,,,,,,,,,,,0.1,0.11,0.12,0.13,0.14,0.15,0.16,0.17,0.18,0.19,0.2,0.21,0.22,0.23,0.24,0.25,0.26,0.27,0.28,0.29,0.3,0.31,0.32,0.33,0.34,0.35,0.36,0.37,0.38,0.39,0.4,0.41,0.42,0.43,0.44,0.45,0.439779035544488,0.450719218756874,0.463015100802167,0.474536403499154,0.472441659464131,0.467336404281263,0.45683272625002,0.471875383859477,0.517074535741542,0.495951443569554,0.483481868469576,0.473444700460829,0.496685371300949,0.50476389906816,0.507355478208233,0.50347687400319,0.519954819277108,0.491793274952768,0.505730833034859,0.488654570787536,,,,,,,,,,,,,,,,,,,,,,,,,,,,,,,,,,,,,,,,,,,,,,,,,0.117518587666959,0.156912589021818,0.196972131668986,0.236514057933115,0.27563633063757,0.316039915937553,0.356037704231253,0.395974584075143,0.435771336715728,0.458208420138796,0.467098645064761,0.491708368567287,0.503222975015112,0.50067860341988,0.507067125669245,0.511376084355146,0.511376084355146,0.457243463104162,0.463898545966179,0.472494875944137,0.482916086819485,0.49106961613735,0.499227899279118,0.507386593555852,0.515541355403266,0.52368784962691,0.531821758609522,,,,,,,,,,,,,,,,,,,,,,,,,,,,,,,,
,,,,,,,,,,,,,,,,,,,,,,,,,,,,,,,,,,,,,,,,,,,,,,,,,,,,,,,,,,,,,,,,,,,,,,,,,,,,,,,,,,,,,,,,,,,,,,,,,,,,,,,,,,,,,,,,,,,,,,,,,,,,,,,,,,,,,,,,,,,,,,,,,,,,,,,,,,,,,,,,,,,,,,,,,,,,,,,,,,,,,,
,,,,,,,,Y/Y ROW revenue ex-FX/hedge (in dollars),,,,,,,,,,,,12.8989,14.99113,20.81388,29.72541,41.78846,51.31095,62.10608,80.72263,106.80534,126.35304,152.0748,199.95822,247.9906,286.24167,327.48624,407.191,480.37496,547.0821,579.66132,619.46456,637.5,675.99,759.560000000001,885.881980000001,913.580000000001,957.800000000001,1058.54,1305.89,1364.58,1485.05,1658.4,1855.4,1943.52,2081.72,2198.76,2540.9,2447.63,2593.15,2836.52153645077,3374.12574236641,3324.89,3449.01,3460.13740316515,3933.3375,4405.29936528496,4720.35008716447,4824.45577957317,4890.44228821299,5014.6991766705,4958.90715855507,4931.01437066083,5591.41866693766,5707.95259324965,5693.16292447485,6279.45931268706,6754.42635669756,,,,,,,,,,,,,,,,,,,,,,,,,,,,,,,,,,,,,,,,,,,,,,,,,78.42932,235.92812,585.1914,1268.90951,2226.58294,2958.93198,4235.81,6363.43000000001,8764.90000000001,11251.4272788172,14167.3749031652,18840.5475202356,20496.0393728241,24435.0011871091,29385.05794125,34380.5177912625,39193.7902820392,44484.9519701145,50490.42048608,55791.9146371184,61371.1061008303,66894.505649905,72915.0111583964,79477.3621626521,86630.3247572908,94427.053985447,102925.488844137,,,,,,,0.305768051692283,0.29057184004149,0.221295554775758,0.199244289955425,0.15969649330768,,,,,,,,,,,,,,,,,,,,,
,,,,,,,,Y/Y currency gain / (loss) - est.,,,,,,,,,,,,0,0,0,0,0,0,0,0,0,0,0,0,0,0,0,0,0,0,0,0,0,0,0,20.3,17,2.9,-11.9,-10.6,2.8,33.6,42.7,4.1,-6,-32,-51,-20.9,-21,-33.8,-23.2,-29.2,-46.8,-0.8,-3,-120.8,-398.259365284958,-835.642587164471,-944.530779573168,-634.067288212986,-592.281676670504,-146.10715855507,93.6931293391708,80.2213330623436,-36.527593249647,92.0370755251506,258.120437312941,234.728843302442,,,,,,,,,,,,,,,,,,,,,,,,,,,,,,,,,,,,,,,,,,,,,,,,,0,0,0,0,0,20.3,-2.59999999999999,83.2,-109.9,-107.2,-171.4,-2812.50002023558,-564.474372824059,548.358762890887,0,0,0,0,0,0,0,0,0,0,0,0,0,,,,,,,,,,,,,,,,,,,,,,,,,,,,,,,,
,,,,,,,,Y/Y hedge gain / (loss) - est.,,,,,,,,,,,,0,0,0,0,0,0,0,0,0,0,0,0,0,0,0,0,0,0,0,12,7.2,5.7,1.4,0,0,6,7.8,2.3,1,0.4,0.1,1.9,3.3,7.39999999999999,5.6,3.6,1.5,2.2,1,0.2,1.6,1.2,2,29,58.2,83.4,53.2,58.6,25.4,8.2,4.2,10.6,25.2,0,0,0,,,,,,,,,,,,,,,,,,,,,,,,,,,,,,,,,,,,,,,,,,,,,,,,,0,0,0,0,12,14.3,16.1,3.4,19.9,4.9,33.8,253.4,48.4,25.2,0,0,0,0,0,0,0,0,0,0,0,0,0,,,,,,,,,,,,,,,,,,,,,,,,,,,,,,,,
,,,,,,,,ROW revenue ex-FX/hedge - % change Y/Y,,,,,,,,,,,,,,,,2.23969175666142,2.42275398852521,1.9838780659829,1.71561031454234,1.55585728691606,1.46249660160258,1.44862982819073,1.47710239371537,1.32189326863245,1.265411817555,1.15345501029756,1.03638039986553,0.93706922762395,0.911259461279695,0.770032597400124,0.521312013281237,0.327088322838476,0.23562807117981,0.310351361722739,0.402900552328701,0.417062199472623,0.405037480379645,0.3910586627418,0.441090232229072,0.466375808635475,0.536205648081101,0.572777967451918,0.429881549642029,0.420307224601353,0.370409137289753,0.292475899365154,0.36504781347373,0.261131892705146,0.260573034144824,0.317253750627284,0.337028745588211,0.369321247214932,0.346454295250922,0.229474798223959,0.175841449002594,0.343206024131843,0.368451441598554,0.394699087454211,0.273042964753822,0.233555503899033,0.249690730040723,0.253714125704327,0.295817163932041,0.283315377316998,0.180909131813908,0.248672661544691,0.188690790374493,,,,,,,,,,,,,,,,,,,,,,,,,,,,,,,,,,,,,,,,,,,,,,,,,,2.00816225360618,1.48038004117525,1.16836664038467,0.754721611314902,0.321787961092922,0.414987388910407,0.49752077396095,0.358892904374088,0.297009450116679,0.270716043405701,0.342897348694106,0.258858548837507,0.222975174736747,0.175,0.17,0.14,0.135,0.135,0.105,0.1,0.0900000000000001,0.0900000000000001,0.0900000000000001,0.0900000000000001,0.0900000000000001,0.0900000000000001,,,,,,,,,,,,,,,,,,,,,,,,,,,,,,,,
,,,,,,,,Two-year % change ,,,,,,,,,,,,,,,,,2.42275398852521,1.9838780659829,,3.79554904357748,3.8852505901278,3.43250789417363,3.19271270825771,2.8777505555485,2.72790841915759,2.6020848384883,2.5134827935809,2.2589624962564,2.1766712788347,1.92348760769769,1.55769241314677,1.26415755046243,1.1468875324595,1.08038395912286,0.924212565609937,0.7441505223111,0.640665551559455,0.701410024464539,0.843990784557772,0.883438008108098,0.941243128460746,0.963836630193718,0.8709717818711,0.886683033236828,0.906614785370854,0.865253866817072,0.794929363115759,0.681439117306499,0.630982171434578,0.609729649992438,0.702076559061941,0.630453139920077,0.607027329395746,0.546728548851243,0.512870194590805,0.712527271346775,0.714905736849476,0.62417388567817,0.448884413756416,0.576761528030876,0.618142171639278,0.648413213158538,0.568860128685862,0.516870881216031,0.430599861854631,0.502386787249018,0.484507954306533,,,,,,,,,,,,,,,,,,,,,,,,,,,,,,,,,,,,,,,,,,,,,,,,,,,,,,,,,,,0.567725493522381,0.613613392099807,0.601755897531613,0.481833723574255,0.397975174736748,0.345,0.31,0.275,0.27,0.24,0.205,0.19,0.18,0.18,0.18,0.18,0.18,,,,,,,,,,,,,,,,,,,,,,,,,,,,,,,,
,,,,,,,,Constant Currency YoY Dollar Growth,,,,,,,,,,,,,,,,,36.31982,41.2922,50.9972200000001,65.0168800000001,75.04209,89.96872,119.23559,141.18526,159.88863,175.41144,207.23278,232.38436,260.84043,252.17508,212.27356,157.12504,128.9079,179.89868,254.41742,268.88,276.11,297.58,399.70802,434,518.350000000001,603.960000000001,557.81,575.14,562.67,497.56,679.500000000001,506.810000000001,536.030000000001,683.161536450768,850.525742366411,896.759999999993,887.46,645.815866714383,588.211757633588,1125.60936528496,1270.94008716447,1365.31837640802,1048.90478821298,949.459176670504,990.79965855507,997.88937066083,1276.44366693766,1260.13509324965,872.162924474849,1250.55181268706,1072.18635669756,,,,,,,,,,,,,,,,,,,,,,,,,,,,,,,,,,,,,,,,,,,,,,,,,,,,,,,,,,2576.52727881718,3018.24762434796,4810.77261707043,4214.59187282406,4455.0361871091,4376.49799125,4995.4598500125,4813.27249077676,5291.1616880753,6005.46851596546,5301.4941510384,5579.19146371185,5523.39954907473,6020.50550849145,6562.35100425569,7152.9625946387,7796.72922815618,8498.43485869023,,,,,,,,,,,,,,,,,,,,,,,,,,,,,,,,
,,,,,,,,,,,,,,,,,,,,,,,,,,,,,,,,,,,,,,,,,,,,,,,,,,,,,,,,,,,,,,,,,,,,,,,,,,,,,,,,,,,,,,,,,,,,,,,,,,,,,,,,,,,,,,,,,,,,,,,,,,,,,,,,,,,,,,,,,,,,,,,,,,,,,,,,,,,,,,,,,,,,,,,,,,,,,,,,,,,,,,
,,,,,,,,"Q/Q ROW revenue ex-FX/hedge (in dollars, reported)",,,,,,,,,,,,12.8989,14.99113,20.81388,29.72541,41.78846,51.31095,62.10608,80.72263,106.80534,126.35304,152.0748,199.95822,247.9906,286.24167,327.48624,407.191,480.37496,547.0821,579.66132,631.46456,644.7,681.69,760.960000000001,906.181980000001,939.780000000001,973.600000000001,1048.14,1277.49,1368.38,1504.85,1695.7,1880.2,1945.02,2057.52,2159.66,2509.7,2423.43,2588.55,2824.12153645077,3324.52574236641,3295.28999999999,3438.01,3472.13740316515,3905.1375,4121.86166501523,4091.34049373065,4026.90071453388,4145.25667330951,4602.68017021976,4645.45687180002,4985.8912700247,5526.04373016732,5972.16147521097,5836.69045221321,6185.72344146744,7241.2411228919,,,,,,,,,,,,,,,,,,,,,,,,,,,,,,,,,,,,,,,,,,,,,,,,,,,,,,,,,,,,,,,,,,,,,,,,,,,,,,,,,,,,,,,,,,,,,,,,,,,,,,,,,,,
,,,,,,,,Q/Q currency gain / (loss) - est.,,,,,,,,,,,,0,0,0,0,0,0,0,0,0,0,0,0,0,0,0,0,0,0,0,0,0,0,0,0,-9.2,-12.9,-1.5,17.8,0,13.8,5.4,-20.7,-7.5,-7.8,-11.9,10.3,3.2,-29.2,-10.8,20.4,-17.2,-0.8,-15,-92.6,-347.621665015231,-540.232993730651,-359.775714533882,-123.281673309508,-281.862670219763,134.543128199978,22.016229975301,103.196269832682,-401.536475210974,-51.4904522132092,351.856308532558,-252.085922891902,,,,,,,,,,,,,,,,,,,,,,,,,,,,,,,,,,,,,,,,,,,,,,,,,,,,,,,,,,,,,,,,,,,,,,,,,,,,,,,,,,,,,,,,,,,,,,,,,,,,,,,,,,,
,,,,,,,,Q/Q hedge gain / (loss) - est.,,,,,,,,,,,,0,0,0,0,0,0,0,0,0,0,0,0,0,0,0,0,0,0,0,0,0,0,0,0,0,6,7.8,2.3,0,0.4,0.1,1.9,3.3,7.39999999999999,5.6,3.6,1.5,2.2,1,0.2,1.6,12.2,2,29,291,417,266,293,127,41,21,53,126,0,0,0,,,,,,,,,,,,,,,,,,,,,,,,,,,,,,,,,,,,,,,,,,,,,,,,,,,,,,,,,,,,,,,,,,,,,,,,,,,,,,,,,,,,,,,,,,,,,,,,,,,,,,,,,,,
,,,,,,,,ROW revenue ex-FX/hedge - % change Q/Q,,,,,,,,,,,,,0.162202203288653,0.388413014896141,0.428153232362251,0.405816101443177,0.227873676129726,0.210386476960571,0.299754065946523,0.323115215646468,0.183021747789014,0.20357056703978,0.314867552020453,0.240212080303576,0.154244031830239,0.144090027143846,0.243383538801509,0.179728825047705,0.13886473183365,0.0595508791093693,0.0893681158508215,0.0209599094524005,0.0573755234993021,0.116284528157961,0.190840490958789,0.0370764600726226,0.0462292333813319,0.084245370849281,0.211534084442927,0.0545549826986955,0.0997310688551425,0.116289786379645,0.105219844815424,0.0449231761040079,0.060129223730176,0.04984638718208,0.165480922836869,-0.0396932952924391,0.0660673028215129,0.102504942886443,0.1812885270242,-0.014898017654536,0.0482728550564253,0.00658877986819539,0.12893390601563,0.0729718673877922,0.00642040660100052,0.0148164369372257,0.0539346380573991,0.066675976157397,0.0444351351646108,0.0342027110609209,0.0988557117360616,0.051022391734769,0.0245874447086141,0.0692324278274636,0.10763331382564,,,,,,,,,,,,,,,,,,,,,,,,,,,,,,,,,,,,,,,,,,,,,,,,,,,,,,,,,,,,,,,,,,,,,,,,,,,,,,,,,,,,,,,,,,,,,,,,,,,,,,,,,,,
,,,,,,,,,,,,,,,,,,,,,,,,,,,,,,,,,,,,,,,,,,,,,,,,,,,,,,,,,,,,,,,,,,,,,,,,,,,,,,,,,,,,,,,,,,,,,,,,,,,,,,,,,,,,,,,,,,,,,,,,,,,,,,,,,,,,,,,,,,,,,,,,,,,,,,,,,,,,,,,,,,,,,,,,,,,,,,,,,,,,,,
,,,,,,,,Exchange rate,,,,,,,,,,,,,,,,,,,,,,,,,,,,,,,,,,,,,,,,,,,,0.339310480670719,0.309363931959712,0.321479150633886,0.319152814421962,0.315725877649311,0.302473271948253,0.285203058662162,0.287024204556256,0.130581611790578,0.134609287672565,0.134553717433537,0.123696711463561,0.113613379926444,0.110239703815792,0.102066904813287,0.101543015230248,0.09923668616812,0.10291330676661,0.106161745301439,0.103095156090009,0.105507803479165,0.104577028657775,0.110525578994533,0.106677903974305,,,,,,,,,,,,,,,,,,,,,,,,,,,,,,,,,,,,,,,,,,,,,,,,,,,,,,,,,0.32232659442157,0.297606603203995,0.13086033209006,0.106865750946443,0.102851723581544,0.106822078776444,0.106822078776444,0.106822078776444,0.106822078776444,0.106822078776444,0.106822078776444,0.106822078776444,0.106822078776444,0.106822078776444,0.106822078776444,0.106822078776444,0.106822078776444,0.106822078776444,0.106822078776444,,,,,,,,,,,,,,,,,,,,,,,,,,,,,,,,
,,,,,,,,% change Y/Y,,,,,,,,,,,,,,,,,,,,,,,,,,,,,,,,,,,,,,,,,,,,,,,,-0.069507440426798,-0.0222736372912306,-0.11284119638924,-0.100668420937778,-0.586408270481966,-0.554971297776043,-0.528217831657539,-0.569037351205978,-0.129943501473594,-0.181039393923928,-0.241441212029663,-0.179096889247851,-0.126540498730275,-0.0664587874929747,0.0401191796267688,0.0152855502295342,0.0631935381278335,0.0161662465568102,0.0411055195136678,0.0347518546959491,,,,,,,,,,,,,,,,,,,,,,,,,,,,,,,,,,,,,,,,,,,,,,,,,,,,,,,,,,-0.0766923724117019,-0.560290898517593,-0.183360234231285,-0.037561401378353,0.0386027093824266,0,0,0,0,0,0,0,0,0,0,0,0,0,,,,,,,,,,,,,,,,,,,,,,,,,,,,,,,,
,,,,,,,,% change Q/Q,,,,,,,,,,,,,,,,,,,,,,,,,,,,,,,,,,,,,,,,,,,,,-0.0882570696071962,0.0391617038141068,-0.00723635174267689,-0.0107376047391532,-0.041975037965619,-0.0570966590695843,0.00638543605610908,-0.545050174453199,0.0308441274905267,-0.000412826187471405,-0.0806890079074811,-0.0815165691780493,-0.0296943556545598,-0.0741366197442056,-0.00513280562388829,-0.0227128282225878,0.0370490061735949,0.0315648057271785,-0.0288860097648488,0.0234021410962315,-0.00882185763229659,0.0568819980172097,-0.0348125298707396,,,,,,,,,,,,,,,,,,,,,,,,,,,,,,,,,,,,,,,,,,,,,,,,,,,,,,,,,,,,,,,,,,,,,,,,,,,,,,,,,,,,,,,,,,,,,,,,,,,,,,,,,,,
,,,,,,,,,,,,,,,,,,,,,,,,,,,,,,,,,,,,,,,,,,,,,,,,,,,,,,,,,,,,,,,,,,,,,,,,,,,,,,,,,,,,,,,,,,,,,,,,,,,,,,,,,,,,,,,,,,,,,,,,,,,,,,,,,,,,,,,,,,,,,,,,,,,,,,,,,,,,,,,,,,,,,,,,,,,,,,,,,,,,,,
,,,,,,,,Total international revenue in dollars,,,,,,,,,,,,205.21,217.704,281.359,365.907,484.704,541.237,621.37,734.363,936.234,1034.965,1182.868,1420.71,1705.589,1844.043,2025.542,2320.791,2650.569,2800.188,2846.379,2862.861,2882,2914,3143,3518.006,3579,3532,3769,4385,4570,4871,5300,5604,5771,5959,6110,6913,6908.25,7004.25,7467.25,8552.25,8525,8997,9199,9798,9537,9679,9927,11036,10876,11465,11802,13348,12981,13752.9128677196,15094.7344192524,16746.83529576,,,,,,,,,,,,,,,,,,,,,,,,,,,,,,,,,,,,,,,,,,,,,,,,,1070.18,2381.674,4574.777,7895.965,11159.997,12457.006,15265,20345,24753,30457,36519,40179,47491,58575,67639.5434854262,77985.6352907757,88473.4538588031,110183.778333757,122894.208264088,133047.820967532,142950.929350576,152881.886582958,163548.398817567,175008.121956616,187323.438944139,200561.860187,214796.458657924,,,,,,,0.215309970344958,0.175232412325928,0.159599618265167,0.170571124648279,0.189598792660702,,,,,,,,,,,,,,,,,,,,,
,,,,,,,,Period-to-period addition,,,,,,,,,,,,,,,,118.797,56.5329999999998,80.133,112.993,201.871,98.7309999999998,147.903,237.842,284.879,138.454,181.498999999999,295.249000000001,329.777999999999,149.619000000001,46.1909999999989,16.4820000000004,19.1390000000001,32,229,375.006,60.9939999999997,-47,237,616,185,301,429,304,167,188,151,803,-4.75,96,463,1085,-27.25,472,202,599,-261,142,248,1109,-160,589,337,1546,-367,771.912867719591,1341.82155153277,1652.10087650764,,,,,,,,,,,,,,,,,,,,,,,,,,,,,,,,,,,,,,,,,,,,,,,0,0,1070.18,1311.494,2193.103,3321.188,3264.032,1297.009,2807.994,5080,4408,5704,6062,3660,7312,11084,9064.54348542618,10346.0918053495,10487.8185680274,21710.3244749538,12710.4299303311,10153.6127034439,9903.10838304396,9930.95723238177,10666.5122346089,11459.7231390496,12315.3169875232,13238.4212428602,14234.5984709243,,,,,,,,,,,,,,,,,,,,,,,,,,,,,,,,
,,,,,,,,% change Y/Y,,,,,,,,,,,,NA,NA,NA,NA,1.36199015642513,1.48611417337302,1.20845965474714,1.00696625098727,0.931558229352347,0.91222144827497,0.903645171154063,0.9346154422268,0.821755031327638,0.781744310194065,0.712399016627384,0.633543087611125,0.554049070438423,0.518504720334613,0.405243139860837,0.233571226362046,0.0873137050950195,0.0406444138750681,0.104209945337568,0.228842755551178,0.241845940319223,0.212079615648593,0.199172764874324,0.246444718968643,0.27689298686784,0.379105322763307,0.406208543380207,0.277993158494869,0.262800875273523,0.223362759187025,0.152830188679245,0.233583154889365,0.197062900710449,0.175406947474408,0.222135842880524,0.237125705193114,0.234031773604024,0.284505835742585,0.231912685392882,0.145663421906516,0.118709677419355,0.0758030454595977,0.0791390368518317,0.126352316799347,0.140400545244836,0.184523194544891,0.18887881535207,0.209496194273287,0.193545421110702,0.199556290250291,0.278998001970205,0.254632551375487,,,,,,,,,,,,,,,,,,,,,,,,,,,,,,,,,,,,,,,,,,,,,,,,,NA,1.22548917004616,0.920824176608553,0.725978118714857,0.413379745224301,0.116219475686239,0.225414838846509,0.332787422207665,0.216662570656181,0.230436714741648,0.199034704665594,0.100221802349462,0.181985614375669,0.233391589985471,0.154751062491271,0.152959219891523,0.134483979375467,0.24538800654942,0.115356635273752,0.0826207585114569,0.0744326987922686,0.0694710924755646,0.0697696272136266,0.0700693080574428,0.0703699739751287,0.0706714617107151,0.070973606136542,,,,,,,,,,,,,,,,,,,,,,,,,,,,,,,,
,,,,,,,,% change Q/Q,,,,,,,,,,,,NA,0.0608839725159591,0.292392422739132,0.300498651189406,0.324664463921161,0.116634069452696,0.148055288163965,0.181844955501553,0.27489266207584,0.105455473738403,0.142906281854942,0.20107230899813,0.200518754707154,0.0811766492396469,0.0984244944396628,0.145762961222231,0.14209724184556,0.0564478796816839,0.016495678147324,0.00579051489629467,0.00668527043401701,0.0111034004163775,0.0785861358956761,0.119314667515113,0.0173376623007464,-0.0131321598211791,0.0671007927519818,0.163438577872115,0.0421892816419613,0.0658643326039388,0.0880722644220899,0.0573584905660378,0.0298001427551748,0.0325766764858777,0.0253398221178049,0.131423895253683,-0.000687111239693339,0.0138964281836935,0.0661027233465397,0.145301148347785,-0.00318629600397558,0.0553665689149561,0.0224519284205846,0.0651157734536363,-0.0266380894060012,0.0148893782111774,0.0256224816613286,0.111715523320238,-0.0144980065241029,0.0541559396837072,0.0293938072394244,0.13099474665311,-0.0274947557686545,0.0594648230274704,0.0975663529929178,0.109448820404584,,,,,,,,,,,,,,,,,,,,,,,,,,,,,,,,,,,,,,,,,,,,,,,,,,,,,,,,,,,,,,,,,,,,,,,,,,,,,,,,,,,,,,,,,,,,,,,,,,,,,,,,,,,
,,,,,,,,% of total gross revenue,,,,,,,,,,,,0.314921357901732,0.310911552501242,0.349129592610378,0.354732569333428,0.385752350149143,0.390927377852574,0.393656839341736,0.382661496863362,0.415410725655628,0.421404231530164,0.439781341449314,0.443210384158717,0.465502865606742,0.476252619780294,0.478698647311461,0.480825636011842,0.511096610652862,0.521721146844954,0.513657852333466,0.502176672331265,0.523143946269741,0.527611805178345,0.528679562657696,0.527155583906228,0.528265682656827,0.517888563049853,0.517293439472962,0.519549763033175,0.532944606413994,0.539663195213827,0.545267489711934,0.529478458049887,0.542132456552372,0.543506019700839,0.530105847648794,0.535683843471523,0.533414408153811,0.53439002059968,0.542914788425185,0.544486534666072,0.552853437094682,0.563898464431213,0.556739090964111,0.541236259183561,0.552613280797311,0.546003271845208,0.531566265060241,0.517417600450091,0.536900824406378,0.533255813953488,0.525678143512538,0.512124002455494,0.524484848484848,0.52875481998153,0.543523491979417,0.518108940870588,,,,,,,,,,,,,,,,,,,,,,,,,,,,,,,,,,,,,,,,,,,,,,,,,0.335561357735097,0.387985781681697,0.431382631283206,0.475832931280043,0.512030987976904,0.526710759485937,0.520616622898264,0.536736578287825,0.537641181581234,0.54344800513882,0.553309798336389,0.53579858379229,0.526087823466856,0.528392945739931,0.494372444510091,0.481818119023432,0.484714337379145,0.427670630902226,0.434506951958336,0.43282504202272,0.408410222761618,0.379513962463528,0.33788017018955,0.308350117806125,0.28382748129866,0.263459574964446,0.246455381642977,,,,,,,,,,,,,,,,,,,,,,,,,,,,,,,,
,,,,,,,,,,,,,,,,,,,,,,,,,,,,,,,,,,,,,,,,,,,,,,,,,,,,,,,,,,,,,,,,,,,,,,,,,,,,,,,,,,,,,,,,,,,,,,,,,,,,,,,,,,,,,,,,,,,,,,,,,,,,,,,,,,,,,,,,,,,,,,,,,,,,,,,,,,,,,,,,,,,,,,,,,,,,,,,,,,,,,,
,,,,,,,,,,,,,,,,,,,,,,,,,,,,,,,,,,,,,,,,,,,,,,,,,,,,,,,,,,,,,,,,,,,,,,,,,,,,,,,,,,,,,,,,,,,,,,,,,,,,,,,,,,,,,,,,,,,,,,,,,,,,,,,,,,,,,,,,,,,,,,,,,,,,,,,,,,,,,,,,,,,,,,,,,,,,,,,,,,,,,,
,,,,,,,,,,,,,,,,,,,,,,,,,,,,,,,,,,,,,,,,,,,,,,,,,,,,,,,,,,,,,,,,,,,,,,,,,,,,,,,,,,,,,,,,,,,,,,,,,,,,,,,,,,,,,,,,,,,,,,,,,,,,,,,,,,,,,,,,,,,,,,,,,,,,,,,,,,,,,,,,,,,,,,,,,,,,,,,,,,,,,,
,,,,,,,,,,,,,,,,,,,,,,,,,,,,,,,,,,,,,,,,,,,,,,,,,,,,,,,,,,,,,,,,,,,,,,,,,,,,,,,,,,,,,,,,,,,,,,,,,,,,,,,,,,,,,,,,,,,,,,,,,,,,,,,,,,,,,,,,,,,,,,,,,,,,,,,,,,,,,,,,,,,,,,,,,,,,,,,,,,,,,,
,,,,,,,,,,,,,,,,,,,,,,,,,,,,,,,,,,,,,,,,,,,,,,,,,,,,,,,,,,,,,,,,,,,,,,,,,,,,,,,,,,,,,,,,,,,,,,,,,,,,,,,,,,,,,,,,,,,,,,,,,,,,,,,,,,,,,,,,,,,,,,,,,,,,,,,,,,,,,,,,,,,,,,,,,,,,,,,,,,,,,,
,,,,,,,,,,,,,,,,,,,,,,,,,,,,,,,,,,,,,,,,,,,,,,,,,,,,,,,,,,,,,,,,,,,,,,,,,,,,,,,,,,,,,,,,,,,,,,,,,,,,,,,,,,,,,,,,,,,,,,,,,,,,,,,,,,,,,,,,,,,,,,,,,,,,,,,,,,,,,,,,,,,,,,,,,,,,,,,,,,,,,,
,,,,,,,,,,,,,,,,,,,,,,,,,,,,,,,,,,,,,,,,,,,,,,,,,,,,,,,,,,,,,,,,,,,,,,,,,,,,,,,,,,,,,,,,,,,,,,,,,,,,,,,,,,,,,,,,,,,,,,,,,,,,,,,,,,,,,,,,,,,,,,,,,,,,,,,,,,,,,,,,,,,,,,,,,,,,,,,,,,,,,,
,,,,,,,,,,,,,,,,,,,,,,,,,,,,,,,,,,,,,,,,,,,,,,,,,,,,,,,,,,,,,,,,,,,,,,,,,,,,,,,,,,,,,,,,,,,,,,,,,,,,,,,,,,,,,,,,,,,,,,,,,,,,,,,,,,,,,,,,,,,,,,,,,,,,,,,,,,,,,,,,,,,,,,,,,,,,,,,,,,,,,,
,,,,,,,,,,,,,,,,,,,,,,,,,,,,,,,,,,,,,,,,,,,,,,,,,,,,,,,,,,,,,,,,,,,,,,,,,,,,,,,,,,,,,,,,,,,,,,,,,,,,,,,,,,,,,,,,,,,,,,,,,,,,,,,,,,,,,,,,,,,,,,,,,,,,,,,,,,,,,,,,,,,,,,,,,,,,,,,,,,,,,,
,,,,,,,,,,,,,,,,,,,,,,,,,,,,,,,,,,,,,,,,,,,,,,,,,,,,,,,,,,,,,,,,,,,,,,,,,,,,,,,,,,,,,,,,,,,,,,,,,,,,,,,,,,,,,,,,,,,,,,,,,,,,,,,,,,,,,,,,,,,,,,,,,,,,,,,,,,,,,,,,,,,,,,,,,,,,,,,,,,,,,,
,,,,,,,,,,,,,,,,,,,,,,,,,,,,,,,,,,,,,,,,,,,,,,,,,,,,,,,,,,,,,,,,,,,,,,,,,,,,,,,,,,,,,,,,,,,,,,,,,,,,,,,,,,,,,,,,,,,,,,,,,,,,,,,,,,,,,,,,,,,,,,,,,,,,,,,,,,,,,,,,,,,,,,,,,,,,,,,,,,,,,,
,,,,,,,,,,,,,,,,,,,,,,,,,,,,,,,,,,,,,,,,,,,,,,,,,,,,,,,,,,,,,,,,,,,,,,,,,,,,,,,,,,,,,,,,,,,,,,,,,,,,,,,,,,,,,,,,,,,,,,,,,,,,,,,,,,,,,,,,,,,,,,,,,,,,,,,,,,,,,,,,,,,,,,,,,,,,,,,,,,,,,,
,,,,,,,,,,,,,,,,,,,,,,,,,,,,,,,,,,,,,,,,,,,,,,,,,,,,,,,,,,,,,,,,,,,,,,,,,,,,,,,,,,,,,,,,,,,,,,,,,,,,,,,,,,,,,,,,,,,,,,,,,,,,,,,,,,,,,,,,,,,,,,,,,,,,,,,,,,,,,,,,,,,,,,,,,,,,,,,,,,,,,,
,,,,,,,,,,,,,,,,,,,,,,,,,,,,,,,,,,,,,,,,,,,,,,,,,,,,,,,,,,,,,,,,,,,,,,,,,,,,,,,,,,,,,,,,,,,,,,,,,,,,,,,,,,,,,,,,,,,,,,,,,,,,,,,,,,,,,,,,,,,,,,,,,,,,,,,,,,,,,,,,,,,,,,,,,,,,,,,,,,,,,,
,,,,,,,,,,,,,,,,,,,,,,,,,,,,,,,,,,,,,,,,,,,,,,,,,,,,,,,,,,,,,,,,,,,,,,,,,,,,,,,,,,,,,,,,,,,,,,,,,,,,,,,,,,,,,,,,,,,,,,,,,,,,,,,,,,,,,,,,,,,,,,,,,,,,,,,,,,,,,,,,,,,,,,,,,,,,,,,,,,,,,,
,,,,,,,,,,,,,,,,,,,,,,,,,,,,,,,,,,,,,,,,,,,,,,,,,,,,,,,,,,,,,,,,,,,,,,,,,,,,,,,,,,,,,,,,,,,,,,,,,,,,,,,,,,,,,,,,,,,,,,,,,,,,,,,,,,,,,,,,,,,,,,,,,,,,,,,,,,,,,,,,,,,,,,,,,,,,,,,,,,,,,,
,,,,,,,,,,,,,,,,,,,,,,,,,,,,,,,,,,,,,,,,,,,,,,,,,,,,,,,,,,,,,,,,,,,,,,,,,,,,,,,,,,,,,,,,,,,,,,,,,,,,,,,,,,,,,,,,,,,,,,,,,,,,,,,,,,,,,,,,,,,,,,,,,,,,,,,,,,,,,,,,,,,,,,,,,,,,,,,,,,,,,,
,,,,,,,,,,,,,,,,,,,,,,,,,,,,,,,,,,,,,,,,,,,,,,,,,,,,,,,,,,,,,,,,,,,,,,,,,,,,,,,,,,,,,,,,,,,,,,,,,,,,,,,,,,,,,,,,,,,,,,,,,,,,,,,,,,,,,,,,,,,,,,,,,,,,,,,,,,,,,,,,,,,,,,,,,,,,,,,,,,,,,,
,,,,,,,,,,,,,,,,,,,,,,,,,,,,,,,,,,,,,,,,,,,,,,,,,,,,,,,,,,,,,,,,,,,,,,,,,,,,,,,,,,,,,,,,,,,,,,,,,,,,,,,,,,,,,,,,,,,,,,,,,,,,,,,,,,,,,,,,,,,,,,,,,,,,,,,,,,,,,,,,,,,,,,,,,,,,,,,,,,,,,,
,,,,,,,,,,,,,,,,,,,,,,,,,,,,,,,,,,,,,,,,,,,,,,,,,,,,,,,,,,,,,,,,,,,,,,,,,,,,,,,,,,,,,,,,,,,,,,,,,,,,,,,,,,,,,,,,,,,,,,,,,,,,,,,,,,,,,,,,,,,,,,,,,,,,,,,,,,,,,,,,,,,,,,,,,,,,,,,,,,,,,,
,,,,,,,,,,,,,,,,,,,,,,,,,,,,,,,,,,,,,,,,,,,,,,,,,,,,,,,,,,,,,,,,,,,,,,,,,,,,,,,,,,,,,,,,,,,,,,,,,,,,,,,,,,,,,,,,,,,,,,,,,,,,,,,,,,,,,,,,,,,,,,,,,,,,,,,,,,,,,,,,,,,,,,,,,,,,,,,,,,,,,,
,,,,,,,,,,,,,,,,,,,,,,,,,,,,,,,,,,,,,,,,,,,,,,,,,,,,,,,,,,,,,,,,,,,,,,,,,,,,,,,,,,,,,,,,,,,,,,,,,,,,,,,,,,,,,,,,,,,,,,,,,,,,,,,,,,,,,,,,,,,,,,,,,,,,,,,,,,,,,,,,,,,,,,,,,,,,,,,,,,,,,,
,,,,,,,,,,,,,,,,,,,,,,,,,,,,,,,,,,,,,,,,,,,,,,,,,,,,,,,,,,,,,,,,,,,,,,,,,,,,,,,,,,,,,,,,,,,,,,,,,,,,,,,,,,,,,,,,,,,,,,,,,,,,,,,,,,,,,,,,,,,,,,,,,,,,,,,,,,,,,,,,,,,,,,,,,,,,,,,,,,,,,,
,,,,,,,,,,,,,,,,,,,,,,,,,,,,,,,,,,,,,,,,,,,,,,,,,,,,,,,,,,,,,,,,,,,,,,,,,,,,,,,,,,,,,,,,,,,,,,,,,,,,,,,,,,,,,,,,,,,,,,,,,,,,,,,,,,,,,,,,,,,,,,,,,,,,,,,,,,,,,,,,,,,,,,,,,,,,,,,,,,,,,,
,,,,,,,,Core Google Net revenue,,,,,,,,,,,,,,,,,,,,,,,,,,,,,,,,,,,,,,,,,,,,,,,,,,,,,,,,,,,,,,,,,,,,,,,,,,,,,,,,,,,,,,,,,,,,,,,,,,,,,,,,,,,,,,,,,,,,,,,,,,,,,,,,,,,,,,,,,,,,,,,,,,,,,,,,,,,,,,,,,,,,,,,,,,,,,,
,,,,,,,,Total Net revenue,,,,42.285,78.525,130.787,187.911,248.618,214.599,250.442,512.175,380.623,423.212,502.987,653.701,794.716,890.195,1048.556,1290.193,1531.055,1670.791,1864.373,2229.898,2538.971,2724.085,3010.251,3386.779,3699.643,3893.212,4046.191,4217.504,4073,4070,4386,4952.163,5064,5088,5481,6371,6537,6916,7510,8131,8135,8364,8756,9829,9989,10094,10782,12396,12188,12662,13175,14480,13913,14350,15109,17274,16469,17525,18269,21216,20121,20919,22270,25873,24858,26237,27158,31840,29479,31706,33009,37574,33707,31603,38007,46432,45602,50951,53620,61898,56021,57471,57266,63123,58066,62067,64051,72324,67593,71355,74549,81621,76486,81723,87470,97231,94120.5750841565,101053.29026791,106430.510494894,116460.489903831,111229.018229876,119120.330156518,127000.185689063,138952.716868097,,,,,,86.426,345.008,939.434,1960.523,4023.66,7296.117,11660.086,15856.55,17481.163,22004,29094,35084,43786,52505,60646,73479,89183,110093,131768,149749,212071,233881,256508,295118,342910,418064.865750791,496302.250943554,583205.673800094,679027.159609343,783767.900324198,896900.615052624,1019449.28728858,1151415.82764426,1292385.61283155,1442378.56712305,,0.217490953149216,0.200137537705078,0.188345305427884,0.193146591308091,0.219885815733343,,,,,,,,,,,,,,,,,,,,,
,,,,,,,,Period-to-period addition,,,,,,,,,,,,,,,,141.015,95.4789999999998,158.361,241.637,240.862,139.736,193.582,365.525,309.073,185.114,286.166,376.528000000001,312.863999999999,193.569000000001,152.978999999999,171.312999999999,-144.503999999999,-3,316,566.163000000001,111.837,24,393,890,166,379,594,621,4,229,392,1073,160,105,688,1614,-208,474,513,1305,-567,437,759,2165,-805,1056,744,2947,-1095,798,1351,3603,-1015,1379,921,4682,-2361,2227,1303,4565,-3867,-2104,6404,8425,-830,5349,2669,8278,-5877,1450,-205,5857,-5057,4001,1984,8273,-4731,3762,3194,7072,-5135,5237,5747,9761,-3110.42491584353,6932.71518375348,5377.22022698424,10029.9794089364,-5231.47167395416,7891.31192664111,7879.85553254541,11952.5311790338,,,,,,,258.582,594.426,1021.089,2063.137,3272.457,4363.969,4196.464,1624.613,4522.837,7090,5990,8702,8719,8141,12833,15704,20910,21675,17981,62322,21810,22627,38610,47792,75154.8657507912,78237.3851927624,86903.4228565407,95821.4858092491,104740.740714855,113132.714728425,122548.672235957,131966.540355678,140969.785187288,149992.954291507,,,,,,,,,,,,,,,,,,,,,,,,,,,
,,,,,,,,% change Y/Y,,,,,,,,,,,,,,,,1.08793478060968,1.10342570626542,1.08465825160491,0.973674508682104,0.92654357028171,0.876882031465016,0.778038559695429,0.72834451899832,0.658314691503571,0.630416371646723,0.614618426677494,0.518804447557691,0.457142677092413,0.429181541691981,0.344137415783601,0.245284679041649,0.100917034427376,0.0454092918649176,0.0839824417581869,0.174192840125345,0.243309599803585,0.25012285012285,0.249658002735978,0.286508541823038,0.290876777251185,0.359276729559748,0.37018792191206,0.276251765813844,0.244454642802509,0.20936957779063,0.165912117177097,0.208830402164556,0.227904118008605,0.206838833094213,0.231384193695751,0.261165937531794,0.220142156372009,0.254408559540321,0.221943980708588,0.16811874798322,0.141532655070561,0.133312272942663,0.146793168880455,0.192955801104972,0.183713074103357,0.221254355400697,0.209146866106294,0.228204237582494,0.221749954459894,0.193666191155492,0.219004871640484,0.219504147812971,0.235425674668257,0.254218652899278,0.219488100583745,0.230626521856762,0.185895888647518,0.208446087586233,0.215442963399367,0.180087939698492,0.143424132433257,-0.00324859648016151,0.151413250931564,0.23574812370256,0.352894057614146,0.612220358826694,0.410792748704186,0.333089248793935,0.228476821192053,0.127966085062118,0.0679970160387915,0.0197906232834664,0.0365041680798273,0.0799707678655321,0.118482170921664,0.145763034076327,0.164071918162091,0.14964473875006,0.163900641676164,0.128546540567446,0.131566878227035,0.145301660710532,0.173322244429838,0.19124980090908,0.23055951525974,0.23653427147694,0.21676586823933,0.197771183098298,0.18177155346132,0.178787250179669,0.193268594677609,0.193131825075092,,,,,,,2.9919468678407,1.72293396095163,1.0869193578261,1.05234011536718,0.813303559445878,0.598122124412204,0.359899918405404,0.102456902667983,0.258726321583981,0.322214142883112,0.205884374785179,0.248033291528902,0.19912757502398,0.155051899819065,0.211605052270554,0.213720927067598,0.234461724768173,0.196879002298057,0.136459534940198,0.416176401845755,0.10284291581593,0.096745780974085,0.150521621158014,0.161942002859873,0.219167903388035,0.187141737089669,0.175101810824599,0.164301360761614,0.154251180137057,0.144344664640679,0.136635732186188,0.129448852435483,0.122431689579694,0.116058978684296,,,,,,,,,,,,,,,,,,,,,,,,,,,
,,,,,,,,% change Q/Q,,,,,,,,,,,,,0.111892870373046,0.188498908348534,0.299637962810172,0.215717889371441,0.120142289824289,0.17789473092974,0.230447396228719,0.186686798021691,0.0912677859384541,0.115862486690436,0.196057870393961,0.138604097586526,0.0729090643414203,0.105050319648616,0.125081928384045,0.0923780382481403,0.0523209942148475,0.0392937759361678,0.0423393260476332,-0.0342629194898212,-0.000736557819788875,0.0776412776412776,0.12908413132695,0.0225834650434567,0.00473933649289093,0.0772405660377358,0.162379127896369,0.0260555642756239,0.0579776655958391,0.0858877964141123,0.0826897470039947,0.000491944410281553,0.0281499692685925,0.0468675274988044,0.122544540886249,0.0162783599552345,0.0105115627189909,0.0681593025559739,0.149693934335003,-0.0167796063246208,0.0388907121759108,0.0405149265518876,0.0990512333965845,-0.0391574585635359,0.0314094731546035,0.0528919860627177,0.14329207756966,-0.0466018293388908,0.0641204687594876,0.0424536376604849,0.161311511303301,-0.0516119909502263,0.0396600566572238,0.064582437018978,0.161787157611136,-0.0392300854172303,0.0554750985598198,0.0351030986774403,0.172398556594742,-0.0741520100502513,0.0755453034363445,0.0410963224626253,0.138295616347057,-0.102916910629691,-0.0624202687868989,0.202638989969307,0.22166969242508,-0.0178756030323914,0.117297486952327,0.0523836627347845,0.154382693024991,-0.0949465249281075,0.0258831509612467,-0.0035670164082755,0.102277092864876,-0.080113429336375,0.0689043502221609,0.031965456683906,0.129162698474653,-0.0654139704662353,0.0556566508366252,0.0447621049681171,0.0948637808689588,-0.0629127307923206,0.0684700468059514,0.0703229201081703,0.111592546015777,-0.0319900537466809,0.0736578073131693,0.0532117283141231,0.0942397002729545,-0.044920570729817,0.0709465214404048,0.0661503835843278,0.0941142811263078,,,,,,,,,,,,,,,,,,,,,,,,,,,,,,,,,,,,,,,,,,,,,,,,,,,,,,,,,,,,,,,,,,,
,,,,,,,,,,,,,,,,,,,,,,,,,,,,,,,,,,,,,,,,,,,,,,,,,,,,,,,,,,,,,,,,,,,,,,,,,,,,,,,,,,,,,,,,,,,,,,,,,,,,,,,,,,,,,,,,,,,,,,,,,,,,,,,,,,,,,,,,,,,,,,,,,,,,,,,,,,,,,,,,,,,,,,,,,,,,,,,,,,,,,,
,,,,,,,,Advertising revenue,,,,,,,,,,,,366.284,412.668,493.056,642.58,779.312,873.114,1029.791,1267.885,1503,1643.8,1837.7,2199.328,2502.5,2690.5,2968.4,3317.343,3600.1,3711.4,3856.8,4021.171,3895,3884,4198,4742.404,4764,4830,5227,6098,6268,6606,7125,7721,7715,7925,8090,9000,8940,9048,9552,10749,10765,11205,11472,12686,12163,12646,13215,15023,14232,15168,15639,17551,16827.3131299901,17628.9801491766,18614.0235424313,20834.683178402,20543.8898007335,21701.5298318624,22407.5803674042,25082,23727,25256,26306,29433,26311,23173,28929,35733,34972,39515,41632,47812,42671,44074,42656,46117,42827,45606,47005,51531,48713,51229,52135,57613,53137,56635,59306,65687,61732.7890841565,65138.80826791,66334.5764948942,73328.0169038306,67357.3352298764,70799.6471565175,73734.5026890629,81341.0338680967,,,,,,,,,1914.588,3950.102,7183.828,11478.743,15189.471,16719.404,20919,27720,32730,38289,46128,53047,62590,73905,89735,104722,114146,163931,175518,186969,209690,234765,266534.190750791,293232.518943554,321877.041800094,351251.577609343,382096.893324198,417415.784302624,454624.412101081,494197.888022384,536794.390160922,582964.748184179,,0.185014869004441,0.174640419544718,0.177995530118799,0.170136155883997,0.191517283537591,,,,,,,,,,,,,,,,,,,,,
,,,,,,,,Period-to-period addition,,,,,,,,,,,,,,,,136.732,93.8019999999999,156.677,238.094000000001,235.115,140.8,193.9,361.628,303.172,188,277.9,348.943,282.757,111.3,145.400000000001,164.371,-126.171,-11,314,544.404000000001,21.5959999999996,66,397,871,170,338,519,596,-6,210,165,910,-60,108,504,1197,16,440,267,1214,-523,483,569,1808,-791,936,471,1912,-723.686870009879,801.66701918644,985.043393254717,2220.65963597075,-290.793377668571,1157.64003112892,706.050535541781,2674.41963259584,-1355,1529,1050,3127,-3122,-3138,5756,6804,-761,4543,2117,6180,-5141,1403,-1418,3461,-3290,2779,1399,4526,-2818,2516,906,5478,-4476,3498,2671,6381,-3954.21091584354,3406.0191837535,1195.76822698423,6993.44040893638,-5970.68167395415,3442.31192664111,2934.85553254541,7606.53117903376,,,,,,,0,0,1914.588,2035.514,3233.726,4294.915,3710.728,1529.933,4199.596,6801,5010,5559,7839,6919,9543,11315,15830,14987,9424,49785,11587,11451,22721,25075,31769.1907507912,26698.3281927624,28644.5228565407,29374.5358092491,30845.3157148549,35318.8909784253,37208.6277984573,39573.4759213029,42596.5021385378,46170.358023257,,,,,,,,,,,,,,,,,,,,,,,,,,,
,,,,,,,,% change Y/Y,,,,,,,,,,,,NA,NA,NA,NA,1.1276168219196,1.11577830120097,1.08858831451194,0.973116187867659,0.928624222391032,0.882686567847956,0.784536862334202,0.734643126151031,0.665003326679974,0.636756296386422,0.615279969527126,0.50834391232231,0.438601398601399,0.379446199591154,0.299285810537663,0.21216618239356,0.0819143912669094,0.0465053618580591,0.0884671230035261,0.179358947928352,0.223106546854942,0.24356333676622,0.24511672224869,0.285845744057233,0.315701091519731,0.367701863354037,0.363114597283337,0.266152836995736,0.23085513720485,0.199666969421738,0.135438596491228,0.165652117601347,0.158781594296824,0.141703470031546,0.180716934487021,0.194333333333333,0.20413870246085,0.238395225464191,0.201005025125628,0.18020280956368,0.12986530422666,0.128603302097278,0.151935146443515,0.184218823900363,0.170106059360355,0.199430650007908,0.183427922814983,0.168275311189509,0.182357583613696,0.162248163843391,0.190231059686123,0.18709379399476,0.220865722414088,0.231014480033665,0.203801011443085,0.203857998954401,0.154941942842436,0.163788921595698,0.173977715071226,0.173471015070569,0.108905466346356,-0.0824754513778904,0.0997110925264197,0.214045459178473,0.329177910379689,0.705217278729556,0.439109544056137,0.338034869728262,0.220147546608716,0.115373908642288,0.0245964642582628,-0.0354513511252406,0.00365587869981954,0.0347597222852476,0.101955176294074,0.117397055315827,0.137436663786863,0.123295180458712,0.109137325816403,0.118026042576313,0.0908176462135364,0.105526166819575,0.137546753620408,0.140141981844375,0.161766548434358,0.150151112702568,0.118513750630529,0.116324644204037,0.0911111619799383,0.0869042440157186,0.111554585635115,0.109276335329989,,,,,,,,,NA,1.06316032483229,0.818643670467244,0.597858829582223,0.323269542666823,0.100723257577568,0.251180963149165,0.325111142980066,0.180735930735931,0.169844179651696,0.204732429679543,0.14999566423864,0.179897072407488,0.180779677264739,0.214193897571206,0.167013985624338,0.0899906418899563,0.436151945753684,0.0706821772575046,0.0652411718456227,0.121522819290899,0.119581286661262,0.135323369117165,0.100168492896002,0.0976853554978827,0.0912601148717296,0.0878154510359541,0.0924343840410613,0.0891404426898272,0.0870465264687637,0.0861932095845146,0.0860112528549635,,,,,,,,,,,,,,,,,,,,,,,,,,,
,,,,,,,,% change Q/Q,,,,,,,,,,,,NA,0.126633978006137,0.194800663002704,0.303259670301142,0.212785956612407,0.120365142587308,0.179446212063946,0.231206137944496,0.1854387424727,0.0936793080505656,0.117958389098431,0.196782935190728,0.137847560709453,0.0751248751248752,0.103289351421669,0.11755255356421,0.0852359855462639,0.0309158078942251,0.0391765910438111,0.0426184920141048,-0.03137668107126,-0.00282413350449295,0.0808444902162719,0.129681753215817,0.00455380857472276,0.013853904282116,0.0821946169772256,0.166634780945093,0.0278779927845194,0.0539246968730058,0.0785649409627611,0.0836491228070175,-0.00077710141173426,0.0272197018794556,0.020820189274448,0.112484548825711,-0.00666666666666671,0.0120805369127517,0.0557029177718833,0.125314070351759,0.0014885105591218,0.0408732001857872,0.0238286479250334,0.105822873082287,-0.0412265489516002,0.0397105977143797,0.0449944646528546,0.13681422625804,-0.0526525993476669,0.0657672849915683,0.0310522151898733,0.122258456423045,-0.0412333696091322,0.0476408213832835,0.0558763686225336,0.119300356041169,-0.013957177806765,0.0563496028433519,0.0325345973768703,0.119353343321542,-0.0540228051989474,0.0644413537320352,0.0415742793791574,0.118870219721736,-0.106071416437332,-0.119265706358557,0.248392525784318,0.235196515607176,-0.0212968404556013,0.129903923138511,0.0535745919271162,0.148443504996157,-0.107525307454196,0.0328794731785054,-0.0321731633162409,0.0811374718679669,-0.0713402866621853,0.0648889719102435,0.0306757882734727,0.0962876289756409,-0.0546855290989889,0.0516494570237924,0.0176852954381308,0.105073367219718,-0.0776907989516255,0.0658298360840846,0.0471616491568818,0.107594509830371,-0.060197769967323,0.0551735833466116,0.0183572321751135,0.105426774066684,-0.0814242894606666,0.0511052272910326,0.0414529683468237,0.103161083368398,,,,,,,,,,,,,,,,,,,,,,,,,,,,,,,,,,,,,,,,,,,,,,,,,,,,,,,,,,,,,,,,,,,
,,,,,,,,% of total net revenue,,,,,,,,,,,,0.962327552460046,0.975085772615143,0.980255950949031,0.98298763501968,0.980616975120672,0.980812069265723,0.982103960112764,0.982709563607925,0.981676033845943,0.983845376231976,0.985693313516126,0.986290852765463,0.98563551927139,0.987671089558512,0.986097172627798,0.979497924133815,0.973093890410507,0.953300256960063,0.953192768210893,0.953448058377657,0.956297569359195,0.954299754299754,0.957136342909257,0.957642953190353,0.940758293838863,0.949292452830189,0.953658091589126,0.957149584052739,0.958849625210341,0.955176402544824,0.948735019973369,0.949575697946132,0.948371235402581,0.947513151602104,0.923937871174052,0.915657747481941,0.894984482931224,0.896374083614028,0.885920979410128,0.867134559535334,0.883245815556285,0.884931290475438,0.870740037950664,0.876104972375691,0.874218356932365,0.881254355400697,0.874644251770468,0.869688549264791,0.864169044872184,0.865506419400856,0.856040286824676,0.827253016591252,0.836306005168238,0.842725758840124,0.835834016274417,0.805267389881422,0.826449827046965,0.827134574526904,0.825082125613232,0.787751256281407,0.804878048780488,0.796568472844257,0.796934169468933,0.783334220471603,0.780579701545673,0.733253172167199,0.761149261978057,0.769577015851137,0.766896188763651,0.775549056937057,0.776426706452816,0.772432065656402,0.761696506667143,0.766891127699187,0.744874794817169,0.730589484023256,0.737557262425516,0.734786601575717,0.733868323679568,0.712502074000332,0.720681135620553,0.717945483848364,0.699338689989135,0.705860011516644,0.694728447036059,0.693011759235466,0.678015319538127,0.675576719359052,0.655890479089817,0.644598588479559,0.623266544400127,0.629638574974075,0.605573404331138,0.594354020539489,0.580585786461672,0.585386422816843,,,,,,,,,0.976570027487563,0.981718634278244,0.984609758862145,0.984447541810584,0.957930382081853,0.956424009089098,0.95069078349391,0.952773767787173,0.932903887812108,0.874457589183757,0.878544900485668,0.874699073310688,0.851807999564501,0.828689324198558,0.815083611128773,0.79474530993868,0.762248829708379,0.773000551702024,0.750458566535973,0.728901242846227,0.710529347583001,0.684625703537371,0.637542670016362,0.590834553714132,0.551909997210391,0.517286492356837,0.487512812359561,0.465398035520505,0.445950983310058,0.429208871510381,0.41535156754402,0.404169031259908,,,,,,,,,,,,,,,,,,,,,,,,,,,
,,,,,,,,,,,,,,,,,,,,,,,,,,,,,,,,,,,,,,,,,,,,,,,,,,,,,,,,,,,,,,,,,,,,,,,,,,,,,,,,,,,,,,,,,,,,,,,,,,,,,,,,,,,,,,,,,,,,,,,,,,,,,,,,,,,,,,,,,,,,,,,,,,,,,,,,,,,,,,,,,,,,,,,,,,,,,,,,,,,,,,
,,,,,,,,Google websites revenue,,,,,,,,,,,,303.532,343.442,411.671,530.387,656.997,737.172,884.679,1098.212,1272.3,1408.4,1581,1917.097,2209.1,2399.3,2629.8,2996.505,3257.4,3376.1,3505.1,3621.166,3486,3435,3727,4170.486,4174,4230,4548,5340,5542,5877,6357,6852,6844,7035,7171,8006,7960,8162,8621,9714,9624,10042,10325,11461,11019,11457,12035,13745,13111,14048,14530,16202,15636.7041574536,16416.9770787268,17365.8638221834,19510.4549416362,19251.5170652715,20280.7687468859,20927.7141878426,23419,22189,23628,24689,27583.28,24566.7776,21356.43872,26921.0176896,32997.82299648,32293.82299648,36556.82299648,38440.82299648,44193.82299648,39346.82299648,40888.82299648,39469.82299648,42926.82299648,39811.82299648,42657.15299648,43947.15299648,48289.15299648,45615.15299648,48341.15299648,49275.15299648,54676.15299648,50398.15299648,54155.15299648,56797.15299648,63225.15299648,59525.6275033326,63031.8819263893,64062.5539499296,71125.1618984061,65030.6260865789,68583.0534981669,71735.6608268621,79151.0405138185,,,,,,,,,1589.032,3377.06,6178.797,10234.705,13759.766,14818.486,18292,24628,29056,34457,41452,48256,57891,68930,83879,98089.28,105842.05700608,151485.29198592,162632.29198592,174705.28198592,197907.61198592,224575.61198592,257745.225278058,284500.380925426,314088.511662891,344749.74625095,377352.504505222,415526.286816422,456029.66190967,499390.652190868,546669.451926606,598632.773812658,,0.189521003579613,0.184236650222934,0.188806569044055,0.184734211328539,0.202358491228886,,,,,,,,,,,,,,,,,,,,,
,,,,,,,,Period-to-period addition,,,,,,,,,,,,,,,,126.61,80.1750000000001,147.507,213.533,174.088,136.1,172.6,336.097,292.003,190.2,230.5,366.705,260.895,118.7,129,116.066,-135.166,-51,292,443.486000000001,3.51399999999921,56,318,792,202,335,480,495,-8,191,136,835,-46,202,459,1093,-90,418,283,1136,-442,438,578,1710,-634,937,482,1672,-565.295842546409,780.272921273205,948.886743456573,2144.59111945287,-258.937876364693,1029.25168161435,646.945440956653,2491.28581215745,-1230,1439,1061,2894.28,-3016.5024,-3210.33888,5564.5789696,6076.80530688,-703.999999999996,4263,1884,5753,-4847,1542,-1419,3457,-3115,2845.33,1290,4342,-2674,2726,934,5401,-4278,3757,2642,6428,-3699.52549314743,3506.25442305673,1030.6720235403,7062.60794847651,-6094.53581182721,3552.42741158804,3152.60732869514,7415.37968695644,,,,,,,0,0,1589.032,1788.028,2801.737,4055.908,3525.061,1058.72,3473.514,6336,4428,5401,6995,6804,9635,11039,14949,14210.28,7752.77700608,45643.23497984,11147,12072.99,23202.33,26668,33169.6132921376,26755.1556473689,29588.1307374645,30661.2345880594,32602.7582542712,38173.7823112002,40503.3750932482,43360.9902811978,47278.7997357384,51963.3218860518,,,,,,,,,,,,,,,,,,,,,,,,,,,
,,,,,,,,% change Y/Y,,,,,,,,,,,,NA,NA,NA,NA,1.16450654296746,1.14642355914536,1.14899519276315,1.07058619460884,0.936538523006955,0.91054462187929,0.787088876304287,0.745652934041879,0.736304330739605,0.70356432831582,0.66337760910816,0.56304297591619,0.474537141822462,0.407118742966699,0.332838999163434,0.208463192953124,0.0701786701049918,0.0174461656941443,0.0633077515620097,0.151696994835365,0.197360872059667,0.231441048034934,0.220284411054468,0.280426310027176,0.32774317201725,0.38936170212766,0.397757255936676,0.28314606741573,0.23493323709852,0.197039305768249,0.128047821299355,0.16841798015178,0.163062536528346,0.160199004975124,0.202203318923442,0.213339995003747,0.209045226130653,0.230335702033815,0.197656884352163,0.179843524809553,0.144950124688279,0.140908185620394,0.165617433414044,0.199284530145712,0.189853888737635,0.226149951994414,0.207312006647279,0.178755911240451,0.192640085230233,0.168634473143992,0.195173009097272,0.20420040375486,0.231174860854221,0.235353417966687,0.205106431913236,0.200330800591571,0.15258449112187,0.1650445944574,0.179727502889086,0.177816303001836,0.107160196493758,-0.0961385339427798,0.0904053501397384,0.19629801084135,0.314532313610394,0.7117471445389,0.427911211964705,0.339295110504542,0.218400899787206,0.118500450665998,0.0267684175256659,-0.0286691649215528,0.011817980832699,0.0432472707798959,0.113436789427693,0.124917933023828,0.145769009384803,0.133248461294851,0.121236522430173,0.132265728505645,0.104855507124334,0.120270197122178,0.152653001413052,0.156357013642682,0.181107321680818,0.1639129138918,0.127918400309605,0.124950411782569,0.0924811516340274,0.0880692659353004,0.119775225991297,0.112841621743883,,,,,,,,,NA,1.12523095821859,0.829637909897959,0.656423572420327,0.344422335572935,0.0769431689463325,0.234404108489896,0.346380931554778,0.179795354880624,0.185882433920705,0.203006645964535,0.164141657821094,0.199664290450928,0.190685944274585,0.216872189177426,0.169414036886467,0.0790379642513432,0.431239114874894,0.0735847015500097,0.0742348881183157,0.132808405883629,0.134749743743547,0.147699088956361,0.103804660662502,0.104000320285055,0.0976197264450345,0.0945693466313358,0.101162127865702,0.0974748803585137,0.0950837059581153,0.0946729770137316,0.0950543728077715,,,,,,,,,,,,,,,,,,,,,,,,,,,
,,,,,,,,% change Q/Q,,,,,,,,,,,,NA,0.131485312915937,0.198662365115507,0.288375911832507,0.238712487297011,0.122032520696442,0.200098484478521,0.241367772943633,0.158519484398276,0.106971626188792,0.122550411814825,0.212585072738773,0.152315193232268,0.0860984111176499,0.0960696869920394,0.139442162902122,0.0870664323937387,0.0364401056056978,0.0382097686679896,0.03311346323928,-0.0373266511394397,-0.0146299483648882,0.0850072780203786,0.118992755567481,0.000842587650455862,0.0134163871586008,0.075177304964539,0.174142480211082,0.0378277153558053,0.0604474918801876,0.0816743236345074,0.0778669183577159,-0.00116754232340921,0.027907656341321,0.0193319118692252,0.116441221586947,-0.00574569073195108,0.0253768844221105,0.056236216613575,0.126783435796311,-0.00926497838171714,0.0434330839567747,0.0281816371240788,0.110024213075061,-0.0385655701945729,0.0397495235502314,0.0504495068517064,0.142085583714167,-0.0461258639505274,0.0714667073449775,0.0343109339407746,0.115072264280798,-0.0348904976266146,0.0499000884979506,0.0577991148374171,0.123494641062044,-0.0132717497946245,0.0534634064486823,0.0318994535676065,0.119042423352891,-0.0525214569366753,0.0648519536707377,0.0449043507702727,0.117229535420633,-0.109359815076379,-0.130678061741398,0.260557438557808,0.225727176325417,-0.0213347407819933,0.132006668905836,0.0515362070763481,0.149658606438442,-0.109675960832491,0.0391899493419825,-0.0347038602730667,0.0875859007603936,-0.0725653515112318,0.0714694727807761,0.0302411180630469,0.0988004843077726,-0.0553747546616715,0.0597608430735803,0.0193210120591871,0.109608995032158,-0.0782425201033331,0.0745463826871275,0.0487857545185355,0.113174686773444,-0.058513507960248,0.0589032752802217,0.016351598461616,0.110245494645695,-0.0856874789337216,0.05462699077906,0.04596773062575,0.103370898120725,,,,,,,,,,,,,,,,,,,,,,,,,,,,,,,,,,,,,,,,,,,,,,,,,,,,,,,,,,,,,,,,,,,
,,,,,,,,% of total net revenue,,,,,,,,,,,,0.797461004721207,0.811512906061265,0.818452564380392,0.811360239620254,0.826706647406117,0.82810170805273,0.843711733088171,0.851199781738081,0.830995620666795,0.842954025967341,0.848006273422754,0.859724077065408,0.870076893355615,0.8807728099527,0.873614858030111,0.88476543642204,0.880463331191685,0.867175997608145,0.866271513134205,0.858604046374349,0.855880186594648,0.843980343980344,0.849749202006384,0.842154428277098,0.824249605055292,0.831367924528302,0.829775588396278,0.838172971276095,0.847789505889552,0.849768652400231,0.846471371504661,0.842700774812446,0.841303011677935,0.841104734576758,0.818981269986295,0.814528436260047,0.796876564220643,0.808599167822469,0.799573363012428,0.783639883833495,0.789629143419757,0.793081661664824,0.783681214421252,0.791505524861878,0.791993099978438,0.798397212543554,0.796545105566219,0.79570452703485,0.796101766956099,0.801597717546362,0.795336362143522,0.763668929110106,0.77713354989581,0.784787852130924,0.779787329240385,0.75408553092553,0.774459613213917,0.772983525055681,0.770591140284357,0.73552135678392,0.752705315648428,0.745221724594714,0.747947529461662,0.734105498482994,0.728833108849794,0.675772512736133,0.708317354424185,0.71066986122674,0.708166812781896,0.717489803860179,0.716912029027975,0.713978206024104,0.702358454802306,0.711468792895199,0.689236597570635,0.680050425304247,0.685630541047773,0.687275895346642,0.686127507712292,0.667678128926498,0.674850250713535,0.677473940109032,0.660976713255443,0.669878499362664,0.658919972236488,0.662667217264173,0.649332948399223,0.650257150461067,0.632440116840644,0.623748932462078,0.601919070500023,0.610723533424418,0.584655219667411,0.575745999092284,0.564846897173,0.569625713680388,,,,,,,,,0.810514337245725,0.839300537321742,0.846861008396658,0.877755532849415,0.867765434473451,0.847683074632964,0.831303399381931,0.846497559634289,0.828183787481473,0.786941031379893,0.7894867155509,0.795699633941233,0.787857755277018,0.772905150084657,0.761892218397173,0.744408961204541,0.7067964193823,0.714314036270494,0.695363419798616,0.681090967868137,0.670605018961636,0.654911236143361,0.616519699198305,0.57324015836024,0.53855530865523,0.507711276893978,0.481459503954083,0.463291338909431,0.44732942344054,0.433718766236345,0.422992523670148,0.415031661907374,,,,,,,,,,,,,,,,,,,,,,,,,,,
,,,,,,,,% of total net advertising revenue,,,,,,,,,,,,0.82867938539494,0.832247714870065,0.834937613577362,0.825402284540446,0.843047457244338,0.844302118623685,0.859085969871557,0.86617634880135,0.846506986027944,0.856795230563329,0.860314523589269,0.871673984053311,0.882757242757243,0.89176732949266,0.885931815119256,0.903284646779064,0.904808199772229,0.909656733308186,0.908810412777432,0.900525245009476,0.894993581514763,0.884397528321318,0.887803716055264,0.879403357453309,0.87615449202351,0.875776397515528,0.870097570308016,0.875696949819613,0.884173580089343,0.889645776566758,0.89221052631579,0.887449812200492,0.887103046014258,0.887697160883281,0.886402966625464,0.889555555555556,0.890380313199105,0.902077807250221,0.902533500837521,0.90371197320681,0.894008360427311,0.896207050423918,0.900017433751743,0.903436859530191,0.905944257173395,0.90597817491697,0.910707529322739,0.914930439992012,0.921233839235526,0.926160337552743,0.929087537566341,0.923138282718933,0.929245449743572,0.931249393884741,0.932945194927755,0.936441162775226,0.937092111182578,0.93453175439777,0.933956895153466,0.933697472290886,0.935179331563198,0.935540069686411,0.938531133581692,0.937154894166412,0.933707483562008,0.921608713589091,0.930589294120087,0.923455153401058,0.923419392556331,0.925137871605213,0.923347977432744,0.924324918356898,0.92209751345129,0.927731156611154,0.925305302805701,0.93082427296832,0.929596352685922,0.935340810342499,0.934946346058504,0.937089383021482,0.936406154342373,0.943628667287669,0.945145353341901,0.949024577725166,0.948456875557145,0.956213525143109,0.957696573643139,0.962521549111392,0.96424652743593,0.967654822101518,0.965749045746309,0.969958890224544,0.96545722696189,0.968692023938335,0.972891363075575,0.973076401292987,,,,,,,,,0.82996028388353,0.854929822065354,0.860098125957359,0.891622453782614,0.905875260567007,0.88630467928163,0.874420383383527,0.888455988455989,0.887748243201955,0.899919036799081,0.898629899410336,0.909683865251569,0.924924109282633,0.932683850889656,0.934741182370313,0.936663547296652,0.927251563839994,0.924079594377634,0.926584692088105,0.934407746663458,0.943810443921599,0.956597499567312,0.967024998001284,0.970221113096232,0.975802778310482,0.981489531228172,0.987583283450171,0.995473344427167,1.00309101264953,1.01050745924727,1.0183963579849,1.02687645466948,,,,,,,,,,,,,,,,,,,,,,,,,,,
,,,,,,,,,,,,,,,,,,,,,,,,,,,,,,,,,,,,,,,,,,,,,,,,,,,,,,,,,,,,,,,,,,,,,,,,,,,,,,,,,,,,,,,,,,,,,,,,,,,,,,,,,,,,,,,,,,,,,,,,,,,,,,,,,,,,,,,,,,,,,,,,,,,,,,,,,,,,,,,,,,,,,,,,,,,,,,,,,,,,,,
,,,,,,,,Google Network websites revenue,,,,,,,,,,,,333.752,346.226,384.285,489.993,584.115,630.242,675.012,798.573,230.7,235.4,256.7,282.231,293.4,291.2,338.6,320.838,342.7,335.3,351.7,400.005,409,449,471,571.918,590,600,679,758,726,729,768,869,871,890,919,994,980,886,931,1035,1141,1163,1147,1225,1144,1189,1180,1278,1121,1120,1109,1349,1190.60897253653,1212.00307044976,1248.15972024791,1324.22823676579,1292.37273546192,1420.76108497648,1479.86617956161,1663,1538,1628,1617,1849.72,1744.2224,1816.56128,2007.9823104,2735.17700352,2678.17700352,2958.17700352,3191.17700352,3618.17700352,3324.17700352,3185.17700352,3186.17700352,3190.17700352,3015.17700352,2948.84700352,3057.84700352,3241.84700352,3097.84700352,2887.84700352,2859.84700352,2936.84700352,2738.84700352,2479.84700352,2508.84700352,2461.84700352,2207.1615808239,2106.92634152066,2272.02254496459,2202.85500542445,2326.70914329751,2216.59365835057,1998.84186220084,2189.99335427817,,,,,,,,,1554.256,2687.942,1005.031,1244.038,1429.705,1900.918,2627,3092,3674,3832,4676,4791,4699,4975,5856,6632.72,8303.94299392,12445.70801408,12885.70801408,12263.71801408,11782.38801408,10189.38801408,8788.9654727336,8732.13801812709,7788.53013720328,6501.83135839292,4744.38881897669,1889.49748620181,-1405.249808589,-5192.76416848404,-9875.06176568465,-15668.0256284795,,0.147832028967315,0.0925190195509425,0.0703520574429606,0.0208756870191034,0.069198397238886,,,,,,,,,,,,,,,,,,,,,
,,,,,,,,Period-to-period addition,,,,,,,,,,,,,,,,94.1220000000001,46.127,44.77,123.561,-567.873,4.70000000000005,21.3000000000001,25.5310000000001,11.169,-2.20000000000027,47.4000000000003,-17.7619999999999,21.8619999999996,-7.39999999999986,16.4000000000001,48.3049999999998,8.99500000000012,40,22,100.918,18.0819999999999,10,79,79,-32,3,39,101,2,19,29,75,-14,-94,45,104,106,22,-16,78,-81,45,-9,98,-157,-1,-11,240,-158.391027463467,21.3940979132312,36.1566497981466,76.068516517882,-31.8555013038776,128.388349514564,59.1050945851266,183.133820438395,-125,90,-11,232.72,-105.4976,72.3388799999998,191.421030399999,727.19469312,-57,280,233,427,-294,-139,1,4,-175,-66.3299999999999,109,184.000000000001,-144,-210,-28,77,-198,-259,29,-47,-254.6854226961,-100.23523930324,165.096203443926,-69.1675395401353,123.854137873061,-110.11548494694,-217.751796149734,191.151492077331,,,,,,,0,0,1554.256,1133.686,-1682.911,239.007,185.666999999999,471.213,726.082,465,582,158,844,115,-92,276,881,776.720000000001,1671.22299392,4141.76502016,440,-621.989999999998,-481.329999999998,-1593,-1400.4225413464,-56.8274546065077,-943.607880923806,-1286.69877881037,-1757.44253941623,-2854.89133277487,-3294.74729479082,-3787.51435989503,-4682.29759720061,-5792.96386279483,,,,,,,,,,,,,,,,,,,,,,,,,,,
,,,,,,,,% change Y/Y,,,,,,,,,,,,NA,NA,NA,NA,0.750146815599607,0.820319675587622,0.756540067918342,0.629764098670798,-0.605043527387587,-0.626492680589361,-0.619710464406559,-0.646580838570801,0.271781534460339,0.237043330501274,0.319049474094274,0.136792202132296,0.168029993183366,0.151442307692308,0.038688718251624,0.246750696613243,0.19346367084914,0.339099314047122,0.339209553596815,0.429777127785904,0.442542787286064,0.33630289532294,0.441613588110403,0.325364825027364,0.230508474576271,0.215,0.131075110456554,0.146437994722955,0.199724517906336,0.220850480109739,0.196614583333333,0.143843498273878,0.125143513203215,-0.00449438202247188,0.0130576713819368,0.0412474849094568,0.164285714285714,0.312641083521445,0.232008592910849,0.183574879227053,0.00262927256792289,0.0223559759243337,0.0287707061900611,0.0432653061224491,-0.0201048951048951,-0.0580319596299411,-0.0601694915254237,0.0555555555555556,0.0620954259915547,0.0821455986158608,0.125482164335357,-0.0183630565116437,0.0854720275697063,0.172242149889312,0.185638468823263,0.255825811464043,0.190059150737418,0.145864718012707,0.092666365602746,0.112279013830427,0.134084785435631,0.115823882063882,0.241794873469388,0.478697858875938,0.535456145684174,0.628448781821442,0.58924557601521,0.322831026607651,0.241208851823813,0.076736449417965,-0.0015668200148361,-0.11829161469536,-0.0929553389223249,-0.0741968184935491,-0.040277109482061,0.0161965934626791,0.02741795917901,-0.0206860511675188,-0.0647514410538114,-0.0940821697226398,-0.115886936828087,-0.141281722855362,-0.122733838407431,-0.161738081497157,-0.194127463860804,-0.150380511971102,-0.0943957356599031,-0.105202312623505,0.0541634846819807,0.0520508546828264,-0.120236783463787,-0.005838628105169,,,,,,,,,NA,0.729407510731823,-0.626096470831588,0.237810574997189,0.149245441055659,0.329587572261411,0.381963872192278,0.177007993909402,0.188227684346701,0.0430048992923244,0.220250521920668,0.0245936698032507,-0.0192026716760593,0.0587359012555864,0.177085427135678,0.132636612021858,0.251966462314103,0.49877088790139,0.0353535531688693,-0.0482697574180914,-0.0392482931723791,-0.135201794245475,-0.137439318181942,-0.00646577288109806,-0.108061494099723,-0.165204314054615,-0.27029961906773,-0.601740591191816,-1.74371615673,2.69526054139658,0.90169656184628,0.586625582730539,,,,,,,,,,,,,,,,,,,,,,,,,,,
,,,,,,,,% change Q/Q,,,,,,,,,,,,NA,0.0373750569284979,0.109925308902278,0.275077091221359,0.192088458406549,0.0789690386310915,0.0710362051402478,0.183050079109705,-0.71110969191295,0.020372778500217,0.0904842820730674,0.0994585118815741,0.039573966006569,-0.00749829584185502,0.162774725274726,-0.0524571766095686,0.068140307569551,-0.021593230230522,0.0489114226066212,0.137347170884276,0.022487218909764,0.097799511002445,0.0489977728285078,0.214263269639066,0.0316164205358109,0.0169491525423728,0.131666666666667,0.116347569955817,-0.0422163588390502,0.00413223140495878,0.0534979423868314,0.131510416666667,0.00230149597238194,0.0218140068886337,0.0325842696629213,0.0816104461371054,-0.0140845070422535,-0.0959183673469388,0.0507900677200903,0.111707841031149,0.102415458937198,0.0192813321647678,-0.0137575236457438,0.0680034873583262,-0.0661224489795919,0.0393356643356644,-0.00756938603868795,0.083050847457627,-0.122848200312989,-0.000892060660124927,-0.00982142857142854,0.216411181244364,-0.117413660091525,0.0179690380357642,0.0298321437294125,0.0609445372125719,-0.0240558994434973,0.0993431275603904,0.0416010089311427,0.123750257264914,-0.0751653638003608,0.05851755526658,-0.0067567567567568,0.143920841063698,-0.0570343619574852,0.04147342678319,0.10537548747048,0.362151941953682,-0.0208396019440953,0.104548728344687,0.0787647256140347,0.133806429267008,-0.0812563895337286,-0.0418148611980684,0.000313954294814733,0.00125542303380533,-0.0548558903806614,-0.0219987085078469,0.0369635996272062,0.0601730563328353,-0.0444191227542955,-0.0677890159718613,-0.00969580450968166,0.0269245172574706,-0.0674192423924992,-0.0945653406952378,0.0116942698315001,-0.018733705137881,-0.103452985637185,-0.0454136390258403,0.0783587922322757,-0.0304431572184128,0.0562243713581121,-0.0473267083099523,-0.0982371285460454,0.0956311230478544,,,,,,,,,,,,,,,,,,,,,,,,,,,,,,,,,,,,,,,,,,,,,,,,,,,,,,,,,,,,,,,,,,,
,,,,,,,,% of total net revenue,,,,,,,,,,,,0.87685715261558,0.81809116943754,0.7640058291765,0.749567462800271,0.734998414527957,0.707981959008981,0.643753886296965,0.618956233679767,0.150680413179148,0.140891350264635,0.137687040093372,0.126566775700054,0.115558625915775,0.106898279605813,0.112482314597686,0.0947324877117757,0.0926305592188219,0.0861242593519181,0.0869212550766882,0.0948440120033081,0.100417382764547,0.11031941031941,0.107387140902873,0.115488524913255,0.11650868878357,0.117924528301887,0.123882503192848,0.118976612776644,0.111060119320789,0.105407750144592,0.102263648468708,0.106874923133686,0.107068223724647,0.106408417025347,0.104956601187757,0.101129311221894,0.0981079187105816,0.0877749157915593,0.0863476163976999,0.0834946757018393,0.0936166721365277,0.0918496288106144,0.0870588235294118,0.0845994475138122,0.082225256953928,0.0828571428571429,0.0780991462042491,0.073984022229941,0.0680672779160848,0.0639087018544936,0.0607039246811539,0.0635840874811463,0.0591724552724285,0.0579379067092004,0.0560466870340328,0.051181858955892,0.0519902138330483,0.054151049471223,0.0544909853288757,0.0522298994974874,0.0521727331320601,0.0513467482495427,0.0489866400072707,0.0492287219886092,0.0517465926958792,0.0574806594310667,0.0528319075538717,0.058907154624397,0.0587293759817552,0.0580592530768778,0.0595146774248415,0.0584538596322983,0.0593380518648364,0.0554223348039881,0.0556381972465337,0.0505390587190089,0.0519267213777426,0.047510706229075,0.0477408159672761,0.0448239450738344,0.045830884907017,0.0404715437393315,0.0383619767336919,0.03598151215398,0.0358084747995712,0.0303445419712933,0.0286823711389048,0.0253195688979852,0.0234503622491724,0.0208496560174818,0.0213474739001048,0.0189150415496577,0.0209181846637261,0.0186080214472046,0.0157388892886711,0.0157607091364544,,,,,,,,,0.792776213285945,0.66803407842611,0.137748750465487,0.106692008961169,0.0901649476084016,0.108740934456134,0.11938738411198,0.106276208152884,0.104720100330635,0.0875165578038643,0.0890581849347681,0.0789994393694555,0.0639502442874835,0.0557841741139006,0.0531913927315996,0.0503363487341388,0.055452410326079,0.05868651543153,0.0550951467373579,0.0478102749780904,0.039924328621365,0.0297144673940101,0.0210229708180565,0.0175943953538914,0.0133546885551614,0.00957521546285945,0.00605330840547848,0.0021066966110743,-0.00137844013048117,-0.00450989472596376,-0.00764095612612781,-0.0108626306474663,,,,,,,,,,,,,,,,,,,,,,,,,,,
,,,,,,,,% of total net advertising revenue,,,,,,,,,,,,0.911183671686451,0.838994058177518,0.779394227024922,0.762540072831399,0.749526505430431,0.721832429671269,0.655484462381202,0.629846555484133,0.153493013972056,0.143204769436671,0.139685476410731,0.128326015946689,0.117242757242757,0.108232670507341,0.114068184880744,0.0967153532209362,0.0951918002277714,0.0903432666918144,0.0911895872225679,0.0994747549905239,0.105006418485237,0.115602471678682,0.112196283944736,0.120596642546692,0.12384550797649,0.124223602484472,0.129902429691984,0.124303050180387,0.115826419910657,0.110354223433243,0.107789473684211,0.112550187799508,0.112896953985742,0.112302839116719,0.113597033374536,0.110444444444444,0.109619686800895,0.097922192749779,0.0974664991624791,0.0962880267931901,0.105991639572689,0.103792949576082,0.0999825662482566,0.0965631404698092,0.0940557428266053,0.0940218250830302,0.0892924706772607,0.0850695600079878,0.0787661607644744,0.0738396624472574,0.0709124624336594,0.0768617172810666,0.0707545502564278,0.0687506061152594,0.0670548050722451,0.063558837224774,0.0629078888174222,0.0654682456022296,0.0660431048465338,0.0663025277091141,0.064820668436802,0.0644599303135889,0.0614688664183076,0.0628451058335882,0.0662925164379917,0.0783912864109093,0.0694107058799129,0.0765448465989422,0.0765806074436692,0.0748621283947868,0.076652022567256,0.0756750816431022,0.0779024865487099,0.072268843388846,0.0746946971942986,0.0691757270316803,0.0704036473140776,0.0646591896575012,0.0650536539414956,0.0629106169785178,0.0635938456576273,0.0563713327123309,0.0548546466580992,0.0509754222748338,0.0515431244428553,0.0437864748568906,0.042303426356861,0.0374784508886081,0.0357534725640699,0.0323451778984821,0.034250954253691,0.0300411097754558,0.03454277303811,0.0313079760616649,0.0271086369244249,0.0269235987070128,,,,,,,,,0.811796584957181,0.680474073834043,0.139901874042641,0.108377546217386,0.0941247394329928,0.11369532071837,0.125579616616473,0.111544011544012,0.112251756798045,0.100080963200919,0.101370100589664,0.0903161347484306,0.075075890717367,0.0673161491103444,0.0652588176296874,0.0633364527033479,0.0727484361600056,0.0759204056223655,0.0734153079118951,0.0655922533365424,0.0561895560784015,0.043402500432688,0.0329750019987164,0.029778886903768,0.0241972216895185,0.0185104687718276,0.0124167165498287,0.00452665557283272,-0.00309101264952873,-0.0105074592472739,-0.0183963579848968,-0.0268764546694844,,,,,,,,,,,,,,,,,,,,,,,,,,,
,,,,,,,,,,,,,,,,,,,,,,,,,,,,,,,,,,,,,,,,,,,,,,,,,,,,,,,,,,,,,,,,,,,,,,,,,,,,,,,,,,,,,,,,,,,,,,,,,,,,,,,,,,,,,,,,,,,,,,,,,,,,,,,,,,,,,,,,,,,,,,,,,,,,,,,,,,,,,,,,,,,,,,,,,,,,,,,,,,,,,,
,,,,,,,,Other revenue,,,,,,,,,,,,14.3390000000001,10.544,9.93099999999993,11.121,15.404,17.0809999999999,18.7650000000001,22.308,28.0550000000003,26.991,26.6729999999998,30.57,36.471,33.585,41.8509999999997,69.4360000000003,99.5429999999997,181.812000000001,189.391,196.333,178,186,188,209.759,300,258,254,273,269,310,385,410,420,439,666,829,1049,1046,1230,1647,1423,1457,1703,1794,1750,1704,1894,2251,2237,2357,2630,3665,3076.68687000988,3287.01985082344,3846.97645756872,5236.31682159797,4553.11019926654,4638.47016813762,4670.41963259584,6634,5615,6342,6584,8050,7347,8279,9100,10701,10739,11443,11926,13883,13072,13022,13972,16337,15155,16458,17047,20643,18808,20024,22397,23988,23089,25200,28371,31612,32437.786,35964.482,39995.934,43032.473,43771.683,48220.683,53165.683,57511.683,,,,,,,,,45.935,73.558,112.289,181.343,667.079,761.759,1085,1374,2354,4972,6377,7599,10889,15447,20496,26591,35427,47991,56403,69303,85217,108272,151430.675,202669.732,260928.632,327375.582,401271.007,479084.83075,564424.8751875,656817.939621875,755191.222670625,859013.818938875,,0.66805318876668,0.477916831965156,0.29863058171426,0.342999682056278,0.391994617484985,,,,,,,,,,,,,,,,,,,,,
,,,,,,,,Period-to-period addition,,,,,,,,,,,,,,,,4.28299999999996,1.67699999999991,1.6840000000002,3.54299999999991,5.74700000000028,-1.06400000000031,-0.318000000000211,3.89700000000018,5.90100000000005,-2.886,8.26599999999966,27.5850000000006,30.1069999999994,82.2690000000011,7.57899999999881,6.94200000000038,-18.333,8,2,21.759,90.241,-42,-4,19,-4,41,75,25,10,19,227,163,220,-3,184,417,-224,34,246,91,-44,-46,190,357,-14,120,273,1035,-588.313129990123,210.332980813564,559.956606745281,1389.34036402925,-683.20662233143,85.359968871082,31.9494644582201,1963.58036740416,-1019,727,242,1466,-703,932,821,1601,38,704,483,1957,-811,-50,950,2365,-1182,1303,589,3596,-1835,1216,2373,1591,-899,2111,3171,3241,825.786,3526.696,4031.452,3036.539,739.209999999999,4449,4945,4346,,,,,,,0,0,45.935,27.623,38.731,69.054,485.736,94.68,323.241,289,980,2618,1405,1222,3290,4558.00000000001,5048.99999999999,6095,8836,12564,8412,12900,15914,23055,43158.675,51239.057,58258.9,66446.95,73895.425,77813.82375,85340.0444375,92393.0644343749,98373.28304875,103822.59626825,,,,,,,,,,,,,,,,,,,,,,,,,,,
,,,,,,,,% change Y/Y,,,,,,,,,,,,NA,NA,NA,NA,0.0742729618522866,0.619973444613044,0.889537810895201,1.00593471810088,0.821280186964444,0.580176804636739,0.421422861710612,0.370360408821945,0.299982177864895,0.244303656774481,0.569039853034905,1.27137716715736,1.7293740231965,4.41348816435911,3.52536379059046,1.82753902874588,0.788171945792277,0.0230347831826236,-0.00734459398809673,0.0683838172900124,0.685393258426966,0.387096774193549,0.351063829787234,0.301493618867367,-0.103333333333333,0.201550387596899,0.515748031496063,0.501831501831502,0.561338289962825,0.416129032258064,0.72987012987013,1.0219512195122,1.49761904761905,1.38268792710706,0.846846846846847,0.986731001206273,0.356530028598665,0.392925430210325,0.384552845528455,0.0892531876138434,0.229796205200281,0.169526424159231,0.112155020551967,0.254738015607581,0.278285714285714,0.383215962441315,0.388595564941922,0.628165259884496,0.375362928033025,0.394577789912364,0.462728691090769,0.428735831268204,0.479874420646493,0.411147598325463,0.214049444832718,0.266921048901602,0.233222951841693,0.367261137856225,0.409723433425314,0.213445884835695,0.308459483526269,0.305424156417534,0.382138517618469,0.329316770186335,0.461685041513543,0.382171759874381,0.310549450549451,0.297355387346977,0.21724555358972,0.137988289784148,0.171557940633909,0.176762947489736,0.159348225214198,0.26386115804024,0.220083023189236,0.263573483503703,0.241042560211151,0.216672742739094,0.313838212002112,0.162040401104491,0.227615908124202,0.25848981222533,0.26673215162745,0.317825579456395,0.404902161202304,0.427161984126984,0.409747065665645,0.361270182209288,0.349404148606197,0.340786251279804,0.329277196026976,0.336471715209117,,,,,,,,,NA,0.60134973331882,0.526536882460099,0.614966737614548,2.67854838620735,0.141932214925069,0.424334993088365,0.266359447004608,0.713245997088792,1.11214953271028,0.282582461786002,0.191626156499922,0.432951704171602,0.418587565433006,0.326859584385317,0.297375097580016,0.332292881049979,0.354644762469303,0.175282865537288,0.228711238763895,0.229629308976523,0.270544609643616,0.398613445766219,0.338366430711611,0.287457329839465,0.254655648522313,0.225720637283205,0.193918380327937,0.178131385007331,0.163694175249952,0.149772527689154,0.137478552651998,,,,,,,,,,,,,,,,,,,,,,,,,,,
,,,,,,,,% change Q/Q,,,,,,,,,,,,NA,-0.264662807727182,-0.0581373292868036,0.119826804954196,0.385127236759279,0.108867826538555,0.098589075581067,0.188808952837724,0.257620584543674,-0.0379255034753269,-0.0117817050127899,0.146102800584869,0.193032384690875,-0.0791313646458831,0.246121780556786,0.659124035267995,0.433593524972626,0.826466953979701,0.0416859173211823,0.0366543288751862,-0.0933770685518991,0.0449438202247192,0.010752688172043,0.115739361702128,0.430212767986117,-0.14,-0.0155038759689923,0.0748031496062993,-0.0146520146520146,0.152416356877323,0.241935483870968,0.0649350649350649,0.024390243902439,0.0452380952380953,0.517084282460137,0.244744744744745,0.265379975874548,-0.0028598665395615,0.175908221797323,0.339024390243903,-0.136004857316333,0.0238931834153198,0.168840082361016,0.0534351145038168,-0.0245261984392419,-0.0262857142857142,0.11150234741784,0.188489968321014,-0.00621945801865842,0.0536432722396065,0.115825201527365,0.393536121673004,-0.160521999997305,0.0683634668395385,0.170353886547112,0.361151251990584,-0.130474653388703,0.0187476175922192,0.00688793142999722,0.420429109560074,-0.153602652999699,0.129474621549421,0.0381583096814886,0.222660996354799,-0.0873291925465839,0.126854498434735,0.0991665660103878,0.175934065934066,0.00355106999345844,0.0655554520905113,0.0422092108712751,0.164095254066745,-0.0584167687099331,-0.00382496940024479,0.072953463369682,0.169267105639851,-0.0723511048540124,0.0859782250082481,0.0357880665937538,0.210946207543849,-0.0888921183936443,0.0646533390046788,0.118507790651219,0.0710362995043978,-0.037477071869268,0.0914288189180996,0.125833333333333,0.114236368122379,0.0261225483993419,0.108721846799285,0.11209537231761,0.0759211923892063,0.0171779576786117,0.101641054103403,0.1025493562586,0.0817444591090837,,,,,,,,,,,,,,,,,,,,,,,,,,,,,,,,,,,,,,,,,,,,,,,,,,,,,,,,,,,,,,,,,,,
,,,,,,,,% of total net revenue,,,,,,,,,,,,0.0376724475399544,0.0249142273848567,0.0197440490509694,0.0170123649803198,0.019383024879328,0.0191879307342772,0.0178960398872355,0.0172904363920747,0.0183239661540574,0.0161546237680236,0.0143066864838741,0.0137091472345372,0.0143644807286101,0.0123289104414877,0.0139028273722024,0.0205020758661844,0.0269061095894927,0.0466997430399374,0.0468072317891072,0.0465519416223435,0.0437024306408053,0.0457002457002457,0.0428636570907433,0.0423570468096466,0.0592417061611374,0.0507075471698113,0.0463419084108739,0.042850415947261,0.0411503747896589,0.0448235974551764,0.0512649800266312,0.0504243020538679,0.0516287645974186,0.0524868483978958,0.0760621288259479,0.0843422525180588,0.105015517068776,0.103625916385972,0.114079020589872,0.132865440464666,0.116754184443715,0.115068709524562,0.129259962049336,0.123895027624309,0.125781643067635,0.118745644599303,0.125355748229532,0.130311450735209,0.135830955127816,0.134493580599144,0.143959713175324,0.172746983408748,0.152909242582867,0.157130830863016,0.172742544120733,0.202385375549722,0.18316478394346,0.176791179179694,0.171972149370198,0.208354271356784,0.190474575121273,0.200025231817322,0.199460753127935,0.214243892053015,0.217966594475925,0.261968800430339,0.239429578761807,0.23046605789111,0.23549405727819,0.224588329964083,0.222417008578888,0.224288345342337,0.233341068527873,0.226583842285675,0.24398421401879,0.25881216038528,0.260996107877243,0.265165063560346,0.266147288879174,0.285423925667828,0.278253665320373,0.280625043795109,0.300433272076084,0.293894953504613,0.301872238056638,0.308358723982233,0.324351206127815,0.325122646069669,0.344640754383367,0.35589619996194,0.375793875403038,0.369502764719047,0.393527549704137,0.40480649219693,0.418626813114798,0.41389390791541,,,,,,,,,0.0234299725124367,0.0182813657217558,0.0153902411378546,0.0155524581894164,0.0420696179181474,0.0435759909109022,0.0493092165060898,0.0472262322128274,0.0670961121878919,0.113552276983511,0.121455099514332,0.125300926689312,0.148192000435499,0.173205655786417,0.186169874560599,0.201801651387287,0.236575870289618,0.226296853412301,0.241161103296121,0.270178707876557,0.288755684167011,0.315744656032195,0.362218132652812,0.408359485806665,0.447404138405963,0.482124429585917,0.511976832470452,0.534155984185484,0.553656647981672,0.570443730103739,0.584338927308268,0.595553649034214,,,,,,,,,,,,,,,,,,,,,,,,,,,
,,,,,,,,,,,,,,,,,,,,,,,,,,,,,,,,,,,,,,,,,,,,,,,,,,,,,,,,,,,,,,,,,,,,,,,,,,,,,,,,,,,,,,,,,,,,,,,,,,,,,,,,,,,,,,,,,,,,,,,,,,,,,,,,,,,,,,,,,,,,,,,,,,,,,,,,,,,,,,,,,,,,,,,,,,,,,,,,,,,,,,
,,,,,,,,Profitability summary,,,,,,,,,,,,,,,,,,,,,,,,,,,,,,,,,,,,,,,,,,,,,,,,,,,,,,,,,,,,,,,,,,,,,,,,,,,,,,,,,,,,,,,,,,,,,,,,,,,,,,,,,,,,,,,,,,,,,,,,,,,,,,,,,,,,,,,,,,,,,,,,,,,,,,,,,,,,,,,,,,,,,,,,,,,,,,
,,,,,,,,Google operating income (adjusted),,,,18.981,34.832,63.095,91.193,121.124,138.949,140.35,171.402,231.796,245.719,280.093,362.33,491.678,523.036,575.479,717.794,887.363,924.521,1031.191,1165.021,1405.075,1346.139,1515.798,1686.034,1827.284,1850.741,2022.704,2146.376,2162,2167,2392,2755.24,2779,2674,2927,3378,3228,3316,3629,4043,3945,3933,3539,4206,4403,4208,4617,5302,4954,5138,4979,5600,5650,5957,6140,6816,6836,7471,7627,8485,8577,8871,9602,9511,10090,10529,10855,10474,9377,11940,11798,11910,11167,9712,14330,18874,20182,23164,24905,25839,24598,24235,22111,23260,22699,27612,27086,29356,30736,33290,34367,36782,36122,37269,37596,43005,46576.2008538813,49978.359518358,51522.2889813219,54102.0739551673,52871.0008605791,56045.1926988447,59377.3221661336,63128.3441275481,,,,,,23.347,208.101,571.825,918.938,2217.987,3953.246,5953.046,6657.248,9476.24,11758,13716,15417,18530,20671,24563,30419,33825,36877,45025,54083,94090,94204,106753,135175,153992,202178.923308729,231421.859853106,264428.686249819,303221.973907927,346408.846767196,393189.07110202,450164.977731456,518647.647800567,612105.074386201,712130.596248106,,0.146510413045241,0.167957873242312,0.179659051863517,0.178398296718656,0.145050722257994,,,,,,,,,,,,,,,,,,,,,
,,,,,,,,adjusted operating margin,,,,0.448882582476055,0.443578478191659,0.48242562334177,0.485298891496506,0.487189181796974,0.446495650692965,0.356270720055237,0.334655147166496,0.355721022738608,0.350920863966913,0.347558652763973,0.351264807305083,0.391302617714379,0.377781068187317,0.364583491715955,0.374027730808252,0.393726469824804,0.376435011366084,0.383388984460193,0.363444619213614,0.383484203341129,0.347661212530524,0.358230267354327,0.349315543876027,0.352346480736855,0.344823532217472,0.36501737560118,0.376497481802886,0.392448720275912,0.392359225058845,0.402354920100925,0.41285891809218,0.410184501845018,0.39208211143695,0.401729343947296,0.400236966824645,0.376443148688047,0.367383115444272,0.373353909465021,0.381991685563114,0.37059652418976,0.333107478614381,0.266010222489477,0.291698453429503,0.339973747200988,0.321049820706493,0.33568416460666,0.337556503469791,0.321271076523995,0.322030711375744,0.301337529504327,0.309340993205546,0.327384401437015,0.336041067298471,0.328781793842035,0.319564911622673,0.337463592832107,0.347488372093023,0.339717607233531,0.32554481276857,0.346545454545455,0.341061130334487,0.345743914734265,0.294248677412369,0.323958132665511,0.322411734084576,0.321724955542383,0.266676851003157,0.258042323674289,0.306594083812654,0.291315834958888,0.25849158979924,0.27131368594961,0.253596887484659,0.31035453620081,0.331716404794545,0.36486242181003,0.374337427278604,0.382459534998004,0.343033521407235,0.36167678757848,0.347779292530674,0.320022578590864,0.305859457184936,0.325261151790448,0.370114202991797,0.353174344464293,0.340122813115514,0.381628776120886,0.392839442071228,0.389348348212263,0.381283106490168,0.400314737238735,0.38649562367777,0.367342153088543,0.377806866500334,0.424852306974348,0.426222085984506,0.419920329620735,0.402368269171776,0.413411206444224,0.41077858198546,0.410179722987128,0.398342347198231,,,,,,0.270138615694351,0.473486261911046,0.390075542282258,0.288138521514488,0.361320407391962,0.372774817568115,0.35874719913588,0.305440697757111,0.400677142442656,0.401009515364415,0.471437409775211,0.393100283026084,0.428330366843115,0.393695838491572,0.327554708023844,0.336970489188231,0.305128320779397,0.269531278550494,0.278177650642234,0.296301369112515,0.36520375567174,0.333069340536565,0.347283941781557,0.386194424286751,0.382269707771897,0.417688277660813,0.407746548850499,0.400655296659276,0.398314676036501,0.397466164330374,0.396773883384072,0.401959515676253,0.412112544189678,0.435126295228832,0.455080272431708,,,,,,,,,,,,,,,,,,,,,,,,,,,
,,,,,,,,,,,,,,,,,,,,,,,,,,,,,,,,,,,,,,,,,,,,,,,,,,,,,,,,,,,,,,,,,,,,,,,,,,,,,,,,,,,,,,,,,,,,,,,,,,,,,,,,,,,,,,,,,,,,,,,,,,,,,,,,,,,,,,,,,,,,,,,,,,,,,,,,,,,,,,,,,,,,,,,,,,,,,,,,,,,,,,
,,,,,,,,Adjusted EBITDA (total company),,,,18.981,34.832,63.095,91.193,121.124,138.949,140.35,171.402,255.471,276.731,321.419,414.79,547.871,589.965,651.444,812.519,998.521,1050.742,1176.501,1354.271,1610.067,1569.494,1765.173,1975.97,2163.808,2242.348,2408.95,2531.886,2565,2544,2771,3120.548,3110,3016,3269,3759,3629,3771,4121,4546,4456,4603,4367,5159,5302,5238,5591,6338,6040,6217,6526,6867,6827,7191,7388,8220,8207,8961,9223,10172,10080,10496,11363,11537,12076,12643,13210,13054,11990,14775,14718,15323,14275,13098,17808,22599,22935,26109,28209,29278,28380,28134,26157,27461,25885,31009,30886,32672,34149,36998,38352,40987,40609,42267,43207,49045,53628.6457162911,58039.9164867828,60868.2050491811,64977.0733224142,65367.5160349936,70268.6116112491,75300.7163037986,80938.3255527145,,,,,,37.529,237.084,626.874,1067.411,2511.799,4525.185,6920.704,8157.135,11000.548,13154,15567,18379,22469,25650,29626,36563,43476,45912,56806,67780,106531,110132,120452,150486,175128,237513.840574669,291875.169502756,355341.565580651,429426.019073054,511658.478724845,595730.391836587,685463.989714309,778635.563942633,878063.550082876,980096.531648282,,0.181120338581708,0.172511327054133,0.176213138053687,0.192305105278288,0.157224796857853,,,,,,,,,,,,,,,,,,,,,
,,,,,,,,% change Y/Y,,,,,,,,5.38132869711817,2.98911920073496,1.22442348839052,0.879552158608664,1.10916911594729,0.991601234985498,1.2901246882793,1.4199834307651,1.14455261066814,1.13190788166125,1.0267750195228,0.958868343016949,0.822547643514623,0.78102429805158,0.805989463407445,0.666756100472727,0.612451816236214,0.493700642022495,0.500358265738831,0.459065430774196,0.343924196943357,0.428707596206166,0.364710427816424,0.281338279427318,0.185410165781807,0.134525060338538,0.150293696423753,0.232499409531078,0.212475633528265,0.185534591194969,0.17971851317214,0.204596115810428,0.166881028938907,0.250331564986738,0.260630162129091,0.209364192604416,0.227886470101957,0.220631132325643,0.0596942489686969,0.134843818741751,0.189856373429084,0.13795350858136,0.280283947790245,0.228532661368482,0.139192757450019,0.186903398243604,0.167233053121088,0.0834648153991795,0.130298013245033,0.156667202830947,0.132087036469507,0.197029270423766,0.202138567452761,0.246141009595328,0.24837574445046,0.237469586374696,0.228219812355307,0.17129784622252,0.232028624091944,0.134191899331498,0.198015873015873,0.204554115853659,0.162545102525741,0.131489988731906,-0.00712156343159986,0.168630862928103,0.114155942467827,0.173816454726521,0.190575479566305,-0.113502538071066,0.209947003668977,0.474841741173399,0.606654991243433,0.993357764544205,0.584063342318059,0.295544050621709,0.237410071942446,0.0775594622543951,-0.0727427416781878,-0.0620602500170779,-0.0879140239605356,0.102189521575318,0.180792904385059,0.189760023305779,0.319258257678192,0.193137476216582,0.241727643592566,0.254499265426053,0.189170985973235,0.142413103410995,0.126590529828953,0.196598921609291,0.320609857821938,0.373173314566514,0.408757957025046,0.324846025536022,0.218891791167058,0.210694567888481,0.237110840429023,0.245644369839513,,,,,,,5.31735457912548,1.64410082502404,0.702752068198713,1.35316949141427,0.801571304073297,0.529374821139909,0.178656824508026,0.348579862905298,0.195758611298273,0.18344229892048,0.180638530224192,0.222536590674139,0.141572833681962,0.155009746588694,0.234152433673125,0.189070918688292,0.0560309136075077,0.237280013939711,0.19318381861071,0.571717320743582,0.0338023673860191,0.0937057349362582,0.249344137083652,0.163749451776245,0.356229960798212,0.228876467984173,0.217443629021331,0.20848800328592,0.191493891844969,0.164312557316096,0.150627866409636,0.135924827017035,0.127695151293614,0.116202274374988,,,,,,,,,,,,,,,,,,,,,,,,,,,
,,,,,,,,% change Q/Q,,,,,0.835098256150889,0.811409049150207,0.445328472937633,0.328215981489808,0.147163237673789,0.0100828361485152,0.221246882793017,0.490478524171248,0.0832188389288799,0.161485341360383,0.29049620588702,0.320839460932038,0.076831954967501,0.104207876738451,0.247258398266006,0.228920185251052,0.0522983492585531,0.119685898155779,0.151100594049644,0.188880955141179,-0.0251995724401531,0.124676488091066,0.119420022853285,0.0950611598354221,0.0362971206317755,0.0742980126189152,0.0510330226862321,0.0130787879075129,-0.00818713450292397,0.0892295597484276,0.126145073980513,-0.00338017553327197,-0.0302250803858521,0.0838859416445623,0.149892933618844,-0.0345836658685821,0.0391292367043263,0.0928135773004508,0.103130308177627,-0.0197976242850858,0.0329892280071813,-0.051270910275907,0.181360201511335,0.0277185501066097,-0.012070916635232,0.0673921344024437,0.133607583616526,-0.0470179867466077,0.0293046357615894,0.0497024288241916,0.0522525283481459,-0.00582495995340027,0.0533177090962356,0.0273953553052426,0.112615051434759,-0.00158150851581507,0.0918727915194346,0.029237808280326,0.102894936571615,-0.00904443570585922,0.0412698412698413,0.0826028963414633,0.0153128575200212,0.04671925110514,0.0469526333222921,0.0448469508819109,-0.0118092354277063,-0.0815075838823349,0.232276897414512,-0.00385786802030452,0.0411061285500747,-0.0683939176401488,-0.0824518388791594,0.359596885020614,0.269036388140162,0.0148679145094917,0.13839110529758,0.0804320349304837,0.0378957070438513,-0.0306714939545051,-0.00866807610993658,-0.0702708466624014,0.049852811866804,-0.0573904810458465,0.197952482132509,-0.00396659034473867,0.0578255520300459,0.0452069049951029,0.0834285044950072,0.036596572787718,0.0687056737588654,-0.0092224363822675,0.0408283877958089,0.022239572243121,0.135116994931377,0.0934579613883386,0.0822558673927454,0.0487300591316735,0.0675043443438677,0.00600893042138173,0.0749775404289754,0.0716124109636449,0.0748679365302598,,,,,,,,,,,,,,,,,,,,,,,,,,,,,,,,,,,,,,,,,,,,,,,,,,,,,,,,,,,,,,,,,,,
,,,,,,,,Adjusted EBITDA margin (total company),,,,0.518705763397371,0.599332392718263,0.69209674765535,0.746736869687689,0.750351560806081,0.647482047912618,0.560409196540517,0.655941096105347,0.671191704127181,0.653882687636456,0.639020491583281,0.634525570559017,0.689392185384465,0.662736816090856,0.621277261300303,0.629765469197244,0.652178399861533,0.628888951400863,0.631043787911539,0.607324191510105,0.634141547894797,0.57615456199054,0.586387314546196,0.583436356490932,0.584869404966912,0.575963497492559,0.595362403801501,0.600328061336752,0.62975693591947,0.625061425061425,0.631782945736434,0.630138385994161,0.614139020537125,0.592767295597484,0.596424010217114,0.590017265735363,0.555147621232981,0.545257374204743,0.548735019973369,0.559094822285082,0.547756607252612,0.499945693494081,0.414562369470287,0.454817949396103,0.530783862248473,0.51892213195958,0.518549434242256,0.511293965795418,0.495569412536922,0.490996682988469,0.495332068311196,0.474240331491713,0.490692158412995,0.501114982578397,0.488980078099146,0.475859673497742,0.498330196126055,0.51132667617689,0.504844271717116,0.479449472096531,0.500969136722827,0.501744825278455,0.510237988325101,0.445908862520775,0.485799340252635,0.481876738956436,0.486412843361072,0.40998743718593,0.406730214729129,0.466000126159087,0.445878396800873,0.407808591047001,0.423502536565105,0.414454323956586,0.468545267976952,0.486711750516885,0.50293846761107,0.512433514553198,0.526091010816859,0.473003974280268,0.506595740882883,0.489533851855719,0.456763175357105,0.435039526004784,0.44578582991768,0.499605265277845,0.482209489313204,0.451744925612521,0.505215037060051,0.51850606124308,0.514453580866276,0.502162433687409,0.53093376565646,0.51719834073639,0.493963644678175,0.504417315465232,0.569786634520028,0.574349596464488,0.571905600810786,0.557932337190667,0.587684015154201,0.589896044771871,0.59291815909749,0.582488254832373,,,,,,0.434232754032352,0.687184065297037,0.667289027222775,0.544452169140581,0.624257268258253,0.620218261302554,0.593537989342446,0.514433152230466,0.629280099956736,0.597800399927286,0.535058775005156,0.468624901195849,0.519382353621044,0.488524902390249,0.488507073838341,0.497597953156684,0.487492010809235,0.417029238916189,0.431106186631049,0.4526240575897,0.502336481650013,0.47088904186317,0.469583794657477,0.509918066671636,0.510711265346592,0.568126766998525,0.588099628699753,0.609290309652323,0.632413612616188,0.652818874711764,0.664210038256729,0.672386550524186,0.676241845255579,0.679412971921814,0.679500204723069,,,,,,,,,,,,,,,,,,,,,,,,,,,
,,,,,,,,Incremental EBITDA margin,,,,,,,,0.818256829287832,0.665365124200382,0.485035504184534,0.576276179185975,0.612896897810219,0.660466989113814,0.71697717238512,0.62026432616197,0.706121571724227,0.670761034127581,0.604918901183902,0.624876667735023,0.612014303194588,0.590288702478619,0.643596541871522,0.576512841796096,0.60674302223598,0.492504466938956,0.513730082958221,0.537392350639349,0.47708654986077,0.575518314092481,0.62144236152673,0.669193776520507,1.07455330956698,1.7062922822816,1.06545147421051,0.80127242707161,0.549949545913219,0.463654223968566,0.454794520547945,0.449982626616024,0.35234215885947,0.413019693654267,0.419911286347955,0.447159090909091,0.517521902377973,0.363160192055871,0.0813492063492064,0.190846824408468,0.456310679611651,0.715896279594138,4.93548387096774,1.11965811965812,0.335607094133697,0.381230529595016,0.390722941913916,0.25383877159309,0.456231884057971,0.577014218009479,0.445708376421923,0.484251968503937,0.539906103286385,0.55748031496063,0.580696202531646,0.495180111618468,0.512869660460022,0.452268709487331,0.534866283429143,0.29310715052609,0.421363732320034,0.40372320421211,0.377864157119476,0.254231607172784,-0.0186106903267691,0.389833607606509,0.257733720731499,0.395709801185909,0.540444654683065,16.2815533980583,0.618247298919568,0.821404380221269,0.728036990332072,0.672472606987802,0.666175622878371,0.431850510797879,0.522602936942125,0.31058282208589,-0.562808557323094,-1.48326530612246,-1.2200488997555,0.625543951261967,0.696978629329403,0.566351483534399,0.867429411147266,0.644810508182601,0.711183082491903,0.894374529418092,0.726414033509502,0.508198302469136,0.375744911384568,0.516207559256887,0.738302207689053,0.815968941395945,0.931473076842371,0.828522930254146,0.686144859512789,0.676851061372661,0.701640211543491,0.709634144082675,,,,,,,0.771728117192999,0.655741841709481,0.431438395673639,0.70009311063686,0.615252087345992,0.54893125959419,0.294636389112357,1.75020943449301,0.476128589201866,0.34033850493653,0.277728395061728,1.01187530925285,0.344115101687581,0.488392089423904,0.54055949505182,0.440206316861946,0.116499282639885,0.502606689734717,0.610310883710583,0.621786848945798,0.165107748739111,0.456092279135546,0.777881377881378,0.515609306996987,0.830097159397994,0.694825482653212,0.73030950901284,0.773150748673234,0.785104812994016,0.743126453860463,0.732228234223111,0.70602422384649,0.705314163656748,0.680251829476657,,,,,,,,,,,,,,,,,,,,,,,,,,,
,,,,,,,,,,,,,,,,,,,,,,,,,,,,,,,,,,,,,,,,,,,,,,,,,,,,,,,,,,,,,,,,,,,,,,,,,,,,,,,,,,,,,,,,,,,,,,,,,,,,,,,,,,,,,,,,,,,,,,,,,,,,,,,,,,,,,,,,,,,,,,,,,,,,,,,,,,,,,,,,,,,,,,,,,,,,,,,,,,,,,,
,,,,,,,,,,,,,,,,,,,,,,,,,,,,,,,,,,,,,,,,,,,,,,,,,,,,,,,,,,,,,,,,,,,,,,,,,,,,,,,,,,,,,,,,,,,,,,,,,,,,,,,,,,,,,,,,,,,,,,,,,,,,,,,,,,,,,,,,,,,,,,,,,,,,,,,,,,,,,,,,,,,,,,,,,,,,,,,,,,,,,,
,,,,,,,,,,,,,,,,,,,,,,,,,,,,,,,,,,,,,,,,,,,,,,,,,,,,,,,,,,,,,,,,,,,,,,,,,,,,,,,,,,,,,,,,,,,,,,,,,,,,,,,,,,,,,,,,,,,,,,,,,,,,,,,,,,,,,,,,,,,,,,,,,,,,,,,,,,,,,,,,,,,,,,,,,,,,,,,,,,,,,,
,,,,,,,,,,,,,,,,,,,,,,,,,,,,,,,,,,,,,,,,,,,,,,,,,,,,,,,,,,,,,,,,,,,,,,,,,,,,,,,,,,,,,,,,,,,,,,,,,,,,,,,,,,,,,,,,,,,,,,,,,,,,,,,,,,,,,,,,,,,,,,,,,,,,,,,,,,,,,,,,,,,,,,,,,,,,,,,,,,,,,,
,,,,,,,,Marketshare Sanity Checks,,,,,,,,,,,,,,,,,,,,,,,,,,,,,,,,,,,,,,,,,,,,,,,,,,,,,,,,,,,,,,,,,,,,,,,,,,,,,,,,,,,,,,,,,,,,,,,,,,,,,,,,,,,,,,,,,,,,,,,,,,,,,,,,,,,,,,,,,,,,,,,,,,,,,,,,,,,,,,,,,,,,,,,,,,,,,,
,,,,,,,,Check: WW ad market (Magna),,,,,,,,,,,,,,,,,,,,,,,,,,,,,,,,,,,,,,,,,,,,,,,,,,,,,,,,,,,,,,,,,,,,,,,,,,,,,,,,,,,,,,,,,,,,,,,,,,,,,,,,,,,,,,,,,328809.42139731,331488.304007882,343249.349875992,369273.354081112,392024.934828487,415791.590965237,435277.659323583,432391.037419533,389329.409943785,423444.386452976,445644.756756117,465551.885849893,485025.273932509,516121.983633955,541268.168095434,577246.965424691,608015.332767893,644768.068081739,644768.068081739,644768.068081739,670558.790805009,697381.142437209,725276.388134698,754287.443660085,784458.941406489,815837.299062748,848470.791025258,882409.622666269,917706.007572919,954414.247875836,,,,,,,,,,,,,,,,,,,,,,,,,,,,,,,,
,,,,,,,,Google % of WW ad market,,,,,,,,,,,,,,,,,,,,,,,,,,,,,,,,,,,,,,,,,,,,,,,,,,,,,,,,,,,,,,,,,,,,,,,,,,,,,,,,,,,,,,,,,,,,,,,,,,,,,,,,,,,,,,,,,,,,,,,,,,,,0.0958776053898146,0.105262555878901,0.116261275246429,0.132244983576014,0.138791548156614,0.156986172643836,0.179120222785845,0.214242929881707,0.229211102900438,0.307455517438666,0.340985704272052,0.330643605559462,0.354673808040425,0.373611650693304,0.393272304868379,0.429588484331006,0.451787751938863,0.472359103542274,0.492314503595074,,,,,,,,,,,,,,,,,,,,,,,,,,,,,,,,
,,,,,,,,,,,,,,,,,,,,,,,,,,,,,,,,,,,,,,,,,,,,,,,,,,,,,,,,,,,,,,,,,,,,,,,,,,,,,,,,,,,,,,,,,,,,,,,,,,,,,,,,,,,,,,,,,,,,,,,,,,,,,,,,,,,,,,,,,,,,,,,,,,,,,,,,,,,,,,,,,,,,,,,,,,,,,,,,,,,,,,
,,,,,,,,Check: US ad market (Magna),,,,,,,,,,,,,,,,,,,,,,,,,,,,,,,,,,,,,,,,,,,,,,,,,,,,,,,,,,,,,,,,,,,,,,,,,,,,,,,,,,,,,,,,,,,,,,,,,,,,,,,,,,,,,,,,,,,,,,,,,,,,154824.438789079,158475.134182896,167963.368841469,171989.551598061,183835.273250817,188358.882964844,196247.33697019,196247.33697019,196247.33697019,202134.757079295,208198.799791674,214444.763785424,220878.106698987,227504.449899957,234329.583396955,241359.470898864,248600.25502583,256058.262676605,263740.010556903,,,,,,,,,,,,,,,,,,,,,,,,,,,,,,,,
,,,,,,,,Google % of US ad market,,,,,,,,,,,,,,,,,,,,,,,,,,,,,,,,,,,,,,,,,,,,,,,,,,,,,,,,,,,,,,,,,,,,,,,,,,,,,,,,,,,,,,,,,,,,,,,,,,,,,,,,,,,,,,,,,,,,,,,,,,,,0.127456363829506,0.140750661704803,0.15046840376162,0.173235290883425,0.193620404673029,0.224326983335776,0.253464025387289,0.291942509307543,0.314053586415606,0.426348942879688,0.46872518044123,0.468866752562013,0.517044363095873,0.53963551066358,0.569903776399302,0.614697200517845,0.666692566622653,0.724118060938106,0.789968796160716,,,,,,,,,,,,,,,,,,,,,,,,,,,,,,,,
,,,,,,,,,,,,,,,,,,,,,,,,,,,,,,,,,,,,,,,,,,,,,,,,,,,,,,,,,,,,,,,,,,,,,,,,,,,,,,,,,,,,,,,,,,,,,,,,,,,,,,,,,,,,,,,,,,,,,,,,,,,,,,,,,,,,,,,,,,,,,,,,,,,,,,,,,,,,,,,,,,,,,,,,,,,,,,,,,,,,,,
,,,,,,,,Check: UK ad market (Magna),,,,,,,,,,,,,,,,,,,,,,,,,,,,,,,,,,,,,,,,,,,,,,,,,,,,,,,,,,,,,,,,,,,,,,,,,,,,,,,,,,,,,,,,,,,,,,,,,,,,,,,,,,,,,,,,,,,,,,,,,,,,20901.7623301047,22076.5783613447,23240.1885165485,23937.3941720449,24631.5786030342,25345.8943825222,26309.038369058,26309.038369058,26309.038369058,27098.3095201298,27911.2588057337,28748.5965699057,29611.0544670029,30499.3861010129,31414.3676840433,32356.7987145646,33327.5026760016,34327.3277562816,35357.1475889701,,,,,,,,,,,,,,,,,,,,,,,,,,,,,,,,
,,,,,,,,Google % of UK ad market,,,,,,,,,,,,,,,,,,,,,,,,,,,,,,,,,,,,,,,,,,,,,,,,,,,,,,,,,,,,,,,,,,,,,,,,,,,,,,,,,,,,,,,,,,,,,,,,,,,,,,,,,,,,,,,,,,,,,,,,,,,,0.234238621733265,0.253843684844405,0.265746553458562,0.31214759410722,0.337615389335039,0.349233845964412,0.368258306188389,0.408766719869112,0.449643391856023,0.475836210799093,0.503554825020399,0.5206659113075,0.535830937850437,0.546235422080542,0.55684193513065,0.567654399890469,0.578676815422322,0.589913258440232,0.601367884817712,,,,,,,,,,,,,,,,,,,,,,,,,,,,,,,,
,,,,,,,,,,,,,,,,,,,,,,,,,,,,,,,,,,,,,,,,,,,,,,,,,,,,,,,,,,,,,,,,,,,,,,,,,,,,,,,,,,,,,,,,,,,,,,,,,,,,,,,,,,,,,,,,,,,,,,,,,,,,,,,,,,,,,,,,,,,,,,,,,,,,,,,,,,,,,,,,,,,,,,,,,,,,,,,,,,,,,,
,,,,,,,,Check: W Europe ex-UK ad market (Magna),,,,,,,,,,,,,,,,,,,,,,,,,,,,,,,,,,,,,,,,,,,,,,,,,,,,,,,,,,,,,,,,,,,,,,,,,,,,,,,,,,,,,,,,,,,,,,,,,,,,,,,,,,,,,,,,,,,,,,,,,,,78577.9218299992,81707.9854704173,80251.6896233643,81296.3008167025,83045.5534097261,84997.7675662948,87065.0643078738,89248.351383583,89248.351383583,89248.351383583,91925.8019250905,94683.5759828432,97524.0832623285,100449.805760198,103463.299933004,106567.198930994,109764.214898924,113057.141345892,116448.855586269,119942.321253857,,,,,,,,,,,,,,,,,,,,,,,,,,,,,,,,
,,,,,,,,Google % of W Europe ad market,,,,,,,,,,,,,,,,,,,,,,,,,,,,,,,,,,,,,,,,,,,,,,,,,,,,,,,,,,,,,,,,,,,,,,,,,,,,,,,,,,,,,,,,,,,,,,,,,,,,,,,,,,,,,,,,,,,,,,,,,,,0.115294090108416,0.147379719750402,0.16927460075841,0.203657791689253,0.217428287709498,0.2283937706015,0.270887646718449,0.320072731810665,0.368083641582265,0.419615351403782,0.574424898523623,0.616251954241363,0.638688311798694,0.654190455288954,0.670068864397909,0.686332671786207,0.702991231781018,0.720054125756285,0.737531167643574,0.75543240957667,,,,,,,,,,,,,,,,,,,,,,,,,,,,,,,,
