,,,,,,,,300.784424583054,,,Search Revenue Y/Y Growth,,,,,,,,,,,,,,,,,,,,,,,,,,,,,,,,,,,,,,,,,,,,,,,,,,,,,,,,,,,,,,,,,,,,,,,,,,,,,,,,,,,,,,,,,,,,,,,,,,,,,,,,,,,,,,,,,,,,,,,,,,,,,,,,,,,,,,,,,,,,
,,,,,,,,,,,Desktop Search Y/Y Growth,,,,,,,,,,,,,,,,,,,,,,,,,,,,,,,,,,,,,,,,,,,,,,,,,,,,,,,,,,,,,,,,,,,,,,,,,,,,,,,,,,,,,,,,,,,,,,,,,,,,,,,,,,,,,,,,,,,,,,,,,,,,,,,,,,,,,,,,,,,,
,,,,,,,,,,,Mobile Search Y/Y Growth,,,,,,,,,,,,,,,,,,,,,,,,,,,,,,,,,,,,,,,,,,,,,,,,,,,,,,,,,,,,,,,,,,,,,,,,,,,,,,,,,,,,,,,,,,,,,,,,,,,,,,,,,,,,,,,,,,,,,,,,,,,,,,,,,,,,,,,,,,,,
,,,,,,,,,,,,,,,,,,,,,,,,,,,,,,,,,,,,,,,,,,,,,,,,,,,,,,,,2013-Q1,2013-Q2,2013-Q3,2013-Q4,2014-Q1,2014-Q2,2014-Q3,2014-Q4,2015-Q1,2015-Q2,2015-Q3,2015-Q4,2016-Q1,2016-Q2,2016-Q3,2016-Q4,2017-Q1,2017-Q2,2017-Q3,2017-Q4,2018-Q1,2018-Q2,2018-Q3,2018-Q4,2019-Q1,2019-Q2,2019-Q3,2019-Q4,2020-Q1,2020-Q2,2020-Q3,2020-Q4,2021-Q1,2021-Q2,2021-Q3,2021-Q4,2022-Q1,2022-Q2,2022-Q3,2022-Q4,2023-Q1,2023-Q2,2023-Q3,2023-Q4,2024-Q1,2024-Q2,2024-Q3,2024-Q4,2025-Q1,2025-Q2,2025-Q3,2025-Q4,2026-Q1,2026-Q2,2026-Q3,2026-Q4,2027-Q1,2027-Q2,2027-Q3,2027-Q4,2028-Q1,2028-Q2,2028-Q3,2028-Q4,,,,,,2009-FY,2010-FY,2011-FY,2012-FY,2013-FY,2014-FY,2015-FY,2016-FY,2017-FY,2018-FY,2019-FY,2020-FY,2021-FY,2022-FY,2023-FY,2024-FY,2025-FY,2026-FY,2027-FY,2028-FY,2029-FY,2030-FY,2031-FY,2032-FY,2033-FY,2034-FY,2035-FY
,,,,,,,,Period-End Date,,,,,,,,,,,,,,,,,,,,,,,,,,,,,,,,,,,,,,,,,,,,,,,,2013-03-31 00:00:00,2013-06-30 00:00:00,2013-09-30 00:00:00,2013-12-31 00:00:00,2014-03-31 00:00:00,2014-06-30 00:00:00,2014-09-30 00:00:00,2014-12-31 00:00:00,2015-03-31 00:00:00,2015-06-30 00:00:00,2015-09-30 00:00:00,2015-12-31 00:00:00,2016-03-31 00:00:00,2016-06-30 00:00:00,2016-09-30 00:00:00,2016-12-31 00:00:00,2017-03-31 00:00:00,2017-06-30 00:00:00,2017-09-30 00:00:00,2017-12-31 00:00:00,2018-03-31 00:00:00,2018-06-30 00:00:00,2018-09-30 00:00:00,2018-12-31 00:00:00,2019-03-31 00:00:00,2019-06-30 00:00:00,2019-09-30 00:00:00,2019-12-31 00:00:00,2020-03-31 00:00:00,2020-06-30 00:00:00,2020-09-30 00:00:00,2020-12-31 00:00:00,2021-03-31 00:00:00,2021-06-30 00:00:00,2021-09-30 00:00:00,2021-12-31 00:00:00,2022-03-31 00:00:00,2022-06-30 00:00:00,2022-09-30 00:00:00,2022-12-31 00:00:00,2023-03-31 00:00:00,2023-06-30 00:00:00,2023-09-30 00:00:00,2023-12-31 00:00:00,2024-03-31 00:00:00,2024-06-30 00:00:00,2024-09-30 00:00:00,2024-12-31 00:00:00,2025-03-31 00:00:00,2025-06-30 00:00:00,2025-09-30 00:00:00,2025-12-31 00:00:00,2026-03-31 00:00:00,2026-06-30 00:00:00,2026-09-30 00:00:00,2026-12-31 00:00:00,2027-03-31 00:00:00,2027-06-30 00:00:00,2027-09-30 00:00:00,2027-12-31 00:00:00,2028-03-31 00:00:00,2028-06-30 00:00:00,2028-09-30 00:00:00,2028-12-31 00:00:00,,,,,,2009-12-31 00:00:00,2010-12-31 00:00:00,2011-12-31 00:00:00,2012-12-31 00:00:00,2013-12-31 00:00:00,2014-12-31 00:00:00,2015-12-31 00:00:00,2016-12-31 00:00:00,2017-12-31 00:00:00,2018-12-31 00:00:00,2019-12-31 00:00:00,2020-12-31 00:00:00,2021-12-31 00:00:00,2022-12-31 00:00:00,2023-12-31 00:00:00,2024-12-31 00:00:00,2025-12-31 00:00:00,2026-12-31 00:00:00,2027-12-31 00:00:00,2028-12-31 00:00:00,2029-12-31 00:00:00,2030-12-31 00:00:00,2031-12-31 00:00:00,2032-12-31 00:00:00,2033-12-31 00:00:00,2034-12-31 00:00:00,2035-12-31 00:00:00
,,,,,,,,Morgan Stanley | Google Search Revenue estimates,,,,,,,,,,,,,,,,,,,,,,,,,,,,,,,,,,,,,,,,,,,,,,,,2013-12-31 00:00:00,,,,2014-12-31 00:00:00,,,,2015-12-31 00:00:00,,,,2016-12-31 00:00:00,,,,2017-12-31 00:00:00,,,,2018-12-31 00:00:00,,,,2019-12-31 00:00:00,,,,2020-12-31 00:00:00,,,,2021-12-31 00:00:00,,,,2022-12-31 00:00:00,,,,2023-12-31 00:00:00,,,,2024-12-31 00:00:00,,,,2025-12-31 00:00:00,,,,2026-12-31 00:00:00,,,,2027-12-31 00:00:00,,,,2028-12-31 00:00:00,,,,,,,,,,,,,,,,,,,,,,,,,,,,,,,,,,,
,,,,,,,,(In millions),,,,,,,,,,,,,,,,,,,,,,,,,,,,,,,,,,,,,,,,,,,,,,,,1,2,3,4,1,2,3,4,1,2,3,4,1,2,3,4,1,2,3,4,1,2,3,4,1,2,3,4,1,2,3,4,1,2,3,4,1,2,3,4,1,2,3,4,1,2,3,4,1,2,3,4,1,2,3,4,1,2,3,4,1,2,3,4,,,,,2008-12-31 00:00:00,2009-12-31 00:00:00,2010-12-31 00:00:00,2011-12-31 00:00:00,2012-12-31 00:00:00,2013-12-31 00:00:00,2014-12-31 00:00:00,2015-12-31 00:00:00,2016-12-31 00:00:00,2017-12-31 00:00:00,2018-12-31 00:00:00,2019-12-31 00:00:00,2020-12-31 00:00:00,2021-12-31 00:00:00,2022-12-31 00:00:00,2023-12-31 00:00:00,2024-12-31 00:00:00,2025-12-31 00:00:00,2026-12-31 00:00:00,2027-12-31 00:00:00,2028-12-31 00:00:00,2029-12-31 00:00:00,2030-12-31 00:00:00,2031-12-31 00:00:00,2032-12-31 00:00:00,2033-12-31 00:00:00,2034-12-31 00:00:00,2035-12-31 00:00:00
,,,,,,,,,,,,,,,,,,,,,,,,,,,,,,,,,,,,,,,,,,,,,,,,,,,,,,,,,,,,,,,,,,,,,,,,,,,,,,,,,,,,,,,,,,,,,,,,,,,,,,,,,,,,,,,,,,,,,,,,,,,,,,,,,,,,,,,,,,,,,,,,,,,,,,,
,,,,,,,,Google Search Advertising Revenue,,,,,,,,,,,,,,,,,,,,,,,,,,,,,,,,,,,,,,,,,,,,,,,,10394.0481465955,10629.9444578579,11050.8581773224,12404.7443211242,12119.4284000236,12361.8331013509,12480.6004851767,13863.9334075341,13215.3770777173,13483.5690895438,14082.8342252841,15845.9683982305,14903.975069369,15747.0815394349,16042.2716632499,18036.4288532269,17537.9158902074,18884.825267604,19455.5680426282,21967.5901640211,22351.4987115852,23526.5646561304,23277.7553942974,26074.1408508065,25070.6227034879,26477.3967198303,27117.3775228295,30164.0985097168,27121.4618774008,23850.390940337,29038.3839127401,36014.2097976382,35625.3875341358,40390.6120922411,41646.6093154244,48693.1043011186,44518.8267713836,45677.8521386833,43601.7723487208,47646.9119901193,44770.744175682,47417.2947024204,48226.2187539246,52944.0182635418,50506.485481471,52939.694099576,53522.3706761629,58669.0435303275,54968.9553535237,58627.9325725612,60627.856196399,67663.4855068869,64348.0324387493,67735.5384425447,68487.9013818678,75518.3921353735,70051.3633477744,73371.3448077941,75916.838194398,84025.6713108485,,,,,,,,,20352.4298198493,21641.0578222022,26263.9389131385,33454.3200472034,39337.6318816687,44479.5951029,50825.7953940852,56627.7487907757,64729.7571252806,77845.8993644607,95229.9596128196,108829.495455864,116024.446528116,166355.71324292,181445.363248907,193358.275895569,215637.593787537,241888.229629371,276089.864398535,303365.217660815,332328.750522205,361741.614757128,392528.649446979,428383.837691997,466125.973223726,506338.965264989,550134.560600326,598326.76590832
,,,,,,,,% change Y/Y,,,,,,,,,,,,,,,,,,,,,,,,,,,,,,,,,,,,,,,,,,,,,,,,NA,NA,NA,NA,0.165996946434505,0.162925464978581,0.129378396221601,0.117631532632636,0.0904290731806805,0.0907418809974334,0.128377936783605,0.142963395194854,0.127775241048463,0.167871906530031,0.139136583348245,0.138234559097125,0.176727403835486,0.19925874647384,0.212768892774554,0.217956744252669,0.274467208732917,0.245792022046879,0.196457247780923,0.186936785333479,0.121652871111203,0.125425539462726,0.164948125946571,0.156858769856026,0.0818024824579871,-0.0992169210323386,0.0708404191479584,0.193942851832184,0.313549678670565,0.693498953257426,0.434191704351447,0.352052552998451,0.249637684045576,0.130902696754574,0.0469465117433288,-0.0214854305556194,0.00565867123120833,0.0380806557728675,0.106060973123251,0.111174177972351,0.128113602116634,0.116463822573869,0.109818933747679,0.108133561723404,0.0883543930945234,0.107447513056762,0.132757301862203,0.153308140636551,0.170624983227453,0.155345847454393,0.129644122002381,0.116087821513231,0.0886325609792948,0.0832030938977462,0.108470790645325,0.112651751909985,,,,,,,,,,0.063315683373397,0.213616225644643,0.273773905652359,0.175861049519586,0.130713593454197,0.142676665030422,0.114153715681265,0.143074879498383,0.202629251548009,0.223313756925973,0.142807325534286,0.0661121421367754,0.433798808965721,0.0907071341995491,0.0656556465999059,0.115222985873133,0.121734969217369,0.141394373846009,0.0987915775963,0.0954741386791869,0.0885053254908126,0.0851078046702509,0.0913441306654523,0.0881035468916649,0.0862706528948616,0.0864946179135486,0.0876007594494788
,,,,,,,,Company-wide FX Impact,,,,,,,,,,,,,,,,,,,,,,,,,,,,,,,,,,,,,,,,,,,,,,,,,,,,-0.0120006193868071,0.0096389228886169,0.00844742207981358,-0.0298013245033113,-0.0515831819361537,-0.0691579409367358,-0.0781808272270332,-0.0557504873294347,-0.034991443913377,-0.00202828001854427,-0.0049486105824134,-0.000714387769681383,-0.00433094384707288,-0.0168518345625992,0.00286404725677974,0.0132163697491981,0.0436962458729059,0.0256574193475488,-0.0109873674958689,-0.0185236819145558,-0.032620561227766,-0.033959028692164,-0.012448132780083,-0.00830023423973928,-0.00943889485126173,-0.0142512325390304,-0.00190128151312378,0.00622897449810092,0.0241016545591487,0.0490900070501606,0.0146622485002058,-0.00123027171429576,-0.0309686516975811,-0.0372818358112476,-0.0503700973617126,-0.0539528708927978,-0.0307303230359796,-0.0164023821482385,0.00616569212065073,0.0143330528087524,-0.00451373464971986,-0.0156157846764249,-0.013038999647947,-0.00283860502838605,-0.0166999838587517,0.00508602581954639,0.0128245796891286,0.0130922887145093,0.0614189594892165,0.02479531168528,0.0155929970894103,0.0196506707912733,0.00091216608307576,0.000852813277770643,0.000815026540790854,0.0007437206002587,,,,,,,,,,,,,,0.000370992732907055,-0.00680977318629466,-0.0636497592246578,-0.00997431681365421,0.00141530986370677,0.00873878487750448,-0.0209630900660801,-0.00425066571109066,0.0190601938343368,-0.0441085713620327,-0.00607065578639211,-0.00886484446671048,0.00423121096629316,0.0292072161889207,0.000826373532562542,0.000704767560176581,0.000606069337395198,0.000525443022354901,0.000458956135837364,0.000403646909383321,0.00035716640392762,0.000317836238870321,0.000284347451728063
,,,,,,,,Ex FX,,,,,,,,,,,,,,,,,,,,,,,,,,,,,,,,,,,,,,,,,,,,,,,,,,,,0.177997565821313,0.153286542089964,0.120930974141787,0.147432857135948,0.142012255116834,0.159899821934169,0.206558764010638,0.198713882524289,0.16276668496184,0.169900186548575,0.144085193930659,0.138948946866807,0.181058347682559,0.216110581036439,0.209904845517774,0.204740374503471,0.230770962860011,0.22013460269933,0.207444615276792,0.205460467248035,0.154273432338969,0.15938456815489,0.177396258726654,0.165159004095765,0.0912413773092488,-0.0849656884933082,0.0727417006610821,0.187713877334083,0.289448024111416,0.644408946207265,0.419529455851241,0.353282824712747,0.280606335743157,0.168184532565821,0.0973166091050413,0.0324674403371785,0.0363889942671879,0.0544830379211059,0.0998952810026002,0.0968411251635982,0.132627336766354,0.132079607250293,0.122857933395626,0.11097216675179,0.105054376953275,0.102361487237216,0.119932722173075,0.140215851922041,0.109206023738237,0.130550535769113,0.114051124912971,0.0964371507219573,0.0877203948962191,0.0823502806199755,0.107655764104534,0.111908031309726,,,,,,,,,,,,,,0.13034260072129,0.149486438216716,0.177803474905922,0.153049196312037,0.201213941684302,0.214574972048469,0.163770415600366,0.0703628078478661,0.414738615131384,0.134815705561582,0.071726302386298,0.124087830339844,0.117503758251076,0.112187157657088,0.0979652040637374,0.0947693711190103,0.0878992561534174,0.084582361647896,0.090885174529615,0.0876998999822816,0.085913486490934,0.0861767816746783,0.0873164119977507
,,,,,,,,% change Q/Q,,,,,,,,,,,,,,,,,,,,,,,,,,,,,,,,,,,,,,,,,,,,,,,,NA,0.0226953260111331,0.0395969820099436,0.122514118096293,-0.0230005483155991,0.0200013311953584,0.00960758674317219,0.110838651072948,-0.0467801099985316,0.0202939356364391,0.0444441031718441,0.125197395974515,-0.0594468766558138,0.0565692351296729,0.018745703645199,0.124306409456039,-0.0276392276473469,0.076799853861127,0.0302222957817497,0.129115845699746,0.01747613391809,0.0525721321736739,-0.0105756733067338,0.12013123297937,-0.0384871031057408,0.056112448142208,0.0241708355912449,0.112353083712553,-0.100869470086628,-0.120608208799744,0.217522345247136,0.240227758743749,-0.0107963569293105,0.13375923429715,0.0310962661401359,0.169197327261992,-0.0857262561023251,0.0260344993647648,-0.0454504687229886,0.0927746608336495,-0.0603642018822491,0.0591133914672775,0.01705968374157,0.0978264444428025,-0.0460398145440606,0.0481761618316849,0.0110064212968615,0.0961592842235,-0.0630671296846889,0.0665644306955691,0.0341121294250411,0.11604615026625,-0.0489991469298479,0.052643505565144,0.0111073589525128,0.102653032311588,-0.0723933419795129,0.047393530994357,0.0346932905928343,0.106812049991946,,,,,,,,,,,,,,,,,,,,,,,,,,,,,,,,,,,,
,,,,,,,,,,,,,,,,,,,,,,,,,,,,,,,,,,,,,,,,,,,,,,,,,,,,,,,,,,,,,,,,,,,,,,,,,,,,,,,,,,,,,,,,,,,,,0.824401650012,0.481138216094776,0.330567122442832,0.255296355276785,0.168983352527441,0.15300748486658,0.0896887474167312,0.133772273347843,0.154544478346736,0.21587990687093,0.219307739695755,0.216467995211158,0.223911335630631,0.242576235609882,0.261441702359955,0.258979376321977,0.262793360511155,0.262401423864585,0.269395962149781,0.259257544206748,0.238548941352139,0.238114912647706,0.228739573423215,,,,,,,,,,,,,,,,,,,,,,,,,,,,,,,,,,,,
,,,,,,,,O&O Desktop Search (Plug) ,,,,,,,,,,,,,,,,,,,,,,,,,,,,,,,,,,,,,,,,,,,,,,,,6944.336526177,6956.65594651635,7323.33358237046,8131.99920049246,7443.96413100408,7525.38363315718,7783.69690081637,8531.54156464725,7785.50551611515,7781.08561853739,7949.05322010743,8713.63662681865,8139.3655157859,8293.13485699767,8303.85440945039,8905.7474875192,8604.53622030582,8759.10430761439,8908.94875013716,9666.79179645978,9238.05338782808,9312.41790764253,9468.52288352508,10067.1659067529,9539.75184294018,9111.3634752993,10033.7652044886,10347.5980030403,9148.1493110439,7873.6337744613,10471.854713704,10117.3413039109,11051.9038064643,14640.0019341547,14322.9897284393,12578.7535778797,13788.6497841792,15592.4803443825,12561.7834681305,8756.56203655029,11393.6985614064,14511.7984166739,14198.8878911062,10765.4172804693,13212.3407146173,15642.4893053755,15770.1262367725,12045.0233793143,14092.2469998282,17834.9838556209,19547.7373215536,16828.8466617464,20250.7553079315,23749.4116251373,24513.839006437,19854.8876491779,22840.1240262258,26297.1761730822,28832.3106290699,24422.1040812759,,,,,,,,,,,,,23773,29356.3252555563,31284.5862296249,32229.2809815786,33642.1022697532,35939.3810745172,38086.1600857485,39032.4785257684,37610.9791031201,52593.6490469381,50699.4756332425,50869.8021496558,56669.9796360796,68303.814838749,88368.8935886836,102391.714909654,119001.564001778,136982.295278614,157251.180137777,183473.560907243,212425.781678822,244641.020132877,281176.07723288,322788.697346552
,,,,,,,,% change Y/Y,,,,,,,,,,,,,,,,,,,,,,,,,,,,,,,,,,,,,,,,,,,,,,,,NA,NA,NA,NA,0.0719474931757289,0.0817530277497232,0.0628625356564583,0.0491321204422397,0.0458816537936491,0.0339785980150673,0.0212439309235843,0.0213437467064526,0.0454511269612861,0.0658069148140963,0.0446343960115247,0.0220471507968636,0.0571507328940748,0.0561873716817152,0.0728690931765537,0.0854554106780066,0.0736259516262159,0.0631701119881787,0.0628103437433403,0.0414174752827208,0.0326582281403156,-0.0215899280226916,0.0596969905355631,0.0278561115297924,-0.0410495512193099,-0.135844619105962,0.0436615268831828,-0.0222521882915934,0.208102691669251,0.85937044489427,0.367760546724889,0.243286472209585,0.247626655609694,0.065059992103264,-0.122963591659344,-0.303860912582859,-0.173690046542529,-0.0693078909730969,0.130324203336971,0.229411410041284,0.159618243664184,0.077915283566953,0.110659254282194,0.118862656737563,0.0665973050662745,0.140162764854306,0.239542222304634,0.397161809635637,0.437013934554112,0.331619463039347,0.254049949781537,0.179812737512785,0.127865290895107,0.107276954400349,0.176164639961083,0.23002983007497,,,,,,,,,,0.063315683373397,0.213616225644643,0.273773905652359,0.175861049519586,0.234859935874995,0.0656846848943957,0.030196811459158,0.0438365748519818,0.0682858278696046,0.05973333282452,0.0248467799822638,-0.0364183745521025,0.398358944677808,-0.036015249902228,0.00335953211124762,0.114020052001775,0.205290971999267,0.293762197577164,0.15868503894866,0.162218682505518,0.151096596315041,0.147967186693267,0.166754747064483,0.157800506124238,0.151654089251572,0.149341500784123,0.14799488108374
,,,,,,,,,,,,,,,,,,,,,,,,,,,,,,,,,,,,,,,,,,,,,,,,,,,,,,,,,,,,,,,,,,,,,,,,,,,,,,,,,,,,,,,,,,,,,,,,,,,,,,,,,,,,,,,,,,,,,,,,,,,,,,,,,,,,,,,,,,,,,,,,,,,,,,,
,,,,,,,,Mobile Search,,,,,,,,,,,,,,,,,,,,,,,,,,,,,,,,,,,,,,,,,,,,,,,,1195.31553685848,1381.89277952152,1436.61156305191,1674.64048335177,2302.69139600448,2595.98495128368,2496.12009703534,2772.78668150681,3171.69049865215,3505.72796328138,3802.36524082672,4595.33083548684,4769.27202219807,5511.47853880221,5900.65391655953,6750.54099733017,6910.675160165,7638.90925477986,8364.17692672313,9568.89186371552,10376.3787529878,11229.1966045264,11241.4537895159,12860.5906648337,12611.4507363813,14110.6084532479,14357.5847799697,16425.5463971256,14938.2633972437,13004.3367505132,15499.0127699773,21353.2103162632,20390.7295372376,20741.9171170686,23217.521129426,30268.1756233031,25371.1652267079,24610.2846594019,26572.452932628,33370.6636246917,28484.207200025,27629.9665871105,29422.3485096524,36777.8083807727,32457.7541044284,32375.4133484468,33206.0625279937,41507.4345385401,36118.988767408,35859.0078247396,36606.3633308602,45757.7958352866,39434.711936256,39150.8647430507,39589.7819423253,50688.1983365387,42627.9377352944,42321.1060156193,42774.7798995854,54712.8412844599,,,,,,,,,,,,,4720.51582580024,5688.46036278368,10167.5831258303,15075.1145382471,22931.94547489,32482.6532053835,45707.6198118637,57505.1903667244,64794.8232339974,94618.3434070353,109924.56644343,122314.330677561,139546.664519409,154342.155758294,168863.556958171,182436.664934959,195058.206010669,206714.727721868,217421.265346069,227212.530672811,236135.939360436,244246.306884107,251601.953240821,258261.939765262
,,,,,,,,% change Y/Y,,,,,,,,,,,,,,,,,,,,,,,,,,,,,,,,,,,,,,,,,,,,,,,,NA,NA,NA,NA,0.926429737587444,0.8785719049654,0.737505224956309,0.655750418715017,0.377384092438754,0.350442328853965,0.523310214657866,0.657296923032538,0.503700321397951,0.572135258790426,0.551837749094453,0.469,0.449,0.386,0.4175,0.4175,0.5015,0.47,0.344,0.344,0.2154,0.2566,0.2772,0.2772,0.1845,-0.0784000000000001,0.0795000000000001,0.3,0.365,0.595,0.498,0.4175,0.24425,0.1865,0.1445,0.1025,0.1227,0.1227,0.10725,0.1021,0.1395,0.17175,0.1286,0.1286,0.1128,0.1076,0.1024,0.1024,0.0918000000000001,0.0917999999999999,0.0815000000000001,0.10775,0.0809750000000002,0.0809750000000002,0.0804499999999999,0.0794000000000001,,,,,,,,,,0.063315683373397,0.213616225644643,0.273773905652359,0.175861049519586,0.205050586144228,0.78740511094196,0.482664498699737,0.521178855172828,0.416480483130024,0.407139359056062,0.258109492540204,0.126764781070808,0.460276279562249,0.161768030228018,0.112711513313152,0.140885648855615,0.10602540225408,0.0940857740941332,0.0803791429085574,0.0691831385988644,0.0597591967525899,0.0517937823888714,0.0450336139436858,0.0392734003762953,0.0343461801945011,0.0301156912075811,0.0264703291793074
,,,,,,,,,,,,,,,,,,,,,,,,,,,,,,,,,,,,,,,,,,,,,,,,,,,,,,,,,,,,,,,,,,,,,,,,,,,,,,,,,,,,,,,,,,,,,,,,,,,,,,,,,,,,,,,,,,,,,,,,,,,,,,,,,,,,,,,,,,,,,,,,,,,,,,,
,,,,,,,,Google Websites Search,,,,,,,,,,,,,,,,,,,,,,,,,,,,,,,,,,,,,,,,,,,,,,,,8139.65206303548,8338.54872603787,8759.94514542237,9806.63968384423,9746.65552700856,10121.3685844409,10279.8169978517,11304.3282461541,10957.1960147673,11286.8135818188,11751.4184609341,13308.9674623055,12908.637537984,13804.6133957999,14204.5083260099,15656.2884848494,15515.2113804708,16398.0135623942,17273.1256768603,19235.6836601753,19614.4321408158,20541.6145121689,20709.976673041,22927.7565715865,22151.2025793215,23221.9719285472,24391.3499844583,26773.1444001658,24086.4127082876,20877.9705249745,25970.8674836812,31470.5516201741,31442.6333437019,35381.9190512233,37540.5108578653,42846.9292011828,39159.8150108871,40202.7650037844,39134.2364007586,42127.225661242,39877.9057614314,42141.7650037844,43621.2364007586,47543.225661242,45670.0948190457,48017.9026538223,48976.1887647662,53552.4579178544,50211.2357672362,53693.9916803605,56154.1006524138,62586.6424970329,59685.4672441875,62900.276368188,64103.6209487623,70543.0859857166,65468.0617615202,68618.2821887015,71607.0905286553,79134.9453657358,,,,,,,,,,,,,28493.5158258002,35044.78561834,41452.1693554552,47304.3955198257,56574.0477446431,68422.0342799007,83793.7798976122,96537.6688924928,102405.802337117,147211.992453973,160624.042076672,173184.132827216,196216.644155489,222645.970597043,257232.450546854,284828.379844613,314059.770012447,343697.023000481,374672.445483845,410686.091580054,448561.721039258,488887.327016984,532778.030473701,581050.637111815
,,,,,,,,% change Y/Y,,,,,,,,,,,,,,,,,,,,,,,,,,,,,,,,,,,,,,,,,,,,,,,,NA,NA,NA,NA,0.197429011894863,0.213804574030487,0.173502439478581,0.152721891554471,0.124200602391689,0.115146977175547,0.143154441697744,0.177333776275777,0.178096797810922,0.223074457261957,0.208748405414266,0.17637138487205,0.201924783682008,0.187864744360275,0.21603122617285,0.228623481151981,0.264206568626242,0.252689201286993,0.198970994623446,0.191938741384852,0.129331831800875,0.130484262314941,0.177758447995239,0.167717579195898,0.0873636599203251,-0.100938947423803,0.0647572807667207,0.17545220500806,0.305409557018978,0.694701073023304,0.445485441772549,0.361492792319405,0.245436874921638,0.136251681136399,0.0424534857537602,-0.0167970856572143,0.0183374398051857,0.0482305134937231,0.114656638602843,0.128562940354813,0.145248075269197,0.139437388289507,0.122760215111978,0.126395131441644,0.0994335782788143,0.118207766537808,0.146559217217235,0.168697851236564,0.188687478652606,0.171458377366175,0.141566158196619,0.127126862398168,0.0968844642477986,0.0909058934342839,0.117052195630111,0.121795910399481,,,,,,,,,,0.063315683373397,0.213616225644643,0.273773905652359,0.175861049519586,0.229921426074338,0.182834154184754,0.141180214579056,0.195957524093769,0.209424409381763,0.224660751167217,0.152086336365926,0.0607859451335993,0.43753565808073,0.0911070450112415,0.078195583850075,0.13299435088116,0.134694620608288,0.155342941338954,0.107280124413121,0.102628081456565,0.0943681929935163,0.0901242094358228,0.0961203486680253,0.0922252548497144,0.0898997932420476,0.0897767257018542,0.0906054752205043
,,,,,,,,Google Network (Desktop search only),,,,,,,,,,,,,,,,,,,,,,,,,,,,,,,,,,,,,,,,,,,,,,,,2254.39608356,2291.39573182,2290.9130319,2598.10463728,2372.772873015,2240.46451691,2200.783487325,2559.60516138,2258.18106295,2196.755507725,2331.41576435,2537.000935925,1995.337531385,1942.468143635,1837.76333724,2380.1403683775,2022.70450973653,2486.81170520976,2182.44236576791,2731.90650384579,2737.06657076942,2984.95014396148,2567.77872125646,3146.38427922003,2919.42012416645,3255.4247912831,2726.02753837113,3390.95410955096,3035.04916911326,2972.42041536244,3067.51642905887,4543.65817746406,4182.75419043388,5008.6930410178,4106.09845755908,5846.17509993571,5359.0117604966,5475.08713489888,4467.53594796221,5519.68632887736,4892.83841425062,5275.52969863602,4604.98235316599,5400.79260229981,4836.39066242527,4921.79144575371,4546.18191139672,5116.58561247313,4757.71958628754,4933.94089220068,4473.75554398515,5076.84300985395,4662.56519456179,4835.26207435667,4384.28043310545,4975.30614965687,4583.30158625424,4753.06261909261,4309.74766574266,4890.7259451127,,,,,,,,,,,,,9561.7511064,9434.80948456,9373.62603863,9323.35327095,8155.7093806375,9423.86508456,11436.1797152074,12291.8265633716,13618.6441909986,19143.7207889465,20821.321172235,20174.1430683524,19420.9496320488,19242.2590323273,18857.4138516808,18536.8378162022,18268.9805097581,18044.591756647,17856.2039631336,17697.7461119431,17564.2521844676,17451.6382480049,17356.5301266251,17276.1287965051
,,,,,,,,,,,,,,,,,,,,,,,,,,,,,,,,,,,,,,,,,,,,,,,,,,,,,,,,,,,,,,,,,,,,,,,,,,,,,,,,,,,,,,,,,,,,,,,,,,,,,,,,,,,,,,,,,,,,,,,,,,,,,,,,,,,,,,,,,,,,,,,,,,,,,,,
,,,,,,,,Desktop Search Revenue,,,,,,,,,,,,,,,,,,,,,,,,,,,,,,,,,,,,,,,,,,,,,,,,,,,,,,,,,,,,,,,,,,,,,,,,,,,,,,,,,,,,,,,,,,,,,,,,,,,,,,,,,,,,,,,,,,,,,,,,,,,,,,,,,,,,,,,,,,,,,,,
,,,,,,,,Total Desktop search advertising revenue,,,,,,,,,,,,,,,,,,,,,,,,,,,,,,,,,,,,,,,,,,,,,,,,9198.732609737,9248.05167833635,9614.24661427046,10730.1038377725,9816.73700401908,9765.84815006718,9984.48038814137,11091.1467260273,10043.6865790652,9977.84112626239,10280.4689844574,11250.6375627437,10134.7030471709,10235.6030006327,10141.6177466904,11285.8878558967,10627.2407300424,11245.9160128242,11091.3911159051,12398.6983003056,11975.1199585975,12297.368051604,12036.3016047815,13213.5501859729,12459.1719671066,12366.7882665824,12759.7927428598,13738.5521125913,12183.1984801572,10846.0541898237,13539.3711427628,14660.999481375,15234.6579968982,19648.6949751724,18429.0881859984,18424.9286778154,19147.6615446758,21067.5674792814,17029.3194160928,14276.2483654277,16286.5369756571,19787.3281153099,18803.8702442722,16166.2098827691,18048.7313770425,20564.2807511292,20316.3081481692,17161.6089917875,18849.9665861157,22768.9247478215,24021.4928655387,21905.6896716003,24913.3205024933,28584.6736994939,28898.1194395424,24830.1937988347,27423.42561248,31050.2387921748,33142.0582948126,29312.8300263886,,,,,,,,,,,,,34617.1160558684,38791.1347401163,40658.2122682549,41552.6342525286,41797.8116503907,45363.2461590771,49522.3398009559,51324.3050891401,51229.6232941187,71737.3698358845,71520.7968054776,71043.9452180083,76090.9292681284,87546.0738710763,107226.307440364,120928.552725856,137270.544511537,155026.887035261,175107.38410091,201171.307019186,229990.03386329,262092.658380882,298532.607359505,340064.826143057
,,,,,,,,% change Y/Y,,,,,,,,,,,,,,,,,,,,,,,,,,,,,,,,,,,,,,,,,,,,,,,,NA,NA,NA,NA,0.0671836458892083,0.0559897900380217,0.0385088700888285,0.0336476602382765,0.0231186365645892,0.0217075847317731,0.0296448673150391,0.014380013235433,0.00906205778020364,0.0258334314115138,-0.0135063135715854,0.00313318182693711,0.0485991232874798,0.0987057638059068,0.0936510715486822,0.0986019406375234,0.126832473526717,0.0934963445913026,0.0851931447554362,0.0657207608356136,0.0404214747061149,0.00564512785882987,0.0601090901370254,0.0397320870794962,-0.0221502269715888,-0.122969201378502,0.061096478258968,0.0671429828430261,0.250464565746917,0.811598451500247,0.361148017265873,0.256730736620111,0.256848794936795,0.0722120479707078,-0.0759543150360059,-0.225166695889738,-0.149424229289986,-0.0607682574284152,0.10420562236342,0.132385026441421,0.108199453574408,0.0392651615868311,0.0804322665626627,0.0615728186282747,0.0443928823768935,0.107207444956287,0.182374902484604,0.276435658339675,0.321663907926692,0.255424839604199,0.203010970271531,0.133504316507592,0.100753535031011,0.0862547922918762,0.146858651620873,0.180531664950767,,,,,,,,,,,,,,0.120576730814647,0.0481315522386034,0.0219985566107168,0.00590040564870109,0.0853019420851227,0.0916842156157414,0.0363869174079159,-0.00184477500195834,0.400310313117609,-0.00301897087811343,-0.00666731368732143,0.0710403122269292,0.150545468600894,0.224798585465636,0.127788092424169,0.135137578490066,0.129352896405476,0.129529125235433,0.148845367384712,0.143254658286607,0.13958267659839,0.139034604035597,0.13912121409752
,,,,,,,,% change Q/Q,,,,,,,,,,,,,,,,,,,,,,,,,,,,,,,,,,,,,,,,,,,,,,,,NA,0.00536150692619852,0.0395969820099436,0.116062887532521,-0.0851219007348386,-0.00518388685884796,0.0223874296133391,0.110838651072947,-0.0944411044986049,-0.00655590477504608,0.0303299936695218,0.0943700700574051,-0.0991885579238782,0.00995588652101098,-0.00918219023700673,0.112829149923318,-0.0583602401746544,0.0582159846095192,-0.0137405344965114,0.1178668366068,-0.0341631299874147,0.0269098008304425,-0.0212294570453572,0.0978081656514551,-0.0570912592186675,-0.0074149149532674,0.031779025225114,0.0767065256823378,-0.11321088421018,-0.109753140155374,0.248322284381181,0.0828419818605597,0.0391281997009825,0.289736532265635,-0.0620706255919332,-0.00022570341739081,0.0392258162567822,0.100268428608166,-0.191680794052754,-0.161666534251712,0.140813507776852,0.214950001027559,-0.0497013980516559,-0.140272206053249,0.11644791870975,0.139375412129319,-0.0120584136134395,-0.15527915472507,0.0983799126956129,0.207902658278046,0.055012176973225,-0.0880795879665652,0.137299070514645,0.147365069085561,0.0109655175127648,-0.140767832634167,0.104438645733285,0.132252375430598,0.0673688700637265,-0.11553984470009,,,,,,,,,,,,,,,,,,,,,,,,,,,,,,,,,,,,
,,,,,,,,% of total search advertising revenue,,,,,,,,,,,,,,,,,,,,,,,,,,,,,,,,,,,,,,,,,,,,,,,,0.885,0.87,0.87,0.865,0.81,0.79,0.8,0.8,0.76,0.74,0.73,0.71,0.68,0.65,0.632180900534373,0.625727406890614,0.605958016709174,0.595500135874488,0.570088269414866,0.564408667847982,0.535763624315292,0.522701390166611,0.517073119847723,0.506768382574115,0.496963003849651,0.46706964424944,0.470539333389359,0.455460391371074,0.44920876814199,0.454753727809147,0.466257736086431,0.407089300688653,0.427634870843175,0.486466878251318,0.442511130892304,0.378388869271417,0.430102564090564,0.461220624282372,0.390564844013557,0.299625889047923,0.363776329286556,0.417301919889999,0.389909694977734,0.305345351807221,0.357354727912398,0.388447290844734,0.379585356394115,0.292515574809332,0.34292022587814,0.388363084774335,0.3962121436015,0.323744623965177,0.387165225699907,0.422004081708752,0.421944881599091,0.328796642734718,0.391475972799198,0.423192990036029,0.436557410491026,0.348855648150044,,,,,,,,,,,,,0.88,0.872110788112529,0.799952306756943,0.733785734729707,0.645727923395317,0.582731351675886,0.520028990900563,0.471602894731369,0.441541630467544,0.431228771392603,0.394172634256656,0.367421279947585,0.352864859654755,0.36192779617767,0.388374660815449,0.398623657841563,0.413056481859713,0.428556960855458,0.446100900781671,0.469605268263705,0.493407462949724,0.517622929224334,0.542653795525472,0.568359708305553
,,,,,,,,,,,,,,,,,,,,,,,,,,,,,,,,,,,,,,,,,,,,,,,,,,,,,,,,,,,,,,,,,,,,,,,,,,,,,,,,,,,,,,,,,,,,,,,,,,,,,,,,,,,,,,,,,,,,,,,,,,,,,,,,,,,,,,,,,,,,,,,,,,,,,,,
,,,,,,,,Desktop CPC (Implied),,,,,,,,,,,,,,,,,,,,,,,,,,,,,,,,,,,,,,,,,,,,,,,,0.468361440794764,0.578068975342536,0.596929428402182,0.503315939348376,0.528462427164884,0.558109812000548,0.581892548214734,0.736715546676555,0.735517093544462,0.744784187928987,0.832089270484226,0.903027520409006,0.808730834339313,0.780639990605034,0.894619993412221,1.01126450788598,0.90527880594933,0.972574795639485,0.988991667713387,1.06228565429992,1.12111880168241,1.26622744960918,1.21959883866229,1.28647713150598,1.19024089486445,1.29936271985773,1.31929368896577,1.36488933971506,1.18762937642075,1.16283788152636,1.42846723178659,1.48625722574916,1.51539638005537,2.14958704644794,1.9840360615057,1.90594401849256,1.94349399400425,2.35185013200331,1.87075506270133,1.50692745030385,1.66978676951561,2.23124474520069,2.08656389727236,1.72365866733094,1.86914826824542,2.34227770773815,2.27716258672505,1.84827190892077,1.97184358329557,2.61958314763921,2.71965645598043,2.38303047561012,2.63243888496828,3.32190884136851,3.30482479991338,2.72845992977092,2.92693576604235,3.64488828130636,3.82845142815341,3.25356903398375,,,,,,,,,,,,,0.727759968936981,0.53092418037753,0.595396698375346,0.801153100530012,0.868258435497103,0.982126725037587,1.22176638701951,1.29206397922016,1.31600042029629,1.88041730674286,1.91300038944399,1.91944021794303,2.07656348517841,2.4133138466001,2.98568018747518,3.40122683153664,3.89985897923833,4.44880508462193,5.07581304603631,5.89022656934313,6.80204945834857,7.82979568494898,9.00849315927827,10.3654198634205
,,,,,,,,% change Y/Y Reported,,,,,,,,,,,,,,,,,,,,,,,,,,,,,,,,,,,,,,,,,,,,,,,,,,,,0.128321806910779,-0.0345273041684362,-0.0251903817637171,0.463723854305812,0.391805842262793,0.334476068892793,0.429970658736057,0.225747881231382,0.0995405021004125,0.0481425401575062,0.0751490556915926,0.119860120573011,0.119382083025054,0.245868527547112,0.105488000487466,0.0504528202226726,0.238423780955233,0.301933234632725,0.233174028131177,0.211046319131379,0.0616545660266479,0.0261684978151324,0.0817439695275768,0.0609511092647921,-0.00219410915468254,-0.105070613651533,0.0827515084275183,0.0889214110643124,0.27598425076216,0.84856984846964,0.388926548230483,0.282378302673582,0.282498770343669,0.0940939265007221,-0.057096239832659,-0.20935377131606,-0.14083255483837,-0.0512810681095101,0.115359214508505,0.143823259031739,0.119393387448896,0.0497627894816477,0.0913457238006696,0.0722957763921968,0.0549423054312057,0.118391358541704,0.194318083317782,0.289328947817854,0.3350140484108,0.2681058985901,0.215162596233869,0.144953855058174,0.111872257607082,0.097227062921087,0.158443082445326,0.192456227222997,,,,,,,,,,,,,,-0.270468007256519,0.121434510577332,0.345578675051628,0.083760937731747,0.131145618499279,0.244000754559199,0.0575376708244042,0.0185257397939198,0.428888074609806,0.0173275807366189,0.00336634981078654,0.0818589012393223,0.162167140000904,0.237170288349127,0.139179891337545,0.146603614636431,0.140760501419673,0.140938510338821,0.160449866045164,0.154802685137987,0.151093612725647,0.150540004076361,0.150627488987394
,,,,,,,,% change Y/Y - ex FX,,,,,,,,,,,,,,,,,,,,,,,,,,,,,,,,,,,,,,,,,,,,,,,,,,,,0.140322426297586,-0.0441662270570531,-0.0336378038435307,0.493525178809123,0.443389024198946,0.403634009829529,0.50815148596309,0.281498368560816,0.13453194601379,0.0501708201760505,0.080097666274006,0.120574508342692,0.123713026872127,0.262720362109711,0.102623953230687,0.0372364504734745,0.194727535082327,0.276275815285176,0.244161395627046,0.229570001045935,0.0942751272544139,0.0601275265072964,0.0941921023076598,0.0692513435045314,0.00724478569657918,-0.0908193811125022,0.0846527899406421,0.0826924365662115,0.251882596203012,0.799479841419479,0.374264299730277,0.283608574387878,0.31346742204125,0.13137576231197,-0.00672614247094642,-0.155400900423262,-0.11010223180239,-0.0348786859612716,0.109193522387855,0.129490206222986,0.123907122098616,0.0653785741580726,0.104384723448617,0.0751343814205828,0.0716422892899574,0.113305332722158,0.181493503628654,0.276236659103344,0.273595088921583,0.24331058690482,0.199569599144459,0.125303184266901,0.110960091524006,0.0963742496433163,0.157628055904535,0.191712506622738,,,,,,,,,,,,,,-0.270838999989426,0.128244283763627,0.409228434276286,0.0937352545454012,0.129730308635572,0.235261969681694,0.0785007608904843,0.0227764055050105,0.409827880775469,0.0614361520986516,0.00943700559717865,0.0907237457060328,0.15793592903461,0.207963072160207,0.138353517804982,0.145898847076254,0.140154432082277,0.140413067316466,0.159990909909326,0.154399038228604,0.150736446321719,0.15022216783749,0.150343141535666
,,,,,,,,Two-year ex FX % Growth,,,,,,,,,,,,,,,,,,,,,,,,,,,,,,,,,,,,,,,,,,,,,,,,,,,,,,,,0.520127649173572,0.299948764724357,0.404780276972339,0.689471735537193,0.491346344363205,0.382618609050299,0.505119714427649,0.345608001804393,0.218922585125467,0.294011067704618,0.180637056179059,0.170312940795684,0.357805863980287,0.547801762179837,0.338662028618644,0.261499139354052,0.30007834698188,0.328101732447857,0.314917997658754,0.271997428396171,0.0594604568719653,-0.0789021158364002,0.164495477955095,0.149872520329104,0.273790141607478,0.743499234818107,0.471678056658001,0.371299713737895,0.558483021105829,0.942663774970362,0.331830308397824,0.0730245313575229,0.141666215505299,0.0428128583912121,0.0582629746758464,-0.0655305122843211,-0.0214391673894736,-0.00151827862786236,0.206704938309175,0.216119035423935,0.174335692880102,0.168154148023352,0.285663807118452,0.361624724210051,0.389956353842005,0.386497257131805,0.409480679551651,0.434282802876028,0.446886306017881,0.365332961511187,0.373605678679196,0.337410082281171,,,,,,,,,,,,,,,,,,,,,,,,,,,,,,,,,,,,
,,,,,,,,% change Q/Q,,,,,,,,,,,,,,,,,,,,,,,,,,,,,,,,,,,,,,,,,,,,,,,,,0.234236905501035,0.0326266481408564,-0.156825052677306,0.0499616361227599,0.0561012161161902,0.0426130050087035,0.266068020525135,-0.00162675151556058,0.0125994276215491,0.117221987214856,0.0852531722750116,-0.104422826479289,-0.0347344784463769,0.146008408714557,0.130384426161609,-0.104805123793187,0.074337308294304,0.0168798041523452,0.074109812022978,0.0553835469248276,0.129431999275198,-0.0368248302951262,0.0548363041383761,-0.07480602203078,0.0916804534814018,0.0153390341306805,0.034560652514785,-0.129871307611878,-0.0208747740554469,0.228431971885506,0.0404559465394911,0.0196057275963897,0.418498205973939,-0.077015250541168,-0.0393601933595289,0.0197015101951392,0.210114432696398,-0.204560257796779,-0.194481693328742,0.108073762395736,0.336245313434816,-0.0648431097662112,-0.173924810266209,0.0844074315129741,0.253125686993707,-0.0277999149280955,-0.188344337073048,0.0668579518946189,0.328494394702983,0.0382019973030436,-0.123775184777504,0.104660184546868,0.261912996475333,-0.00514283873247212,-0.174401036374929,0.0727428078037045,0.24529151735871,0.0503618033475806,-0.150160555764696,,,,,,,,,,,,,na,na,na,na,na,na,na,na,na,na,na,na,na,na,na,na,na,na,na,na,na,na,na,na
,,,,,,,,,,,,,,,,,,,,,,,,,,,,,,,,,,,,,,,,,,,,,,,,,,,,,,,,,,,,,,,,,,,,,,,,,,,,,,,,,,,,,,,,,,,,,,,,,,,,,,,,,,,,,,,,,,,,,,,,,,,,,,,,,,,,,,,,,,,,,,,,,,,,,,,
,,,,,,,,Desktop Paid Clicks,,,,,,,,,,,,,,,,,,,,,,,,,,,,,,,,,,,,,,,,,,,,,,,,19640.243215,15998.180274,16106.169602,21318.823822,18576.035872,17498.076436,17158.632498,15054.85635,13655.272824,13396.956176,12355.007268,12458.798108,12531.61449625,13111.8096995,11336.229708,11160.173988,11739.19091025,11563.03459975,11214.847888,11671.717725,10681.4014185,9711.816037,9869.06614144,10271.111598,10467.77339013,9517.57971626,9671.6848186112,10065.68936604,10258.4179223274,9327.2281219348,9478.25112223898,9864.3755787192,10053.2495638809,9140.68355949611,9288.6860997942,9667.08806714482,9852.18457260324,8957.86988830618,9102.91237779831,9473.74630580192,9753.6627268772,8868.29118942312,9011.88325402033,9379.0088427439,9656.12609960843,8779.60827752889,8921.76442148013,9285.21875431646,9559.56483861235,8691.8121947536,8832.54677726533,9192.3665667733,9463.96919022622,8604.89407280606,8744.22130949267,9100.44290110556,9369.32949832396,8518.845132078,8656.77909639775,9009.43847209451,,,,,,,,,,,,,47566.666941619,73063.416913,68287.601156,51866.034376,48139.82789175,46188.791123,40533.39519494,39722.7272910412,38928.2727452204,38149.707290316,37386.7131445097,37012.8460130646,36642.7175529339,36276.2903774046,35913.5274736305,35554.3921988942,35198.8482769053,34846.8597941362,34498.3911961949,34153.4072842329,33811.8732113906,33473.7544792767,33139.0169344839,32807.6267651391
,,,,,,,,Y/Y Abs growth,,,,,,,,,,,,,,,,,,,,,,,,,,,,,,,,,,,,,,,,,,,,,,,,,,,,-1064.207343,1499.896162,1052.462896,-6263.967472,-4920.763048,-4101.12026,-4803.62523,-2596.058242,-1123.65832775,-285.146476500004,-1018.77756,-1298.62412,-792.423586000001,-1548.77509975,-121.381819999999,511.543737000002,-1057.78949175,-1851.21856275,-1345.78174656,-1400.606127,-213.62802837,-194.236320739999,-197.3813228288,-205.422231959999,-209.355467802599,-190.351594325201,-193.433696372224,-201.3137873208,-205.168358446548,-186.544562438696,-189.56502244478,-197.287511574385,-201.064991277617,-182.813671189922,-185.773721995884,-193.341761342897,-98.5218457260326,-89.5786988830623,-91.0291237779838,-94.7374630580198,-97.5366272687716,-88.6829118942314,-90.1188325402036,-93.7900884274386,-96.5612609960845,-87.7960827752886,-89.2176442148011,-92.8521875431652,-95.5956483861228,-86.9181219475358,-88.3254677726527,-91.9236656677331,-94.6396919022627,-86.0489407280602,-87.4422130949261,-91.0044290110564,,,,,,,,,,,,,,25496.749971381,-4775.815757,-16421.56678,-3726.20648425001,-1951.03676875,-5655.39592806,-810.667903898808,-794.454545820816,-778.565454904412,-762.994145806319,-373.867131445099,-370.128460130647,-366.427175529338,-362.762903774048,-359.135274736305,-355.543921988945,-351.988482769055,-348.468597941363,-344.98391196195,-341.534072842333,-338.118732113908,-334.73754479277,-331.390169344842
,,,,,,,,% change Y/Y,,,,,,,,,,,,,,,,,,,,,,,,,,,,,,,,,,,,,,,,,,,,,,,,NA,NA,NA,NA,-0.0541850389198453,0.0937541730566451,0.0653453255496148,-0.293823314283215,-0.264898446681897,-0.234375491214707,-0.279953850084493,-0.172439921155409,-0.0822875047780152,-0.0212844225773337,-0.0824586775143937,-0.104233498989452,-0.0632339581014982,-0.118120620665282,-0.0107074241724601,0.0458365378129446,-0.0901075295424659,-0.16009798697567,-0.12,-0.12,-0.02,-0.02,-0.02,-0.02,-0.02,-0.02,-0.02,-0.02,-0.02,-0.02,-0.02,-0.02,-0.02,-0.02,-0.02,-0.02,-0.01,-0.01,-0.01,-0.01,-0.01,-0.01,-0.01,-0.01,-0.01,-0.01,-0.01,-0.01,-0.01,-0.01,-0.01,-0.01,-0.01,-0.01,-0.01,-0.01,,,,,,,,,,,,,NA,0.536021369810805,-0.0653653491553343,-0.240476550676976,-0.0718429031461531,-0.0405285364363415,-0.12244087343615,-0.0200000000000002,-0.0199999999999998,-0.0200000000000001,-0.02,-0.01,-0.01,-0.01,-0.01,-0.01,-0.01,-0.01,-0.01,-0.01,-0.01,-0.01,-0.01,-0.01
,,,,,,,,% change Q/Q,,,,,,,,,,,,,,,,,,,,,,,,,,,,,,,,,,,,,,,,,,,,,,,,NA,-0.185438790198811,0.00675010070836013,0.323643321088132,-0.128655688179644,-0.0580295733399626,-0.0193989287474844,-0.122607448364269,-0.0929655848891577,-0.0189169891608456,-0.0777750478774129,0.0084007105579631,0.00584457566603036,0.0462985199092758,-0.135418377187682,-0.0155303592583128,0.0518824278969654,-0.0150058306272359,-0.030112053090071,0.0407379432661639,-0.0848475202907636,-0.0907732369107198,0.0161916271726019,0.0407379432661639,0.0191470796761952,-0.0907732369107198,0.0161916271726017,0.0407379432661639,0.0191470796761952,-0.0907732369107199,0.0161916271726019,0.0407379432661639,0.0191470796761952,-0.0907732369107198,0.0161916271726019,0.0407379432661639,0.0191470796761952,-0.0907732369107198,0.0161916271726019,0.0407379432661636,0.0295465396728911,-0.0907732369107199,0.0161916271726019,0.0407379432661636,0.0295465396728913,-0.0907732369107199,0.0161916271726019,0.0407379432661639,0.0295465396728911,-0.0907732369107199,0.0161916271726019,0.0407379432661636,0.0295465396728913,-0.0907732369107199,0.0161916271726019,0.0407379432661636,0.0295465396728913,-0.0907732369107199,0.0161916271726019,0.0407379432661634,,,,,,,,,,,,,,,,,,,,,,,,,,,,,,,,,,,,
,,,,,,,,% of total paid clicks,,,,,,,,,,,,,,,,,,,,,,,,,,,,,,,,,,,,,,,,,,,,,,,,0.906991829385346,0.767555462974093,0.743303946645191,0.859301218554576,0.676861743831026,0.664148868251103,0.645067549243614,0.526661887006908,0.46086238236353,0.470847912299444,0.413691886448289,0.381328356243268,0.371270586517569,0.390640379265799,0.329884591611359,0.298101744810589,0.286146252386422,0.299862451290968,0.265109836808279,0.247565060282896,0.203221800647354,0.204419916356984,0.198726905794639,0.184472526488444,0.174798243555487,0.171086179876295,0.163887306602568,0.151658928585531,0.152909648826757,0.136459660048633,0.131380899512564,0.118761018489868,0.119778738299631,0.096496099710368,0.0957401580854157,0.0891122449473486,0.101153546488686,0.0847727555370034,0.0869180969554469,0.0836684877357576,0.0927339891857033,0.0775989501511398,0.0805994303811801,0.0779002114855545,0.0860323626509771,0.0719044052933946,0.0766826486665202,0.0741040276931162,0.0822363349365237,0.0686849024940231,0.0732660904553199,0.0707935497835266,0.0792959338506489,0.0661940920966373,0.0706217443837398,0.0667228862880378,0.0764862008535362,0.0638164253073013,0.0681274702533551,0.0644153507722755,,,,,,,,,,,,,0.8,0.821166703304817,0.626628861046253,0.429995318326137,0.346031150404472,0.273249896723872,0.197330005950694,0.164892999736246,0.133938146522772,0.0993069020443944,0.0887988805120254,0.0819464601161114,0.0769827973071988,0.0735539314460671,0.0704802887141488,0.0679921602909757,0.0659326432373722,0.0642035409868165,0.062730893207029,0.0614584850987629,0.0603432596297366,0.0593520242967184,0.0584590531972668,0.0576443183353089
,,,,,,,,YoY Change in bp,,,,,,,,,,,,,,,,,,,,,,,,,,,,,,,,,,,,,,,,,,,,,,,,,,,,-2301.30085554321,-1034.0659472299,-982.363974015766,-3326.39331547668,-2159.99361467495,-1933.0095595166,-2313.75662795325,-1453.3353076364,-895.917958459609,-802.075330336448,-838.072948369297,-832.266114326782,-851.24334131147,-907.779279748306,-647.747548030807,-505.366845276933,-829.244517390686,-954.425349339843,-663.8293101364,-630.92533794452,-284.235570918666,-333.33736480689,-348.395991920712,-328.135979029134,-218.885947287306,-346.265198276616,-325.064070900039,-328.97910095663,-331.309105271257,-399.635603382652,-356.40741427148,-296.487735425191,-186.251918109452,-117.233441733646,-88.2206112996877,-54.4375721159104,-84.1955730298243,-71.7380538586356,-63.1866657426684,-57.6827625020304,-67.0162653472613,-56.9454485774519,-39.1678171465991,-37.9618379243837,-37.9602771445342,-32.1950279937148,-34.1655821120027,-33.1047790958962,-29.4040108587484,-24.9081039738584,-26.4434607158014,-40.7066349548871,-28.0973299711272,-23.7766678933601,-24.9427413038469,-23.0753551576235,,,,,,,,,,,,,,,-1945.37842258564,-1966.33542720117,-839.641679216648,-727.812536805998,-759.198907731782,-324.370062144476,-309.54853213474,-346.312444783781,-105.080215323689,-68.5242039591406,-49.6366280891257,-34.2886586113167,-30.7364273191835,-24.8812842317304,-20.5951705360356,-17.2910225055568,-14.7264777978755,-12.7240810826602,-11.1522546902631,-9.91235333018196,-8.92971099451648,-8.14734861957864
,,,,,,,,Abs change Q/Q in bp,,,,,,,,,,,,,,,,,,,,,,,,,,,,,,,,,,,,,,,,,,,,,,,,,,,,,-127.128755799222,-190.813190074891,-1184.05662236706,-657.995046433776,99.8552993591328,-571.560258511544,-323.635302050215,-100.577697256983,193.697927482294,-607.557876544393,-317.8284680077,-119.55492424167,137.161989045458,-347.526144826893,-175.447765253827,-443.432596355423,11.9811570963002,-56.9301056234498,-142.543793061947,-96.7428293295694,-37.1206367919236,-71.9887327372715,-122.283780170369,12.507202412258,-164.499887781234,-50.7876053606945,-126.19881022696,10.1771980976316,-232.826385892629,-7.55941624952239,-66.2791313806709,120.413015413371,-163.807909516823,21.4534141844359,-32.4960921968936,90.6550144994568,-151.350390345635,30.0048023004031,-26.9921889562556,81.321511654226,-141.279573575825,47.7824337312559,-25.7862097340403,81.3230724340755,-135.514324425006,45.8118796129681,-24.7254067179338,85.0238406712232,-131.018417540116,44.2765228710251,-38.9885809570195,97.6331456549831,-126.697755462349,43.1104494605383,-37.1211948107961,,,,,,,,,,,,,,,,,,,,,,,,,,,,,,,,,,,,
,,,,,,,,,,,,,,,,,,,,,,,,,,,,,,,,,,,,,,,,,,,,,,,,,,,,,,,,,,,,,,,,,,,,,,,,,,,,,,,,,,,,,,,,,,,,,,,,,,,,,,,,,,,,,,,,,,,,,,,,,,,,,,,,,,,,,,,,,,,,,,,,,,,,,,,
,,,,,,,,Desktop Click Sanity Check,,,,,,,,,,,,,,,,,,,,,,,,,,,,,,,,,,,,,,,,,,,,,,,,,,,,,,,,,,,,,,,,,,,,,,,,,,,,,,,,,,,,,,,,,,,,,,,,,,,,,,,,,,,,,,,,,,,,,,,,,,,,,,,,,,,,,,,,,,,,,,,
,,,,,,,,"Google Sites Only - SERPs Viewed (ComScore, WW desktop only)",,,,,,,,,,,,,,,,,,,,,,,,,,,,,,,,,,,,,,,,,,,,,,,,402252.263,393844.905,355402.129,351233.554,374640.776,369055.882,348505.74,325584.114,316460.118,325641.216,322897.231,327246.897,335288.924,353914.467,353451.557,359291.914,353505.487,350471.252,344181.986,358444.981,326692.968,295856.653,290161.563,282590.207,267215.721,271211.901,287259.94737,279764.30493,264543.56379,268499.78199,284387.3478963,276966.6618807,264543.56379,268499.78199,284387.3478963,284387.3478963,264543.56379,268499.78199,284387.3478963,284387.3478963,264543.56379,268499.78199,284387.3478963,284387.3478963,264543.56379,268499.78199,284387.3478963,284387.3478963,264543.56379,268499.78199,284387.3478963,284387.3478963,264543.56379,268499.78199,284387.3478963,284387.3478963,264543.56379,268499.78199,284387.3478963,284387.3478963,,,,,,,,,,,,,1588853.30133333,1502732.851,1417786.512,1292245.462,1401946.862,1406603.706,1195301.391,1105451.8743,1094397.355557,1101818.0415726,1101818.0415726,1101818.0415726,1101818.0415726,1101818.0415726,1101818.0415726,1101818.0415726,1101818.0415726,1101818.0415726,1101818.0415726,1101818.0415726,1101818.0415726,1101818.0415726,1101818.0415726,1101818.0415726
,,,,,,,,Google Sites -Ads per SERP,,,,,,,,,,,,,,,,,,,,,,,,,,,,,,,,,,,,,,,,,,,,,,,,2,2.04,2.0808,2.122416,2.16486432,2.2081616064,2.252324838528,2.29737133529856,2.34331876200453,2.39018513724462,2.43798883998951,2.48674861678931,2.43701364445352,2.43701364445352,2.43701364445352,2.5588643266762,2.48977,2.48977,2.48977,2.48977,2.5146677,2.5146677,2.5146677,2.5146677,2.5146677,2.5146677,2.5146677,2.5146677,2.5146677,2.5146677,2.5146677,2.5146677,2.5146677,2.5146677,2.5146677,2.5146677,2.5146677,2.5146677,2.5146677,2.5146677,2.539814377,2.56521252077,2.5908646459777,2.61677329243748,2.64294102536185,2.64294102536185,2.64294102536185,2.64294102536185,2.66937043561547,2.66937043561547,2.66937043561547,2.66937043561547,2.66937043561547,2.66937043561547,2.66937043561547,2.66937043561547,2.66937043561547,2.66937043561547,2.66937043561547,2.66937043561547,,,,,,,,,,,,,,2.05820521918547,2.22806268545723,2.41510644252345,2.46824162179321,2.48977,2.5146677,2.5146677,2.5146677,2.5146677,2.5146677,2.57904371151489,2.64294102536185,2.66937043561547,2.66937043561547,2.66937043561547,2.69606413997163,2.72302478137134,2.75025502918506,2.77775757947691,2.80553515527168,2.83359050682439,2.86192641189264,2.89054567601156
,,,,,,,,Google Search Network - SERPs viewed ,,,,,,,,,,,,,,,,,,,,,,,,,,,,,,,,,,,,,,,,,,,,,,,,479196.832,276140.163,215150.067,458152.277,552210.981,493913.969,411137.321,329916.731,299649.345,267437.633,207117.8,205992.812,172660.175,175329.479,149250.196,130022.456,72979.264,67851.633,58234.854,60177.883,37945.83,36670.087,33909.256,32075.5,29706.4188,28848.2775,48113.6363748,49718.9669346,17417.13597,50494.709799,24056.8181874,24859.4834673,15675.422373,45445.2388191,21651.13636866,22373.53512057,14107.8801357,40900.71493719,19486.022731794,20136.181608513,12834.6439534531,37209.4254141086,17727.4091802496,18318.8912183447,11734.2336674939,34019.1823026665,16207.5054356579,16748.2752825119,10778.4730013805,31248.2986421254,14887.3939882327,15384.1177930792,9900.55963887241,28703.1051875376,13674.8064432699,14131.0717837593,9138.21654667924,26492.9660880972,12621.8463471381,13042.9792564098,,,,,,,,,,,,,1878367.238,1428639.339,1787179.002,980197.59,627262.306,259243.634,140600.673,156387.2996094,116828.1474237,105145.33268133,94630.799413197,86090.369766156,78709.1966883302,72298.2834248178,66409.5430534392,61296.0082383244,56812.205235691,52864.1830633497,49374.2020338964,46277.6011307028,43520.329260414,41056.9882944312,38849.2730777022,36864.7211621655
,,,,,,,,Google Search Network - Ads per SERP,,,,,,,,,,,,,,,,,,,,,,,,,,,,,,,,,,,,,,,,,,,,,,,,2.25,2.25,2.25,2.25,2.25,2.25,2.2,2.2,1.9,1.9,1.8,1.7,1.7,1.7,1.7,1.7,1.7,1.8,1.8,1.8,1.8,1.8,1.8,1.8,1.8,1.8,1.8,1.8,1,1,1,1,1,1,1,1,1,1,1,1,1,1,1,1,1,1,1,1,1,1,1,1,1,1,1,1,1,1,1,1,,,,,,,,,,,,,2.1,0.444444444444445,0.448577841600063,0.544413552726154,0.588235294117647,0.588235294117647,0.750921326507986,1.20474879343937,1,1,1,1,1,1,1,1,1,1,1,1,1,1,1,1
,,,,,,,,Google Search Network - Total Ads viewed,,,,,,,,,,,,,,,,,,,,,,,,,,,,,,,,,,,,,,,,,,,,,,,,1078192.872,621315.36675,484087.65075,1030842.62325,1242474.70725,1111306.43025,904502.1062,725816.8082,569333.7555,508131.5027,372812.04,350187.7804,293522.2975,298060.1143,253725.3332,221038.1752,124064.7488,115347.7761,98999.2518,102302.4011,64507.911,62339.1479,29699.77554,30690.72033,19352.3733,56105.23311,26729.797986,27621.648297,17417.13597,50494.709799,24056.8181874,24859.4834673,15675.422373,45445.2388191,21651.13636866,22373.53512057,14107.8801357,40900.71493719,19486.022731794,20136.181608513,12834.6439534531,37209.4254141086,17727.4091802496,18318.8912183447,11734.2336674939,34019.1823026665,16207.5054356579,16748.2752825119,10778.4730013805,31248.2986421254,14887.3939882327,15384.1177930792,9900.55963887241,28703.1051875376,13674.8064432699,14131.0717837593,9138.21654667924,26492.9660880972,12621.8463471381,13042.9792564098,,,,,,,,,,,,,894460.589523809,3214438.51275,3984100.0519,1800465.0786,1066345.9202,440714.1778,187237.55477,129809.052693,116828.1474237,105145.33268133,94630.799413197,86090.369766156,78709.1966883302,72298.2834248178,66409.5430534392,61296.0082383244,56812.205235691,52864.1830633497,49374.2020338964,46277.6011307028,43520.329260414,41056.9882944312,38849.2730777022,36864.7211621655
,,,,,,,,Total Desktop SERPs Viewed,,,,,,,,,,,,,,,,,,,,,,,,,,,,,,,,,,,,,,,,,,,,,,,,881449.095,669985.068,570552.196,809385.831,926851.757,862969.851,759643.061,655500.845,616109.463,593078.849,530015.031,533239.709,507949.099,529243.946,502701.753,489314.37,426484.751,418322.885,402416.84,418622.864,364638.798,332526.74,324070.819,314665.707,296922.1398,300060.1785,335373.5837448,329483.2718646,281960.69976,318994.491789,308444.1660837,301826.145348,280218.986163,313945.0208091,306038.48426496,306760.88301687,278651.4439257,309400.49692719,303873.370628094,304523.529504813,277378.207743453,305709.207404109,302114.75707655,302706.239114645,276277.797457494,302518.964292666,300594.853331958,301135.623178812,275322.03679138,299748.080632125,299274.741884533,299771.465689379,274444.123428872,297202.887177538,298062.15433957,298518.419680059,273681.780336679,294992.748078097,297009.194243438,297430.32715271,,,,,,,,,,,,,2483313.89085714,2931372.19,3204965.514,2272443.052,2029209.168,1665847.34,1335902.064,1261839.1739094,1211225.5029807,1206963.37425393,1196448.8409858,1187908.41133876,1180527.23826093,1174116.32499742,1168227.58462604,1163114.04981092,1158630.24680829,1154682.22463595,1151192.2436065,1148095.6427033,1145338.37083301,1142875.02986703,1140667.3146503,1138682.76273477
,,,,,,,,Implied Desktop CTR,,,,,,,,,,,,,,,,,,,,,,,,,,,,,,,,,,,,,,,,,,,,,,,,,,,,0.0200420787161544,0.0202765790898992,0.0225877565121338,0.0229669518580102,0.0221637122038491,0.0225888281104424,0.0233106733684313,0.0233643479615656,0.0246710044784428,0.0247746049786652,0.0225506070753646,0.0228077789499622,0.0275254645863059,0.0276414105332774,0.0278687340420446,0.0278812237188268,0.0292931017683423,0.0292061204972569,0.0304534242604546,0.0326413440343533,0.0352542703524259,0.0317189030675058,0.0288385409208937,0.0305499253697361,0.0363824388684635,0.0292394645112064,0.0307292280563573,0.0326823097692407,0.0358764040279305,0.0291155551247117,0.0303513661757398,0.0315134314782018,0.0353566607579835,0.0289523448645727,0.0299562688200778,0.0311100633872437,0.0351637672123773,0.0290089109998587,0.0298293381668109,0.030983863663252,0.0349507857253497,0.029021679014593,0.0296803631951326,0.0308340097936635,0.0347213937177717,0.0289970570501196,0.0295131714813178,0.0306645815859551,0.0344841385998159,0.0289529289386271,0.0293369056828689,0.0304853647250949,0.0342343925371939,0.0288781510310982,0.0291465020752939,0.0302909207623229,,,,,,,,,,,,,,0.0249246469493865,0.0213068130866634,0.0228239094178189,0.0237234429308226,0.0277269051094442,0.0303415918630844,0.0314800238511959,0.0321395748763727,0.0316080074210187,0.0312480666651032,0.0311579964076116,0.0310392817423793,0.0308966748907817,0.0307418930577014,0.0305682767779083,0.0303797077401254,0.0301787444637617,0.0299675326929906,0.0297478764084631,0.029521296127361,0.0292890767621121,0.029052306933721,0.0288119113056083
,,,,,,,,,,,,,,,,,,,,,,,,,,,,,,,,,,,,,,,,,,,,,,,,,,,,,,,,,,,,,,,,,,,,,,,,,,,,,,,,,,,,,,,,,,,,,,,,,,,,,,,,,,,,,,,,,,,,,,,,,,,,,,,,,,,,,,,,,,,,,,,,,,,,,,,
,,,,,,,,Google Websites Ads Served,,,,,,,,,,,,,,,,,,,,,,,,,,,,,,,,,,,,,,,,,,,,,,,,804504.526,803443.6062,739520.7500232,745463.714746464,811046.448779512,814935.029248489,784948.134571581,747987.610732179,741566.931935568,778342.794557466,787219.845641516,813780.768463342,817103.682622139,862494.385048495,861366.267062341,919379.261597811,880147.35636799,872592.80909204,856933.98328322,892445.56034437,821524.254446734,743981.169129208,729659.910257615,710620.465879214,671958.742530912,682007.807300298,722363.311155039,703514.261220422,665239.155105603,675187.729227295,715139.678043489,696479.118608218,665239.155105603,675187.729227295,715139.678043489,715139.678043489,665239.155105603,675187.729227295,715139.678043489,715139.678043489,671891.546656659,688759.002584763,736809.125427885,744177.216682163,699173.037736021,709629.089122084,751618.988848985,751618.988848985,706164.768113382,716725.380013305,759135.178737475,759135.178737475,706164.768113382,716725.380013305,759135.178737475,759135.178737475,706164.768113382,716725.380013305,759135.178737475,759135.178737475,,,,,,,,,,,,,,3092932.59696966,3158917.22333176,3120910.34059789,3460343.59633079,3502119.70908762,3005785.79971277,2779844.12220667,2752045.6809846,2770706.24041988,2770706.24041988,2841636.89135147,2912040.10455608,2941160.50560164,2941160.50560164,2941160.50560164,2970572.11065765,3000277.83176423,3030280.61008187,3060583.41618269,3091189.25034452,3122101.14284796,3153322.15427644,3184855.37581921
,,,,,,,,Google Network Ads Served,,,,,,,,,,,,,,,,,,,,,,,,,,,,,,,,,,,,,,,,,,,,,,,,479196.832,276140.163,215150.067,458152.277,552210.981,493913.969,411137.321,329916.731,299649.345,267437.633,207117.8,205992.812,172660.175,175329.479,149250.196,130022.456,72979.264,67851.633,58234.854,60177.883,37945.83,36670.087,33909.256,32075.5,29706.4188,28848.2775,48113.6363748,49718.9669346,17417.13597,50494.709799,24056.8181874,24859.4834673,15675.422373,45445.2388191,21651.13636866,22373.53512057,14107.8801357,40900.71493719,19486.022731794,20136.181608513,12834.6439534531,37209.4254141086,17727.4091802496,18318.8912183447,11734.2336674939,34019.1823026665,16207.5054356579,16748.2752825119,10778.4730013805,31248.2986421254,14887.3939882327,15384.1177930792,9900.55963887241,28703.1051875376,13674.8064432699,14131.0717837593,9138.21654667924,26492.9660880972,12621.8463471381,13042.9792564098,,,,,,,,,,,,,,1428639.339,1787179.002,980197.59,627262.306,259243.634,140600.673,156387.2996094,116828.1474237,105145.33268133,94630.799413197,86090.369766156,78709.1966883302,72298.2834248178,66409.5430534392,61296.0082383244,56812.205235691,52864.1830633497,49374.2020338964,46277.6011307028,43520.329260414,41056.9882944312,38849.2730777022,36864.7211621655
,,,,,,,,Total Google Desktop Total Ads Served,,,,,,,,,,,,,,,,,,,,,,,,,,,,,,,,,,,,,,,,,,,,,,,,1283701.358,1079583.7692,954670.8170232,1203615.99174646,1363257.42977951,1308848.99824849,1196085.45557158,1077904.34173218,1041216.27693557,1045780.42755747,994337.645641516,1019773.58046334,989763.857622139,1037823.86404849,1010616.46306234,1049401.71759781,953126.62036799,940444.44209204,915168.83728322,952623.44334437,859470.084446734,780651.256129208,763569.166257615,742695.965879214,701665.161330912,710856.084800298,770476.947529839,753233.228155022,682656.291075603,725682.439026295,739196.496230889,721338.602075518,680914.577478603,720632.968046395,736790.814412149,737513.213164059,679347.035241303,716088.444164485,734625.700775283,735275.859652002,684726.190610112,725968.427998872,754536.534608134,762496.107900508,710907.271403515,743648.271424751,767826.494284643,768367.264131497,716943.241114762,747973.678655431,774022.572725708,774519.296530554,716065.327752254,745428.485200843,772809.985180745,773266.250521234,715302.984660061,743218.346101402,771757.025084613,772178.157993885,,,,,,,,,,,,,,4521571.93596966,4946096.22533176,4101107.93059789,4087605.90233079,3761363.34308762,3146386.47271277,2936231.42181607,2868873.8284083,2875851.57310121,2865337.03983307,2927727.26111763,2990749.30124441,3013458.78902645,3007570.04865508,3002456.51383996,3027384.31589334,3053142.01482758,3079654.81211577,3106861.01731339,3134709.57960493,3163158.13114239,3192171.42735415,3221720.09698137
,,,,,,,,,,,,,,,,,,,,,,,,,,,,,,,,,,,,,,,,,,,,,,,,,,,,,,,,,,,,,,,,,,,,,,,,,,,,,,,,,,,,,,,,,,,,,,,,,,,,,,,,,,,,,,,,,,,,,,,,,,,,,,,,,,,,,,,,,,,,,,,,,,,,,,,
,,,,,,,,Google Sites - Paid Clicks,,,,,,,,,,,,,,,,,,,,,,,,,,,,,,,,,,,,,,,,,,,,,,,,10056.306575,11027.65734,11372.868128,11239.473728,9740.660176,9595.452932,9758.16072,9116.355192,8860.883304,9117.954048,9041.122468,9162.913116,9639.556565,10175.04092625,8836.288925,8982.29785,10516.78823825,10426.519747,10239.4140835,10663.73818475,10045.808766,9097.59207975,8922.46806225,8689.64886525,8484.09914175,8610.97785675,9120.5033289975,8882.5166815275,8663.8017141225,8793.3678601725,9313.68564360383,9070.65817659293,8941.572456102,8726.242914675,9242.58880662975,9242.58880662975,8465.39404128,8591.99302368,9100.3951326816,9100.3951326816,8465.39404128,8591.99302368,8958.20145873345,8958.20145873345,8333.122259385,8457.743132685,8816.0077847853,8958.20145873345,8333.122259385,8323.49324169,8816.0077847853,8958.20145873345,8200.85047749,8189.243350695,8673.81411083715,8816.0077847853,8068.578695595,8189.243350695,8673.81411083715,8673.81411083715,,,,,,,,,,,,,34954.7726293333,43696.305771,38210.62902,36182.872936,37633.18426625,41846.4602535,36755.51777325,35098.097009025,35841.5133944918,36152.9929840365,35258.1773303232,34973.7899824269,34565.0746355888,34430.8247445938,33879.9157238075,33605.4502679643,33329.9957575711,33054.541247178,32779.0867367849,32503.6322263917,32228.1777159985,31952.7232056054,31677.2686952122,31401.8141848191
,,,,,,,,Google Network Search Rev - Paid Clicks,,,,,,,,,,,,,,,,,,,,,,,,,,,,,,,,,,,,,,,,,,,,,,,,9583.93664,4970.522934,4733.301474,10079.350094,8835.375696,7902.623504,7400.471778,5938.501158,4794.38952,4279.002128,3313.8848,3295.884992,2892.05793125,2936.76877325,2499.940783,2177.876138,1222.402672,1136.51485275,975.4338045,1007.97954025,635.5926525,614.22395725,567.980038,537.264625,243.610149033969,236.572884414741,394.560186023877,407.724843115484,26.125703955,75.7420646985,36.0852272811,37.28922520095,23.5131335595,68.16785822865,32.47670455299,33.560302680855,21.16182020355,61.351072405785,29.229034097691,373.35117312032,1288.2686855972,276.298165743121,53.6817952868787,420.80738401045,1323.00384022343,321.865144843889,105.756636694825,327.017295583011,1226.44257922735,368.318953063601,16.5389924800238,234.165108039846,1263.11871273622,415.650722111065,70.4071986555209,284.435116320263,1300.75080272896,329.601781383005,-17.0350144394051,335.624361257356,,,,,,,,,,,,,12611.8943122857,29367.111142,30076.972136,15683.16144,10506.6436255,4342.3308695,2355.06127275,1282.46806258807,175.24222113555,157.717999021995,485.093099827346,2039.05603063765,2077.64291734516,1845.46563281082,2033.61174982307,1948.94193092992,1868.85251933413,1792.31854695822,1719.30445941001,1649.77505784121,1583.69549539203,1521.03127367127,1461.74823927165,1405.81258031996
,,,,,,,,Desktop Paid Clicks,,,,,,,,,,,,,,,,,,,,,,,,,,,,,,,,,,,,,,,,,,,,,,,,19640.243215,15998.180274,16106.169602,21318.823822,18576.035872,17498.076436,17158.632498,15054.85635,13655.272824,13396.956176,12355.007268,12458.798108,12531.61449625,13111.8096995,11336.229708,11160.173988,11739.19091025,11563.03459975,11214.847888,11671.717725,10681.4014185,9711.816037,9869.06614144,10271.111598,10467.77339013,9517.57971626,9671.6848186112,10065.68936604,10258.4179223274,9327.2281219348,9478.25112223898,9864.3755787192,10053.2495638809,9140.68355949611,9288.6860997942,9667.08806714482,9852.18457260324,8957.86988830618,9102.91237779831,9473.74630580192,9753.6627268772,8868.29118942312,9011.88325402033,9379.0088427439,9656.12609960843,8779.60827752889,8921.76442148013,9285.21875431646,9559.56483861235,8691.8121947536,8832.54677726533,9192.3665667733,9463.96919022622,8604.89407280606,8744.22130949267,9100.44290110556,9369.32949832396,8518.845132078,8656.77909639775,9009.43847209451,,,,,,,,,,,,,47566.666941619,73063.416913,68287.601156,51866.034376,48139.82789175,46188.791123,40533.39519494,39722.7272910412,38928.2727452204,38149.707290316,37386.7131445097,37012.8460130646,36642.7175529339,36276.2903774046,35913.5274736305,35554.3921988942,35198.8482769053,34846.8597941362,34498.3911961949,34153.4072842329,33811.8732113906,33473.7544792767,33139.0169344839,32807.6267651391
,,,,,,,,,,,,,,,,,,,,,,,,,,,,,,,,,,,,,,,,,,,,,,,,,,,,,,,,,,,,,,,,,,,,,,,,,,,,,,,,,,,,,,,,,,,,,,,,,,,,,,,,,,,,,,,,,,,,,,,,,,,,,,,,,,,,,,,,,,,,,,,,,,,,,,,
,,,,,,,,Google Sites - CTR (Worldwide),,,,,,,,,,,,,,,,,,,,,,,,,,,,,,,,,,,,,,,,,,,,,,,,0.025,0.028,0.032,0.032,0.026,0.026,0.028,0.028,0.028,0.028,0.028,0.028,0.02875,0.02875,0.025,0.025,0.02975,0.02975,0.02975,0.02975,0.03075,0.03075,0.03075,0.03075,0.03175,0.03175,0.03175,0.03175,0.03275,0.03275,0.03275,0.03275,0.0338,0.0325,0.0325,0.0325,0.032,0.032,0.032,0.032,0.032,0.032,0.0315,0.0315,0.0315,0.0315,0.031,0.0315,0.0315,0.031,0.031,0.0315,0.031,0.0305,0.0305,0.031,0.0305,0.0305,0.0305,0.0305,,,,,,,,,,,,,0.022,0.0290778934804826,0.0269509045943019,0.028,0.0268435168880531,0.02975,0.03075,0.03175,0.03275,0.0328121265217587,0.032,0.0317418926381979,0.0313709463190989,0.0312491023431159,0.0307491023431159,0.0305,0.03025,0.03,0.02975,0.0295,0.02925,0.029,0.02875,0.0285
,,,,,,,,Google Network Search Rev - CTR (Worldwide),,,,,,,,,,,,,,,,,,,,,,,,,,,,,,,,,,,,,,,,,,,,,,,,0.02,0.018,0.022,0.022,0.016,0.016,0.018,0.018,0.016,0.016,0.016,0.016,0.01675,0.01675,0.01675,0.01675,0.01675,0.01675,0.01675,0.01675,0.01675,0.01675,0.01675,0.01675,0.0082005895989714,0.0082005895989714,0.0082005895989714,0.0082005895989714,0.0015,0.0015,0.0015,0.0015,0.0015,0.0015,0.0015,0.0015,0.0015,0.0015,0.0015,0.0015,0.0015,0.0015,0.0015,0.0015,0.0015,0.0015,0.0015,0.0015,0.0015,0.0015,0.0015,0.0015,0.0015,0.0015,0.0015,0.0015,0.0015,0.0015,0.0015,0.0015,,,,,,,,,,,,,0.0141,0.00913600027672516,0.00754925120960665,0.00871061684361846,0.00985294117647059,0.00985294117647059,0.0125779322190088,0.00987965042485228,0.0015,0.0015,0.00512616508404658,0.0236850653119073,0.0263964441864669,0.0255257185287103,0.0306222819239494,0.0317955766932205,0.0328952645224914,0.0339042134598089,0.0348219189087789,0.0356495370877525,0.0363897866193893,0.0370468301952283,0.0376261413269695,0.0381343608740693
,,,,,,,,,,,,,,,,,,,,,,,,,,,,,,,,,,,,,,,,,,,,,,,,,,,,,,,,,,,,,,,,,,,,,,,,,,,,,,,,,,,,,,,,,,,,,,,,,,,,,,,,,,,,,,,,,,,,,,,,,,,,,,,,,,,,,,,,,,,,,,,,,,,,,,,
,,,,,,,,Y/Y Growth,,,,,,,,,,,,,,,,,,,,,,,,,,,,,,,,,,,,,,,,,,,,,,,,,,,,,,,,,,,,,,,,,,,,,,,,,,,,,,,,,,,,,,,,,,,,,,,,,,,,,,,,,,,,,,,,,,,,,,,,,,,,,,,,,,,,,,,,,,,,,,,
,,,,,,,,Google Sites,,,,,,,,,,,,,,,,,,,,,,,,,,,,,,,,,,,,,,,,,,,,,,,,NA,NA,NA,NA,-0.0686422166877904,-0.0629410782907042,-0.0194044673266435,-0.0730267359365102,-0.15529718526955,-0.117637106241813,-0.0734808815487514,0.00510707656946674,0.0594981955988527,0.0868233184585578,0.094625543568071,0.0979230583812074,0.0543309417521944,-0.00972894674011737,-0.0262258598566593,-0.00235722811173522,-0.0758475327428226,-0.15583189402365,-0.15695308062985,-0.211621805355952,-0.182058546788188,-0.0832996376796028,-0.01,-0.01,-0.0099999999999999,-0.0100000000000001,-0.0099999999999999,-0.01,0,0,0,0.0267927048158467,0,0,0,0,0,0,0,0,0,0,0,0,0,0,0,0,0,0,0,0,0,0,0,0,,,,,,,,,,,,,NA,-0.0542028960515503,-0.0565279044398823,-0.0885472170439156,0.0848920760226282,0.00332169793750681,-0.150221639612259,-0.0751689217267884,-0.00999999999999979,0.00678061398624563,0,0,0,0,0,0,0,0,0,0,0,0,0,0
,,,,,,,,Google Network SERPs,,,,,,,,,,,,,,,,,,,,,,,,,,,,,,,,,,,,,,,,,,,,,,,,NA,NA,NA,NA,0.152367762314422,0.788635030971572,0.910932804868706,-0.279897214174492,-0.457364385515543,-0.458533975984793,-0.496232063058075,-0.375621808037374,-0.423792583294317,-0.344409846014454,-0.279394644014179,-0.368801004570975,-0.577324278745808,-0.613004992731428,-0.609817236018906,-0.537173155689353,-0.480046414280089,-0.459554834885109,-0.7,-0.7,-0.7,-0.1,-0.1,-0.1,-0.1,-0.1,-0.1,-0.1,-0.1,-0.1,-0.1,-0.1,-0.1,-0.1,-0.1,-0.1,-0.0902500000000001,-0.0902500000000001,-0.0902500000000001,-0.0902500000000001,-0.0857374999999999,-0.0857374999999999,-0.0857374999999999,-0.0857374999999999,-0.0814506249999999,-0.0814506249999999,-0.0814506249999999,-0.0814506249999999,-0.0814506249999999,-0.0814506249999999,-0.0814506249999999,-0.0814506249999999,-0.077,-0.077,-0.077,-0.077,,,,,,,,,,,,,NA,2.59371732013514,0.239438874346843,-0.54808738356323,-0.407738626605763,-0.586706180938601,-0.575149690657399,-0.30671465533474,-0.1,-0.0999999999999999,-0.1,-0.0902499999999999,-0.0857374999999999,-0.081450625,-0.0814506249999998,-0.077,-0.07315,-0.0694925,-0.066017875,-0.06271698125,-0.0595811321875,-0.056602075578125,-0.0537719717992187,-0.0510833732092578
,,,,,,,,Total Desktop,,,,,,,,,,,,,,,,,,,,,,,,,,,,,,,,,,,,,,,,,,,,,,,,NA,NA,NA,NA,0.051509114091268,0.288043409051021,0.331417294203176,-0.190125623783004,-0.335266445419275,-0.312746733489302,-0.30228411445991,-0.186515603957764,-0.175553810638354,-0.107633079661554,-0.051533025296409,-0.0823744711030139,-0.160378959546102,-0.209583995883819,-0.199491870480905,-0.144470529242785,-0.145013280908606,-0.205095508939225,-0.194688723762157,-0.248331292769523,-0.185708867436536,-0.097635941999732,0.0348774529582065,0.0470898624634684,-0.0503884285963911,0.0631017197405286,-0.0802967763900919,-0.083940912569199,-0.00617715021448917,-0.015829335959945,-0.0077994077478748,0.016349603057682,-0.00559399011024975,-0.0144755405586553,-0.00707464501422483,-0.00729347721930351,-0.00456927896841053,-0.0119304576422514,-0.00578732367337553,-0.00596765180386361,-0.00396718363317483,-0.010435548011562,-0.00503088216973979,-0.00518858131377309,-0.00345941901560332,-0.00915937176705561,-0.00439166350585307,-0.00453004355656272,-0.00318867814846679,-0.00849110843085388,-0.00405175370740329,-0.00418000427905396,,,,,,,,,,,,,,,,,NA,0.180427573329526,0.0933328510563511,-0.29096177725674,-0.107036294610739,-0.179065733454246,-0.198064533332328,-0.0554403590550934,-0.0401110315602975,-0.00351885649392392,-0.00871155951574121,-0.00713814862322426,-0.00621358768687164,-0.00543055090618383,-0.0050154658835796,-0.00437717349120104,-0.00385499857332328,-0.00340749102935733,-0.00302246016695507,-0.00268990771992395,-0.00240160468146755,-0.00215075389833586,-0.00193172058102098,-0.00173981658810396
,,,,,,,,Desktop Search Rev Breakdown,,,,,,,,,,,,,,,,,,,,,,,,,,,,,,,,,,,,,,,,,,,,,,,,,,,,,,,,,,,,,,,,,,,,,,,,,,,,,,,,,,,,,,,,,,,,,,,,,,,,,,,,,,,,,,,,,,,,,,,,,,,,,,,,,,,,,,,,,,,,,,,
,,,,,,,,Google Sites,,,,,,,,,,,,,,,,,,,,,,,,,,,,,,,,,,,,,,,,,,,,,,,,6944.336526177,6956.65594651635,7323.33358237046,8131.99920049246,7443.96413100408,7525.38363315718,7783.69690081637,8531.54156464725,7785.50551611515,7781.08561853739,7949.05322010743,8713.63662681865,8139.3655157859,8293.13485699767,8303.85440945039,8905.7474875192,8604.53622030582,8759.10430761439,8908.94875013716,9666.79179645978,9238.05338782808,9312.41790764253,9468.52288352508,10067.1659067529,9539.75184294018,9111.3634752993,10033.7652044886,10347.5980030403,9148.1493110439,7873.6337744613,10471.854713704,10117.3413039109,11051.9038064643,14640.0019341547,14322.9897284393,12578.7535778797,13788.6497841792,15592.4803443825,12561.7834681305,8756.56203655029,11393.6985614064,14511.7984166739,14198.8878911062,10765.4172804693,13212.3407146173,15642.4893053755,15770.1262367725,12045.0233793143,14092.2469998282,17834.9838556209,19547.7373215536,16828.8466617464,20250.7553079315,23749.4116251373,24513.839006437,19854.8876491779,22840.1240262258,26297.1761730822,28832.3106290699,24422.1040812759,,,,,,,,,,,,,23773,29356.3252555563,31284.5862296249,32229.2809815786,33642.1022697532,35939.3810745172,38086.1600857485,39032.4785257684,37610.9791031201,52593.6490469381,50699.4756332425,50869.8021496558,56669.9796360796,68303.814838749,88368.8935886836,102391.714909654,119001.564001778,136982.295278614,157251.180137777,183473.560907243,212425.781678822,244641.020132877,281176.07723288,322788.697346552
,,,,,,,,% change Y/Y,,,,,,,,,,,,,,,,,,,,,,,,,,,,,,,,,,,,,,,,,,,,,,,,,,,,0.0719474931757289,0.0817530277497232,0.0628625356564583,0.0491321204422397,0.0458816537936491,0.0339785980150673,0.0212439309235843,0.0213437467064526,0.0454511269612861,0.0658069148140963,0.0446343960115247,0.0220471507968636,0.0571507328940748,0.0561873716817152,0.0728690931765537,0.0854554106780066,0.0736259516262159,0.0631701119881787,0.0628103437433403,0.0414174752827208,0.0326582281403156,-0.0215899280226916,0.0596969905355631,0.0278561115297924,-0.0410495512193099,-0.135844619105962,0.0436615268831828,-0.0222521882915934,0.208102691669251,0.85937044489427,0.367760546724889,0.243286472209585,0.247626655609694,0.065059992103264,-0.122963591659344,-0.303860912582859,-0.173690046542529,-0.0693078909730969,0.130324203336971,0.229411410041284,0.159618243664184,0.077915283566953,0.110659254282194,0.118862656737563,0.0665973050662745,0.140162764854306,0.239542222304634,0.397161809635637,0.437013934554112,0.331619463039347,0.254049949781537,0.179812737512785,0.127865290895107,0.107276954400349,0.176164639961083,0.23002983007497,,,,,,,,,,,,,,,0.0656846848943957,0.030196811459158,0.0438365748519818,0.0682858278696046,0.05973333282452,0.0248467799822638,-0.0364183745521025,0.398358944677808,-0.036015249902228,0.00335953211124762,0.114020052001775,0.205290971999267,0.293762197577164,0.15868503894866,0.162218682505518,0.151096596315041,0.147967186693267,0.166754747064483,0.157800506124238,0.151654089251572,0.149341500784123,0.14799488108374
,,,,,,,,% change Q/Q,,,,,,,,,,,,,,,,,,,,,,,,,,,,,,,,,,,,,,,,,,,,,,,,NA,0.00177402409761029,0.052708893277629,0.110423157572489,-0.0846083542957937,0.0109376537447281,0.0343255945811249,0.0960783382703982,-0.0874444604036743,-0.000567708489655705,0.0215866538172864,0.0961854683243517,-0.0659048725150276,0.0188920550273297,0.00129258147100653,0.0724835779133861,-0.0338221207861,0.0179635582152362,0.0171072791532476,0.0850653727591537,-0.0443516750602526,0.00804980407587097,0.0167630982018578,0.0632245420528472,-0.0523895273702499,-0.0449056091493516,0.101236410081756,0.0312776701622692,-0.115915663871361,-0.139319494386037,0.329990067314305,-0.033853927454619,0.0923723411596447,0.32465882715986,-0.0216538363274207,-0.121778775495196,0.0961856990685528,0.130819956155029,-0.194369132383985,-0.302920476318842,0.301161176480978,0.27366880372185,-0.0215624911939362,-0.241812643142817,0.22729480617414,0.183930209131655,0.00815963040825718,-0.236212621353153,0.169964271221732,0.26558836613056,0.0960333622838097,-0.139089789016622,0.203335897876085,0.172766707414388,0.0321872134503993,-0.19005392652027,0.150352720689989,0.15135872917708,0.0964032959015049,-0.152960565822549,,,,,,,,,,,,,na,na,na,na,na,na,na,na,na,na,na,na,na,na,na,na,na,na,na,na,na,na,na,na
,,,,,,,,,,,,,,,,,,,,,,,,,,,,,,,,,,,,,,,,,,,,,,,,,,,,,,,,,,,,,,,,,,,,,,,,,,,,,,,,,,,,,,,,,,,,,,,,,,,,,,,,,,,,,,,,,,,,,,,,,,,,,,,,,,,,,,,855.646848164268,,,,,,,,,,,,,,,,
,,,,,,,,Google Network Search Rev,,,,,,,,,,,,,,,,,,,,,,,,,,,,,,,,,,,,,,,,,,,,,,,,2254.39608356,2291.39573182,2290.9130319,2598.10463728,2372.772873015,2240.46451691,2200.783487325,2559.60516138,2258.18106295,2196.755507725,2331.41576435,2537.000935925,1995.337531385,1942.468143635,1837.76333724,2380.1403683775,2022.70450973653,2486.81170520976,2182.44236576791,2731.90650384579,2737.06657076942,2984.95014396148,2567.77872125646,3146.38427922003,2919.42012416645,3255.4247912831,2726.02753837113,3390.95410955096,3035.04916911326,2972.42041536244,3067.51642905887,4543.65817746406,4182.75419043388,5008.6930410178,4106.09845755908,5846.17509993571,5359.0117604966,5475.08713489888,4467.53594796221,5519.68632887736,4892.83841425062,5275.52969863602,4604.98235316599,5400.79260229981,4836.39066242527,4921.79144575371,4546.18191139672,5116.58561247313,4757.71958628754,4933.94089220068,4473.75554398515,5076.84300985395,4662.56519456179,4835.26207435667,4384.28043310545,4975.30614965687,4583.30158625424,4753.06261909261,4309.74766574266,4890.7259451127,,,,,,,,,,,,,9561.7511064,9434.80948456,9373.62603863,9323.35327095,8155.7093806375,9423.86508456,11436.1797152074,12291.8265633716,13618.6441909986,19143.7207889465,20821.321172235,20174.1430683524,19420.9496320488,19242.2590323273,18857.4138516808,18536.8378162022,18268.9805097581,18044.591756647,17856.2039631336,17697.7461119431,17564.2521844676,17451.6382480049,17356.5301266251,17276.1287965051
,,,,,,,,% change Y/Y,,,,,,,,,,,,,,,,,,,,,,,,,,,,,,,,,,,,,,,,,,,,,,,,,,,,0.0525093129456056,-0.0222271579730782,-0.039342193841488,-0.0148182930539341,-0.0482944707301009,-0.0195089048967767,0.0593571688343504,-0.00883113762859167,-0.116396127785091,-0.115755878701925,-0.211739336526117,-0.06182913270795,0.0137154631339675,0.280232941455666,0.187553544868056,0.147792180722554,0.353171734968808,0.200312085433785,0.17656198465198,0.151717408626817,0.0666237187449092,0.0906127855665491,0.0616286815544769,0.0777304386963071,0.0396068534260121,-0.0869331635854248,0.125269787586882,0.339935024383372,0.378150388138833,0.685055389584608,0.338574235059221,0.286667014022304,0.281216040080208,0.093116924926649,0.0880245552168266,-0.0558465604394811,-0.0869886775920747,-0.0364482667300133,0.0307655958015227,-0.0215399425788981,-0.0115368109563867,-0.0670526512197951,-0.0127688745058586,-0.0526232001031963,-0.0162664849944685,0.00246850086617489,-0.0159312515035974,-0.00776740694464262,-0.02,-0.02,-0.02,-0.02,-0.017,-0.017,-0.017,-0.017,,,,,,,,,,,,,,-0.0132759805633337,-0.00648486289311168,-0.00536321456316025,-0.125238619236995,0.155492998185202,0.213533896399295,0.0748192901364135,0.107943080777008,0.405699460273709,0.0876318873318098,-0.0310824706333047,-0.0373345937793597,-0.00920091978543747,-0.0199999999999999,-0.017,-0.01445,-0.0122825,-0.010440125,-0.00887410625000001,-0.00754299031250001,-0.006411541765625,-0.00544981050078125,-0.00463233892566407
,,,,,,,,Two-year ex FX % Growth,,,,,,,,,,,,,,,,,,,,,,,,,,,,,,,,,,,,,,,,,,,,,,,,,,,,,,,,0.00421484221550472,-0.0417360628698549,0.0200149749928624,-0.0236494306825258,-0.164690598515191,-0.135264783598701,-0.152382167691767,-0.0706602703365417,-0.102680664651123,0.164477062753742,-0.0241857916580612,0.0859630480146038,0.366887198102775,0.480545026889451,0.364115529520036,0.299509589349371,0.419795453713717,0.290924871000334,0.238190666206457,0.229447847323125,0.106230572170921,0.00367962198112426,0.186898469141359,0.417665463079679,0.417757241564845,0.598122225999183,0.463844022646103,0.626602038405676,0.659366428219041,0.778172314511257,0.426598790276048,0.230820453582823,0.194227362488133,0.0566686581966357,0.118790151018349,-0.0773865030183792,-0.0985254885484614,-0.103500917949808,0.0179967212956641,-0.0741631426820945,-0.0278032959508552,-0.0645841503536202,-0.028700126009456,-0.0603906070478389,-0.0362664849944685,-0.0175314991338251,-0.0359312515035974,-0.0277674069446426,-0.037,-0.037,-0.037,-0.037,,,,,,,,,,,,,,,-0.0197608434564454,-0.0118480774562719,-0.130601833800155,0.0302543789482068,0.369026894584497,0.288353186535709,0.182762370913421,0.513642541050717,0.493331347605519,0.0565494166985051,-0.0684170644126644,-0.0465355135647971,-0.0292009197854374,-0.0369999999999999,-0.03145,-0.0267325,-0.022722625,-0.01931423125,-0.0164170965625,-0.013954532078125,-0.0118613522664063,-0.0100821494264453
,,,,,,,,% change Q/Q,,,,,,,,,,,,,,,,,,,,,,,,,,,,,,,,,,,,,,,,,,,,,,,,NA,0.0164122216720553,-0.000210657597592978,0.134091343103159,-0.0867292875859319,-0.0557610707749201,-0.0177110725412102,0.163042696440412,-0.1177619513267,-0.0272013419263891,0.0612996103350876,0.0881803986739007,-0.213505401937311,-0.0264964633393641,-0.053902972225358,0.295128877667162,-0.150174276857724,0.229448836070318,-0.122393399871897,0.251765703734654,0.00188881534428731,0.0905654162157923,-0.139758254773185,0.22533310723926,-0.0721349126209842,0.115092947512166,-0.1626200225327,0.243917774791498,-0.104957168082947,-0.0206351694029129,0.031992787159228,0.481217226555515,-0.0794302680646656,0.197462918684743,-0.180205609740322,0.423778596729277,-0.0833302682713815,0.0216598469251217,-0.184024685290287,0.235510221556263,-0.113565858144376,0.0782145764860727,-0.127105216684383,0.172815048593333,-0.104503538912827,0.0176579580288947,-0.0763156136331311,0.125468736665921,-0.0701377937096865,0.0370390273569388,-0.0932693273531039,0.134805636995438,-0.0816014626585975,0.0370390273569385,-0.0932693273531038,0.134805636995438,-0.0787900385646952,0.0370390273569385,-0.0932693273531038,0.134805636995438,,,,,,,,,,,,,na,na,na,na,na,na,na,na,na,na,na,na,na,na,na,na,na,na,na,na,na,na,na,na
,,,,,,,,,,,,,,,,,,,,,,,,,,,,,,,,,,,,,,,,,,,,,,,,,,,,,,,,,,,,,,,,,,,,,,,,,,,,,,,,,,,,,,,,,,,,,,,,,,,,,,,,,,,,,,,,,,,,,,,,,,,,,,,,,,,,,,,,,,,,,,,,,,,,,,,
,,,,,,,,Mobile Search Revenue,,,,,,,,,,,,,,,,,,,,,,,,,,,,,,,,,,,,,,,,,,,,,,,,,,,,,,,,,,,,,,,,,,,,,,,,,,,,,,,,,,,,,,,,,,,,,,,,,,,,,,,,,,,,,,,,,,,,,,,,,,,,,,,,,,,,,,,,,,,,,,,
,,,,,,,,Mobile search advertising revenue,,,,,,,,,,,,,,,,,,,,,,,,,,,,,,,,,,,,,,,,,,,,,,,,1195.31553685848,1381.89277952152,1436.61156305191,1674.64048335177,2302.69139600448,2595.98495128368,2496.12009703534,2772.78668150681,3171.69049865215,3505.72796328138,3802.36524082672,4595.33083548684,4769.27202219807,5511.47853880221,5900.65391655953,6750.54099733017,6910.675160165,7638.90925477986,8364.17692672313,9568.89186371552,10376.3787529878,11229.1966045264,11241.4537895159,12860.5906648337,12611.4507363813,14110.6084532479,14357.5847799697,16425.5463971256,14938.2633972437,13004.3367505132,15499.0127699773,21353.2103162632,20390.7295372376,20741.9171170686,23217.521129426,30268.1756233031,25371.1652267079,24610.2846594019,26572.452932628,33370.6636246917,28484.207200025,27629.9665871105,29422.3485096524,36777.8083807727,32457.7541044284,32375.4133484468,33206.0625279937,41507.4345385401,36118.988767408,35859.0078247396,36606.3633308602,45757.7958352866,39434.711936256,39150.8647430507,39589.7819423253,50688.1983365387,42627.9377352944,42321.1060156193,42774.7798995854,54712.8412844599,,,,,,,,,,,,,4720.51582580024,5688.46036278368,10167.5831258303,15075.1145382471,22931.94547489,32482.6532053835,45707.6198118637,57505.1903667244,64794.8232339974,94618.3434070353,109924.56644343,122314.330677561,139546.664519409,154342.155758294,168863.556958171,182436.664934959,195058.206010669,206714.727721868,217421.265346069,227212.530672811,236135.939360436,244246.306884107,251601.953240821,258261.939765262
,,,,,,,,% change Y/Y,,,,,,,,,,,,,,,,,,,,,,,,,,,,,,,,,,,,,,,,,,,,,,,,NA,NA,NA,NA,0.926429737587444,0.8785719049654,0.737505224956309,0.655750418715017,0.377384092438754,0.350442328853965,0.523310214657866,0.657296923032538,0.503700321397951,0.572135258790426,0.551837749094453,0.469,0.449,0.386,0.4175,0.4175,0.5015,0.47,0.344,0.344,0.2154,0.2566,0.2772,0.2772,0.1845,-0.0784000000000001,0.0795000000000001,0.3,0.365,0.595,0.498,0.4175,0.24425,0.1865,0.1445,0.1025,0.1227,0.1227,0.10725,0.1021,0.1395,0.17175,0.1286,0.1286,0.1128,0.1076,0.1024,0.1024,0.0918000000000001,0.0917999999999999,0.0815000000000001,0.10775,0.0809750000000002,0.0809750000000002,0.0804499999999999,0.0794000000000001,,,,,,,,,,,,,,0.205050586144228,0.78740511094196,0.482664498699737,0.521178855172828,0.416480483130024,0.407139359056062,0.258109492540204,0.126764781070808,0.460276279562249,0.161768030228018,0.112711513313152,0.140885648855615,0.10602540225408,0.0940857740941332,0.0803791429085574,0.0691831385988644,0.0597591967525899,0.0517937823888714,0.0450336139436858,0.0392734003762953,0.0343461801945011,0.0301156912075811,0.0264703291793074
,,,,,,,,% Change Y/Y Ex FX ,,,,,,,,,,,,,,,,,,,,,,,,,,,,,,,,,,,,,,,,,,,,,,,,,,,,,,0.729057802876496,0.685551743218329,0.428967274374908,0.419600269790701,0.6014910418849,0.713047410361973,0.538691765311328,0.574163538808971,0.556786359676867,0.469714387769681,0.453330943847073,0.402851834562599,0.41463595274322,0.404283630250802,0.457803754127094,0.444342580652451,0.354987367495869,0.362523681914556,0.248020561227766,0.290559028692164,0.289648132780083,0.28550023423974,0.193938894851262,-0.0641487674609698,0.0814012815131239,0.293771025501899,0.340898345440852,0.54590999294984,0.483337751499794,0.418730271714296,0.275218651697581,0.223781835811247,0.194870097361713,0.156452870892798,0.15343032303598,0.139102382148239,0.101084307879349,0.0877669471912475,0.14401373464972,0.187365784676425,0.141638999647947,0.131438605028386,0.129499983858752,0.102513974180454,0.0895754203108717,0.0893077112854907,0.0303810405107836,0.0670046883147199,0.0659070029105898,0.0880993292087268,0.0800628339169245,0.0801221867222296,0.0796349734592091,0.0786562793997414,,,,,,,,,,,,,,0.204679593411321,0.794214884128255,0.546314257924394,0.531153171986482,0.415065173266317,0.398400574178557,0.279072582606284,0.131015446781899,0.441216085727912,0.20587660159005,0.118782169099544,0.149750493322326,0.101794191287786,0.0648785579052125,0.0795527693759949,0.0684783710386878,0.0591531274151947,0.0512683393665165,0.0445746578078484,0.038869753466912,0.0339890137905735,0.0297978549687107,0.0261859817275793
,,,,,,,,Abs Change Y/Y ,,,,,,,,,,,,,,,,,,,,,,,,,,,,,,,,,,,,,,,,,,,,,,,,,,,,1107.375859146,1214.09217176216,1059.50853398343,1098.14619815504,868.999102647677,909.743011997701,1306.24514379138,1822.54415398003,1597.58152354592,2005.75057552083,2098.28867573281,2155.21016184333,2141.40313796693,2127.43071597765,2463.5230101636,2818.35086638535,3465.70359282275,3590.28734974653,2877.27686279275,3291.69880111814,2235.07198339356,2881.41184872147,3116.1309904538,3564.95573229189,2326.81266086235,-1106.27170273464,1141.42799000759,4927.66391913766,5452.46613999394,7737.58036655538,7718.50835944868,8914.9653070399,4980.43568947029,3868.36754233329,3354.93180320206,3102.48800138858,3113.04197331706,3019.68192770862,2849.89557702436,3407.14475608102,3973.54690440348,4745.44676133624,3783.71401834129,4729.62615776737,3661.23466297953,3483.59447629287,3400.30080286656,4250.36129674651,3315.72316884805,3291.8569183111,2983.41861146512,4930.40250125213,3193.22579903834,3170.24127256854,3184.99795726007,4024.64294792118,,,,,,,,,,,,,,967.944536983444,4479.12276304663,4907.53141241679,7856.83093664288,9550.70773049354,13224.9666064802,11797.5705548607,7289.63286727297,29823.5201730379,15306.2230363942,12389.7642341311,17232.3338418484,14795.4912388854,14521.4011998764,13573.1079767881,12621.5410757099,11656.5217111988,10706.5376242012,9791.26532674255,8923.40868762462,8110.3675236713,7355.64635671384,6659.98652444122
,,,,,,,,% change Q/Q,,,,,,,,,,,,,,,,,,,,,,,,,,,,,,,,,,,,,,,,,,,,,,,,NA,0.156090368534324,0.0395969820099436,0.165687738023073,0.375036265333601,0.127369892373817,-0.0384689650065027,0.110838651072948,0.143863868001762,0.105318430272809,0.0846150302169151,0.208545351231886,0.0378517223108263,0.15562260092308,0.0706117922835812,0.144032694136752,0.0237216784400187,0.10537814001338,0.0949438784718446,0.144032694136752,0.0843866667920195,0.0821883888242887,0.00109154603140071,0.144032694136752,-0.0193723550453716,0.118872740987824,0.0175028828515875,0.144032694136752,-0.0905469421791754,-0.129461276408292,0.191834160197796,0.377714221748752,-0.0450742892881338,0.0172229041236445,0.119352709703008,0.303678177122067,-0.161787431708473,-0.0299899732829386,0.0797296049347609,0.255836776126762,-0.146429704833653,-0.0299899732829386,0.0648709406466677,0.249995674842451,-0.117463613699254,-0.00253685931924796,0.0256567899413942,0.249995674842451,-0.129818810317677,-0.00719790203270942,0.0208414998477726,0.249995674842451,-0.138185937141545,-0.00719790203270954,0.0112109196605299,0.280335375688142,-0.159016514016323,-0.00719790203270942,0.0107198021667654,0.279091123622361,,,,,,,,,,,,,,,,,,,,,,,,,,,,,,,,,,,,
,,,,,,,,% of total search advertising revenue,,,,,,,,,,,,,,,,,,,,,,,,,,,,,,,,,,,,,,,,,,,,,,,,0.115,0.13,0.13,0.135,0.19,0.21,0.2,0.2,0.24,0.26,0.27,0.29,0.32,0.35,0.367819099465627,0.374272593109386,0.394041983290826,0.404499864125512,0.429911730585135,0.435591332152018,0.464236375684708,0.477298609833389,0.482926880152277,0.493231617425885,0.503036996150349,0.532930355750561,0.529460666610641,0.544539608628926,0.55079123185801,0.545246272190853,0.533742263913569,0.592910699311347,0.572365129156825,0.513533121748682,0.557488869107696,0.621611130728583,0.569897435909436,0.538779375717628,0.609435155986443,0.700374110952077,0.636223670713444,0.582698080110001,0.610090305022266,0.694654648192779,0.642645272087602,0.611552709155266,0.620414643605885,0.707484425190669,0.65707977412186,0.611636915225666,0.6037878563985,0.676255376034823,0.612834774300093,0.577995918291248,0.578055118400909,0.671203357265282,0.608524027200802,0.576807009963971,0.563442589508975,0.651144351849956,,,,,,,,,,,,,0.12,0.127889211887471,0.200047693243057,0.266214265270293,0.354272076604683,0.417268648324114,0.479971009099437,0.528397105268631,0.558458369532456,0.568771228607397,0.605827365743344,0.632578720052414,0.647135140345245,0.63807220382233,0.611625339184551,0.601376342158437,0.586943518140287,0.571443039144542,0.553899099218329,0.530394731736295,0.506592537050276,0.482377070775666,0.457346204474528,0.431640291694447
,,,,,,,,YoY Change in bp,,,,,,,,,,,,,,,,,,,,,,,,,,,,,,,,,,,,,,,,,,,,,,,,,,,,750,800,700,650,500,500,700,900,800,900,978.190994656267,842.725931093862,740.419832908262,544.998641255121,620.926311195078,613.187390426322,701.943923938816,727.987457078774,530.151495671423,576.40285273867,388.006204656409,556.317459171711,465.337864583638,513.079912030405,477.542357076614,123.159164402928,42.8159730292854,483.710906824208,215.73897298815,-317.131504421714,237.466051941265,287.004314172359,-24.6769324738916,252.462539689459,519.462868787471,787.629802234945,663.262348040079,439.187043923733,6.55149035823532,-57.1946275929769,64.2160137415804,288.546290452653,103.243385836188,128.297769978891,144.345020342581,0.842060703991621,-166.267872073855,-312.290491558455,-442.449998217667,-336.409969344177,-257.327379975907,-50.5201876954109,-43.1074709929102,-11.8890832727658,-146.125288919344,-200.590054153256,,,,,,,,,,,,,,,721.584813555857,661.665720272368,880.578113343902,629.965717194306,627.023607753233,484.260961691937,300.612642638253,103.128590749404,370.561371359471,267.513543090706,145.564202928308,-90.6293652291523,-264.468646377788,-102.489970261144,-144.328240181502,-155.004789957442,-175.439399262136,-235.04367482034,-238.021946860192,-242.154662746094,-250.308663011385,-257.059127800806
,,,,,,,,Abs change Q/Q in bp,,,,,,,,,,,,,,,,,,,,,,,,,,,,,,,,,,,,,,,,,,,,,,,,,150,0,50,550,200,-99.9999999999998,0,400,200,100,200,300,300,178.190994656268,64.5349364375941,197.693901814401,104.578808346858,254.118664596225,56.796015668838,286.450435326895,130.622341486815,56.2827031888741,103.047372736085,98.0537872446352,298.933596002117,-34.6968913991985,150.789420182852,62.5162322908435,-55.4495966715685,-115.040082772842,591.684353977775,-205.455701545215,-588.320074081432,439.557473590138,641.222616208869,-517.136948191466,-311.180601918082,706.55780268815,909.389549656342,-641.504402386331,-535.255906034428,273.922249122652,845.64343170513,-520.093761051774,-310.925629323355,88.6193445061878,870.697815847833,-504.046510688084,-454.428588961945,-78.4905882716591,724.675196363234,-634.206017347296,-348.388560088455,0.59200109661095,931.48238864373,-626.793300644796,-317.170172368311,-133.644204549968,877.017623409818,,,,,,,,,,,,,,,,,,,,,,,,,,,,,,,,,,,,
,,,,,,,,,,,,,,,,,,,,,,,,,,,,,,,,,,,,,,,,,,,,,,,,,,,,,,,,,,,,,0.0481315522386034,,,,,,,,,,,,,,,,,,,,,,,,,,,,,,,,,,,,,,,,,,,,,,,,,,,,,,,,,,,,,,,,,,,,,,,,,,,,,,,,,,,,,,,,,,
,,,,,,,,Mobile Search CPC,,,,,,,,,,,,,,,,,,,,,,,,,,,,,,,,,,,,,,,,,,,,,,,,0.593496244848226,0.285229331901273,0.258282116664876,0.479748291396415,0.259653564374393,0.293379985015708,0.264388335865093,0.204927508132893,0.198546412823632,0.232847838766772,0.21715104576797,0.227341921064843,0.22473557904246,0.269469082644753,0.256238234006205,0.256896370803273,0.235972357994583,0.282942536776991,0.269050145706515,0.269741189343437,0.247770975894312,0.297089663615841,0.282502652991841,0.283228248810609,0.255204105171141,0.306002353524316,0.290977732581596,0.291725096274927,0.262860228326275,0.220321694537507,0.247331072694357,0.291725096274927,0.276003239742589,0.242353863991258,0.264644247782962,0.306311351088673,0.289803401729719,0.254471557190821,0.27787646017211,0.321626918643107,0.29849750378161,0.262105703906546,0.286212753977273,0.3312757262024,0.316407354008507,0.285695217258135,0.309109774295455,0.357777784298592,0.338555868789102,0.304265406379914,0.327656360753183,0.379244451356508,0.358869220916448,0.322521330762708,0.344039178790842,0.398206673924333,0.376812681962271,0.338647397300844,0.361241137730384,0.41811700762055,,,,,,,,,,,,,0.396959983056535,0.357501366513591,0.249888070601457,0.21926175269754,0.252054526849492,0.264417262078625,0.277224573560337,0.285843342327608,0.257413043592617,0.273455541829985,0.286530410249277,0.294976250606634,0.317625731313196,0.337790506963388,0.356522496952895,0.374333021913975,0.391163266621626,0.406991515269855,0.42181337382867,0.435638852094141,0.448489615653151,0.460396475162012,0.471397150230332,0.481534322085073
,,,,,,,,% change Y/Y Reported,,,,,,,,,,,,,,,,,,,,,,,,,,,,,,,,,,,,,,,,,,,,,,,,NA,NA,NA,NA,-0.56250175695586,0.0285757886824098,0.0236416647000781,-0.572843693645254,-0.235341084949064,-0.206326775310508,-0.178666316509614,0.109377277536675,0.131904504575921,0.15727542961935,0.18,0.13,0.05,0.05,0.05,0.05,0.05,0.05,0.05,0.05,0.03,0.03,0.03,0.03,0.03,-0.28,-0.15,0,0.05,0.1,0.07,0.05,0.05,0.05,0.05,0.05,0.03,0.03,0.03,0.03,0.06,0.09,0.08,0.08,0.07,0.065,0.06,0.06,0.06,0.06,0.05,0.05,0.05,0.05,0.05,0.05,,,,,,,,,,,,,,-0.099402000773777,-0.301015061736955,-0.122560143948458,0.149559938058089,0.0490478603326801,0.0484359885622876,0.0310894833621072,-0.0994611191692789,0.0623220098463861,0.0478135068384238,0.0294762442492884,0.0767840823116515,0.0634859637058458,0.0554544595047977,0.0499562443136192,0.0449606198822573,0.0404645578940316,0.0364181021046284,0.0327762918941656,0.029498662704749,0.0265487964342741,0.0238939167908467,0.021504525111762
,,,,,,,,FX headwind / tailwind,,,,,,,,,,,,,,,,,,,,,,,,,,,,,,,,,,,,,,,,,,,,,,,,,,,,-0.0120006193868071,0.0096389228886169,0.00844742207981358,-0.0298013245033113,-0.0515831819361537,-0.0691579409367358,-0.0781808272270332,-0.0557504873294347,-0.034991443913377,-0.00202828001854427,-0.0049486105824134,-0.000714387769681383,-0.00433094384707288,-0.0168518345625992,0.00286404725677974,0.0132163697491981,0.0436962458729059,0.0256574193475488,-0.0109873674958689,-0.0185236819145558,-0.032620561227766,-0.033959028692164,-0.012448132780083,-0.00830023423973928,-0.00943889485126173,-0.0142512325390304,-0.00190128151312378,0.00622897449810092,0.0241016545591487,0.0490900070501606,0.0146622485002058,-0.00123027171429576,-0.0309686516975811,-0.0372818358112476,-0.0503700973617126,-0.0539528708927978,-0.0307303230359796,-0.0164023821482385,0.00616569212065073,0.0143330528087524,-0.00451373464971986,-0.0156157846764249,-0.013038999647947,-0.00283860502838605,-0.0166999838587517,0.00508602581954639,0.0128245796891286,0.0130922887145093,0.0614189594892165,0.02479531168528,0.0155929970894103,0.0196506707912733,0.00091216608307576,0.000852813277770643,0.000815026540790854,0.0007437206002587,,,,,,,,,,,,,,0.000370992732907055,-0.00680977318629466,-0.0636497592246578,-0.00997431681365421,0.00141530986370677,0.00873878487750448,-0.0209630900660801,-0.00425066571109066,0.0190601938343368,-0.0441085713620327,-0.00607065578639211,-0.00886484446671048,0.00423121096629316,0.0292072161889207,0.000826373532562542,0.000704767560176581,0.000606069337395198,0.000525443022354901,0.000458956135837364,0.000403646909383321,0.00035716640392762,0.000317836238870321,0.000284347451728063
,,,,,,,,% change Y/Y - ex FX,,,,,,,,,,,,,,,,,,,,,,,,,,,,,,,,,,,,,,,,,,,,,,,,,,,,-0.550501137569053,0.0189368657937929,0.0151942426202645,-0.543042369141943,-0.18375790301291,-0.137168834373772,-0.100485489282581,0.16512776486611,0.166895948489298,0.159303709637894,0.184948610582413,0.130714387769681,0.0543309438470729,0.0668518345625992,0.0471359527432203,0.0367836302508019,0.00630375412709411,0.0243425806524512,0.0609873674958689,0.0685236819145558,0.062620561227766,0.063959028692164,0.042448132780083,0.0383002342397393,0.0394388948512617,-0.26574876746097,-0.148098718486876,-0.00622897449810092,0.0258983454408513,0.0509099929498394,0.0553377514997943,0.0512302717142958,0.0809686516975811,0.0872818358112476,0.100370097361713,0.103952870892798,0.0607303230359796,0.0464023821482385,0.0238343078793493,0.0156669471912476,0.0645137346497199,0.105615784676425,0.093038999647947,0.0828386050283861,0.0866999838587517,0.0599139741804536,0.0471754203108714,0.0469077112854907,-0.00141895948921647,0.03520468831472,0.0344070029105897,0.0303493292087267,0.0490878339169242,0.0491471867222294,0.0491849734592092,0.0492562793997413,,,,,,,,,,,,,,-0.0997729935066841,-0.29420528855066,-0.0589103847238004,0.159534254871743,0.0476325504689733,0.0396972036847831,0.0520525734281873,-0.0952104534581883,0.0432618160120493,0.0919220782004565,0.0355469000356805,0.0856489267783619,0.0592547527395526,0.026247243315877,0.0491298707810567,0.0442558523220807,0.0398584885566364,0.0358926590822735,0.0323173357583282,0.0290950157953657,0.0261916300303465,0.0235760805519764,0.021220177660034
,,,,,,,,Two-year ex FX % Growth,,,,,,,,,,,,,,,,,,,,,,,,,,,,,,,,,,,,,,,,,,,,,,,,,,,,,,,,,,,,,,,,,,,,,,,,,,,,,,,,,,,,,,,,,,,,,,,,,,,,,,,,,,,,,,,,,,,,,,,,,,-0.393978282057345,-0.353115673274461,0.100623870147943,0.207166805340717,0.0873297541537564,0.0917497771129704,-0.043157880030001,-0.051948637446139,0.135183894212506,0.127468978236137,0.121195826814042,0.144903679517915,0.0855019960554296,0.0753771140969337,0.0933857231031374,0.0841143408787171,0.0757511476389099,0.0682099948406017,0.0614123515536939,0.0552866458257122,0.0497677105823229,0.0447962582120104
,,,,,,,,% change Q/Q,,,,,,,,,,,,,,,,,,,,,,,,,,,,,,,,,,,,,,,,,,,,,,,,NA,-0.519408362938818,-0.0944756104036459,0.857458416367611,-0.458771257697211,0.129890073808828,-0.0988194513305425,-0.224899587713056,-0.0311383052836552,0.172762758366276,-0.0674122340234561,0.0469298927888289,-0.0114644145267009,0.199049495379823,-0.0490996908019711,0.00256845665370897,-0.0814492347371999,0.199049495379823,-0.0490996908019711,0.00256845665370897,-0.0814492347371999,0.199049495379823,-0.0490996908019711,0.00256845665370897,-0.0989454397898246,0.199049495379823,-0.0490996908019711,0.00256845665370919,-0.0989454397898246,-0.161829478957794,0.122590642803229,0.17949230194554,-0.0538927117793158,-0.121916597003403,0.0919745343631406,0.157445716862446,-0.0538927117793158,-0.121916597003404,0.0919745343631409,0.157445716862446,-0.0719138029835194,-0.121916597003404,0.0919745343631409,0.157445716862446,-0.044882166177214,-0.097065179937462,0.0819564193689835,0.157445716862446,-0.0537258498237213,-0.101284501526539,0.0768768117663121,0.157445716862446,-0.0537258498237214,-0.101284501526539,0.0667175965609697,0.157445716862446,-0.0537258498237214,-0.101284501526539,0.0667175965609699,0.157445716862446,,,,,,,,,,,,,,,,,,,,,,,,,,,,,,,,,,,,
,,,,,,,,Mobile % of Desktop CPC,,,,,,,,,,,,,,,,,,,,,,,,,,,,,,,,,,,,,,,,,,,,,,,,1.26717571762765,0.493417471041859,0.432684509048627,0.953175240222924,0.491337796269439,0.525667133433985,0.454359377304703,0.278163680754878,0.269941262502596,0.312637999759701,0.26097085189141,0.251755252112221,0.277886744884725,0.345189954252666,0.286421313957977,0.254034793864474,0.260662633924283,0.290921107605869,0.272044906433415,0.253925286716976,0.221003318758453,0.234625827853865,0.231635718267576,0.220158012819905,0.214413826875109,0.23550187245469,0.220555692045872,0.213735346732086,0.221331867959074,0.189468969009085,0.173144379647421,0.196281700920162,0.182132703611517,0.112744382411372,0.133386813333484,0.160713718827345,0.149114637155439,0.108200583756611,0.148537061698961,0.213432251551496,0.178763845319125,0.11747062014166,0.137169417313997,0.192193345748306,0.169278895304287,0.121973246944326,0.135743392280131,0.193574215228701,0.171695093696666,0.116150314470499,0.120477113950432,0.159143768927005,0.136325755923778,0.097089157518796,0.10410209303678,0.145945582553513,0.128739648588796,0.0929102269163294,0.0943569859797392,0.128510261578374,,,,,,,,,,,,,,0.673356723476748,0.419700128138641,0.273682711272645,0.290298966925882,0.269229270864721,0.226904731138187,0.221230021829207,0.195602554241329,0.145422795700411,0.149780633517047,0.153678269241824,0.152957390217187,0.13996957231206,0.119410812466952,0.110058235000121,0.100301900326156,0.0914833326091746,0.0831026221814972,0.0739596086781298,0.0659344831876652,0.0588005733083202,0.0523280799458473,0.0464558434130012
,,,,,,,,YoY Change in bp,,,,,,,,,,,,,,,,,,,,,,,,,,,,,,,,,,,,,,,,,,,,,,,,,,,,-7758.37921358211,322.496623921263,216.748682560758,-6750.11559468046,-2213.96533766843,-2130.29133674284,-1933.88525413293,-264.084286426569,79.4548238212883,325.519544929647,254.504620665667,22.7954175225287,-172.241109604417,-542.688466467968,-143.764075245619,-1.09507147498467,-396.593151658306,-562.952797520048,-404.091881658386,-337.672738970711,-65.8949188334407,8.76044600825798,-110.800262217041,-64.2266608781844,69.1804108396527,-460.329034456056,-474.113123984518,-174.536458119241,-391.991643475573,-767.245865977127,-397.575663139363,-355.67982092817,-330.180664560779,-45.4379865476116,151.502483654766,527.185327241509,296.492081636868,92.700363850492,-113.676443849633,-212.389058031902,-94.8495001483837,45.0262680266593,-14.2602503386693,13.8086948039537,24.1619839237842,-58.2293247382733,-152.662783296982,-344.30446301696,-353.693377728875,-190.611569517027,-163.750209136519,-131.981863734924,-75.8610733498202,-41.7893060246663,-97.4510705704128,-174.353209751387,,,,,,,,,,,,,,,-2536.56595338106,-1460.17416865996,166.162556532374,-210.696960611617,-423.245397265332,-56.7470930898059,-256.274675878779,-501.79758540918,43.5783781663576,38.9763572477742,-7.20879024636856,-129.878179051272,-205.587598451077,-93.5257746683188,-97.5633467396486,-88.1856771698103,-83.8071042767746,-91.4301350336734,-80.2512549046465,-71.3390987934493,-64.724933624729,-58.7223653284618
,,,,,,,,,,,,,,,,,,,,,,,,,,,,,,,,,,,,,,,,,,,,,,,,,,,,,,,,,,,,,,,,,,,,,,,,,,,,,,,,,,,,,,,,,,,,,,,,,,,,,,,,,,,,,,,,,,,,,,,,,,,,,,,,,,,,,,,,,,,,,,,,,,,,,,,
,,,,,,,,Mobile Paid Clicks,,,,,,,,,,,,,,,,,,,,,,,,,,,,,,,,,,,,,,,,,,,,,,,,2014.02375707391,4844.84807474093,5562.17976529877,3490.66482024846,8868.32191790842,8848.54142706662,9441.11278157524,13530.5733562558,15974.5545313355,15055.8750377444,17510.2322320364,20213.301682166,21221.7043804043,20453.1016497655,23027.9994687156,26277.2921868158,29285.952044958,26998.0941776905,31087.7992827661,35474.3444522013,41878.9114242899,37797.3318487667,39792.3830819406,45407.1608988176,49417.1154806621,46112.7448554954,49342.5550216064,56304.8795145339,56829.6828027614,59024.3134150341,62665.0448774401,73196.343368894,73878.5876435898,85585.2544517994,87731.0628284161,98815.063548007,87546.126357654,96711.3375305333,95626.8584829736,103755.816725407,95425.2777298428,105415.357908281,102798.872869197,111018.723896186,102582.173559581,113321.509751402,107424.82214831,116014.566471514,106685.460501964,117854.370141459,111721.815034243,120655.149130375,109886.024317023,121390.001245702,115073.46948527,127291.182332545,113127.662034375,124971.006282451,118410.600100343,130855.335437857,,,,,,,,,,0,0,0,11891.6667354048,15911.7164173621,40688.5494828061,68753.9634832822,90980.0976857013,122846.189957616,164875.787253815,201177.294872298,251715.38446413,346009.968471812,383640.139096568,414658.232403507,439343.071930808,456916.79480804,473640.677380541,487364.603855026,498661.870004654,507909.182295375,515444.219733014,521561.677937097,526513.72767359,530512.981877539,533736.687033183,536331.322442339
,,,,,,,,Y/Y Abs growth,,,,,,,,,,,,,,,,,,,,,,,,,,,,,,,,,,,,,,,,,,,,,,,,,,,,6854.29816083451,4003.69335232569,3878.93301627647,10039.9085360073,7106.23261342705,6207.3336106778,8069.11945046112,6682.72832591017,5247.14984906887,5397.22661202111,5517.76723667928,6063.99050464979,8064.24766455365,6544.99252792497,8059.79981405048,9197.05226538552,12592.9593793319,10799.2376710762,8704.58379917451,9932.81644661636,7538.20405637218,8315.41300672868,9550.17193966575,10897.7186157162,7412.56732209931,12911.5685595387,13322.4898558337,16891.4638543602,17048.9048408284,26560.9410367653,25066.017950976,25618.7201791129,13667.5387140641,11126.0830787339,7895.79565455746,4940.75317740036,7879.15137218886,8704.02037774801,7172.01438622302,7262.90717077852,7156.89582973821,7906.1518431211,4625.94927911383,4995.84257532835,4103.28694238325,4532.8603900561,4296.99288593243,4640.58265886057,3200.56381505894,3535.63110424376,3351.65445102729,6636.0332021706,3241.63771735219,3581.00503674823,3337.13061507282,3564.15310531127,,,,,,,,,,,,,,4020.04968195731,24776.833065444,28065.4140004761,22226.1342024191,31866.0922719146,42029.597296199,36301.5076184828,50538.0895918319,94294.5840076827,37630.1706247559,31018.0933069384,24684.8395273016,17573.7228772324,16723.8825725006,13723.9264744845,11297.2661496281,9247.31229072117,7535.03743763897,6117.45820408373,4952.04973649274,3999.25420394901,3223.70515564387,2594.63540915551
,,,,,,,,% change Y/Y,,,,,,,,,,,,,,,,,,,,,,,,,,,,,,,,,,,,,,,,,,,,,,,,NA,NA,NA,NA,3.40328565477938,0.826381610023917,0.697376420747185,2.87621672461028,0.801305216387888,0.701509244415166,0.854678853769056,0.493898384787991,0.328469243932664,0.358479769424925,0.315116736520723,0.3,0.38,0.32,0.35,0.35,0.43,0.4,0.28,0.28,0.18,0.22,0.24,0.24,0.15,0.28,0.27,0.3,0.3,0.45,0.4,0.35,0.185,0.13,0.09,0.05,0.09,0.09,0.075,0.07,0.075,0.075,0.045,0.045,0.04,0.04,0.04,0.04,0.03,0.03,0.03,0.055,0.0295,0.0295,0.029,0.028,,,,,,,,,,,,,,0.338056032968744,1.55714395704091,0.689761968839313,0.323270587997788,0.350253440944841,0.342131874913662,0.220174885731397,0.251211696746953,0.374607949404539,0.10875458528248,0.0808520541671751,0.0595305666168002,0.04,0.0366015930307981,0.0289753966031472,0.0231803172825178,0.0185442538260142,0.0148354030608114,0.0118683224486491,0.00949465795891927,0.00759572636713542,0.00607658109370834,0.00486126487496667
,,,,,,,,% change Q/Q,,,,,,,,,,,,,,,,,,,,,,,,,,,,,,,,,,,,,,,,,,,,,,,,NA,1.40555656690953,0.148060719240653,-0.37242862195394,1.54058248917671,-0.00223046603685517,0.0669682522699184,0.433154509356283,0.180626578839669,-0.0575089271997524,0.163016575797752,0.154370850957884,0.0498880744024155,-0.0362177663424866,0.125892779640081,0.141101823565456,0.114496571288718,-0.0781213417189003,0.151481251904628,0.141101823565456,0.180540812550271,-0.097461453431091,0.0527828588842316,0.141101823565456,0.0883110615697813,-0.066866926428755,0.0700415942757764,0.141101823565456,0.00932074258487781,0.0386176818879944,0.0616818943204969,0.168056984752041,0.00932074258487781,0.158458183644301,0.0250721738266866,0.12634066386804,-0.114040681508829,0.104690082293722,-0.0112135668397446,0.0850070615242591,-0.0802898503282133,0.104690082293722,-0.0248207195896565,0.0799605170520532,-0.0759921393484389,0.104690082293722,-0.0520350250894802,0.0799605170520532,-0.0804132295907907,0.104690082293722,-0.0520350250894801,0.0799605170520532,-0.0892554100754945,0.104690082293722,-0.05203502508948,0.03,0.03,0.03,0.03,0.03,,,,,,,,,,,,,,,,na,na,na,na,na,na,na,na,na,na,na,na,na,na,na,na,na,na,na,na,na
,,,,,,,,% of Total Paid Clicks,,,,,,,,,,,,,,,,,,,,,,,,,,,,,,,,,,,,,,,,,,,,,,,,,,,,0.323138256168974,0.335851131748897,0.354932450756386,0.473338112993092,0.53913761763647,0.529152087700556,0.586308113551711,0.618671643756732,0.628729413482431,0.609359620734201,0.670115408388641,0.701898255189411,0.713853747613578,0.700137548709032,0.734890163191721,0.752434939717104,0.796778199352646,0.795580083643016,0.801273094205361,0.815527473511556,0.825201756444513,0.828913820123705,0.836112693397432,0.848341071414469,0.847090351173244,0.863540339951367,0.868619100487436,0.881238981510132,0.880221261700369,0.903503900289632,0.904259841914584,0.910887755052651,0.898846453511314,0.915227244462997,0.913081903044553,0.916331512264242,0.907266010814297,0.92240104984886,0.91940056961882,0.922099788514445,0.913967637349023,0.928095594706605,0.92331735133348,0.925895972306884,0.917763665063476,0.931315097505977,0.92673390954468,0.929206450216473,0.920704066149351,0.933805907903363,0.92937825561626,0.933277113711962,0.923513799146464,0.936183574692699,0.931872529746645,0.935584649227725,,,,,,,,,,,,,0.2,0.178833296695183,0.373371138953747,0.570004681673863,0.653968849595528,0.726750103276128,0.802669994049306,0.835107000263754,0.866061853477227,0.900693097955606,0.911201119487975,0.918053539883889,0.923017202692801,0.926446068553933,0.929519711285851,0.932007839709024,0.934067356762628,0.935796459013184,0.937269106792971,0.938541514901237,0.939656740370263,0.940647975703282,0.941540946802733,0.942355681664691
,,,,,,,,YoY Change in bp,,,,,,,,,,,,,,,,,,,,,,,,,,,,,,,,,,,,,,,,,,,,,,,,,,,,3231.38256168974,3358.51131748897,3549.32450756386,4733.38112993092,2159.99361467495,1933.0095595166,2313.75662795325,1453.3353076364,895.91795845961,802.075330336448,838.072948369297,832.266114326783,851.24334131147,907.779279748306,647.747548030806,505.366845276933,829.244517390686,954.425349339844,663.8293101364,630.925337944519,284.235570918665,333.337364806891,348.395991920711,328.135979029135,218.885947287307,346.265198276616,325.064070900039,328.979100956629,331.309105271257,399.635603382652,356.407414271481,296.48773542519,186.251918109451,117.233441733645,88.2206112996875,54.4375721159107,84.1955730298249,71.7380538586354,63.1866657426683,57.6827625020304,67.0162653472606,56.9454485774512,39.1678171465992,37.961837924384,37.9602771445342,32.1950279937155,34.1655821120024,33.104779095896,29.4040108587479,24.9081039738586,26.4434607158015,40.7066349548868,28.0973299711274,23.7766678933593,24.9427413038472,23.0753551576246,,,,,,,,,,,,,,,1945.37842258564,1966.33542720117,839.641679216648,727.812536805997,759.198907731783,324.370062144477,309.548532134738,346.312444783782,105.08021532369,68.5242039591405,49.6366280891258,34.2886586113167,30.7364273191835,24.8812842317303,20.5951705360363,17.2910225055567,14.7264777978751,12.724081082659,11.1522546902643,9.91235333018148,8.92971099451745,8.14734861957822
,,,,,,,,,,,,,,,,,,,,,,,,,,,,,,,,,,,,,,,,,,,,,,,,,,,,,,,,,,,,,,,,,,,,,,,,,,,,,,,,,,,,,,,,,,,,,,,,,,,,,,,,,,,,,,,,,,,,,,,,,,,,,,,,,,,,,,,,,,,,,,,,,,,,,,,
,,,,,,,,Mobile Paid Click Sanity Check,,,,,,,,,,,,,,,,,,,,,,,,,,,,,,,,,,,,,,,,,,,,,,,,,,,,,,,,,,,,,,,,,,,,,,,,,,,,,,,,,,,,,,,,,,,,,,,,,,,,,,,,,,,,,,,,,,,,,,,,,,,,,,,,,,,,,,,,,,,,,,,
,,,,,,,,Mobile Paid Clicks,,,,,,,,,,,,,,,,,,,,,,,,,,,,,,,,,,,,,,,,,,,,,,,,2014.02375707391,4844.84807474093,5562.17976529877,3490.66482024846,8868.32191790842,8848.54142706662,9441.11278157524,13530.5733562558,15974.5545313355,15055.8750377444,17510.2322320364,20213.301682166,21221.7043804043,20453.1016497655,23027.9994687156,26277.2921868158,29285.952044958,26998.0941776905,31087.7992827661,35474.3444522013,41878.9114242899,37797.3318487667,39792.3830819406,45407.1608988176,49417.1154806621,46112.7448554954,49342.5550216064,56304.8795145339,56829.6828027614,59024.3134150341,62665.0448774401,73196.343368894,73878.5876435898,85585.2544517994,87731.0628284161,98815.063548007,87546.126357654,96711.3375305333,95626.8584829736,103755.816725407,95425.2777298428,105415.357908281,102798.872869197,111018.723896186,102582.173559581,113321.509751402,107424.82214831,116014.566471514,106685.460501964,117854.370141459,111721.815034243,120655.149130375,109886.024317023,121390.001245702,115073.46948527,127291.182332545,113127.662034375,124971.006282451,118410.600100343,130855.335437857,,,,,,,,,,,,,11891.6667354048,15911.7164173621,40688.5494828061,68753.9634832822,90980.0976857013,122846.189957616,164875.787253815,201177.294872298,251715.38446413,346009.968471812,383640.139096568,414658.232403507,439343.071930808,456916.79480804,473640.677380541,487364.603855026,498661.870004654,507909.182295375,515444.219733014,521561.677937097,526513.72767359,530512.981877539,533736.687033183,536331.322442339
,,,,,,,,Mobile CTR,,,,,,,,,,,,,,,,,,,,,,,,,,,,,,,,,,,,,,,,,,,,,,,,0.00533143523904325,0.0160954245354058,0.02071612743606,0.00875615447031791,0.0185736043662112,0.0190423865774303,0.0220948513351565,0.0322855487399067,0.0343698215291391,0.0298009077841637,0.0372547567006934,0.0402513328254635,0.0421990862543373,0.0371303618693215,0.042284743920913,0.0428907644861497,0.0477333926483488,0.0408433980562537,0.0479700876413719,0.049069942420595,0.056882292905949,0.0476506310656293,0.05116809348413,0.0523412719153013,0.0573684663495896,0.0496869828205707,0.0542294324105309,0.0554728010042509,0.0573684663495896,0.0553037721828961,0.0598881557924994,0.0627083837439359,0.0659991205791738,0.0709650174028313,0.0741977151411497,0.0749170956232862,0.0700169721453187,0.0717909307656217,0.0724042162075677,0.0704234112841992,0.0690477695090902,0.0707971722921629,0.0704193724989915,0.0681742966381011,0.0678008643114736,0.0695186753510556,0.0672179948860913,0.0650749837745058,0.0652562169552138,0.0669095564963153,0.0646952233150062,0.0626326419680692,0.0622031590853309,0.0637791459766303,0.0616684119259662,0.0611514155707213,0.0599608167400264,0.0614799913697949,0.0594164755354112,0.0588611003808066,,,,,,,,,,,,,0.00972236618863859,0.0118221897798739,0.0227496512586436,0.035400221997074,0.0411490248417821,0.0464350763070011,0.051934996688062,0.0541622039737748,0.0589290288118099,0.0716852313764628,0.071156068921834,0.0695821797345747,0.0673424064603578,0.0648149655744085,0.0621785357116815,0.0599065388053656,0.057945917358831,0.0562565946627342,0.0546736779035244,0.053205244092118,0.0518532457624134,0.0506155571892322,0.0494874573023101,0.048462683003682
,,,,,,,,YoY Change in bp,,,,,,,,,,,,,,,,,,,,,,,,,,,,,,,,,,,,,,,,,,,,,,,,,,,,132.42169127168,29.4696204202451,13.7872389909648,235.293942695888,157.962171629279,107.585212067333,151.599053655369,79.6578408555682,78.292647251982,73.2945408515788,50.2998722021957,26.3943166068614,55.3430639401146,37.1303618693215,56.8534372045889,61.7917793444529,91.4890025760019,68.0723300937561,31.9800584275812,32.7132949470633,4.86173443640582,20.3635175494143,30.6133892640094,31.3152908894965,0,56.167893623254,56.5872338196846,72.3558273968491,86.3065422958428,156.612452199352,143.095593486503,122.087118793504,40.1785156614488,8.25913362790323,-17.9349893358195,-44.9368433908699,-9.69202636228517,-9.93758473458783,-19.8484370857623,-22.4911464609809,-12.4690519761658,-12.7849694110732,-32.0137761290025,-30.9931286359537,-25.4464735625982,-26.0911885474022,-25.2277157108502,-24.423418064366,-30.5305786988288,-31.3041051968502,-30.2681138904006,-14.8122639734788,-22.4234234530454,-22.9915460683545,-22.5193639055495,-22.9031518991465,,,,,,,,,,,,,,,109.274614787698,126.505707384304,57.4880284470809,52.8605146521904,54.9992038106085,22.2720728571283,47.6682483803504,127.562025646529,-5.29162454628765,-15.7388918725934,-22.3977327421684,-25.2744088594938,-26.3642986272696,-22.7199690631594,-19.6062144653459,-16.8932269609674,-15.8291675920979,-14.6843381140645,-13.5199832970461,-12.3768857318114,-11.2809988692213,-10.2477429862806
,,,,,,,,Abs change Q/Q in bp,,,,,,,,,,,,,,,,,,,,,,,,,,,,,,,,,,,,,,,,,,,,,,,,,,,,,4.68782211219088,30.5246475772617,101.906974047502,20.8427278923243,-45.6891374497547,74.5384891652974,29.9657612477013,19.477534288738,-50.6872438501579,51.5438205159143,6.0602056523669,48.4262816219912,-68.8999459209509,71.2668958511817,10.9985477922309,78.1235048535402,-92.3166184031966,35.1746241850068,11.731784311713,50.2719443428827,-76.8148352901882,45.4244958996019,12.4336859372001,18.9566534533862,-20.6469416669343,45.8438360960325,28.2022795143646,32.9073683523799,49.6589682365749,32.3269773831836,7.19380482136531,-49.0012347796749,17.7395862030293,6.13285441946082,-19.8080492336851,-13.7564177510902,17.4940278307266,-3.7779979317136,-22.4507586089037,-3.7343232662751,17.1781103958192,-23.0068046496429,-21.4301111158549,1.81233180708035,16.5333954110153,-22.1433318130909,-20.6258134693707,-4.29482882738246,15.7598689129939,-21.1073405066414,-5.16996355244888,-11.905988306949,15.1917462976848,-20.6351583438364,-5.5537515460459,,,,,,,,,,,,,,,,,,,,,,,,,,,,,,,,,,,,
,,,,,,,,% of Total Paid Clicks,,,,,,,,,,,,,,,,,,,,,,,,,,,,,,,,,,,,,,,,,,,,,,,,0.0930081706146536,0.232444537025907,0.256696053354809,0.140698781445425,0.323138256168974,0.335851131748897,0.354932450756386,0.473338112993092,0.53913761763647,0.529152087700556,0.586308113551711,0.618671643756732,0.628729413482431,0.609359620734201,0.670115408388641,0.701898255189411,0.713853747613578,0.700137548709032,0.734890163191721,0.752434939717104,0.796778199352646,0.795580083643016,0.801273094205361,0.815527473511556,0.825201756444513,0.828913820123705,0.836112693397432,0.848341071414469,0.847090351173244,0.863540339951367,0.868619100487436,0.881238981510132,0.880221261700369,0.903503900289632,0.904259841914584,0.910887755052651,0.898846453511314,0.915227244462997,0.913081903044553,0.916331512264242,0.907266010814297,0.92240104984886,0.91940056961882,0.922099788514445,0.913967637349023,0.928095594706605,0.92331735133348,0.925895972306884,0.917763665063476,0.931315097505977,0.92673390954468,0.929206450216473,0.920704066149351,0.933805907903363,0.92937825561626,0.933277113711962,0.923513799146464,0.936183574692699,0.931872529746645,0.935584649227725,,,,,,,,,,,,,0.2,0.178833296695183,0.373371138953747,0.570004681673863,0.653968849595528,0.726750103276128,0.802669994049306,0.835107000263754,0.866061853477227,0.900693097955606,0.911201119487975,0.918053539883889,0.923017202692801,0.926446068553933,0.929519711285851,0.932007839709024,0.934067356762628,0.935796459013184,0.937269106792971,0.938541514901237,0.939656740370263,0.940647975703282,0.941540946802733,0.942355681664691
,,,,,,,,YoY Change in bp,,,,,,,,,,,,,,,,,,,,,,,,,,,,,,,,,,,,,,,,,,,,,,,,,,,,2301.30085554321,1034.0659472299,982.363974015766,3326.39331547668,2159.99361467495,1933.0095595166,2313.75662795325,1453.3353076364,895.91795845961,802.075330336448,838.072948369297,832.266114326783,851.24334131147,907.779279748306,647.747548030806,505.366845276933,829.244517390686,954.425349339844,663.8293101364,630.925337944519,284.235570918665,333.337364806891,348.395991920711,328.135979029135,218.885947287307,346.265198276616,325.064070900039,328.979100956629,331.309105271257,399.635603382652,356.407414271481,296.48773542519,186.251918109451,117.233441733645,88.2206112996875,54.4375721159107,84.1955730298249,71.7380538586354,63.1866657426683,57.6827625020304,67.0162653472606,56.9454485774512,39.1678171465992,37.961837924384,37.9602771445342,32.1950279937155,34.1655821120024,33.104779095896,29.4040108587479,24.9081039738586,26.4434607158015,40.7066349548868,28.0973299711274,23.7766678933593,24.9427413038472,23.0753551576246,,,,,,,,,,,,,,,1945.37842258564,1966.33542720117,839.641679216648,727.812536805997,759.198907731783,324.370062144477,309.548532134738,346.312444783782,105.08021532369,68.5242039591405,49.6366280891258,34.2886586113167,30.7364273191835,24.8812842317303,20.5951705360363,17.2910225055567,14.7264777978751,12.724081082659,11.1522546902643,9.91235333018148,8.92971099451745,8.14734861957822
,,,,,,,,Abs change Q/Q in bp,,,,,,,,,,,,,,,,,,,,,,,,,,,,,,,,,,,,,,,,,,,,,,,,,,,,,127.128755799222,190.813190074891,1184.05662236706,657.995046433776,-99.8552993591328,571.560258511544,323.635302050215,100.577697256984,-193.697927482295,607.557876544393,317.8284680077,119.55492424167,-137.161989045458,347.526144826893,175.447765253828,443.432596355423,-11.9811570963002,56.9301056234495,142.543793061947,96.7428293295691,37.1206367919252,71.9887327372704,122.28378017037,-12.5072024122586,164.499887781234,50.7876053606926,126.198810226961,-10.1771980976306,232.826385892629,7.55941624952183,66.2791313806699,-120.41301541337,163.807909516823,-21.4534141844358,32.4960921968931,-90.6550144994556,151.350390345634,-30.0048023004029,26.9921889562552,-81.3215116542254,141.279573575824,-47.7824337312549,25.78620973404,-81.3230724340752,135.514324425006,-45.8118796129681,24.7254067179337,-85.0238406712234,131.018417540116,-44.2765228710251,38.988580957019,-97.6331456549828,126.697755462348,-43.1104494605372,37.1211948107963,,,,,,,,,,,,,,,,,,,,,,,,,,,,,,,,,,,,
,,,,,,,,,,,,,,,,,,,,,,,,,,,,,,,,,,,,,,,,,,,,,,,,,,,,,,,,,,,,,,,,,0.701509244415166,0.854678853769056,0.493898384787991,0.328469243932664,0.358479769424925,0.315116736520723,0.3,0.38,0.32,0.35,0.35,0.43,0.4,0.28,0.28,0.18,0.22,0.24,0.24,0.15,0.28,0.27,0.3,0.3,0.45,0.4,0.35,0.185,0.13,0.0900000000000001,0.05,0.0900000000000001,0.0900000000000001,0.075,0.0700000000000001,0.075,0.075,0.0449999999999999,0.0449999999999999,0.04,0.04,0.04,0.04,0.03,0.03,0.03,0.0549999999999999,0.0295000000000001,0.0295000000000001,0.0289999999999999,0.028,,,,,,,,,,,,,,,,,,,,,,,,,,,,,,,,,,,,
,,,,,,,,,,,,,,,,,,,,,,,,,,,,,,,,,,,,,,,,,,,,,,,,,,,,,,,,,,,,,,,,,,,,,,,,,,,,,,,,,,,,,,,,,,,,,,,,,,,,,,,,,,,,,,,,,,,,,,,,,,,,,,,,,,,,,,,,,,,,,,,,,,,,,,,
,,,,,,,,Serp Sanity Check,,,,,,,,,,,,,,,,,,,,,,,,,,,,,,,,,,,,,,,,,,,,,,,,,,,,,,,,,,,,,,,,,,,,,,,,,,,,,,,,,,,,,,,,,,,,,,,,,,,,,,,,,,,,,,,,,,,,,,,,,,,,,,,,,,,,,,,,,,,,,,,
,,,,,,,,Google Aggregated Volume (WW) - Desktop,,,,,,,,,,,,,,,,,,,,,,,,,,,,,,,,,,,,,,,,,,,,,,,,881449.095,669985.068,570552.196,809385.831,926851.757,862969.851,759643.061,655500.845,616109.463,593078.849,530015.031,533239.709,507949.099,529243.946,502701.753,489314.37,426484.751,418322.885,402416.84,418622.864,364638.798,332526.74,324070.819,314665.707,296922.1398,300060.1785,335373.5837448,329483.2718646,281960.69976,318994.491789,308444.1660837,301826.145348,280218.986163,313945.0208091,306038.48426496,306760.88301687,278651.4439257,309400.49692719,303873.370628094,304523.529504813,277378.207743453,305709.207404109,302114.75707655,302706.239114645,276277.797457494,302518.964292666,300594.853331958,301135.623178812,275322.03679138,299748.080632125,299274.741884533,299771.465689379,274444.123428872,297202.887177538,298062.15433957,298518.419680059,273681.780336679,294992.748078097,297009.194243438,297430.32715271,,,,,,,,,,,,,2483313.89085714,2931372.19,3204965.514,2272443.052,2029209.168,1665847.34,1335902.064,1261839.1739094,1211225.5029807,1206963.37425393,1196448.8409858,1187908.41133876,1180527.23826093,1174116.32499742,1168227.58462604,1163114.04981092,1158630.24680829,1154682.22463595,1151192.2436065,1148095.6427033,1145338.37083301,1142875.02986703,1140667.3146503,1138682.76273477
,,,,,,,,% change Y/Y,,,,,,,,,,,,,,,,,,,,,,,,,,,,,,,,,,,,,,,,,,,,,,,,NA,NA,NA,NA,0.051509114091268,0.288043409051021,0.331417294203176,-0.190125623783004,-0.335266445419275,-0.312746733489302,-0.30228411445991,-0.186515603957764,-0.175553810638354,-0.107633079661554,-0.051533025296409,-0.0823744711030139,-0.160378959546102,-0.209583995883819,-0.199491870480905,-0.144470529242785,-0.145013280908606,-0.205095508939225,-0.194688723762157,-0.248331292769523,-0.185708867436536,-0.097635941999732,0.0348774529582065,0.0470898624634684,-0.0503884285963911,0.0631017197405286,-0.0802967763900919,-0.083940912569199,-0.00617715021448917,-0.015829335959945,-0.0077994077478748,0.016349603057682,-0.00559399011024975,-0.0144755405586553,-0.00707464501422483,-0.00729347721930351,-0.00456927896841053,-0.0119304576422514,-0.00578732367337553,-0.00596765180386361,-0.00396718363317483,-0.010435548011562,-0.00503088216973979,-0.00518858131377309,-0.00345941901560332,-0.00915937176705561,-0.00439166350585307,-0.00453004355656272,-0.00318867814846679,-0.00849110843085388,-0.00405175370740329,-0.00418000427905396,-0.00277777160125892,-0.00743646577740065,-0.00353268632331016,-0.00364497617438697,,,,,,,,,,,,,NA,0.180427573329526,0.0933328510563511,-0.29096177725674,-0.107036294610739,-0.179065733454246,-0.198064533332328,-0.0554403590550934,-0.0401110315602975,-0.00351885649392392,-0.00871155951574121,-0.00713814862322426,-0.00621358768687164,-0.00543055090618383,-0.0050154658835796,-0.00437717349120104,-0.00385499857332328,-0.00340749102935733,-0.00302246016695507,-0.00268990771992395,-0.00240160468146755,-0.00215075389833586,-0.00193172058102098,-0.00173981658810396
,,,,,,,,% change Q/Q,,,,,,,,,,,,,,,,,,,,,,,,,,,,,,,,,,,,,,,,,,,,,,,,NA,-0.239904979424819,-0.02,0.418600851375919,0.145129703907555,-0.0689235419985291,-0.119733951169054,-0.137093618498807,-0.0600935640288915,-0.0373807178481853,-0.106332940563187,0.00608412556511073,-0.0474282195664465,0.0419231908116842,-0.0501511509023478,-0.0266308659560214,-0.128403380019271,-0.0191375330087709,-0.0380233680019683,0.040271734155062,-0.128956324755353,-0.0880653901234065,-0.025429296302607,-0.0290217799585344,-0.0563886270581115,0.0105685574747432,0.117687743243144,-0.0175634342288634,-0.14423364147036,0.131343808057373,-0.0330736924206155,-0.0214561384633358,-0.0715880963860414,0.120355994102705,-0.0251844623105129,0.00236048336745953,-0.0916330622559335,0.110349519702072,-0.0178639864964297,0.00213957174126556,-0.0891403097997092,0.102138520149567,-0.0117577431117656,0.00195780584774674,-0.0873072247683058,0.0949810917730725,-0.00636029865171384,0.00179899902097391,-0.0857207995352433,0.0887180849212343,-0.00157912186324727,0.00165975852729394,-0.0844888361948061,0.0829267665283553,0.00289118039933101,0.00153077247093125,-0.0831996878785539,0.0778676889459047,0.00683557876754004,0.00141791202910224,,,,,,,,,,,,,,,,,,,,,,,,,,,,,,,,,,,,
,,,,,,,,% of total SERPs,,,,,,,,,,,,,,,,,,,,,,,,,,,,,,,,,,,,,,,,,,,,,,,,0.7,0.69,0.68,0.67,0.66,0.65,0.64,0.61,0.57,0.54,0.53,0.515,0.5025,0.49,0.48,0.48,0.461876,0.461876,0.45,0.45,0.376183411528489,0.376183411528489,0.376183411528489,0.376183411528489,0.376183411528489,0.376183411528489,0.376183411528489,0.376183411528489,0.376183411528489,0.376183411528489,0.376183411528489,0.376183411528489,0.376183411528489,0.376183411528489,0.376183411528489,0.376183411528489,0.181,0.181,0.181,0.181,0.165398969217219,0.165398969217219,0.165398969217219,0.165398969217219,0.15322477858299,0.15322477858299,0.15322477858299,0.15322477858299,0.14277273396098,0.14277273396098,0.14277273396098,0.14277273396098,0.14277273396098,0.14277273396098,0.14277273396098,0.14277273396098,0.125,0.125,0.125,0.125,,,,,,,,,,,,,0.67,0.685333702772054,0.64182740133215,0.539179313515696,0.478564546200354,0.386382478451887,0.296172186681425,0.253575485028373,0.220916651811424,0.200035061736746,0.181610888518714,0.166206881579216,0.15322477858299,0.14277273396098,0.132969843231663,0.125085800163391,0.118660163853931,0.113391788420242,0.10882026367693,0.104840105920091,0.101364027368388,0.0983194523823557,0.0956457477194712,0.0932920162236167
,,,,,,,,,,,,,,,,,,,,,,,,,,,,,,,,,,,,,,,,,,,,,,,,,,,,,,,,,,,,,,,,,,,,,,,,,,,,,,,,,,,,,,,,,,,,,,,,,,,,,,,,,,,,,,,,,,,,,,,,,,,,,,,,,,,,,,,,,,,,,,,,,,,,,,,
,,,,,,,,Google Aggregated Volume (WW) - Mobile,,,,,,,,,,,,,,,,,,,,,,,,,,,,,,,,,,,,,,,,,,,,,,,,377763.897857143,301007.784173913,268495.151058824,398652.722731343,477469.086939394,464676.073615385,427299.2218125,419090.704180328,464784.331736842,505215.315814815,470013.329377358,502177.201679612,502894.879109453,550845.739714286,544593.56575,612656.186049126,613531.752513532,661014.887657143,648066.3432425,722934.299537969,736238.103016239,793217.865188571,777679.611891,867521.159445563,861398.580528999,928064.902270628,909885.14591247,1014999.75655131,990608.367608349,1067274.63761122,1046367.91779934,1167249.720034,1119387.45539743,1206020.34050068,1182395.74711325,1318992.18363842,1250355.78767893,1347124.72033926,1320736.04952551,1473314.26912412,1382018.25212153,1488976.95339099,1459809.55554054,1628454.26166289,1512992.12187508,1630087.29926385,1598155.70711912,1782782.87204068,1634870.44575667,1761398.1666124,1726894.34102825,1926394.05490648,1766566.61707937,1903286.71522478,1866003.45122261,2081573.76480245,1886693.14704077,2032710.21186006,1992891.68590574,2223120.78080901,,,,,,,,,,,,,1223124.75221322,1345919.55582122,1788535.08654761,1942190.17860863,2210990.37062286,2645547.28295114,3174656.73954137,3714348.38526341,4271500.64305292,4826795.7266498,5391530.82666782,5959259.02271594,6524018.00029873,7049557.0083038,7617430.5483292,8135415.82561559,8605642.86033617,9028438.09406449,9427648.54126974,9802824.64326413,10153920.3560376,10481223.7845008,10785292.195812,11066892.8998749
,,,,,,,,% of total SERPs,,,,,,,,,,,,,,,,,,,,,,,,,,,,,,,,,,,,,,,,,,,,,,,,0.3,0.31,0.32,0.33,0.34,0.35,0.36,0.39,0.43,0.46,0.47,0.485,0.4975,0.51,0.52,0.555964206744027,0.589925016036584,0.612426345489456,0.616922149331444,0.633287865583022,0.668774231103046,0.704616181621142,0.705858232578208,0.733827438003863,0.743661548490935,0.7556762066029,0.73067959633007,0.754936830810871,0.778431908341848,0.769889926116284,0.77233435562542,0.794546930856075,0.799787298884834,0.793452516221443,0.79438897748167,0.811311515070381,0.817756621312205,0.81322318929877,0.812956045398676,0.828711297656253,0.832843919791162,0.829658681232227,0.828531364875827,0.843251641180126,0.845591883889408,0.843465805737404,0.841688076573604,0.855495488969642,0.855866861948843,0.854572143518274,0.852295277621006,0.865341789316213,0.865535189020842,0.864937836173788,0.862267505396566,0.874576950579347,0.87331746130339,0.873268731811926,0.870296047825402,0.881997898708259,,,,,,,,,,,,,,0.314666297227947,0.35817259866785,0.460820686484304,0.521435453799646,0.613617521548113,0.703827813318575,0.746424514971627,0.779083348188576,0.799964938263254,0.818389111481286,0.833793118420784,0.84677522141701,0.85722726603902,0.867030156768338,0.874914199836609,0.881339836146069,0.886608211579758,0.89117973632307,0.895159894079909,0.898635972631612,0.901680547617644,0.904354252280529,0.906707983776383
,,,,,,,,% change Y/Y,,,,,,,,,,,,,,,,,,,,,,,,,,,,,,,,,,,,,,,,,,,,,,,,NA,NA,NA,NA,0.26393519774607,0.54373440836636,0.591459734477234,0.0512676329135668,-0.0265666522703321,0.0872419401412621,0.0999629893629934,0.198254212442596,0.0819961964513649,0.0903187660213303,0.158676853848891,0.22,0.22,0.2,0.19,0.18,0.2,0.2,0.2,0.2,0.17,0.17,0.17,0.17,0.15,0.15,0.15,0.15,0.13,0.13,0.13,0.13,0.117,0.117,0.117,0.117,0.1053,0.1053,0.1053,0.1053,0.0947699999999999,0.09477,0.09477,0.09477,0.0805545,0.0805545,0.0805545,0.0805545,0.0805545,0.0805545,0.0805545,0.0805545,0.068,0.068,0.068,0.068,,,,,,,,,,,,,,0.100394341121631,0.328857344268483,0.0859111421502048,0.138400551591093,0.196544009463894,0.2,0.17,0.15,0.13,0.117,0.1053,0.09477,0.0805545000000001,0.0805544999999999,0.0680000000000001,0.0578000000000001,0.04913,0.044217,0.0397953,0.03581577,0.032234193,0.0290107737,0.02610969633
,,,,,,,,,,,,,,,,,,,,,,,,,,,,,,,,,,,,,,,,,,,,,,,,,,,,,,,,,,,,,,,,,,,,,,,,,,,,,,,,,,,,,,,,,,,,,,,,,,,,,,,,,,,,,,,,,,,,,,,,,,,,,,,,,,,,,,,,,,,,,,,,,,,,,,,
,,,,,,,,Mobile Ads per SERP,,,,,,,,,,,,,,,,,,,,,,,,,,,,,,,,,,,,,,,,,,,,,,,,1.2,1.23,1.26075,1.29226875,1.32457546875,1.35768985546875,1.39163210185547,1.42642290440185,1.4620834770119,1.4986355639372,1.9986355639372,2.04860145303563,2.09981648936152,2.15231190159556,2.50231190159556,2.56486969913544,2.364308,2.364308,2.364308,2.364308,2.364308,2.364308,2.364308,2.364308,2.364308,2.364308,2.364308,2.364308,2.364308,2.364308,2.364308,2.364308,2.364308,2.364308,2.364308,2.364308,2.364308,2.364308,2.364308,2.364308,2.38795108,2.38795108,2.38795108,2.38795108,2.4118305908,2.4118305908,2.4118305908,2.4118305908,2.435948896708,2.435948896708,2.435948896708,2.435948896708,2.435948896708,2.435948896708,2.435948896708,2.435948896708,2.435948896708,2.435948896708,2.435948896708,2.435948896708,,,,,,,,,,,,,1.1,1.24615766380232,1.37306432676714,1.75308961485524,2.34089895576324,2.364308,2.364308,2.364308,2.364308,2.364308,2.364308,2.38795108,2.4118305908,2.435948896708,2.435948896708,2.435948896708,2.46030838567508,2.48491146953183,2.50976058422715,2.53485819006942,2.56020677197011,2.58580883968981,2.61166692808671,2.63778359736758
,,,,,,,,Mobile Ads Served ,,,,,,,,,,,,,,,,,,,,,,,,,,,,,,,,,,,,,,,,,,,,,,,,453316.677428572,370239.574533913,338505.261697412,515166.45568813,632443.839646382,630885.991226658,594643.314172135,597800.579464722,679553.491806455,757133.639725845,939385.355618117,1028760.94504222,1055986.9595695,1185591.84153026,1362742.96110859,1571383.28758529,1450578.03072176,1562842.78700688,1532228.43985899,1709239.34787202,1740693.63686612,1875411.34440826,1838674.12783079,2051087.21744642,2036611.55513336,2194231.27295767,2151248.72956202,2399772.04441231,2342103.28840336,2523365.96390131,2473936.03899632,2759737.85107416,2646576.7158958,2851403.53920848,2795547.72406584,3118503.7717138,2956226.1916556,3185017.75329588,3122626.80778155,3483368.71300431,3300191.97773331,3555604.12394511,3485953.80474735,3888669.1128685,3649080.68317772,3931494.4140391,3854480.82329149,4299770.267542,3982460.85860147,4290675.92062296,4206626.36475904,4692597.4726743,4303266.00183568,4636309.17407079,4545489.04825902,5070607.31578684,4595888.08996051,4951578.1979076,4854582.30354064,5415408.61326034,,,,,,,,,,,,,1345437.22743454,1677227.96934803,2455773.7245099,3404833.43219263,5175705.04979364,6254888.60545965,7505866.32655158,8781863.60206535,10099143.1423752,11412031.7508839,12747239.4657373,14230419.0192943,15734826.1880503,17172360.6166578,18555671.5399523,19817457.2046691,21172535.29341,22434869.3718989,23661140.7108254,24848770.3327924,25996135.6575727,27102441.1127292,28167590.9375538,29192068.5651138
,,,,,,,,,,,,,,,,,,,,,,,,,,,,,,,,,,,,,,,,,,,,,,,,,,,,,,,,,,,,,,,,,,,,,,,,,,,,,,,,,,,,,,,,,,,,,,,,,,,,,,,,,,,,,,,,,,,,,,,,,,,,,,,,,,,,,,,,,,,,,,,,,,,,,,,
,,,,,,,,"Google SERPs Viewed (WW Total / Multi-Platform, MSe)",,,,,,,,,,,,,,,,,,,,,,,,,,,,,,,,,,,,,,,,,,,,,,,,1259212.99285714,970992.852173913,839047.347058824,1208038.55373134,1404320.84393939,1327645.92461538,1186942.2828125,1074591.54918033,1080893.79473684,1098294.16481482,1000028.36037736,1035416.91067961,1010843.97810945,1080089.68571429,1047295.31875,1101970.55604913,1040016.50351353,1079337.77265714,1050483.1832425,1141557.16353797,1100876.90101624,1125744.60518857,1101750.430891,1182186.86644556,1158320.720329,1228125.08077063,1245258.72965727,1344483.02841591,1272569.06736835,1386269.12940022,1354812.08388304,1469075.865382,1399606.44156043,1519965.36130978,1488434.23137821,1625753.0666553,1529007.23160463,1656525.21726645,1624609.4201536,1777837.79862893,1659396.45986498,1794686.16079509,1761924.31261709,1931160.50077754,1789269.91933258,1932606.26355652,1898750.56045108,2083918.49521949,1910192.48254805,2061146.24724452,2026169.08291278,2226165.52059586,2041010.74050825,2200489.60240231,2164065.60556218,2380092.18448251,2160374.92737745,2327702.95993816,2289900.88014918,2520551.10796172,,,,,,,,,,,,,3706438.64307036,4277291.74582122,4993500.60054761,4214633.23060863,4240199.53862286,4311394.62295114,4510558.80354137,4976187.55917281,5482726.14603362,6033759.10090373,6587979.66765362,7147167.4340547,7704545.23855966,8223673.33330121,8785658.13295524,9298529.87542652,9764273.10714446,10183120.3187004,10578840.7848762,10950920.2859674,11299258.7268706,11624098.8143678,11925959.5104623,12205575.6626097
,,,,,,,,% change Y/Y,,,,,,,,,,,,,,,,,,,,,,,,,,,,,,,,,,,,,,,,,,,,,,,,NA,NA,NA,NA,0.115236939187708,0.367307618838776,0.414630875090874,-0.110465849073136,-0.230308515748635,-0.172750697718605,-0.157475157083664,-0.036455375561624,-0.0648073075897749,-0.0165752306474275,0.047265617901882,0.0642771473819479,0.0288595728280836,-0.000696157983071211,0.0030439021691655,0.0359234711594942,0.0585186843642378,0.0429956531746156,0.0488034920180775,0.0355914747025654,0.0521800568798685,0.0909446735166966,0.130254815194592,0.137284693796604,0.0986327405132661,0.128768682527321,0.0879763792187369,0.0926696985627951,0.0998274886995301,0.0964432007278435,0.0986278090406445,0.106650177138775,0.092455126099541,0.0898440579191844,0.0914888853700264,0.0935472520968554,0.0852770513868051,0.0834040690045343,0.0845217876740543,0.0862411083096804,0.078265479413018,0.0768491482100242,0.0776572789501664,0.0791016564291032,0.0675820690377331,0.066511211368766,0.0671065094676955,0.0682593996371177,0.0684843329430844,0.0676047880367898,0.0680577567846215,0.0691443032706052,0.058482880320111,0.0578113877007025,0.0581476246670056,0.0590140686125384,,,,,,,,,,,,,NA,0.154016606700921,0.167444471241901,-0.155976224345215,0.00606608134453146,0.0167905032958429,0.0461948390272615,0.103230835892407,0.101792502962853,0.100503461269672,0.0918532804312462,0.0848800079251368,0.0779858327998839,0.0673794596134529,0.0683374420258536,0.0583760185873243,0.050087835169383,0.0428958927059822,0.0388604331276623,0.0351720484935487,0.0318090563904074,0.0287487963015365,0.0259685246069459,0.0234460088433248
,,,,,,,,% change Q/Q,,,,,,,,,,,,,,,,,,,,,,,,,,,,,,,,,,,,,,,,,,,,,,,,NA,-0.22888910956141,-0.135887205368899,0.43977399841138,0.16248015396676,-0.0545992887985064,-0.105979794156071,-0.0946555997364533,0.00586478235504595,0.0160981311602488,-0.0894712979323034,0.0353875466980751,-0.0237324041327761,0.0685028640466761,-0.0303626332128132,0.0522061316614915,-0.0562211505520771,0.0378083126669335,-0.0267336047580431,0.0866972282358229,-0.0356357647440554,0.0225889962350714,-0.0213140477751186,0.0730078548637485,-0.0201881333602707,0.0602634134195603,0.0139510617891545,0.0796816728889327,-0.0534881880452517,0.0893468692170898,-0.022691874795475,0.084339210476682,-0.0472878395585827,0.0859948312435299,-0.0207446371701494,0.0922572407851237,-0.0595083208114126,0.0833992037617717,-0.0192667137090241,0.0943170565026312,-0.0666210038144631,0.0815294621883929,-0.0182549177085584,0.0960519058330422,-0.0734742562246017,0.0801088436547379,-0.0175181586357562,0.0975209375182113,-0.0833650706925304,0.0790254207759804,-0.0169697634888867,0.0987066871021316,-0.0831720635211601,0.0781371987559236,-0.016552678458637,0.0998244130700527,-0.0923145996350674,0.077453237602527,-0.0162400789274173,0.100724983256707,,,,,,,,,,,,,,,,,,,,,,,,,,,,,,,,,,,,
,,,,,,,,,,,,,,,,,,,,,,,,,,,,,,,,,,,,,,,,,,,,,,,,,,,,,,,,,,,,,,,,,,,,,,,,,,,,,,,,,,,,,,,,,,,,,,,,,,,,,,,,,,,,,,,,,,,,,,,,,,,,,,,,,,,,,,,,,,,,,,,,,,,,,,,
,,,,,,,,Average Paid Clicks and CPCs,,,,,,,,,,,,,,,,,,,,,,,,,,,,,,,,,,,,,,,,,,,,,,,,,,,,,,,,,,,,,,,,,,,,,,,,,,,,,,,,,,,,,,,,,,,,,,,,,,,,,,,,,,,,,,,,,,,,,,,,,,,,,,,,,,,,,,,,,,,,,,,
,,,,,,,,Total Desktop and Mobile Paid Clicks,,,,,,,,,,,,,,,,,,,,,,,,,,,,,,,,,,,,,,,,,,,,,,,,21654.2669720739,20843.0283487409,21668.3493672988,24809.4886422485,27444.3577899084,26346.6178630666,26599.7452795752,28585.4297062558,29629.8273553355,28452.8312137444,29865.2395000364,32672.099790166,33753.3188766543,33564.9113492655,34364.2291767156,37437.4661748158,41025.142955208,38561.1287774405,42302.6471707661,47146.0621772013,52560.3128427899,47509.1478857667,49661.4492233806,55678.2724968177,59884.8888707921,55630.3245717554,59014.2398402176,66370.5688805739,67088.1007250888,68351.5415369689,72143.2959996791,83060.7189476133,83931.8372074707,94725.9380112955,97019.7489282103,108482.151615152,97398.3109302572,105669.20741884,104729.770860772,113229.563031209,105178.94045672,114283.649097704,111810.756123217,120397.73273893,112238.299659189,122101.118028931,116346.586569791,125299.785225831,116245.025340577,126546.182336212,120554.361811508,129847.515697148,119349.993507249,129994.895318508,123817.690794763,136391.625233651,122496.991532699,133489.851414529,127067.379196741,139864.773909951,,,,,,,,,,,,,59458.3336770238,88975.1333303621,108976.150638806,120619.997859282,139119.925577451,169034.981080616,205409.182448755,240900.022163339,290643.65720935,384159.675762128,421026.852241078,451671.078416571,475985.789483742,493193.085185445,509554.204854172,522918.99605392,533860.718281559,542756.042089511,549942.610929209,555715.08522133,560325.600884981,563986.736356816,566875.703967667,569138.949207478
,,,,,,,,% change Y/Y,,,,,,,,,,,,,,,,,,,,,,,,,,,,,,,,,,,,,,,,,,,,,,,,NA,NA,NA,NA,0.267387985254897,0.264049418454979,0.227585213284349,0.152197456322306,0.079632745723446,0.0799424564331024,0.122764116202592,0.142963395194854,0.139166910149962,0.179668592454577,0.150643013483076,0.145854304291888,0.215440268411153,0.148852394579147,0.231008178685683,0.259328341214409,0.281173179583463,0.232047644662339,0.173956065276689,0.180973975886842,0.139355639870529,0.170939220074324,0.188331004493394,0.192037143113004,0.120284298595567,0.228674146037112,0.222472681085255,0.25146914285263,0.251068912375438,0.385863959777143,0.344820022204723,0.306058423158749,0.160445358648576,0.115525585043445,0.0794685826106043,0.0437621428536856,0.0798846453511315,0.0815227244462997,0.0676119617587869,0.0633065209811394,0.0671176109192153,0.0684040892371531,0.0405670313290349,0.0407154883682943,0.0356983818674512,0.0364047797353302,0.0361658675666741,0.0362947986153444,0.026710546602539,0.0272526039002392,0.0270693563817872,0.0503984192640707,0.0263678106128993,0.026885333362183,0.026245751969034,0.0254645303210543,,,,,,,,,,,,,NA,0.496428302442393,0.224793338990354,0.106847664853468,0.153373636598398,0.215030703754296,0.21518741940635,0.172781174100813,0.206490786506791,0.321754892058143,0.0959683662940658,0.0727844934649122,0.0538327828126859,0.0361508601346403,0.0331738626517331,0.026228399397809,0.0209243158313392,0.0166622557220266,0.0132408822424726,0.010496503048506,0.00829654581324535,0.00653394288258968,0.0051224034620263,0.00399248940106234
,,,,,,,,% change Q/Q,,,,,,,,,,,,,,,,,,,,,,,,,,,,,,,,,,,,,,,,,,,,,,,,NA,-0.037463222577757,0.0395969820099433,0.144964400458219,0.106204089316577,-0.039998747110251,0.00960758674317219,0.0746505053266535,0.0365360136199422,-0.0397233546951161,0.0496403424911072,0.0939841882107189,0.0330930394260673,-0.00558189634854311,0.0238140902304989,0.0894312799014414,0.0958311858938161,-0.0600610747525668,0.0970282383308894,0.114494371637865,0.114839933932103,-0.0961022620267018,0.0453028823583412,0.121156820180034,0.0755522070878705,-0.0710457075108947,0.0608286091176302,0.124653457543022,0.0108109943400674,0.0188325619331116,0.0554743079299738,0.151329694556549,0.0104877283858673,0.128605558545596,0.0242152357112715,0.118145045865075,-0.102172021110121,0.0849182743477426,-0.0088903530272918,0.0811592740113696,-0.0711000056784661,0.0865639889644154,-0.0216382045376707,0.0767991999468267,-0.0677706539327712,0.0878739111309617,-0.0471292282334159,0.0769528262066332,-0.072264767804146,0.0886158953078207,-0.0473488841313654,0.0770868324131657,-0.0808449983316022,0.0891906358638581,-0.0475188237861987,0.101552002449556,-0.101873070851299,0.0897398356015522,-0.0481120635743612,0.100713454500356,,,,,,,,,,,,,,,,,,,,,,,,,,,,,,,,,,,,
,,,,,,,,,,,,,,,,,,,,,,,,,,,,,,,,,,,,,,,,,,,,,,,,,,,,,,,,,,,,,,,,,,,,,,,,,,,,,,,,,,,,,,,,,,,,,,,,,,,,,,,,,,,,,,,,,,,,,,,,,,,,,,,,,,,,,,,,,,,,,,,,,,,,,,,
,,,,,,,,Overall Search CPC,,,,,,,,,,,,,,,,,,,,,,,,,,,,,,,,,,,,,,,,,,,,,,,,0.48,0.51,0.51,0.5,0.4416,0.4692,0.4692,0.485,0.446016,0.473892,0.471546,0.485,0.44155584,0.46915308,0.46683054,0.481774828697141,0.427491889774902,0.489737356408826,0.459913725117261,0.465947507587263,0.42525429364242,0.495200728766991,0.468728878402087,0.468300104898133,0.418646893669293,0.475952583840817,0.459505665009841,0.454480035631359,0.404266354007221,0.34893713300434,0.402509803722709,0.433588948590157,0.424456186346471,0.42639442733652,0.429259091839547,0.448858209172149,0.457080069933263,0.432272118381949,0.416326436985001,0.420799221639551,0.425662627720658,0.414908826212593,0.431320030612964,0.439742651785192,0.449993323445147,0.433572558172908,0.460025276668151,0.468229402186021,0.472871464326966,0.463292779680991,0.502908856099236,0.52109957702004,0.539154050601944,0.521063063873252,0.55313502410081,0.553687896936515,0.571861908372459,0.549639871722928,0.597453403653306,0.600763644496695,,,,,,,,,,,,,0.661599971760892,0.499910406852087,0.466393748505063,0.469472308039989,0.465280274242557,0.460531298709907,0.463611015230916,0.451762081541338,0.399198274760711,0.433037936407275,0.430959123588185,0.428095322316026,0.453033679894981,0.490453408401739,0.54182629005593,0.580138071001601,0.62250084927008,0.666490258430822,0.713762930251475,0.770869550034584,0.831884126813988,0.897785236113505,0.970467699973439,1.05128416661957
,,,,,,,,% change Y/Y - reported,,,,,,,,,,,,,,,,,,,,,,,,,,,,,,,,,,,,,,,,,,,,,,,,NA,NA,NA,NA,-0.08,-0.08,-0.08,-0.03,0.01,0.01,0.005,0,-0.01,-0.01,-0.01,-0.00664983773785399,-0.0318508984618988,0.0438753943783679,-0.014816543242306,-0.0328521129936967,-0.0052342423002687,0.0111557190536307,0.0191669715501075,0.00504906083316481,-0.0155375267737631,-0.0388693792396061,-0.0196770752075022,-0.0295111385246858,-0.0343500450607246,-0.266865765937217,-0.124037341924635,-0.0459670071363644,0.0499419062188133,0.221980657848808,0.0664562399957476,0.0352159819378244,0.0768604266734898,0.0137846338240015,-0.0301278530854725,-0.0625119179269288,-0.0687350954006648,-0.0401675042895404,0.0360140320094606,0.0450177404602412,0.0571595769512954,0.04498273061743,0.0665520820222354,0.064780503517645,0.0508410673888755,0.0685472845267798,0.0932200503017573,0.112915110813598,0.140170408399074,0.124694980638465,0.0998713134446438,0.0625376057736102,0.0606651433555909,0.0548432806525439,0.0801221720221761,0.0850221719142577,,,,,,,,,,,,,NA,-0.24439173490056,-0.0670453302984357,0.00660077358410849,-0.00892924614645152,-0.0102066986191933,0.00668731208852758,-0.0255579209732014,-0.116352852371513,0.0847690578493798,-0.00480053280397785,-0.00664518075012566,0.0582542164769218,0.0825981161388101,0.104745691994683,0.0707086046742336,0.0730218897638277,0.0706656211189465,0.0709277760967608,0.0800078252354579,0.0791503267662697,0.0792190969575413,0.0809575173841963,0.083275792330173
,,,,,,,,% change Y/Y - ex FX,,,,,,,,,,,,,,,,,,,,,,,,,,,,,,,,,,,,,,,,,,,,,,,,,,,,-0.0679993806131929,-0.0896389228886169,-0.0884474220798135,-0.000198675496688762,0.0615831819361537,0.0791579409367358,0.0831808272270332,0.0557504873294347,0.024991443913377,-0.00797171998145573,-0.0050513894175866,-0.00593544996817261,-0.0275199546148259,0.0607272289409671,-0.0176805904990857,-0.0460684827428949,-0.0489304881731746,-0.0145017002939182,0.0301543390459764,0.0235727427477206,0.0170830344540029,-0.00491035054744211,-0.00722894242741919,-0.0212109042849465,-0.0249111502094629,-0.252614533398187,-0.122136060411511,-0.0521959816344653,0.0258402516596647,0.172890650798647,0.0517939914955418,0.0364462536521201,0.107829078371071,0.0510664696352491,0.0202422442762401,-0.00855904703413096,-0.0380047723646852,-0.0237651221413019,0.0298483398888099,0.0306846876514888,0.0616733116010152,0.0605985152938548,0.0795910816701824,0.067619108546031,0.0675410512476272,0.0634612587072334,0.0803954706126287,0.0998228220990882,0.0787514489098571,0.0998996689531852,0.0842783163552335,0.042886934982337,0.0597529772725152,0.0539904673747732,0.0793071454813852,0.0842784513139989,,,,,,,,,,,,,,-0.244762727633467,-0.0602355571121411,0.0702505328087663,0.00104507066720269,-0.0116220084829001,-0.0020514727889769,-0.00459483090712132,-0.112102186660422,0.065708864015043,0.0393080385580548,-0.000574524963733545,0.0671190609436322,0.0783669051725169,0.0755384758057625,0.069882231141671,0.0723171222036512,0.0700595517815513,0.0704023330744059,0.0795488690996205,0.0787466798568863,0.0788619305536136,0.080639681145326,0.082991444878445
,,,,,,,,Two-year ex FX % Growth,,,,,,,,,,,,,,,,,,,,,,,,,,,,,,,,,,,,,,,,,,,,,,,,,,,,,,,,-0.00641619867703926,-0.0104809819518811,-0.0052665948527803,0.0555518118327459,0.0865746258495307,0.0711862209552801,0.0781294378094466,0.0498150373612621,-0.00252851070144894,0.0527555089595113,-0.0227319799166723,-0.0520039327110675,-0.0764504427880005,0.0462255286470489,0.0124737485468907,-0.0224957399951742,-0.0318474537191717,-0.0194120508413603,0.0229253966185572,0.00236183846277414,-0.00782811575545995,-0.257524883945629,-0.129365002838931,-0.0734068859194118,0.000929101450201812,-0.0797238825995398,-0.0703420689159695,-0.0157497279823451,0.133669330030736,0.223957120433896,0.0720362357717819,0.0278872066179892,0.0698243060063856,0.0273013474939472,0.05009058416505,0.0221256406173579,0.02366853923633,0.0368333931525529,0.109439421558992,0.0983037961975199,0.129214362848642,0.124059774001088,0.159986552282811,0.167441930645119,0.146292500157484,0.163360927660419,0.164673786967862,0.142709757081425,0.138504426182372,0.153890136327958,0.163585461836619,0.127165386296336,,,,,,,,,,,,,,,-0.304998284745608,0.0100149756966252,0.071295603475969,-0.0105769378156974,-0.013673481271877,-0.00664630369609822,-0.116697017567544,-0.0463933226453793,0.105016902573098,0.0387335135943213,0.0665445359798987,0.145485966116149,0.153905380978279,0.145420706947434,0.142199353345322,0.142376673985202,0.140461884855957,,,,,
,,,,,,,,% change Q/Q,,,,,,,,,,,,,,,,,,,,,,,,,,,,,,,,,,,,,,,,,,,,,,,,NA,0.0625,0,-0.0196078431372549,-0.1168,0.0625,0,0.0336743393009378,-0.0803793814432989,0.0625,-0.00495049504950507,0.0285316808964555,-0.0895755876288659,0.0625,-0.00495049504950518,0.0320122344548,-0.112672841520251,0.145606193059476,-0.0608971949990859,0.013119379006278,-0.0873343311901338,0.164481431863886,-0.0534568081731543,-0.000914758026892115,-0.106028614363946,0.136883113282556,-0.0345557927183697,-0.0109370346465141,-0.110486000896348,-0.136863284452043,0.153531010750016,0.0772133860591857,-0.0210631804001979,0.00456641003806046,0.00671834414187944,0.0456580133192106,0.0183172783589678,-0.0542748485072563,-0.0368880636036262,0.0107434557529935,0.0115575453351771,-0.0252636731715181,0.0395537606422518,0.019527544687082,0.0233106150116233,-0.0364911309050573,0.0610110533902684,0.0178340755040478,0.00991407656006249,-0.0202564235074081,0.0855098075250034,0.0361710093194603,0.0346468782130864,-0.0335543926795955,0.0615510145531233,0.000999525995670991,0.0328235663746648,-0.0388590957435444,0.086990654044983,0.00554058412446556,,,,,,,,,,,,,,,,,,,,,,,,,,,,,,,,,,,,
,,,,,,,,,,,,,,,,,,,,,,,,,,,,,,,,,,,,,,,,,,,,,,,,,,,,,,,,,,,,,,,,,,,,,,,,,,,,,,,,,,,,,,,,,,,,,,,,,,,,,,,,,,,,,,,,,,,,,,,,,,,,,,,,,,,,,,,,,,,,,,,,,,,,,,,
,,,,,,,,Paid-Clicks Growth - Reported,,,,,,,,,,,,,,,,,,,,,,,,,,,,,,,,,,,,,,,,,,,,,,,,,,,,,,,0.25,0.25,0.3,0.35,0.4,0.38,0.37,0.42,0.43,0.53,0.61,0.55,0.48,0.59,0.58,0.62,0.66,0.39,0.28,0.18,0.07,0.12,0.08,0.27,0.3,0.25,0.26,0.22,0.19,0.16,0.12,0.08,0.07,0.08,0.08,0.07,0.06,0.05,0.06,0.04,0.05,0.02,0.04,0.07,,,,,,,,,,,,,,,,,,,,,,,,,,,,,,,,,,,,,,,,,,,,,
,,,,,,,,CPC Growth - Reported,,,,,,,,,,,,,,,,,,,,,,,,,,,,,,,,,,,,,,,,,,,,,,,,,,,,,,,-0.08,-0.13,-0.16,-0.16,-0.16,-0.12,-0.09,-0.13,-0.16,-0.21,-0.26,-0.21,-0.16,-0.19,-0.22,-0.28,-0.29,-0.19,-0.11,-0.02,0.09,-0.04,-0.15,-0.15,-0.05,0.03,0.31,0.18,0.08,0.08,0,-0.05,-0.07,-0.07,-0.03,0.04,0.08,0.08,0.07,0.08,0.07,0.07,0.08,0.07,,,,,,,,,,,,,,,,,,,,,,,,,,,,,,,,,,,,,,,,,,,,,
,,,,,,,,,,,,,,,,,,,,,,,,,,,,,,,,,,,,,,,,,,,,,,,,,,,,,,,,,,,,,,,,,,,,,,,,,,,,,,,,,,,,,,,,,,,,,,,,,,,,,,,,,,,,,,,,,,,,,,,,,,,,,,,,,,,,,,,,,,,,,,,,,,,,,,,
,,,,,,,,,,,,,,,,,,,,,,,,,,,,,,,,,,,,,,,,,,,,,,,,,,,,,,,,,,,,,,,,,,,,,,,,,,,,,,,,,,,,,,,,,,,,,,,,,,,,,,,,,,,,,,,,,,,,,,,,,,,,,,,,,,,,,,,,,,,,,,,,,,,,,,,
,,,,,,,,,,,,,,,,,,,,,,,,,,,,,,,,,,,,,,,,,,,,,,,,,,,,,,,,,,,,,,,,,,,,,,,,,,,,,,,,,,,,,,,,,,,,,,,,,,,,,,,,,,,,,,,,,,,,,,,,,,,,,,,,,,,,,,,,,,,,,,,,,,,,,,,
,,,,,,,,,,,,,,,,,,,,,,,,,,,,,,,,,,,,,,,,,,,,,,,,,,,,,,,,,,,,,,,,,,,,,,,,,,,,,,,,,,,,,,,,,,,,,,,,,,,,,,,,,,,,,,,,,,,,,,,,,,,,,,,,,,,,,,,,,,,,,,,,,,,,,,,
,,,,,,,,,,,,,,,,,,,,,,,,,,,,,,,,,,,,,,,,,,,,,,,,,,,,,,,,,,,,,,,,,,,,,,,,,,,,,,,,,,,,,,,,,,,,,,,,,,,,,,,,,,,,,,,,,,,,,,,,,,,,,,,,,,,,,,,,,,,,,,,,,,,,,,,
,,,,,,,,,,,,,,,,,,,,,,,,,,,,,,,,,,,,,,,,,,,,,,,,,,,,,,,,,,,,,,,,,,,,,,,,,,,,,,,,,,,,,,,,,,,,,,,,,,,,,,,,,,,,,,,,,,,,,,,,,,,,,,,,,,,,,,,,,,,,,,,,,,,,,,,
,,,,,,,,,,,,,,,,,,,,,,,,,,,,,,,,,,,,,,,,,,,,,,,,,,,,,,,,,,,,,,,,,,,,,,,,,,,,,,,,,,,,,,,,,,,,,,,,,,,,,,,,,,,,,,,,,,,,,,,,,,,,,,,,,,,,,,,,,,,,,,,,,,,,,,,
,,,,,,,,,,,,,,,,,,,,,,,,,,,,,,,,,,,,,,,,,,,,,,,,,,,,,,,,,,,,,,,,,,,,,,,,,,,,,,,,,,,,,,,,,,,,,,,,,,,,,,,,,,,,,,,,,,,,,,,,,,,,,,,,,,,,,,,,,,,,,,,,,,,,,,,
,,,,,,,,,,,,,,,,,,,,,,,,,,,,,,,,,,,,,,,,,,,,,,,,,,,,,,,,,,,,,,,,,,,,,,,,,,,,,,,,,,,,,,,,,,,,,,,,,,,,,,,,,,,,,,,,,,,,,,,,,,,,,,,,,,,,,,,,,,,,,,,,,,,,,,,
,,,,,,,,,,,,,,,,,,,,,,,,,,,,,,,,,,,,,,,,,,,,,,,,,,,,,,,,,,,,,,,,,,,,,,,,,,,,,,,,,,,,,,,,,,,,,,,,,,,,,,,,,,,,,,,,,,,,,,,,,,,,,,,,,,,,,,,,,,,,,,,,,,,,,,,
,,,,,,,,,,,,,,,,,,,,,,,,,,,,,,,,,,,,,,,,,,,,,,,,,,,,,,,,,,,,,,,,,,,,,,,,,,,,,,,,,,,,,,,,,,,,,,,,,,,,,,,,,,,,,,,,,,,,,,,,,,,,,,,,,,,,,,,,,,,,,,,,,,,,,,,
,,,,,,,,,,,,,,,,,,,,,,,,,,,,,,,,,,,,,,,,,,,,,,,,,,,,,,,,,,,,,,,,,,,,,,,,,,,,,,,,,,,,,,,,,,,,,,,,,,,,,,,,,,,,,,,,,,,,,,,,,,,,,,,,,,,,,,,,,,,,,,,,,,,,,,,
,,,,,,,,,,,,,,,,,,,,,,,,,,,,,,,,,,,,,,,,,,,,,,,,,,,,,,,,,,,,,,,,,,,,,,,,,,,,,,,,,,,,,,,,,,,,,,,,,,,,,,,,,,,,,,,,,,,,,,,,,,,,,,,,,,,,,,,,,,,,,,,,,,,,,,,
,,,,,,,,,,,,,,,,,,,,,,,,,,,,,,,,,,,,,,,,,,,,,,,,,,,,,,,,,,,,,,,,,,,,,,,,,,,,,,,,,,,,,,,,,,,,,,,,,,,,,,,,,,,,,,,,,,,,,,,,,,,,,,,,,,,,,,,,,,,,,,,,,,,,,,,
,,,,,,,,,,,,,,,,,,,,,,,,,,,,,,,,,,,,,,,,,,,,,,,,,,,,,,,,,,,,,,,,,,,,,,,,,,,,,,,,,,,,,,,,,,,,,,,,,,,,,,,,,,,,,,,,,,,,,,,,,,,,,,,,,,,,,,,,,,,,,,,,,,,,,,,
,,,,,,,,,,,,,,,,,,,,,,,,,,,,,,,,,,,,,,,,,,,,,,,,,,,,,,,,,,,,,,,,,,,,,,,,,,,,,,,,,,,,,,,,,,,,,,,,,,,,,,,,,,,,,,,,,,,,,,,,,,,,,,,,,,,,,,,,,,,,,,,,,,,,,,,
,,,,,,,,,,,,,,,,,,,,,,,,,,,,,,,,,,,,,,,,,,,,,,,,,,,,,,,,,,,,,,,,,,,,,,,,,,,,,,,,,,,,,,,,,,,,,,,,,,,,,,,,,,,,,,,,,,,,,,,,,,,,,,,,,,,,,,,,,,,,,,,,,,,,,,,
,,,,,,,,,,,,,,,,,,,,,,,,,,,,,,,,,,,,,,,,,,,,,,,,,,,,,,,,,,,,,,,,,,,,,,,,,,,,,,,,,,,,,,,,,,,,,,,,,,,,,,,,,,,,,,,,,,,,,,,,,,,,,,,,,,,,,,,,,,,,,,,,,,,,,,,
,,,,,,,,,,,,,,,,,,,,,,,,,,,,,,,,,,,,,,,,,,,,,,,,,,,,,,,,,,,,,,,,,,,,,,,,,,,,,,,,,,,,,,,,,,,,,,,,,,,,,,,,,,,,,,,,,,,,,,,,,,,,,,,,,,,,,,,,,,,,,,,,,,,,,,,
,,,,,,,,,,,,,,,,,,,,,,,,,,,,,,,,,,,,,,,,,,,,,,,,,,,,,,,,,,,,,,,,,,,,,,,,,,,,,,,,,,,,,,,,,,,,,,,,,,,,,,,,,,,,,,,,,,,,,,,,,,,,,,,,,,,,,,,,,,,,,,,,,,,,,,,
,,,,,,,,,,,,,,,,,,,,,,,,,,,,,,,,,,,,,,,,,,,,,,,,,,,,,,,,,,,,,,,,,,,,,,,,,,,,,,,,,,,,,,,,,,,,,,,,,,,,,,,,,,,,,,,,,,,,,,,,,,,,,,,,,,,,,,,,,,,,,,,,,,,,,,,
,,,,,,,,,,,,,,,,,,,,,,,,,,,,,,,,,,,,,,,,,,,,,,,,,,,,,,,,,,,,,,,,,,,,,,,,,,,,,,,,,,,,,,,,,,,,,,,,,,,,,,,,,,,,,,,,,,,,,,,,,,,,,,,,,,,,,,,,,,,,,,,,,,,,,,,
,,,,,,,,,,,,,,,,,,,,,,,,,,,,,,,,,,,,,,,,,,,,,,,,,,,,,,,,,,,,,,,,,,,,,,,,,,,,,,,,,,,,,,,,,,,,,,,,,,,,,,,,,,,,,,,,,,,,,,,,,,,,,,,,,,,,,,,,,,,,,,,,,,,,,,,
,,,,,,,,,,,,,,,,,,,,,,,,,,,,,,,,,,,,,,,,,,,,,,,,,,,,,,,,,,,,,,,,,,,,,,,,,,,,,,,,,,,,,,,,,,,,,,,,,,,,,,,,,,,,,,,,,,,,,,,,,,,,,,,,,,,,,,,,,,,,,,,,,,,,,,,
