,,,,,,,,,,,,,,,,,,,,,,,,,,,,,,,,,,,,,,,,,,,,,,,,,,,,,,,,,,,,,,,,,,,,,,,,,,,,,,,,,,,,,,,,,,,,,,,,,,,,,,,,,,,,
,,,,,,,,300.784424583054,,,,,,,,,,,,,,,,,,,,,,,,,,,,,,,,,,,,,,,,,,,,,,,,,,,,,0.103461063040791,0.130786101812305,,,,,,,,,,,,,,,,,,,,,,,,,,,,,,,,,,,,,,,,,,,,,,
,,,,,,,,,,,,,,,,,,,,,,,,,,,,,,,,,,,,,,,,,,,,,,,,,,,,,,,,,,,,,,,,,,,,,,,,,,,,,,,,,,,,,,,,,,,,,,,,,,,,,,,,,,,,
,,,,,,,,,,,,,2013-Q1,2013-Q2,2013-Q3,2013-Q4,2014-Q1,2014-Q2,2014-Q3,2014-Q4,2015-Q1,2015-Q2,2015-Q3,2015-Q4,2016-Q1,2016-Q2,2016-Q3,2016-Q4,2017-Q1,2017-Q2,2017-Q3,2017-Q4,2018-Q1,2018-Q2,2018-Q3,2018-Q4,2019-Q1,2019-Q2,2019-Q3,2019-Q4,2020-Q1,2020-Q2,2020-Q3,2020-Q4,2021-Q1,2021-Q2,2021-Q3,2021-Q4,2022-Q1,2022-Q2,2022-Q3,2022-Q4,2023-Q1,2023-Q2,2023-Q3,2023-Q4,2024-Q1,2024-Q2,2024-Q3,2024-Q4,2025-Q1,2025-Q2,2025-Q3,2025-Q4,2026-Q1,2026-Q2,2026-Q3,2026-Q4,2027-Q1,2027-Q2,2027-Q3,2027-Q4,2028-Q1,2028-Q2,2028-Q3,2028-Q4,,,,,,2009-FY,2010-FY,2011-FY,2012-FY,2013-FY,2014-FY,2015-FY,2016-FY,2017-FY,2018-FY,2019-FY,2020-FY,2021-FY,2022-FY,2023-FY,2024-FY,2025-FY,2026-FY,2027-FY,2028-FY,2029-FY,2030-FY,2031-FY,2032-FY,2033-FY,2034-FY,2035-FY
,,,,,,,,Period-End Date,,,,,2013-03-31 00:00:00,2013-06-30 00:00:00,2013-09-30 00:00:00,2013-12-31 00:00:00,2014-03-31 00:00:00,2014-06-30 00:00:00,2014-09-30 00:00:00,2014-12-31 00:00:00,2015-03-31 00:00:00,2015-06-30 00:00:00,2015-09-30 00:00:00,2015-12-31 00:00:00,2016-03-31 00:00:00,2016-06-30 00:00:00,2016-09-30 00:00:00,2016-12-31 00:00:00,2017-03-31 00:00:00,2017-06-30 00:00:00,2017-09-30 00:00:00,2017-12-31 00:00:00,2018-03-31 00:00:00,2018-06-30 00:00:00,2018-09-30 00:00:00,2018-12-31 00:00:00,2019-03-31 00:00:00,2019-06-30 00:00:00,2019-09-30 00:00:00,2019-12-31 00:00:00,2020-03-31 00:00:00,2020-06-30 00:00:00,2020-09-30 00:00:00,2020-12-31 00:00:00,2021-03-31 00:00:00,2021-06-30 00:00:00,2021-09-30 00:00:00,2021-12-31 00:00:00,2022-03-31 00:00:00,2022-06-30 00:00:00,2022-09-30 00:00:00,2022-12-31 00:00:00,2023-03-31 00:00:00,2023-06-30 00:00:00,2023-09-30 00:00:00,2023-12-31 00:00:00,2024-03-31 00:00:00,2024-06-30 00:00:00,2024-09-30 00:00:00,2024-12-31 00:00:00,2025-03-31 00:00:00,2025-06-30 00:00:00,2025-09-30 00:00:00,2025-12-31 00:00:00,2026-03-31 00:00:00,2026-06-30 00:00:00,2026-09-30 00:00:00,2026-12-31 00:00:00,2027-03-31 00:00:00,2027-06-30 00:00:00,2027-09-30 00:00:00,2027-12-31 00:00:00,2028-03-31 00:00:00,2028-06-30 00:00:00,2028-09-30 00:00:00,2028-12-31 00:00:00,,,,,,2009-12-31 00:00:00,2010-12-31 00:00:00,2011-12-31 00:00:00,2012-12-31 00:00:00,2013-12-31 00:00:00,2014-12-31 00:00:00,2015-12-31 00:00:00,2016-12-31 00:00:00,2017-12-31 00:00:00,2018-12-31 00:00:00,2019-12-31 00:00:00,2020-12-31 00:00:00,2021-12-31 00:00:00,2022-12-31 00:00:00,2023-12-31 00:00:00,2024-12-31 00:00:00,2025-12-31 00:00:00,2026-12-31 00:00:00,2027-12-31 00:00:00,2028-12-31 00:00:00,2029-12-31 00:00:00,2030-12-31 00:00:00,2031-12-31 00:00:00,2032-12-31 00:00:00,2033-12-31 00:00:00,2034-12-31 00:00:00,2035-12-31 00:00:00
,,,,,,,,Morgan Stanley | YouTube Revenue estimates,,,,,2013-12-31 00:00:00,,,,2014-12-31 00:00:00,,,,2015-12-31 00:00:00,,,,2016-12-31 00:00:00,,,,2017-12-31 00:00:00,,,,2018-12-31 00:00:00,,,,2019-12-31 00:00:00,,,,2020-12-31 00:00:00,,,,2021-12-31 00:00:00,,,,2022-12-31 00:00:00,,,,2023-12-31 00:00:00,,,,2024-12-31 00:00:00,,,,2025-12-31 00:00:00,,,,2026-12-31 00:00:00,,,,2027-12-31 00:00:00,,,,2028-12-31 00:00:00,,,,,,,,,,,,,,,,,,,,,,,,,,,,,,,,,,,
,,,,,,,,(In millions),,,,,1,2,3,4,1,2,3,4,1,2,3,4,1,2,3,4,1,2,3,4,1,2,3,4,1,2,3,4,1,2,3,4,1,2,3,4,1,2,3,4,1,2,3,4,1,2,3,4,1,2,3,4,1,2,3,4,1,2,3,4,1,2,3,4,,,,,,2009-12-31 00:00:00,2010-12-31 00:00:00,2011-12-31 00:00:00,2012-12-31 00:00:00,2013-12-31 00:00:00,2014-12-31 00:00:00,2015-12-31 00:00:00,2016-12-31 00:00:00,2017-12-31 00:00:00,2018-12-31 00:00:00,2019-12-31 00:00:00,2020-12-31 00:00:00,2021-12-31 00:00:00,2022-12-31 00:00:00,2023-12-31 00:00:00,2024-12-31 00:00:00,2025-12-31 00:00:00,2026-12-31 00:00:00,2027-12-31 00:00:00,2028-12-31 00:00:00,2029-12-31 00:00:00,2030-12-31 00:00:00,2031-12-31 00:00:00,2032-12-31 00:00:00,2033-12-31 00:00:00,2034-12-31 00:00:00,2035-12-31 00:00:00
,,,,,,,,Gross YouTube revenue,,,,,322.535481122172,370.34463840095,464.804213148217,568.319958028713,502.301210708586,561.719894970569,719.474736772347,882.469150312089,751.314223978601,843.901752985988,1076.04168465633,1321.31843025165,1096.18865847032,1252.42815536869,1598.99783413961,1975.42599696349,1577.4650691534,1697.56839159461,2185.40479828456,2687.58292181883,2162.135,2348.1275,3039.7375,3605,3025,3603,3804,4717,4038,3812,5037,6885,6005,7002,7205,8633,6869,7340,7071,7963,6693,7665,7952,9200,8090,8663,8921,10473,8927,9796,10261,11383,9975.33538757357,10761.4841588854,10872.7516636253,12621.7018382128,11092.7827347364,11939.6402261212,12388.2186772541,13700.8088628261,,,,,,,,,,81.2999267004662,200.399490199836,494.482801975589,1049.22164833135,1726.00429070005,2665.96499276359,3992.57609187257,5923.04064494211,8150,11155,15149,19772,28845,29243,31510,36147,40367,44231.273048297,49121.4505009377,54461.4516846282,59968.2515048547,65627.9861781647,71415.1225345831,77304.9878364689,83274.0775769603,89300.2844626222,95363.0527269915
,,,,,,,,Abs. Y/Y Change,,,,,,,,,179.765729586413,191.375256569619,254.67052362413,314.149192283375,249.013013270015,282.181858015419,356.566947883985,438.849279939557,344.87443449172,408.526402382703,522.95614948328,654.107566711842,481.276410683078,445.140236225918,586.40696414495,712.156924855337,584.669930846601,650.559108405392,854.332701715439,917.417078181175,862.865,1254.8725,764.2625,1112,1013,209,1233,2168,1967,3190,2168,1748,864,338,-134,-670,-176,325,881,1237,1397,998,969,1273,837,1133,1340,910,1048.33538757357,965.484158885389,611.751663625257,1238.70183821282,1117.44734716278,1178.15606723578,1515.46701362886,1079.10702461325,,,,,,,,,,,119.099563499369,294.083311775753,554.738846355758,676.782642368705,939.960702063538,1326.61109910898,1930.46455306954,2226.95935505789,3005,3994,4623,9073,398,2267,4637,4220,3864.27304829704,4890.17745264067,5340.00118369046,5506.7998202265,5659.73467331004,5787.13635641843,5889.8653018858,5969.08974049139,6026.20688566186,6062.76826436931
,,,,,,,,Sequential Change,,,,,,47.8091572787777,94.4595747472666,103.515744880496,-66.0187473201273,59.4186842619833,157.754841801778,162.994413539742,-131.154926333488,92.5875290073872,232.139931670344,245.276745595314,-225.129771781325,156.23949689837,346.569678770921,376.428162823876,-397.960927810089,120.103322441209,487.836406689953,502.178123534264,-525.447921818825,185.9925,691.61,565.2625,-580,578,201,913,-679,-226,1225,1848,-880,997,203,1428,-1764,471,-269,892,-1270,972,287,1248,-1110,573,258,1552,-1546,869,465,1122,-1407.66461242643,786.148771311817,111.267504739868,1748.95017458756,-1528.91910347646,846.85749138481,448.578451132948,1312.59018557195,,,,,,,,,,,,,,na,na,na,na,na,na,na,na,na,na,na,na,na,na,na,na,na,na,na,na,na,na,na
,,,,,,,,% change Y/Y,,,,,NA,NA,NA,NA,0.557351795718625,0.5167490945621,0.547909240966628,0.552768186028589,0.495744401887341,0.50235332688404,0.495593423451654,0.49729702141356,0.459028224789129,0.484092373238008,0.485999898461464,0.495041582510332,0.439045238211712,0.355421773550657,0.366734057810956,0.36050802507916,0.370638908131503,0.383229984504065,0.390926524178061,0.341353961856668,0.399080075943454,0.534414123594226,0.251423848276372,0.308460471567268,0.334876033057851,0.0580072162087149,0.324132492113565,0.459614161543354,0.487122337790986,0.836831059811123,0.430414929521541,0.253885257806826,0.143880099916736,0.048271922307912,-0.0185981956974324,-0.0776091740993861,-0.0256223613335275,0.0442779291553133,0.124593409701598,0.155343463518774,0.208725534140146,0.130202217873451,0.121856136820925,0.138369565217391,0.103461063040791,0.130786101812305,0.150207375854725,0.0868900983481333,0.117434231833043,0.0985590198943844,0.0596191076527879,0.108820331917141,0.112021030245741,0.109478957534218,0.139382104964178,0.0854961587942287,,,,,,,,,,,1.46494060121565,1.46748532884239,1.12185670389229,0.645033052306004,0.544587697219628,0.497610097173026,0.483513528270449,0.375982453701304,0.368711656441718,0.358045719408337,0.305168657997228,0.458881246206757,0.0137978852487433,0.077522825975447,0.147159631862901,0.116745511384071,0.0957285170633695,0.110559274369087,0.108710168963527,0.101113717131797,0.0943788509967123,0.0881809223995949,0.0824736427362931,0.0772148073177168,0.0723659398099312,0.0678919255504384
,,,,,,,,Two-year Y/Y % Growth,,,,,,,,,,,,,1.05309619760597,1.01910242144614,1.04350266441828,1.05006520744215,0.954772626676471,0.986445700122049,0.981593321913118,0.992338603923892,0.898073463000841,0.839514146788666,0.85273395627242,0.855549607589492,0.809684146343215,0.738651758054722,0.757660581989017,0.701861986935828,0.769718984074957,0.91764410809829,0.642350372454433,0.649814433423935,0.733956109001305,0.59242133980294,0.575556340389937,0.768074633110621,0.821998370848837,0.894838276019838,0.754547421635105,0.71349941935018,0.631002437707722,0.885102982119035,0.411816733824108,0.17627608370744,0.118257738583209,0.0925498514632253,0.105995214004166,0.0777342894193882,0.183103172806619,0.174480147028764,0.246449546522524,0.293713028736166,0.312186597180937,0.260988319685756,0.27206351267565,0.225259663565525,0.220895294873834,0.22934512170669,0.209826483507513,0.195710430265274,0.229455262078783,0.208037977428603,0.199001212616966,0.19431649071137,,,,,,,,,,,,2.93242593005804,2.58934203273468,1.76688975619829,1.18962074952563,1.04219779439265,0.981123625443475,0.859495981971753,0.744694110143022,0.726757375850055,0.663214377405565,0.764049904203985,0.4726791314555,0.0913207112241903,0.224682457838348,0.263905143246971,0.21247402844744,0.206287791432456,0.219269443332614,0.209823886095323,0.195492568128509,0.182559773396307,0.170654565135888,0.15968845005401,0.149580747127648,0.14025786536037
,,,,,,,,% change Q/Q,,,,,NA,0.148229140907038,0.255058572347957,0.222708275769194,-0.116164752596621,0.118292934588317,0.280842539518817,0.226546402825699,-0.148622675690254,0.123234095738382,0.275079333404582,0.227943535174152,-0.170382677352384,0.142529751326195,0.276718211168686,0.235415054846791,-0.201455751023734,0.0761369140843589,0.287373639321656,0.229787233892984,-0.195509473420536,0.0860226119090621,0.294536817102138,0.185957669042146,-0.160887656033287,0.191074380165289,0.0557868442964196,0.240010515247108,-0.143947424210303,-0.0559683011391778,0.321353620146905,0.366885050625372,-0.127814088598402,0.166028309741882,0.028991716652385,0.198195697432339,-0.204332213598981,0.068568932886883,-0.0366485013623978,0.126149059538962,-0.159487630290092,0.145226355894218,0.0374429223744293,0.156941649899396,-0.120652173913044,0.0708281829419035,0.0297818307745585,0.173971527855622,-0.147617683567268,0.0973451327433628,0.0474683544303798,0.109346067634734,-0.123663762841643,0.0788092571094035,0.0103394200183808,0.160856260558094,-0.121134148395709,0.0763431062913482,0.0375705165848768,0.105954715505788,,,,,,,,,,,,,,,,,,,,,,,,,,,,,,,,,,,,
,,,,,,,,% of total gross advertising revenue,,,,,0.0270992674443096,0.0307059645469654,0.0371130799383757,0.0404210496464234,0.035886347839436,0.0387446471906862,0.0485475530885524,0.0541093353554533,0.0484468805763864,0.0526681490972969,0.0641226199068191,0.0692587498821494,0.0608317790494074,0.0654248631546096,0.0806719052590491,0.0881925977482695,0.0735198568177368,0.0747169839255398,0.0906204455489695,0.0985015257185122,0.0805807945715735,0.0834992802325965,0.104856209074964,0.110861676609878,0.098898224735999,0.110882008986274,0.112557699135992,0.124347551009648,0.119598376921482,0.127632504101517,0.135786494136676,0.149029199766229,0.134388147882911,0.138807390373483,0.135610766045549,0.140972256241937,0.125665465322625,0.130400795906765,0.129785984361808,0.134870092476542,0.122699274033878,0.131830142923482,0.133317685717639,0.140421569974205,0.131205501224477,0.134068961247988,0.135466334619006,0.144532921157588,0.133467892651566,0.137314269694421,0.138321964897145,0.1383379514851,0.129144978640928,0.132295198361186,0.131632241594594,0.138203968863857,0.132028749161641,0.135499396163457,0.135399840215296,0.135831880353862,,,,,,,,,,0.00355195171842383,0.00709730451196471,0.0135359777168867,0.0240173430465446,0.0337955100779302,0.0447129510392391,0.0592458241856739,0.0746134644060077,0.085271561149649,0.0957831377027503,0.112372135804942,0.13457297650486,0.13768693585111,0.130274019592557,0.132475667948961,0.136615140405911,0.136980769687571,0.133021611075785,0.13476640872661,0.136610639712943,0.138339283447621,0.139672058426816,0.139624393746856,0.139262851036276,0.138491957724408,0.137144847383033,0.135183848660129
,,,,,,,,,,,,,,,,,,,,,,,,,,,,,,,,,,,,,,,,,,,,,,,,,,,,,,,,,,,,,,,,,,,,,,,,,,,,,,,,,,,,,,,,,,,,,,,,,,,,,,,,,,,,
,,,,,,,,WW Video advertising ex-China (Magna),,,,,,,,,,,,,,,,,,,,,,,,,,,,,,,,,,,,,,,,,,,,,,,,,,,,,,,,,,,,,,,,,,,,,,,,,,1509.3347084473,2246.54330555964,3349.84343150441,4911.30385115254,6535.22477267585,8790.69495412507,12694.9446143569,16751.5099981475,21814.5412045544,27349.901117691,33313.6632408042,39598.568722961,46264.3376491928,53128.0166397722,60221.7805005658,67458.6247392604,74754.4701985455,82030.8912293721,89217.1126082431,96251.2984026459,103081.205205399,109664.30104636,115967.463125358,121966.366488581,127644.666106154,132993.060189232,138008.305918761
,,,,,,,,% change Y/Y,,,,,,,,,,,,,,,,,,,,,,,,,,,,,,,,,,,,,,,,,,,,,,,,9176,8001.0989010989,8663,8709,10129,8927,9796,10219.5,11800.285,10355.32,11069.48,11343.645,12980.3135,12012.1712,12508.5124,12591.44595,14278.34485,,,,,,,,,,,0.488432812805797,0.491110108233561,0.466129373379963,0.330649654499023,0.345125111974644,0.444134358046372,0.319541794550484,0.302243272813422,0.253746336502416,0.218054248073882,0.188658492364741,0.168333582278358,0.14835787864563,0.133522090781066,0.12016988170296,0.108152893532663,0.0973376041793971,0.0876038437614574,0.0788434593853117,0.0709591134467805,0.0638632021021025,0.0574768818918922,0.051729193702703,0.0465562743324327,0.0419006468991894,0.0377105822092705
,,,,,,,,YouTube % of WW Video advertising,,,,,,,,,,,,,,,,,,,,,,,,,,,,,,,,,,,,,,,,,,,,,,,,,,,,0.103857890148213,0.115721741519022,0.130786101812305,0.173441267654151,0.165,0.16,0.13,0.11,0.1,0.16,0.13,0.11,0.1,,,,,,,,,,,,0.147613705561611,0.213634032861788,0.264107869390595,0.303271243818166,0.314501261183708,0.353582491703561,0.373604006775924,0.407862534931963,0.454738342358122,0.499310976069075,0.623482394122275,0.550425215348777,0.523232620126599,0.535839562987158,0.539994463110855,0.539202639218182,0.55058328010045,0.56582563132604,0.581757376481602,0.598444393954792,0.615820339687735,0.633822176244846,0.652389795181154,0.671465746675497,0.690995024481551
,,,,,,,,,,,,,,,,,,,,,,,,,,,,,,,,,,,,,,,,,,,,,,,,,,,,,,,,,,,,,,,,,,,,,,,,,,,,,,,,,,,,,,,,,,,,,,,,,,,,,,,,,,,,
,,,,,,,,Revenue Roll-up,,,,,,,,,,,,,,,,,,,,,,,,,,,,,,,,,,,,,,,,,,,,,,,,,,,,,,,,,,,,,,,,,,,,,,,,,,,,,,,,3992.57609187257,,,,,,,,,,,,,,,,,,,,
,,,,,,,,Gross YouTube revenue - desktop contribution,,,,,247.589477209966,286.206911114572,355.091917985629,435.401026234767,335.206504862401,359.004329762884,479.712100562845,600.847164182367,412.360081548179,461.593619841838,612.282698044621,819.127975346276,577.762115405204,668.976885146313,879.159090850176,1090.56757417983,705.666255879338,740.625740131614,1035.870490887,1278.13404789389,878.251550936718,912.414386477436,1279.85478301248,1442.78879283762,1020.01120519421,1224.96666272776,1372.19712489148,1636.65560302872,1058.9546180133,1134.94501240021,1579.61398401531,2251.30916077636,1424.56519665668,1770.65549503384,2055.25888951152,2567.03723623959,1533.85616855468,1929.64223242546,1888.55049406872,2061.36725346657,1505.16591383919,1777.89280958418,1773.75760750866,2163.95615188539,1607.92733937151,1777.96709508032,1754.93592663745,2195.07674656093,1637.71827565265,1937.51926079093,1890.17401288162,2330.5250704841,1826.02252896784,2191.79432119406,1913.82301542838,2255.72674550126,1945.23744671632,2305.47577875617,2182.4108637227,2430.59992638824,,,,,,,,,,79.3565021578256,190.982968820492,462.868687656593,929.482439897493,1324.28933254493,1774.7700993705,2305.36437478091,3216.46566558152,3760.29653479185,4513.30951326425,5253.83059584218,6024.82277520517,7817.51681744163,7413.41614851543,7220.77248281742,7335.90710765021,7795.9366198093,8187.36661109154,8863.72401558342,9242.33265747962,9568.89327058875,9854.68649176946,10099.3408896949,10302.8707995627,10465.5862285265,10588.0140509686,10670.8273369642
,,,,,,,,Period-to-period addition,,,,,NA,38.6174339046053,68.8850068710574,80.3091082491382,-100.194521372366,23.7978249004831,120.707770799961,121.135063619521,-188.487082634188,49.233538293659,150.689078202782,206.845277301656,-241.365859941073,91.2147697411092,210.182205703864,211.408483329654,-384.901318300493,34.9594842522758,295.244750755389,242.26355700689,-399.882496957174,34.1628355407175,367.440396535044,162.934009825141,-422.77758764341,204.955457533551,147.230462163723,264.458478137238,-577.70098501542,75.9903943869074,444.668971615097,671.69517676105,-826.74396411968,346.090298377168,284.603394477677,511.778346728064,-1033.1810676849,395.786063870776,-41.0917383567339,172.816759397852,-556.201339627385,272.726895744991,-4.13520207552097,390.198544376732,-556.028812513885,170.039755708814,-23.0311684428732,440.140819923485,-557.358470908281,299.800985138277,-47.3452479093082,440.351057602481,-504.502541516261,365.771792226219,-277.971305765678,341.903730072879,-310.489298784945,360.238332039852,-123.064915033468,248.189062665538,,,,,,,,,,,111.626466662666,271.885718836101,466.6137522409,394.806892647441,450.480766825564,530.594275410416,911.10129080061,543.830869210322,753.012978472408,740.521082577921,770.992179362997,1792.69404223645,-404.100668926192,-192.643665698013,115.134624832786,460.029512159094,391.429991282239,676.357404491878,378.6086418962,326.560613109128,285.793221180713,244.654397925427,203.529909867837,162.715428963797,122.427822442101,82.813285995604
,,,,,,,,% change Y/Y,,,,,NA,NA,NA,NA,0.353880256300764,0.254352413660518,0.350951897987889,0.379985640774285,0.230167301548782,0.285760592766978,0.276354499555526,0.363288410391262,0.401110682770343,0.449276715253415,0.435871197500517,0.331376301387835,0.221378551939895,0.107102138468701,0.178251469691658,0.171989776841772,0.24457070693046,0.23195068310115,0.235535517491725,0.128824316365757,0.161411219947514,0.342555182034116,0.0721506401387597,0.134369501034044,0.0381793970701301,-0.0734890614305298,0.151156750995398,0.375554610640249,0.345256135082818,0.560124478003757,0.301114645925803,0.14024198940067,0.0767188277198547,0.089789763077867,-0.0811130881338364,-0.196985838629189,-0.0187046577793054,-0.0786412218240763,-0.0607835940424085,0.0497674047389154,0.0682724904859202,4.17828880008297e-05,-0.0106111910621474,0.0143813425463482,0.0185275388705,0.0897385368672414,0.077061552043838,0.0617055071697963,0.114979637288438,0.13123743621487,0.0125115478181332,-0.032095052711578,0.0652866631475033,0.0518668455624871,0.140341006524158,0.0775240978260054,,,,,,,,,,,1.40664550008343,1.42361238028324,1.00809098710753,0.424759926277878,0.340167934419481,0.298965074743267,0.395209234933716,0.169077156653559,0.200253616039378,0.164074961046121,0.146748579973848,0.297551332068088,-0.051691691666669,-0.0259858156939686,0.0159449179581217,0.0627092880823634,0.0502094886569016,0.0826098838148528,0.0427143987369829,0.035333137770674,0.029866904468371,0.0248261979850664,0.0201527913643864,0.0157932126034912,0.0116981332692472,0.0078214182184646
,,,,,,,,% change Q/Q,,,,,NA,0.155973647748592,0.240682541881325,0.226164280800073,-0.230120085473435,0.0709945199609174,0.336229289712707,0.252516172673972,-0.313702208931419,0.119394530403658,0.326453988368416,0.337826428808514,-0.294661966390586,0.157875996554633,0.314184556104498,0.240466697699975,-0.352936697746548,0.0495411024135093,0.398642303065138,0.233874368599344,-0.312864286508993,0.0388986908184568,0.402712190843048,0.127306638212213,-0.293028050773744,0.200934515709097,0.120191403279392,0.192726302467768,-0.352976511335893,0.0717598215204656,0.391797811133334,0.425227418570727,-0.367228090447862,0.242944513307927,0.160733352860511,0.249009187766948,-0.402479969164139,0.258033361917967,-0.0212950036365466,0.091507619171745,-0.269821565609927,0.18119390908166,-0.00232590066916805,0.219984141420985,-0.256950129063121,0.105750895295603,-0.0129536528019,0.250801646511858,-0.253912976747399,0.183060169502476,-0.0244360140657292,0.232968528083377,-0.216475912619754,0.200310667816882,-0.126823627143191,0.178649607260758,-0.13764490730279,0.185189901956678,-0.053379400541724,0.113722428160105,,,,,,,,,,,,,,,,,,,,,,,,,,,,,,,,,,,,
,,,,,,,,% of YouTube Ad revenue,,,,,0.767634854771784,0.77281235216564,0.763960196445976,0.766119542493297,0.667341622349531,0.639116280155422,0.666753224324308,0.680870446258518,0.548851689995322,0.546975543312448,0.569013920906022,0.619932301398591,0.527064489256296,0.534143920574333,0.549818812808608,0.552067035594444,0.447341921972356,0.436286245549087,0.473994791125247,0.475570088467787,0.406196445151074,0.388571057780055,0.421041219188328,0.400218805225415,0.337193786841061,0.339985196427355,0.36072479623856,0.346969599963689,0.26224730510483,0.297729541553045,0.313602140959957,0.326987532429391,0.237229841241745,0.252878533995122,0.285254530119573,0.297351701174515,0.223301232865727,0.262894037115185,0.267083933541044,0.258868171978723,0.224886585064872,0.231949485920963,0.223058049233986,0.235212625204934,0.198754924520582,0.205236880420215,0.196719642039844,0.209593883945472,0.183456735258502,0.197786776315938,0.184209532490169,0.20473733378583,0.183053747871229,0.203670264141435,0.176020116584753,0.178718113802367,0.175360637022568,0.193094241961522,0.176168254741079,0.177405578803679,,,,,,,,,,0.976095617529881,0.953011250827267,0.936066301613142,0.88587806149036,0.767257265628126,0.665713955054878,0.57741275851293,0.543042983898511,0.46138607788857,0.404599687428441,0.346810389850299,0.304714888489034,0.271018090394925,0.253510793985413,0.229158123859645,0.202946499229541,0.193126480040858,0.185103571451619,0.180445078986709,0.169704118630541,0.159565987509476,0.150159818480736,0.14141739916226,0.133275627975745,0.125676399343534,0.118566408995039,0.111896872340203
,,,,,,,,,,,,,,,,,,,,,,,,,,,,,,,,,,,,,,,,,,,,,,,,,,,,,,,,,,,,,,,,,,,,,,,,,,,,,,,,,,,,,,,,,,,,,,,,,,,,,,,,,,,,
,,,,,,,,Gross YouTube revenue - mobile contribution,,,,,74.946003912206,84.1377272863784,109.712295162588,132.918931793946,167.094705846184,202.715565207685,239.762636209502,281.621986129722,338.954142430422,382.30813314415,463.758986611711,502.190454905369,518.426543065117,583.451270222378,719.838743289435,884.858422783657,871.798813274061,956.942651462995,1149.53430739756,1409.44887392493,1283.88344906328,1435.71311352256,1759.88271698752,2162.21120716238,2004.98879480579,2378.03333727224,2431.80287510852,3080.34439697128,2979.0453819867,2677.05498759979,3457.38601598469,4633.69083922365,4580.43480334332,5231.34450496616,5149.74111048848,6065.96276376042,5335.14383144532,5410.35776757454,5182.44950593128,5901.63274653343,5187.83408616081,5887.10719041582,6178.24239249134,7036.04384811461,6482.07266062849,6885.03290491968,7166.06407336255,8277.92325343907,7289.28172434735,7858.48073920907,8370.82598711838,9052.4749295159,8149.31285860573,8569.68983769133,8958.92864819688,10365.9750927116,9147.54528802004,9634.164447365,10205.8078135314,11270.2089364378,,,,,,,,,,1.94342454264062,9.4165213793437,31.6141143189957,119.739208433854,401.714958155118,891.194893393093,1687.21171709165,2706.57497936059,4387.72464605955,6641.69048673575,9895.16940415783,13747.1772247948,21027.4831825584,21829.5838514846,24289.2275171826,28811.0928923498,32571.0633801907,36043.9064372055,40257.7264853543,45219.1190271486,50399.3582342659,55773.2996863952,61315.7816448882,67002.1170369062,72808.4913484338,78712.2704116536,84692.2253900273
,,,,,,,,Period-to-period addition,,,,,NA,9.19172337417241,25.5745678762092,23.2066366313583,34.1757740522386,35.6208593615003,37.0470710018168,41.8593499202203,57.3321563007,43.3539907137282,81.4508534675612,38.4314682936579,16.2360881597477,65.0247271572608,136.387473067057,165.019679494222,-13.0596095095954,85.1438381889334,192.591655934564,259.914566527374,-125.565424861651,151.829664459282,324.169603464956,402.328490174859,-157.22241235659,373.04454246645,53.7695378362769,648.541521862762,-101.29901498458,-301.990394386907,780.331028384903,1176.30482323895,-53.2560358803203,650.909701622832,-81.6033944776764,916.221653271936,-730.818932315096,75.2139361292238,-227.908261643266,719.183240602149,-713.798660372615,699.273104255009,291.135202075521,857.801455623267,-553.971187486114,402.960244291186,281.031168442873,1111.85918007652,-988.641529091719,569.199014861722,512.345247909309,681.648942397518,-903.162070910165,420.376979085598,389.238810505545,1407.04644451468,-1218.42980469152,486.619159344958,571.643366166416,1064.40112290641,,,,,,,,,,,7.47309683670308,22.197592939652,88.1250941148578,281.975749721264,489.479935237975,796.01682369856,1019.36326226893,1681.14966669896,2253.9658406762,3253.47891742208,3852.007820637,7280.30595776355,802.100668926192,2459.64366569802,4521.86537516721,3759.9704878409,3472.8430570148,4213.82004814879,4961.39254179426,5180.23920711737,5373.94145212933,5542.481958493,5686.33539201797,5806.37431152759,5903.77906321976,5979.9549783737
,,,,,,,,% change Y/Y,,,,,NA,NA,NA,NA,1.22953455986692,1.40933017500823,1.18537617733898,1.11874999542051,1.02851515081776,0.885933784869803,0.934242106874754,0.783207560627203,0.529488736581928,0.526128323308221,0.55218284512108,0.76199769258935,0.681624571380326,0.640141517042655,0.596933088297736,0.592852413034594,0.472683180470993,0.500312595877731,0.53095275683571,0.534082751892382,0.561659507542234,0.656342980275262,0.381798259415352,0.424626968340354,0.485816474238829,0.125743254159149,0.421737777915248,0.504276873644285,0.537551200475058,0.954141595595877,0.489489772527407,0.309099586966994,0.164767988303452,0.0342193603266712,0.0063514640330522,-0.0270905087332118,-0.0276112041096747,0.088117910741234,0.192147146908115,0.192219873770954,0.249475706619112,0.169510369393049,0.159887168245738,0.176502510804738,0.12452946857905,0.14138608307795,0.168120449583214,0.0935683567439505,0.117985717493363,0.090502111296622,0.0702562282364381,0.145098459086912,0.122492834271317,0.124213901533738,0.139177262627881,0.0872309489111209,,,,,,,,,,, ,2.35730287708422,2.78752373783588,2.35491576576635,1.2184757507809,0.893201733537592,0.604170331406939,0.621135449606544,0.513698106078831,0.489857051291335,0.389281644740558,0.529585516991268,0.038145348255064,0.112674784935524,0.186167525170093,0.130504264516786,0.106623570022185,0.116907973210117,0.123240753389271,0.114558605266221,0.106627180194443,0.0993751847148641,0.0927385289638891,0.0866595649258264,0.08108640838287,0.0759723350260311
,,,,,,,,% change Q/Q,,,,,NA,0.122644609376904,0.303960764107181,0.211522661128977,0.257117429330674,0.213177665810013,0.182753953619011,0.174586626932331,0.203578410509084,0.127905180337566,0.213050276481693,0.0828694848038281,0.0323305391433757,0.125427079355953,0.233759835701573,0.229245342839056,-0.0147589819719537,0.0976645493117543,0.201257259920566,0.226104227472599,-0.0890883147197705,0.118258136725773,0.225789957904331,0.228610967248741,-0.0727137163269649,0.186058168221625,0.0226109268501484,0.266691650257146,-0.0328856134022487,-0.101371532039405,0.291488606696322,0.340229531154602,-0.011493221651629,0.142106531272473,-0.0155989333908729,0.177916060946417,-0.120478638062401,0.0140978272574233,-0.0421244345446378,0.138772840869756,-0.120949352667174,0.134790953727762,0.0494530153195594,0.138842311636362,-0.0787333335954916,0.0621653389877483,0.0408176943122616,0.155156187370621,-0.119431105945684,0.0780871197446666,0.0651964756181198,0.0814315031093094,-0.0997696296253056,0.0515843466043491,0.0454204081918566,0.157055212712055,-0.117541263006527,0.0531966931043515,0.0593350226985967,0.104293667130903,,,,,,,,,,,,,,,,,,,,,,,,,,,,,,,,,,,,
,,,,,,,,% of YouTube Ad revenue,,,,,0.232365145228216,0.22718764783436,0.236039803554024,0.233880457506703,0.332658377650469,0.360883719844578,0.333246775675692,0.319129553741482,0.451148310004678,0.453024456687552,0.430986079093978,0.380067698601409,0.472935510743704,0.465856079425667,0.450181187191392,0.447932964405556,0.552658078027644,0.563713754450913,0.526005208874753,0.524429911532213,0.593803554848926,0.611428942219945,0.578958780811672,0.599781194774585,0.662806213158939,0.660014803572645,0.63927520376144,0.653030400036311,0.737752694895171,0.702270458446955,0.686397859040043,0.673012467570609,0.762770158758256,0.747121466004878,0.714745469880427,0.702648298825485,0.776698767134273,0.737105962884815,0.732916066458956,0.741131828021277,0.775113414935128,0.768050514079037,0.776941950766014,0.764787374795066,0.801245075479418,0.794763119579785,0.803280357960156,0.790406116054528,0.816543264741498,0.802213223684062,0.815790467509831,0.79526266621417,0.816946252128771,0.796329735858565,0.823979883415247,0.821281886197633,0.824639362977432,0.806905758038478,0.823831745258921,0.822594421196321,,,,,,,,,,0.0239043824701195,0.0469887491727333,0.063933698386858,0.11412193850964,0.232742734371875,0.334286044945123,0.42258724148707,0.456957016101489,0.538371122215895,0.59540031257156,0.653189610149701,0.695285111510966,0.728981909605075,0.746489206014587,0.770841876140355,0.797053500770459,0.806873519959142,0.814896428548381,0.819554921013291,0.830295881369459,0.840434012490524,0.849840181519264,0.85858260083774,0.866724372024255,0.874323600656466,0.881433591004961,0.888103127659797
,,,,,,,,,,,,,,,,,,,,,,,,,,,,,,,,,,,,,,,,,,,,,,,,,,,,,,,,,,,,,,,,,,,,,,,,,,,,,,,,,,,,,,,,,,,,,,,,,,,,,,,,,,,,
,,,,,,,,Subscription Revenue,,,,,,,,,,,,,,,,,,,,,127.083910569851,142.969399391082,174.740377033545,190.625865854776,230.196621989798,292.300946387758,357.256712251704,419.361036649663,532.325,630,770,867.675,1029.16534343119,1184.46457501133,1309.14505659147,1464.44428817161,1884.76225688315,1964.46663563359,2065.20851438403,2144.91289313448,2316.2222015663,2415.21698273205,2539.0742638978,2638.06904506354,3534.09098006844,3725.122924937,3916.15486980556,4107.18681467413,4578.09320920912,4774.90164921662,5019.7684004585,5216.576840466,6141.42824467241,6400.82645747137,6729.07396811093,6988.4721809099,7470.18080901869,7786.88930845377,8186.21696529755,8502.92546473263,8740.32612600927,9110.0158186598,9577.19611705261,9946.88580970315,,,,,,,,,,,,,,,,,,635.419552849253,1299.11531727892,2800,4987.21926320561,8059.35030003526,9908.5824932597,15282.5555894851,19589.3400993502,26259.8008511646,31946.2125475026,37374.4238714248,42792.8789618066,47884.5855955048,52653.3542511567,57132.5118742298,61335.9086413587,65284.4251154338,69000.6582313143,72506.1622786385
,,,,,,,,Period-to-period addition,,,,,,,,,,,,,,,,,,,,,127.083910569851,15.8854888212313,31.7709776424627,15.8854888212313,39.570756135022,62.1043243979596,64.9557658639462,62.1043243979595,112.963963350337,97.675,140,97.675,161.490343431192,155.29923158014,124.68048158014,155.29923158014,420.31796871154,79.7043787504406,100.741878750441,79.7043787504408,171.30930843183,98.9947811657462,123.857281165746,98.9947811657462,896.021935004892,191.031944868563,191.031944868564,191.031944868564,470.906394534992,196.808440007503,244.866751241877,196.808440007504,924.851404206404,259.398212798968,328.247510639558,259.398212798968,481.708628108794,316.708499435075,399.327656843781,316.708499435075,237.400661276644,369.689692650534,467.180298392808,369.689692650536,,,,,,,,,,,,,,,,,,,663.695764429669,1500.88468272108,2187.21926320561,3072.13103682965,1849.23219322444,5373.97309622543,4306.78450986512,6670.46075181437,5686.41169633802,5428.2113239222,5418.45509038179,5091.70663369821,4768.76865565185,4479.15762307316,4203.39676712889,3948.51647407509,3716.23311588049,3505.50404732421
,,,,,,,,% change Y/Y,,,,,,,,,,,,,,,,,,,,,NA,NA,NA,NA,0.811375027393985,1.04450006527754,1.04450006527754,1.19991675719991,1.31247963327451,1.15531289852295,1.15531289852295,1.06904057404089,0.93334024032535,0.880102500017987,0.70018838518373,0.687779742612859,0.831350296541699,0.658527132915561,0.577524586741419,0.464659946751843,0.228920089580243,0.229451770227229,0.229451770227229,0.229918964778282,0.525799630829274,0.542355387350417,0.542355387350417,0.556891326388767,0.295408984949354,0.281810492011449,0.281810492011449,0.270109463204414,0.341481696422987,0.340514826838686,0.340514826838686,0.33966629738854,0.216358884515008,0.216544357231325,0.216544357231324,0.216707349563427,0.17002872480103,0.169917210556672,0.169917210556672,0.169819240561334,,,,,,,,,,,,,,,,,,,1.04450006527754,1.15531289852295,0.781149736859146,0.616000796174137,0.229451770227229,0.542355387350418,0.281810492011449,0.340514826838686,0.216544357231324,0.169917210556672,0.144977621836321,0.118984904900711,0.0995888049639824,0.0850687992584016,0.0735727631997372,0.064375282954765,0.056923731951527,0.0508039218346663
,,,,,,,,% change Q/Q,,,,,,,,,,,,,,,,,,,,,NA,0.125,0.222222222222222,0.0909090909090906,0.20758335159599,0.269788165704326,0.222222222222222,0.173836690167501,0.269371623679735,0.183487531113511,0.222222222222222,0.126850649350649,0.186118469969968,0.150898232797443,0.105263157894737,0.118626450749836,0.287015335514276,0.0422888236749013,0.0512820512820513,0.038593865072367,0.0798677228246254,0.0427397600708614,0.0512820512820513,0.0389885331726283,0.339650676194986,0.0540540540540537,0.0512820512820513,0.0487804878048781,0.114654242863398,0.0429891727873977,0.0512820512820511,0.0392066773418327,0.177290861898583,0.0422374409444564,0.0512820512820513,0.0385488722561611,0.0689290327898358,0.0423963632918651,0.0512820512820511,0.0386880167942829,0.0279198803119356,0.0422970135577001,0.0512820512820511,0.0386010360581723,,,,,,,,,,,,,,,,,,,,,,,,,,,,,,,,,,,,
,,,,,,,,% of total YouTube revenue (ads and subscriptions),,,,,,,,,,,,,,,,,,,,,0.0745557400119321,0.0776780569740519,0.0740379781976728,0.0662307288724718,0.0962227058631337,0.110702089574758,0.105168478345712,0.104205619930857,0.149641936005285,0.148830616583983,0.168342807170966,0.15536714311934,0.20310474864716,0.237060536951499,0.206289809784874,0.175394222373128,0.238887078661826,0.219090385930464,0.222779078936528,0.199010041591706,0.252168336349156,0.247582087308492,0.26420964023518,0.248849340934345,0.345561703416545,0.327048526998896,0.32997166895495,0.308644259066465,0.361387711126175,0.3553308971788,0.360078315359819,0.332486777273151,0.407569266346261,0.395190161126827,0.396059133158625,0.380398049328444,0.428200617559135,0.419815210329104,0.429520459615774,0.4025124487544,0.440693699983084,0.432786920569115,0.436012531825028,0.42062813933648,,,,,,,,,,,,,,,,,,,0.104312131707703,0.15599754860995,0.201428777304665,0.218384830907796,0.253082554069572,0.326602285277176,0.351464413781604,0.394132699089448,0.419365542163079,0.432094873225154,0.440010009604393,0.443980769378808,0.445153513310238,0.444446233001336,0.44240848263101,0.439452632681766,0.435882800551113,0.431920541691976
,,,,,,,,,,,,,,,,,,,,,,,,,,,,,,,,,,,,,,,,,,,,,,,,,,,,,,,,,,,,,,,,,,,,,,,,,,,,,,,,,,,,,,,,,,,,,,,,,,,,,,,,,,,,
,,,,,,,,YouTube content expense,,,,,183.845224239638,211.096443888541,264.938401494483,323.942376076367,286.311690103894,320.180340133224,410.100599960238,503.00741567789,375.6571119893,464.145964142294,591.822926560982,726.725136638405,602.903762158676,688.83548545278,879.448808776786,1086.48429832992,937.501938847787,1012.29578504213,1298.07984642496,1583.01483322048,1315.78239209439,1452.23564551327,1868.34681673844,2213.39857015731,1956.52875,2328.15,2515.7,3071.57125,2786.94093888715,2748.05551625623,3490.37978112531,4592.19435849439,4339.36924128573,4931.55664959848,5098.61468291122,5927.85209122396,5051.87221086147,5365.36934050263,5285.54084514379,5830.58797478495,5624.90003903764,6264.56760871535,6970.61017839306,8648.32774807077,6967.45126506502,7390.84590706914,8128.27262025218,10011.8172622563,8287.63553456983,8908.25455160926,9823.82468246101,11542.1616995004,9595.03390812575,10201.6054070365,10980.8881059075,13113.91109662,10908.2098734101,11577.3108246295,12599.3717112687,14561.4127930911,,,,,,,,,,44.7149596852564,110.21971960991,296.689681185353,613.794664273838,983.82244569903,1519.60004587525,2158.35113933098,3257.67235471816,4830.89240353535,6849.76342450341,9871.95,13617.5705947631,20297.3926650194,21533.3703712928,27508.4055742168,32498.3870546426,38561.8764681405,43891.4385176898,49646.3052023994,55646.3991250431,61562.1113980937,65054.7372361268,70701.1989248471,76252.4930628052,81707.1764808168,87065.5184816651,92328.0682530965
,,,,,,,,Period-to-period addition,,,,,NA,27.2512196489033,53.841957605942,59.003974581883,-37.6306859724726,33.8686500293305,89.9202598270133,92.9068157176528,-127.35030368859,88.4888521529931,127.676962418689,134.902210077423,-123.821374479729,85.9317232941036,190.613323324007,207.035489553132,-148.982359482132,74.7938461943425,285.784061382828,284.934986795522,-267.232441126091,136.453253418878,416.11117122517,345.051753418878,-256.869820157315,371.62125,187.55,555.87125,-284.630311112845,-38.8854226309227,742.324264869077,1101.81457736908,-252.825117208653,592.187408312742,167.058033312742,829.237408312742,-875.979880362494,313.49712964116,-79.8284953588391,545.04712964116,-205.687935747309,639.667569677709,706.042569677714,1677.71756967771,-1680.87648300576,423.394642004128,737.426713183032,1883.54464200413,-1724.18172768648,620.619017039431,915.570130851758,1718.33701703943,-1947.1277913747,606.571498910791,779.282698871004,2133.02299071245,-2205.7012232099,669.10095121944,1022.06088663916,1962.04108182237,,,,,,,,,,,65.5047599246532,186.469961575444,317.104983088484,370.027781425192,535.777600176216,638.751093455736,1099.32121538718,1573.22004881719,2018.87102096805,3022.18657549659,3745.62059476308,6679.8220702563,1235.97770627344,5975.03520292399,4989.98148042582,6063.48941349791,5329.56204954928,5754.86668470957,6000.09392264374,5915.71227305059,3492.62583803304,5646.46168872037,5551.29413795809,5454.68341801156,5358.34200084828,5262.54977143144
,,,,,,,,% change Y/Y,,,,,NA,NA,NA,NA,0.557351795718625,0.516749094562099,0.547909240966628,0.552768186028589,0.312056492883633,0.449639175063548,0.44311646122528,0.444760283820102,0.604931047268043,0.484092373238008,0.485999898461464,0.495041582510332,0.554977755473101,0.46957554658604,0.476015242126986,0.457006636592724,0.403498315653104,0.434596159513623,0.43931578776456,0.398217201575038,0.486969852884037,0.603148915393243,0.346484484284157,0.387717192652606,0.424431375663228,0.180360164188834,0.387438796806181,0.495063596032287,0.557036670830374,0.7945622351607,0.460762152726947,0.290853920470275,0.164195054616883,0.0879666851113781,0.036662147241501,-0.0164079863907215,0.113428805056503,0.167592985896565,0.318807361936758,0.483268546066274,0.238680015059801,0.179785480611129,0.166077633411139,0.157659324889681,0.189478794939585,0.205309197840095,0.208599310262336,0.152853812365654,0.15775287995019,0.145185664367173,0.117781359180024,0.136174612524062,0.136859960877497,0.134851855438763,0.147390956883573,0.110379099401105,,,,,,,,,,,1.46494060121565,1.69180217691897,1.06881028629498,0.602852717631491,0.544587697219627,0.420341586057161,0.509333812906797,0.482927648183729,0.417908504749681,0.44121035840237,0.379420539484406,0.490529645047346,0.0608934224543791,0.277477937726349,0.181398426272399,0.186578164734846,0.138208057742017,0.131115927822465,0.120856806930191,0.106308986135067,0.0567333666554717,0.0867955498494386,0.0785176803558723,0.0715344928265993,0.0655798209121363,0.0604435586349799
,,,,,,,,% change Q/Q,,,,,NA,0.148229140907038,0.255058572347957,0.222708275769195,-0.116164752596621,0.118292934588317,0.280842539518817,0.226546402825699,-0.253177785693205,0.235557505312221,0.275079333404582,0.227943535174152,-0.170382677352384,0.142529751326195,0.276718211168686,0.235415054846791,-0.137123343348025,0.0797799376140662,0.282312803832266,0.219504976970609,-0.168812341816428,0.10370503073968,0.286531440342179,0.184682924137839,-0.116052221059788,0.189939069385001,0.0805575242145051,0.220960865763008,-0.0926660291903841,-0.0139527257604712,0.270127099135308,0.315671831279589,-0.0550554043386667,0.136468545400225,0.0338753146689177,0.162639748222602,-0.147773572430959,0.062055633348592,-0.0148784716004958,0.103120408225004,-0.0352773916861954,0.113720699965923,0.112704118428774,0.240684463302533,-0.194358554852494,0.0607675067821485,0.0997756850102507,0.231727542862076,-0.172214662185905,0.0748849312268465,0.102777724361992,0.174915277153436,-0.1686969774006,0.0632172334896184,0.07638824163239,0.194248677351053,-0.168195529690483,0.0613392077145896,0.0882813722565723,0.155725311292114,,,,,,,,,,,,,,,,,,,,,,,,,,,,,,,,,,,,
,,,,,,,,% of gross YouTube revenue,,,,,0.57,0.57,0.57,0.57,0.57,0.57,0.57,0.57,0.5,0.55,0.55,0.55,0.55,0.55,0.55,0.55,0.55,0.55,0.55,0.55,0.55,0.55,0.55,0.55,0.55,0.55,0.55,0.55,0.55,0.55,0.55,0.55,0.55,0.55,0.55,0.55,0.55,0.55,0.55,0.55,0.55,0.55,0.587337311895666,0.649899025880817,0.55,0.55,0.583057718682483,0.638119011370286,0.55,0.55,0.578209647638944,0.628265475180269,0.55,0.55,0.576153322863629,0.620787808871378,0.55,0.55,0.573600445484615,0.615764580638239,,,,,,,,,,0.55,0.55,0.6,0.585,0.57,0.57,0.540591109515633,0.55,0.549876118547875,0.55,0.55,0.55,0.55,0.55,0.587879957135709,0.583073574560406,0.578774246632112,0.576173369000118,0.57397310059753,0.572173997344591,0.570797329520491,0.55,0.55,0.55,0.55,0.55,0.55
,,,,,,,,Abs change Y/Y in bp,,,,,,,,,,,,,-2452.95302834992,-671.099194985514,-1047.92779741348,-1080.07902208486,2928.7455438441,344.531981744602,428.834372361837,502.812986902295,-499.532917949412,-145.16826651968,-99.8465633447809,-380.349459176079,-1514.79439819997,-349.793870724178,-366.994543624262,-587.894350176863,834.715372309325,1685.52755879621,-928.313034804031,-105.000089224321,-625.384772208091,-4227.8875120441,409.543125220244,1073.46403379682,1326.05295167146,6142.02070971867,733.233559207662,-2042.09675562012,-3928.41616213491,-7065.95550049322,-4241.00005485446,-3072.61906860997,-507.662495603798,796.263007851874,2821.45214695257,4996.76532456996,1252.51210003298,121.924947145631,-1527.2972852562,-3256.09221176594,-492.012201202157,255.237172289662,425.216768511978,-48.0551252402628,-317.259149893951,-601.235334729218,-908.179510823122,-166.791998415921,-208.929190726932,-103.3380892841,296.095977035484,-257.95513122957,,,,,,,,,,,,2268.61575703318,-6229.91890623989,-4659.57568663491,-582.65020411864,-1242.46111162466,889.922268496361,-264.06164723068,-650.191434340484,233.018536526888,-617.898189179635,1111.09105562939,-4296.36222592966,2165.84515271969,-960.795114539494,51.7973846244724,-483.701069928297,-70.9212991955166,-102.591208922735,-145.478207951248,-495.756194795949,300.621831939669,-82.7786949356635,-69.8318752927296,-59.5467191446297,-51.3626227715647
,,,,,,,,Abs change Q/Q in bp,,,,,,,,,,-406.027011565258,311.601464045286,48.589450619605,-2407.11693144956,1375.82682179915,-65.2271383826775,16.438225948221,1601.7076344794,-1208.38674030034,19.0752522345572,90.4168404886785,599.361729627694,-854.02208887061,64.3969554094559,-190.08605534262,-535.083209396194,310.978438605181,47.1962825093719,-410.985861895221,887.526513089993,1161.79062509206,-2566.64431109087,412.327083684489,367.141830106224,-2440.71211474394,2070.78632617348,1076.24799226106,619.730747980871,2375.25564330326,-3338.00082433753,-1699.08232256672,-1266.58865853392,-762.28369505505,-513.045378698771,-530.701336322225,1298.36791447225,541.641808400621,1512.14376040193,1644.61184129516,-2445.88531006473,-588.945344486724,-137.078471999899,-84.1830852145797,318.194700499046,158.304029005094,32.9011242224175,-557.45497896682,48.9906758453573,-125.672155830172,-274.043051871486,183.932533440381,6.85348353434589,-20.0810543873398,125.391014448097,-370.118574824674,,,,,,,,,,,,,,,,,,,,,,,,,,,,,,,,,,,,
,,,,,,,,,,,,,,,,,,,,,,,,,,,,,,,,,,,,,,,,,,,,,,,,,,,,,,,,,,,,,,,,,,,,,,,,,,,,,,,,,,,,,,,,,,,,,,,,,,,,,,,,,,,,
,,,,,,,,NFL Sunday Ticket Cost,,,,,,,,,,,,,,,,,,,,,,,,,,,,,,,,,,,,,,,,,,,,,,,443.125,1329.375,,,460.85,1382.55,,,479.284,1437.852,,,498.45536,1495.36608,,,518.3935744,1555.1807232,,,,,,,,,,,,,,,,,,,,,,,,1772.5,1843.4,1917.136,1993.82144,2073.5742976,2156.517269504,2243.050992896,,,,,,
,,,,,,,,% of YT Ad Revenue,,,,,,,,,,,,,,,,,,,,,,,,,,,,,,,,,,,,,,,,,,,,,,,0.0373373118956662,0.0998990258808172,,,0.0330577186824826,0.088119011370286,,,0.0282096476389437,0.0782654751802687,,,0.0261533228636293,0.0707878088713782,,,0.0236004454846154,0.0657645806382389,,,,,,,,,,,,,,,,,,,,,,,,0.0378799571357095,0.0330735745604059,0.0287742466321117,0.0261733690001175,0.0239731005975304,0.0221739973445908,0.0207973295204909,,,,,,
,,,,,,,,,,,,,,,,,,,,,,,,,,,,,,,,,,,,,,,,,,,,,,,,,,,,,,,,,,,,,,,,,,,,,,,,,,,,,,,,,,,,,,,,,,,,,,,,,,,,,,,,,,,,
,,,,,,,,"YouTube revenue, net of content expense",,,,,138.690256882534,159.248194512409,199.865811653733,244.377581952347,215.989520604692,241.539554837345,309.374136812109,379.461734634198,375.6571119893,379.755788843695,484.218758095349,594.593293613241,493.284896311644,563.592669915911,719.549025362825,888.941698633569,639.963130305612,685.272606552479,887.324951859603,1104.56808859835,846.352607905612,895.891854486734,1171.39068326156,1391.60142984269,1068.47125,1274.85,1288.3,1645.42875,1251.05906111285,1063.94448374377,1546.62021887469,2292.80564150561,1665.63075871427,2070.44335040153,2106.38531708878,2705.14790877604,1817.12778913853,1974.63065949737,1785.45915485621,2132.41202521505,1068.09996096236,1400.43239128465,981.389821606939,551.672251929229,1122.54873493498,1272.15409293086,792.727379747825,461.182737743698,639.364465430175,887.745448390744,437.175317538986,-159.161699500446,380.301479447824,559.87875184885,-108.136442282286,-492.209258407178,184.572861326262,362.329401491632,-211.153034014586,-860.603930265002,,,,,,,,,,36.5849670152098,90.179770589926,197.793120790236,435.426984057509,742.181845001023,1146.36494688834,1834.22495254158,2665.36829022395,3319.10759646465,4305.23657549659,5277.05,6154.42940523692,8547.60733498062,7709.62962870718,4001.59442578319,3648.61294535737,1805.12353185946,339.834530607215,-524.854701461693,-1184.94744041497,-1593.85989323906,573.248942037943,713.923609735997,1052.49477366371,1566.90109614354,2234.76598095712,3034.98447389499
,,,,,,,,Period-to-period addition,,,,,NA,20.5579376298744,40.6176171413246,44.5117702986134,-28.3880613476547,25.5500342326529,67.8345819747644,70.0875978220889,-3.80462264489762,4.09867685439411,104.462969251655,110.374535517891,-101.308397301596,70.3077736042666,155.956355446914,169.392673270744,-248.978568327957,45.309476246867,202.052345307124,217.243136738742,-258.215480692734,49.5392465811221,275.49882877483,220.210746581122,-323.130179842685,206.37875,13.4499999999998,357.12875,-394.369688887155,-187.114577369077,482.675735130923,746.185422630923,-627.174882791347,404.812591687258,35.9419666872582,598.762591687258,-888.020119637507,157.50287035884,-189.171504641161,346.95287035884,-1064.31206425269,332.332430322291,-419.042569677714,-429.71756967771,570.876483005755,149.605357995873,-479.426713183032,-331.544642004126,178.181727686477,248.380982960569,-450.570130851758,-596.337017039432,539.46317894827,179.577272401026,-668.015194131136,-384.072816124892,676.78211973344,177.75654016537,-573.482435506217,-649.450896250417,,,,,,,,,,,53.5948035747162,107.61335020031,237.633863267273,306.754860943514,404.183101887322,687.860005653241,831.143337682364,653.739306240697,986.128979031948,971.813424503409,877.379405236918,2393.1779297437,-837.977706273443,-3708.03520292399,-352.98148042582,-1843.48941349791,-1465.28900125224,-864.689232068908,-660.092738953281,-408.912452824086,2167.108835277,140.674667698055,338.571163927714,514.40632247983,667.864884813578,800.218492937871
,,,,,,,,% change Y/Y,,,,,NA,NA,NA,NA,0.557351795718625,0.5167490945621,0.547909240966628,0.552768186028589,0.739237676613188,0.572230225808879,0.565155908263359,0.566938743339772,0.313125402310216,0.484092373238008,0.485999898461464,0.495041582510332,0.29734993933668,0.2159004953963,0.233168165869142,0.242565277673693,0.32250213774259,0.307351039455457,0.320137206562976,0.259860251447763,0.262442202008504,0.422995413581895,0.0998038642521217,0.182399439030477,0.170886966881743,-0.165435554187734,0.200512472929202,0.393439637848563,0.331376599624842,0.946006941185621,0.361927958384879,0.17984178850836,0.090954750704298,-0.0462764126753673,-0.152358715961864,-0.211720727618227,-0.412204266894885,-0.290787679939538,-0.450343168625455,-0.741291905407637,0.0509772268164521,-0.0915990655115619,-0.192240063739602,-0.164027670177508,-0.430435004260901,-0.302171448157268,-0.448517449115917,-1.34511634212315,-0.40518827678052,-0.369325122574532,-1.24735257903174,2.09251069793835,-0.514666991056014,-0.352843092731889,0.952653791433033,0.748451325458555,,,,,,,,,,,1.46494060121565,1.19332029230435,1.20142633028825,0.704492078292968,0.544587697219628,0.600035797954522,0.453130536977318,0.245271660445007,0.297106662068541,0.225728228277749,0.166263235185741,0.388854558589509,-0.0980365233723436,-0.480961522343037,-0.0882102089485831,-0.505257598190468,-0.811738906169401,-2.54444193921049,1.25766757373985,0.345089105961429,-1.35966081113502,0.245398913773736,0.474240043767309,0.488749526697594,0.42623295526267,0.358077087156637
,,,,,,,,% of total net advertising revenue,,,,,0.0155134515528562,0.0176003751671539,0.0209239752568816,0.0227349131967947,0.0200640520766086,0.0215564082853498,0.0269677594850165,0.0299118504362445,0.0308852348918277,0.0300297160243314,0.0366416010666174,0.0395788653140678,0.0346602653394916,0.0371566897360173,0.0460099127414045,0.0506490626536134,0.0380312130262229,0.0388719370464824,0.0476697018157798,0.0530158332209908,0.0411972910736405,0.0412824285397326,0.0522765360674801,0.0554820759844783,0.04503187297172,0.0504771143490656,0.0489736181859652,0.0559042146570177,0.0475488982217645,0.0459131093834967,0.0534626229345878,0.0641649355359364,0.0476275522908117,0.0523963899886505,0.0505953429354531,0.0565788485898109,0.0425846075587292,0.044802619673671,0.0418571632327507,0.0462391748208915,0.0249398734667934,0.0307071962304226,0.0208784133944674,0.0107056383910506,0.0230441306208812,0.0248326942343371,0.0152052820513633,0.00800483810500579,0.0120323779180265,0.015674855626216,0.0073715191977032,-0.00242303194696738,0.00616044544706028,0.0085951641845537,-0.00163016707117456,-0.00671243106236882,0.00274020432513183,0.00511767241848856,-0.00286369374328073,-0.010580194144822,,,,,,,,,,0.00218817411285772,0.00431090255700206,0.00713539396790172,0.0133036047680265,0.0193836831727395,0.0248518242041351,0.0345773550349989,0.0425845708615426,0.044910460678772,0.0479772282330929,0.0503910353125418,0.0539171710374163,0.0521414945006168,0.0439250084248178,0.0214024486721499,0.0174000331220247,0.00768906579711395,0.0012750128966567,-0.0017898925513194,-0.00368136675355336,-0.00453765903084918,0.00150027114078511,0.00171034167030542,0.00231508635622871,0.00317059448071249,0.00416316940325546,0.00520612006703386
,,,,,,,,,,,,,,,,,,,,,,,,,,,,,,,,,,,,,,,,,,,,,,,,,,,,,,,,,,,,,,,,,,,,,,,,,,,,,,,,,,,,,,,,,,,,,,,,,,,,,,,,,,,,
,,,,,,,,Desktop ,,,,,,,,,,,,,,,,,,,,,,,,,,,,,,,,,,,,,,,,,,,,,,,,,,,,,,,,,,,,,,,,,,,,,,,,,,,,,,,,,,,,,,,,,,,,,,,,,,,,
,,,,,,,,Desktop ad impressions,,,,,264969.706725,278292.84155,272731.566725,279384.05665,321700.542,309946.7928,338980.625,385137.1538,347608.3856,362853.141,394420.271,471864.41835,470655.16415,506221.44615,544288.0072,555718.60585,522071.4195,530147.60685,605314.4965,618964.27215,552823.789015074,573342.713136321,662014.184506867,688099.440057774,633528.808112406,676133.674756571,708914.431853433,756741.533684499,662511.937846025,736250.839558161,869859.80462386,978044.3497842,808122.405075901,1038588.53831699,998387.714042396,1092791.60880653,866301.727578612,1126067.86281937,976862.262943864,956033.19936361,796029.888403116,1008160.5561251,914771.554531674,941215.561597436,787176.263178398,1049200.67627171,953321.65792197,986539.090371122,807664.470497284,1120952.80908779,995010.85199671,1013581.37551568,860588.928439037,1145954.45262381,1009592.90758632,1013911.24835963,918310.87603715,1220265.75933835,1070636.10712006,1070860.21860961,,,,,,,,,,118046.117006806,242518.055645069,534567.561895878,935638.94415,1095378.17165,1355765.1136,1576746.21595,2076883.22335,2276497.795,2476280.12671604,2775318.44840691,3246666.93181225,3937890.26624182,3925265.05270545,3660177.56065732,3776237.6877432,3937209.50709746,4030047.5370088,4280072.96110517,4383879.27373688,4462605.9074682,4516827.26080885,4547403.68803756,4555411.89271033,4542082.70143978,4508747.06799349,4456790.49359121
,,,,,,,,% change Y/Y,,,,,NA,NA,NA,NA,0.214103098713388,0.113743318274728,0.242909389149662,0.378522305166765,0.0805340377698212,0.170694936773032,0.163548126091277,0.225185401341563,0.353981042021214,0.395113859989984,0.379969659825116,0.177708223462194,0.109244005519109,0.0472642178279232,0.112121686483486,0.113808797535692,0.0589045260216048,0.0814775087696333,0.0936698003016803,0.111694924922936,0.145986878099292,0.17928362786362,0.0708447771122938,0.0997560666826911,0.0457487163369466,0.0889131351477712,0.22703074664405,0.292441746949186,0.219785424098603,0.410644962986079,0.147757039393392,0.117323165404155,0.0719932056545907,0.0842290486318418,-0.0215602123261084,-0.125145918344192,-0.0811170484121192,-0.10470710566152,-0.0635613747889839,-0.0154990828519739,-0.0111222271345595,0.0407079208735894,0.04214178195564,0.0481542492739517,0.0260274709455295,0.0683874252455137,0.0437304594187162,0.0274112657151659,0.0655277777777774,0.0223039215686276,0.014655172413794,0.000325452747965915,0.0670726123595509,0.0648466494845363,0.0604631818181811,0.0561676086956515,,,,,,,,,,,1.05443484118233,1.2042381977457,0.750272577018511,0.170727424824239,0.237714196511486,0.162993648481796,0.317195628783332,0.096112563964007,0.0877586317697423,0.120761103909294,0.169835819624916,0.212902447016252,-0.00320608566586977,-0.0675336540306804,0.031708878917075,0.0426275654937556,0.0235796519702545,0.062040316348712,0.0242533979151836,0.0179582120801007,0.0121501549688514,0.00676944799151746,0.00176104986980374,-0.00292601230897993,-0.00733928368052961,-0.0115235061135067
,,,,,,,,% change Q/Q,,,,,NA,0.0502817283895305,-0.0199835353077193,0.0243920790133831,0.151463493863618,-0.0365363052450189,0.0936736010000747,0.136162734374568,-0.0974426066914554,0.0438561209439363,0.0869969870262193,0.196349308197702,-0.00256271537537944,0.0755676017371072,0.075197448348959,0.0210010114108574,-0.060547165410334,0.015469506753951,0.141784832523572,0.0225498905592458,-0.106856705808211,0.037116572276682,0.154657012880642,0.0394028650161586,-0.0793063164544726,0.0672500857081868,0.048482657085027,0.0674652675725951,-0.124520185088401,0.11130199699024,0.181472071591634,0.124370093416514,-0.173736441241946,0.285187159511368,-0.0387071711187382,0.0945563466340151,-0.20725807134928,0.299856420657066,-0.132501428024003,-0.0213224160358938,-0.167361668053999,0.266485807646657,-0.092633064273381,0.0289077714919768,-0.163659957085284,0.332866252896566,-0.0913829170320822,0.0348438873418215,-0.181315288587852,0.38789416897045,-0.112352595104843,0.0186636391771073,-0.150942441102775,0.33159330169676,-0.118993861165492,0.00427730894389633,-0.0942886988157493,0.328815536416438,-0.1226205448061,0.000209325547745332,,,,,,,,,,,,,,,,,,,,,,,,,,,,,,,,,,,,
,,,,,,,,,,,,,,,,,,,,,,,,,,,,,,,,,,,,,,,,,,,,,,,,,,,,,,,,,,,,,,,,,,,,,,,,,,,,,,,,,,,,,,,,,,,,,,,,,,,,,,,,,,,,
,,,,,,,,Blended Desktop CPM,,,,,0.93440673,1.02843792,1.3019832,1.5584319,1.041983028,1.15827728533568,1.41516082390504,1.56008621410331,1.18627771547114,1.27212243104666,1.55236113116666,1.73593927300256,1.22756990555631,1.32151035921952,1.61524611826901,1.96244567430265,1.35166613134113,1.3970179824676,1.71129304993772,2.0649560974727,1.58866454083214,1.59139440612459,1.93327395842106,2.09677367665999,1.61004707620688,1.81172260525078,1.93563152791786,2.16276698208966,1.5983932628538,1.54151948143287,1.81594088566761,2.30184772426025,1.76280868802651,1.70486716318201,2.05857790576161,2.34906382475166,1.7705796026079,1.71361096088308,1.93328227090829,2.15616701892647,1.89084095429965,1.763501655349,1.93901701328782,2.29910791977633,2.04265221727996,1.69459202161235,1.84086442603519,2.22502764257945,2.02772108403419,1.72845747393028,1.89965165614884,2.29929744841493,2.12182898085842,1.91263650677883,1.89563833209155,2.22477731571744,2.11827769601372,1.88932268328682,2.03842449288699,2.26976395625573,,,,,,,,,,0.67225,0.7875,0.865875,0.99342,1.20897911499379,1.28650256319812,1.45024884821651,1.53865673182194,1.63831769552682,1.81853582470509,1.88753034404192,1.8388574194336,1.97900464821535,1.89073825082067,1.96779568657546,1.94196894684633,1.97868007354627,2.0386999816556,2.07780118066314,2.10825437480657,2.1442389198148,2.18177183291369,2.22090264742985,2.26167710894587,2.30413819308245,2.34832734932735,2.3942851593111
,,,,,,,,% change Y/Y (inc. FX),,,,,NA,NA,NA,NA,0.115127914371935,0.126249103432203,0.08692710006169,0.00106152479509136,0.138480842387713,0.0982883348851922,0.0969503288559286,0.112720090280604,0.0348081984063635,0.0388232507874446,0.0405092512559191,0.130480601955798,0.10109096453337,0.0571373676500515,0.0594627224807327,0.0522360565249664,0.175337980286494,0.139136665451975,0.129715310005736,0.0154083562484633,0.0134594401934198,0.138449776044359,0.00121946994968525,0.0314737380406189,-0.00723818174344049,-0.149141553477782,-0.0618354477719232,0.064306854747807,0.102862936796392,0.105965369699585,0.133615043313925,0.020512260647729,0.00440825747806728,0.00512872667730324,-0.0608651411747133,-0.0821164600947257,0.067922024807362,0.0291143646981622,0.00296632440374789,0.0662939835342742,0.0802876956071323,-0.0390754573593065,-0.0506197658813693,-0.0322213135623861,-0.00730967960157847,0.0199844280428716,0.031934578821897,0.0333792733241622,0.0464106713518027,0.106556878388076,-0.00211266315290293,-0.0324099575497977,-0.00167369042308974,-0.0121893644764082,0.075323524734753,0.0202207385972846,,,,,,,,,,,0.171439196727408,0.0995238095238096,0.147301862278042,0.216986888721579,0.0641230665136199,0.127280185599739,0.0609604922039098,0.0647714084913953,0.110001942645392,0.0379395986592777,-0.0257865653720255,0.0762142987817489,-0.0446014098422022,0.0407552106809839,-0.0131247059363575,0.0189040750417535,0.0303333059809718,0.0191794768035389,0.0146564524203974,0.017068407606899,0.017504072308387,0.0179353376580624,0.0183594096585933,0.0187741583308381,0.019178170987125,0.0195704444684475
,,,,,,,,% change Q/Q,,,,,NA,0.100631969977357,0.265981324375904,0.196967748892612,-0.331390079990021,0.111608590745376,0.221780692604114,0.102409130997819,-0.23960759043501,0.0723647712976134,0.220292240181178,0.118257368179489,-0.292849741550553,0.0765255430570726,0.222272763130642,0.214951487644319,-0.311233860360775,0.0335525541958135,0.22496136156745,0.20666422244153,-0.230654568018898,0.00171833966345991,0.214830183504933,0.0845714170652092,-0.232131205132464,0.125260641147854,0.0683928777551059,0.117344365854653,-0.260949849849548,-0.0355818450581999,0.178020068860669,0.267578555242453,-0.23417667057319,-0.0328688673013989,0.207471145094627,0.141109995486215,-0.246261602621593,-0.0321751372493569,0.128192054696009,0.115288259439461,-0.123054504728918,-0.0673453251904053,0.0995266193294724,0.185707966470052,-0.1115457435862,-0.170396209752778,0.0863171799213811,0.20868631666247,-0.0886760032862014,-0.147586180594678,0.0990444860811577,0.210378461215508,-0.0771837796274905,-0.0985906385324961,-0.00888730013624695,0.173629630744353,-0.047869788563255,-0.108085456952958,0.0789181281308595,0.113489346392763,,,,,,,,,,,,,,,,,,,,,,,,,,,,,,,,,,,,
,,,,,,,,,,,,,,,,,,,,,,,,,,,,,,,,,,,,,,,,,,,,,,,,,,,,,,,,,,,,,,,,,,,,,,,,,,,,,,,,,,,,,,,,,,,,,,,,,,,,,,,,,,,,
,,,,,,,,Premium ad impressions,,,,,4901.9395744125,6679.0281972,10909.262669,15366.12311575,9007.615176,10848.137748,16949.03125,21567.6806128,12861.5102672,15965.538204,23270.795989,30199.3227744,18355.55140185,22779.96507675,33201.5684392,41401.036135825,23493.2138775,25977.23273565,38740.127776,47041.2846834,29299.6608177989,32107.191935634,49651.063838015,52983.6568844486,34844.0844461823,47329.35723296,53168.5823890075,60539.3226947599,36438.1565815314,41230.047015257,59150.4667144225,83133.769731657,49295.4667096299,62315.3122990195,77874.2416953069,93980.0783573617,54577.0088374526,73194.4110832589,75218.3942466775,79350.7555471797,58906.2117418306,71579.3994848819,69522.6381444072,80003.3227357821,59825.3960015583,71345.6459864765,67685.8377124599,79317.7428658382,61059.4339695947,76392.9339393327,71143.2759177648,82100.0914167703,62822.9917760497,84800.6294941622,69359.03275118,75536.3880027925,65659.2276366562,87249.0017926923,79227.0719268841,80314.5163957211,,,,,,,,,,767.299760544241,2425.18055645069,6682.09452369847,18712.778883,37856.3535563625,58372.4647868,82297.1672346,115738.121053625,135251.85907255,164041.573475896,195881.34676291,219952.440042868,283465.099061318,282340.569714569,280011.572106902,278174.622566333,290695.735243462,292519.042024184,312449.817751954,321627.92644797,329859.317379221,336371.162897323,341188.071565331,344352.337680147,345919.84419023,345956.398125416,344534.540712535
,,,,,,,,% change Y/Y,,,,,NA,NA,NA,NA,0.837561446701344,0.624209005817311,0.553636736437077,0.403586347078887,0.427848549910121,0.471730777657525,0.372986788787707,0.4002118872475,0.427169206454793,0.426820993171575,0.426748292361561,0.37092597887396,0.279896929445126,0.140354370523739,0.166816195654805,0.136234478022988,0.247154219536557,0.235974295736724,0.281644297228532,0.126322489724553,0.189231665952096,0.474104534829525,0.0708447771122938,0.142603705644354,0.0457487163369468,-0.128869491881783,0.112507876957272,0.37321935613351,0.35285292490936,0.511405317485085,0.316544839304185,0.130468143820674,0.107140523872774,0.174581469351162,-0.0341043121680814,-0.155664083983348,0.0793228320238599,-0.0220646846456606,-0.0757229153761401,0.00822383081424349,0.0156041991591012,-0.00326565324782957,-0.0264201773835467,-0.00856939245146215,0.0206273263616057,0.070744162212967,0.0510806739216649,0.0350785139667718,0.0288826425631978,0.110058550199243,-0.0250795755968161,-0.0799475774108217,0.0451464627905189,0.0288721005154642,0.142274751885668,0.0632559819083742,,,,,,,,,,,2.16066898643436,1.75529774718212,1.80043612322962,1.02302147602214,0.541946312919232,0.409862810062634,0.406343923402572,0.168602512649084,0.212860027217101,0.194095756413185,0.122886092411307,0.288756328441147,-0.00396708219273978,-0.00824889462403999,-0.0065602629446605,0.045011700066723,0.00627221716615489,0.0681349685471806,0.0293746649047595,0.0255928986707017,0.0197412811311177,0.0143202188514537,0.00927425774382762,0.0045520425987029,0.000105671691866593,-0.00410993240935798
,,,,,,,,% change Q/Q,,,,,NA,0.362527647640472,0.633360774487134,0.408539108643402,-0.413800403123976,0.204329618443726,0.562390858571535,0.272502262499516,-0.403667436563997,0.241342414095492,0.457564141694249,0.297734842790728,-0.392186654681872,0.241039540465893,0.457489874428589,0.246960251641129,-0.432545267697517,0.105733462909858,0.491310801663442,0.214277995039104,-0.377150071155726,0.0958212839149846,0.54641564225086,0.0671202747499229,-0.342361654610338,0.358318290901329,0.123374275448243,0.138629618744102,-0.398107627248276,0.131507487844608,0.43464465836127,0.405462616770643,-0.40703438724422,0.264118517552166,0.24968067754564,0.206818536032376,-0.419270447616333,0.341121703852528,0.0276521544946424,0.0549381749223483,-0.257647752240915,0.215141788417738,-0.0287339842926332,0.150752112852869,-0.252213608688019,0.192564542065348,-0.0512968692540859,0.171851387919471,-0.230191987776637,0.251124174806033,-0.0687191570065486,0.154010556270569,-0.234799977783983,0.349834305829592,-0.182092949487423,0.0890634572972384,-0.130760294836591,0.328815536416438,-0.0919429414776418,0.0137256677848769,,,,,,,,,,,,,,,,,,,,,,,,,,,,,,,,,,,,
,,,,,,,,% of total,,,,,0.0185,0.024,0.04,0.055,0.028,0.035,0.05,0.056,0.037,0.044,0.059,0.064,0.039,0.045,0.061,0.0745,0.045,0.049,0.064,0.076,0.053,0.056,0.075,0.077,0.055,0.07,0.075,0.08,0.055,0.056,0.068,0.085,0.061,0.06,0.078,0.086,0.063,0.065,0.077,0.083,0.074,0.071,0.076,0.085,0.076,0.068,0.071,0.0804,0.0756,0.06815,0.0715,0.081,0.073,0.074,0.0687,0.0745,0.0715,0.0715,0.074,0.075,,,,,,,,,,0.0065,0.01,0.0125,0.02,0.0345600766348469,0.0430549983926065,0.0521943014050713,0.0557268313174296,0.059412251296536,0.0662451601117694,0.0705797732420039,0.0677471525913788,0.0719840015582371,0.0719290457901608,0.0765021826035716,0.0736644897828396,0.0738329354126154,0.0725845140380898,0.0730010494193246,0.0733660546664212,0.0739163000764194,0.0744706723269925,0.075029202369445,0.0755919213872158,0.0761588607976199,0.0767300522536021,0.0773055276455041
,,,,,,,,Abs change Y/Y in bp,,,,,,,,,95,110,100,10,90,89.9999999999999,89.9999999999999,80,20,10,20,105,60,40,30,15,80,70,110,10,20,140,0,30,0,-140,-69.9999999999999,50,60,40,99.9999999999999,9.99999999999987,20,50,-10,-29.9999999999999,110,59.9999999999999,-10,20,20,-29.9999999999999,-50,-46.0000000000001,-3.99999999999998,1.49999999999997,5,6.00000000000003,-26.0000000000001,58.4999999999999,-28,-65.0000000000001,-15,-25,53,5,,,,,,,,,,,,-4053.71239252236,451.383760474973,145.600766348469,84.949217577596,91.3930301246482,35.3252991235829,36.8541997910632,68.3290881523349,43.3461313023445,-28.3262065062508,42.3684896685833,-0.549557680763202,45.7313681341076,-28.3769282073203,1.6844562977586,-12.484213745256,4.16535381234776,3.65005247096609,5.50245409998165,5.54372250573143,5.58530042452446,5.62719017770844,5.6693941040413,5.71191455982154,5.75475391902017
,,,,,,,,Abs change Q/Q in bp,,,,,,,,,,,,-1500.5038935819,242.622028312334,438.822277474047,-987.439888698185,272.25098459793,269.573192072934,-3.48213283218657,-0.727008100140925,-558.223134876006,-910.29049428834,-1395.42558921387,264.618251310664,-305.817176318173,1109.19741513569,-111.799237998331,456.700014918079,-1553.21807503978,629.091762275427,2848.72868877429,-4032.59757717231,717.589285320606,-968.549893074076,-1746.1820821873,2413.77368839055,2607.11479176238,-203.664312241503,1585.52392575726,-1948.604781809,-1860.76695483511,-233.276199479,674.409454783877,-2086.85781519243,-1215.59771815267,2349.86916007208,-1013.87516669521,-536.582307304795,839.467461903836,73.8036834485767,-188.698524069307,-231.545241357172,178.507849320846,291.967188130678,501.168358513613,-196.63488291302,-160.021599548932,-61.9587140357392,811.759076360457,-1351.3812579606,-548.680018140056,1250.94040201341,-162.743622750547,1134.02651370204,-790.18769977294,,,,,,,,,,,,,,,,,,,,,,,,,,,,,,,,,,,,
,,,,,,,,,,,,,,,,,,,,,,,,,,,,,,,,,,,,,,,,,,,,,,,,,,,,,,,,,,,,,,,,,,,,,,,,,,,,,,,,,,,,,,,,,,,,,,,,,,,,,,,,,,,,
,,,,,,,,Non-premium ad impressions,,,,,260067.767150588,271613.8133528,261822.304056,264017.93353425,312692.926824,299098.655052,322031.59375,363569.4731872,334746.8753328,346887.602796,371149.475011,441665.0955756,452299.61274815,483441.48107325,511086.4387608,514317.569714175,498578.2056225,504170.37411435,566574.368724,571922.9874666,523524.128197275,541235.521200687,612363.120668852,635115.783173325,598684.723666224,628804.317523611,655745.849464426,696202.210989739,626073.781264493,695020.792542904,810709.337909438,894910.580052543,758826.938366271,976273.226017973,920513.472347089,998811.530449169,811724.71874116,1052873.45173611,901643.868697187,876682.443816431,737123.676661285,936581.156640216,845248.916387267,861212.238861654,727350.86717684,977855.030285236,885635.82020951,907221.347505283,746605.03652769,1044559.87514845,923867.576078945,931481.284098912,797765.936662987,1061153.82312965,940233.874835138,938374.860356839,852651.648400493,1133016.75754566,991409.035193171,990545.702213893,,,,,,,,,,117278.817246262,240092.875088618,527885.467372179,916926.165267,1057521.81809364,1297392.6488132,1494449.0487154,1961145.10229638,2141245.93592745,2312238.55324014,2579437.101644,3026714.49176938,3654425.1671805,3642924.48299089,3380165.98855042,3498063.06517687,3646513.771854,3737528.49498461,3967623.14335322,4062251.3472889,4132746.59008898,4180456.09791153,4206215.61647223,4211059.55503018,4196162.85724955,4162790.66986807,4112255.95287868
,,,,,,,,% change Y/Y,,,,,NA,NA,NA,NA,0.202351718746218,0.101190883335156,0.229962416346019,0.377063551404683,0.0705290929756561,0.159776538398983,0.152525038580939,0.214802474211549,0.351169035703413,0.393654535868656,0.377036674363214,0.164496753006689,0.102318444610561,0.0428777708422565,0.108568582053827,0.112003596891388,0.050034121615141,0.0735171064968809,0.0808168432468528,0.110491791887305,0.143566631260645,0.161794252026659,0.070844777112294,0.0961815615905479,0.0457487163369466,0.105305375891931,0.236316384726761,0.285417607020114,0.212040754739247,0.404667653820884,0.13544204970033,0.116102047190598,0.069709940040843,0.0784618728412467,-0.0204989978058547,-0.122274406041165,-0.0919043616111231,-0.110452300705403,-0.0625468150650284,-0.0176463040453174,-0.0132580322595388,0.0440686568936333,0.0477810773125429,0.053423658614564,0.0264716386818695,0.0682154744796482,0.0431687099787708,0.026740923436535,0.0685247187364773,0.0158860668267953,0.0177149833806856,0.00740065997632455,0.0687992670721069,0.0677215054496674,0.0544281180754169,0.0555970157141843,,,,,,,,,,,1.04719727505839,1.19867193967058,0.736979367572801,0.153333668677344,0.226823528948056,0.151886477915887,0.312286359968002,0.0918345273994199,0.0798565986483129,0.115558383035105,0.173401161765219,0.207390117937477,-0.0031470569688774,-0.0721284494551849,0.0348790790232783,0.042437973218652,0.0249593800613397,0.0615633161532732,0.0238500987913157,0.0173537373178845,0.0115442616145311,0.00616189189824867,0.00115161442009248,-0.00353751771637434,-0.00795302482691374,-0.0121396248327326
,,,,,,,,% change Q/Q,,,,,NA,0.0443962984291206,-0.0360493789911994,0.00838595277879906,0.18436245083115,-0.0434748297957235,0.0766734932125086,0.128986969736413,-0.0792767269532538,0.0362683817470437,0.0699415949703686,0.189992510598352,0.0240782377395943,0.0688522993329215,0.0571836691096046,0.00632208313178762,-0.0306024235190372,0.0112162313329922,0.123775608035819,0.00944027657771707,-0.0846247839830909,0.0338310921110747,0.131417094189188,0.0371555074701777,-0.0573612882442867,0.0503096081572634,0.0428456535523116,0.0616951850451755,-0.100729972726673,0.110126016041044,0.166453358817164,0.103861196862779,-0.152063954454849,0.286555835932574,-0.0571149061398687,0.0850591115222232,-0.187309423254131,0.297081913889388,-0.143635099535995,-0.0276843504928653,-0.159189645166851,0.270588893416571,-0.0975166322805211,0.018885942548873,-0.155433661581205,0.344406220454112,-0.0943076501317645,0.02437291582297,-0.177042032155949,0.399079599042745,-0.115543686811018,0.00824112482903794,-0.143551298043822,0.330156847218122,-0.113951385424863,-0.00197718304780836,-0.0913528437065621,0.328815536416438,-0.124982901982174,-0.000870814112673424,,,,,,,,,,,,,,,,,,,,,,,,,,,,,,,,,,,,
,,,,,,,,% of total,,,,,0.9815,0.976,0.96,0.945,0.972,0.965,0.95,0.944,0.963,0.956,0.941,0.936,0.961,0.955,0.939,0.9255,0.955,0.951,0.936,0.924,0.947,0.944,0.925,0.923,0.945,0.93,0.925,0.92,0.945,0.944,0.932,0.915,0.939,0.94,0.922,0.914,0.937,0.935,0.923,0.917,0.926,0.929,0.924,0.915,0.924,0.932,0.929,0.9196,0.9244,0.93185,0.9285,0.919,0.927,0.926,0.9313,0.9255,0.9285,0.9285,0.926,0.925,,,,,,,,,,0.9935,0.99,0.9875,0.98,0.965439923365153,0.956945001607393,0.947805698594929,0.94427316868257,0.940587748703464,0.933754839888231,0.929420226757996,0.932252847408621,0.928015998441763,0.928070954209839,0.923497817396428,0.926335510217161,0.926167064587385,0.92741548596191,0.926998950580676,0.926633945333579,0.926083699923581,0.925529327673008,0.924970797630555,0.924408078612784,0.92384113920238,0.923269947746398,0.922694472354496
,,,,,,,,,,,,,,,,,,,,,,,,,,,,,,,,,,,,,,,,,,,,,,,,,,,,,,,,,,,,,,,,,,,,,,,,,,,,,,,,,,,,,,,,,,,,,,,0.4726791314555,0.0913207112241903,0.224682457838348,0.263905143246971,,,,,,,,,,
,,,,,,,,Mobile,,,,,,,,,,,,,,,,,,,,,,,,,,,,,,,,,,,,,,,,,,,,,,,,,,,,,,,,,,,,,,,,,,,,,,,,,,,,,,,,,,,,,,,,,,,,,,,,,,,,
,,,,,,,,Mobile ad impressions,,,,,114581.4948,116873.124696,120379.31843688,121843.10926712,225862.27395,246499.5939996,238625.778859788,254249.208219388,396846.064058031,417399.697778214,414922.591590079,401792.132807571,578519.678146321,604799.129872241,610483.107872278,617665.416986265,871595.786198684,925661.488577334,907749.108069458,922373.430975223,1162127.71493158,1262797.14652234,1227701.1962903,1298737.96232021,1617536.51322039,1810009.24334869,1523996.3996389,1651808.04309469,2106958.37485648,2451510.19378204,2295453.88745611,2469313.04069409,3113382.1585796,4061829.11502733,3103277.0824647,3085465.4375149,3543229.75982865,4252920.11406262,3172891.13593621,2945655.28487751,3473489.99947647,4385233.1842779,3511658.28183463,3434044.9311102,4233315.93686195,5161784.89399377,3993867.50575707,3844377.86573811,4666505.82953987,5639303.20762372,4332953.66091178,4151391.21986807,5033685.48191308,6096005.12942153,4667728.24806142,4458690.45862496,5364690.56907,6483907.33621656,4944902.40937401,4704501.46430507,,,,,,,,,,4129.89330636057,16841.5316420187,50709.9663458539,165112.75485,473677.0472,965236.855028776,1630960.48623389,2411467.3328771,3627379.8138207,4951364.02006444,6603350.19930267,9323235.49678873,13363953.7935865,13914696.294705,14804426.3966992,17233346.2023509,18790153.9179434,20256109.318021,21498001.7789656,22989088.6273114,24452224.2510062,25882515.77837,27276254.5167687,28630799.395609,29944450.9705901,31216323.313933,32446219.2382988
,,,,,,,,% change Y/Y,,,,,NA,NA,NA,NA,0.971193292112646,1.10912127694688,0.982282188986721,1.08669336943782,0.757026780602956,0.693307850960968,0.738800365881171,0.580308295241064,0.457793664955495,0.44896877762859,0.471318072927209,0.53727603542223,0.50659661049289,0.530527150019003,0.486935668430275,0.493322121668557,0.333333333333334,0.36421052631579,0.352467532467533,0.408039215686275,0.391875,0.433333333333334,0.241341463414634,0.27185628742515,0.302572373257708,0.354418604651163,0.506206896551724,0.494915254237288,0.477666666666667,0.656868131868132,0.351923076923077,0.249523809523809,0.138064516129032,0.0470455535237349,0.0224324324324325,-0.0453125,-0.0196825396825397,0.0311111111111111,0.106769230769231,0.1658,0.21875,0.177083333333333,0.137316670707071,0.119489681369794,0.102328741615026,0.0925103086309507,0.0849017035907986,0.0798603479814297,0.0786840659340657,0.0809855233853005,0.077262443438914,0.0740231942694765,0.0657579994511524,0.0636321982281283,0.0593809550561801,0.0551307627118645,,,,,,,,,,,3.07795804702281,2.0110068029285,2.2560217793065,1.86880954551525,1.03775306558442,0.689699764090828,0.478556564203161,0.504221004517153,0.364997401485011,0.333642643227984,0.411894752723138,0.433403006734045,0.0412110449964855,0.0639417550444692,0.164067133745436,0.0903369373140168,0.0780172108477333,0.0613095260025969,0.0693593229583174,0.0636447858988427,0.0584933097570872,0.0538486579254189,0.0496602228875507,0.0458824623381824,0.0424743918194404,0.0393991282060089
,,,,,,,,% change Q/Q,,,,,NA,0.02,0.0299999999999998,0.0121598198864006,0.8537139712582,0.0913712577522732,-0.0319425075394839,0.0654725127949385,0.560854670255645,0.0517924595496979,-0.00593461423503738,-0.0316455624462116,0.439848197384664,0.045425337665479,0.00939812529366146,0.0117649596219283,0.411113140268409,0.0620307064751293,-0.0193508974165131,0.0161105340404764,0.259931905999141,0.0866251017829742,-0.0277922311819371,0.0578616085449428,0.245467954390618,0.118991273801357,-0.158017338729518,0.0838661059081698,0.275546746284796,0.163530434695478,-0.0636572128974819,0.0757406429238516,0.260829270032311,0.304635572550605,-0.235990241198559,-0.00573962442813991,0.148361513549295,0.20029475996168,-0.253949980051402,-0.0716179160655797,0.179190931575997,0.262486198301664,-0.199208312473608,-0.0221016239324635,0.232749140382782,0.219324276992205,-0.226262312789454,-0.0374297945045682,0.213852017807283,0.208463765742209,-0.231650879304715,-0.0419026962327382,0.21252977985367,0.211042118409174,-0.234297191527404,-0.0447836245658203,0.20319870124477,0.20862652798642,-0.237357637461331,-0.0486159129476895,,,,,,,,,,,,,,,,,,,,,,,,,,,,,,,,,,,,
,,,,,,,,,,,,,,,,,,,,,,,,,,,,,,,,,,,,,,,,,,,,,,,,,,,,,,,,,,,,,,,,,,,,,,,,,,,,,,,,,,,,,,,,,,,,,,,,,,,,,,,,,,,,
,,,,,,,,Mobile CPM,,,,,0.654084711,0.719906544,0.91138824,1.09090233,0.73980794988,0.822376872588333,1.00476418497258,1.10766121201335,0.854119955139221,0.915928150353598,1.11770001444,1.24987627656185,0.896126031056104,0.964702562230251,1.17912966633638,1.43258534224093,1.00023293719244,1.03379330702602,1.26635685695392,1.5280675121298,1.1047696673673,1.13693091362807,1.43347805011943,1.66485562899814,1.23953232487717,1.31382386361334,1.59567494758171,1.86483193967273,1.41390803802169,1.09200238872749,1.50618839911277,1.87651009121192,1.47120866313213,1.28792826010627,1.65945256373898,1.96597981296659,1.50572900801762,1.27215128017213,1.6333524485712,2.00350420391395,1.49355089173792,1.34248441143848,1.75935182089061,2.04890849981975,1.53120455862633,1.3338473117954,1.79426685112434,2.15325432164555,1.5620427768899,1.3935198108492,1.9318983405322,2.18058825344907,1.61895551239497,1.40578783248244,1.91933381124269,2.32489229492473,1.70513940557169,1.48585782427092,2.06390479904808,2.39562236763011,,,,,,,,,,0.470575,0.559125,0.62343,0.7251966,0.894644545095406,0.923291406404622,1.03448963437959,1.12237679626014,1.20961268774278,1.34138602207828,1.49850744023886,1.47450713108447,1.57344776159355,1.56881497009687,1.6406733274447,1.6718223236541,1.73341120687082,1.77940915855637,1.87262643752983,1.96698180429073,2.06113594071885,2.15486393069274,2.24795459388286,2.34021118694933,2.43145187133144,2.52150996836073,2.61023402350861
,,,,,,,,% change Y/Y (inc. FX),,,,,NA,NA,NA,NA,0.131058313148677,0.142338376338377,0.102454630062571,0.0153624037207358,0.154515783829793,0.113757184672308,0.112400333487702,0.128392204228218,0.0491805344953407,0.0532513514928259,0.0549607686344735,0.146181721427407,0.11617440240369,0.071618701453477,0.0739759104599207,0.0666502490801031,0.104512385353245,0.0997661775338303,0.131970062188877,0.0895170637308378,0.121982582877222,0.155588125773439,0.113149202004704,0.120116307499243,0.140678633098007,-0.168836539683321,-0.0560806877394184,0.0062623077665851,0.0405264158414553,0.179418903659259,0.101756304003203,0.0476787853013287,0.0234639353006518,-0.0122498903260687,-0.0157281477868642,0.0190868648293687,-0.00808785393312017,0.0552867668826627,0.077141570044863,0.0226624410455945,0.025210836200297,-0.0064336684802413,0.0198453940929531,0.050927516692413,0.0201398422502324,0.0447371288498379,0.0767062543242194,0.0126942421657994,0.0364348123797169,0.00880362197776563,-0.00650372176728831,0.0661766572609066,0.0532342566036401,0.0569573800102432,0.0753235247347528,0.0304229459832577,,,,,,,,,,NA,0.188174042394943,0.115010060362173,0.163236610365237,0.233657941991738,0.0320203833648387,0.120436762655443,0.084957025145314,0.0777242471274489,0.108938452506977,0.117133633103726,-0.0160161428031135,0.0671008151966774,-0.00294435672398352,0.0458042272145038,0.0189854955818127,0.0368393712330053,0.0265360876306944,0.0523866467277747,0.0503866467277747,0.047867314391386,0.0454739486718167,0.0432002512382258,0.0410402386763145,0.0389882267424988,0.0370388154053739,0.0351868746351052
,,,,,,,,% change Q/Q,,,,,NA,0.100631969977357,0.265981324375904,0.196967748892612,-0.321838509704164,0.111608590745376,0.221780692604114,0.102409130997819,-0.228897838187616,0.0723647712976134,0.220292240181178,0.118257368179489,-0.2830282101832,0.0765255430570726,0.222272763130642,0.214951487644319,-0.301798707762977,0.0335525541958137,0.22496136156745,0.20666422244153,-0.277015145863882,0.0291112683582346,0.260831272099949,0.161409921037458,-0.255471583669339,0.0599351362164193,0.214527298349724,0.168679086238043,-0.241804042529524,-0.227670853151524,0.379290388611623,0.24586678022304,-0.215986809758122,-0.124578115680521,0.288466613506914,0.184715885181409,-0.234107594550761,-0.155126006473778,0.283929414707821,0.226620871488293,-0.254530692363816,-0.101145853907695,0.310519366854657,0.164581452948144,-0.252673040908838,-0.128890190222516,0.345181592568645,0.200074738212021,-0.274566519529303,-0.107886268246916,0.386344367329028,0.128728260540025,-0.257560197421843,-0.131669881155157,0.365308311036803,0.211301692965777,-0.266572731436192,-0.128600383396363,0.389032493779001,0.160723289531103,,,,,,,,,,,,,,,,,,,,,,,,,,,,,,,,,,,,
,,,,,,,,Mobile CPM as % of Desktop,,,,,0.7,0.7,0.7,0.7,0.71,0.71,0.71,0.71,0.72,0.72,0.72,0.72,0.73,0.73,0.73,0.73,0.74,0.74,0.74,0.74,0.695407771101017,0.714424349647399,0.74147693547281,0.794008264950243,0.769873342956776,0.725179373379558,0.824369165601554,0.862243577378334,0.88458082931185,0.708393505161843,0.829425897616174,0.815219039658662,0.834582149001757,0.755442000362331,0.80611598866113,0.836920560544765,0.850415878393618,0.742380452279871,0.844859787496954,0.929197129131242,0.789887107290372,0.761260647171212,0.907342126878729,0.891175434696027,0.749615889417198,0.787120023453367,0.974687122934296,0.967742728422601,0.770344003023427,0.806221635109437,1.01697505133585,0.948371536250043,0.763,0.735,1.0125,1.045,0.804965,0.78645,1.0125,1.05545,,,,,,,,,,0.7,0.71,0.72,0.73,0.74,0.71767552806845,0.713318707787137,0.729452367800788,0.738326083546215,0.737618695136682,0.793898463655948,0.801860500711709,0.795070270811377,0.829736728188539,0.833762030599806,0.860890348617089,0.876044202418297,0.872815605320865,0.901253909641235,0.932990737643412,0.961243601014796,0.987666949488014,1.01218060885483,1.03472382405642,1.05525435871477,1.07374722228696,1.09019346060669
,,,,,,,,Abs change Y/Y in bp,,,,,,,,,,,,,234.574706811157,-285.811916660697,99.4570342513113,1130.29800507483,-1053.35249334452,-605.058331794817,-574.395648532289,177.895171991884,669.938679083491,183.673499606511,190.151418254472,-795.314723473037,-116.620170504447,281.474760803533,579.941517289562,228.668146507347,174.701975239771,558.219482396083,-188.208601841724,305.992437684051,186.960502207847,-3244.2466545676,-1692.29889744123,-1138.53999732658,-1001.52217256551,3482.5544334258,1578.36991742621,414.164775347436,-170.624805408035,-1916.68793985328,-1174.84451790067,-285.9192047196,-315.51789233772,675.366572087314,928.697178317272,35.7557621622573,332.986901334171,-617.20435362904,-572.9617595191,282.650756468186,-50.7099395006461,511.707973300792,568.608602312664,-382.332745266136,162.949701294846,-359.335068720723,-832.099760915077,534.824150951072,167.994442239232,481.537580324776,818.272465020411,-357.537112776489,,,,,,,,,,,,-731.639820327692,482.265500030641,704.213316265003,-2016.37558626899,884.163792906041,-354.797375101288,-72.3277801786515,312.142053795277,81.9518059674929,-1331.49775906839,831.169579997909,-700.45171920661,487.485839384874,-268.187316326911,178.538756511926,-103.032836023109,258.505590970803,-20,-25.1933233638874,-23.933657195693,-22.7369743359084,-21.6001256191129,-20.5201193381573,-19.4941133712494,-18.5194077026869
,,,,,,,,Abs change Q/Q in bp,,,,,,,,,,112.800631896999,-398.837462758059,-870.922263418354,1391.53380109057,-407.585991574855,-13.5685118460516,159.91870740516,-792.116697328777,40.7081699748524,17.0941714164763,912.209527929333,-300.073190237171,-445.557009502127,23.5720900644365,-73.2566137981761,378.621362731419,-47.4620781941471,322.038846550465,-424.529984580391,324.655191463843,336.055428962165,-424.389237687342,69.6710549453838,205.623255987639,-3095.15172781328,1127.55851943903,623.429955060035,342.641080748702,1388.92487817804,-776.625996560563,-540.775187018741,-242.148500006769,-357.138256267205,-34.7825746079544,348.150126162329,-271.747187624889,633.746208157828,218.548031622003,-544.791289992685,25.4839515470251,-316.445046805383,262.790625731943,310.8212259946,-307.876744421807,245.972865996056,319.691254743815,-640.1201215842,237.405702139175,-276.311904019513,-153.073437450539,726.803790281949,-129.424006572665,37.2312340660308,183.661447245096,-449.005787514951,,,,,,,,,,,,,,,,,,,,,,,,,,,,,,,,,,,,
,,,,,,,,,,,,,,,,,,,,,,,,,,,,,,,,,,,,,,,,,,,,,,,,,,,,,,,,,,,,,,,,,,,,,,,,,,,,,,,,,,,,,,,,,,,,,,,,,,,,,,,,,,,,
,,,,,,,,Ad Impression Drivers,,,,,,,,,,,,,,,,,,,,,,,,,,,,,,,,,,,,,,,,,,,,,,,,,,,,,,,,,,,,,,,,,,,,,,,,,,,,,,,,,,,,,,,,,,,,,,,,,,,,
,,,,,,,,WW Total / Multi-platform page views (MSe),,,,,477422.895,495645.66716,495477.1343948,505108.666778534,644520.90825,669121.650666,668894.13143298,681896.70015102,858824.110243125,891604.599512445,891301.430134446,908627.352951235,1130105.17606617,1173240.20238344,1172841.26937816,1195640.01806471,1469228.54993158,1525307.58886491,1524788.94354475,1554429.16923559,1777850.10779099,1891381.41019249,1875490.40056004,1943036.46154448,2275648.13797246,2496623.46145409,2156813.96064405,2292783.02462249,2730777.76556696,3120779.32681761,3019539.54490167,3164040.57397903,3823088.87179374,4993246.92290818,3925401.40837217,3796848.68877484,4205397.75897311,5093111.86136634,3768385.35203728,3531069.2805606,4037181.84861419,5144042.97998001,4069856.18020026,3954797.59422787,4683130.94439246,5761328.13757761,4517540.36002229,4370051.3416218,5128028.38410974,6279847.66995959,4901531.29062419,4730580.5773056,5525450.58387825,6750836.24520656,5244638.48096788,5038068.31483046,5889439.64109123,7181202.05583848,5556694.47058547,5316421.58922484,,,,,,,,,,688315.551060096,842076.582100935,1056457.63220529,1375939.62375,1973654.36333333,2664433.3905,3550357.49284125,4671826.66589248,6073754.25157683,7487758.380088,9221868.58469309,12035137.2112653,16538585.8918489,16597964.2529373,17205878.6030223,19332050.7836142,21039987.9219991,22558993.6248832,23943757.75674,25266547.7591339,26522829.3920887,27709700.2445385,28825684.1977496,29870520.5059383,30844957.8771207,31750560.8342514,32589533.0159267
,,,,,,,,% change Y/Y,,,,,NA,NA,NA,NA,0.35,0.35,0.35,0.35,0.3325,0.3325,0.3325,0.3325,0.315875,0.315875,0.315875,0.315875,0.30008125,0.30008125,0.30008125,0.30008125,0.210056875,0.24,0.23,0.25,0.28,0.32,0.15,0.18,0.2,0.25,0.4,0.38,0.4,0.6,0.3,0.2,0.1,0.02,-0.04,-0.07,-0.04,0.01,0.08,0.12,0.16,0.12,0.11,0.105,0.095,0.09,0.085,0.0825,0.0775,0.075,0.07,0.065,0.065875,0.06375,0.0595,0.05525,,,,,,,,,,NA,0.22338741410684,0.254586167886878,0.302408711722598,0.434404772757627,0.35,0.3325,0.315875,0.30008125,0.232805620698941,0.231592703260372,0.305064922660228,0.374191718925172,0.00359029251211096,0.0366258380136837,0.123572427171394,0.0883474369844202,0.0721961299842657,0.0613841270972939,0.0552457143875645,0.0497211429488081,0.0447490286539273,0.0402741257885345,0.0362467132096811,0.032622041888713,0.0293598376998417,0.0264238539298575
,,,,,,,,YoY Abs Change,,,,,,,,,167098.01325,173475.983506,173416.99703818,176788.033372487,214303.201993125,222482.948846445,222407.298701466,226730.652800214,271281.065823047,281635.602870993,281539.839243718,287012.665113471,339123.373865407,352067.386481475,351947.674166586,358789.151170879,308621.557859409,366073.821327579,350701.457015293,388607.292308896,497798.030181477,605242.051261598,281323.560084006,349746.563078007,455129.627594493,624155.865363522,862725.58425762,871257.549356545,1092311.10622678,1872467.59609057,905861.8634705,632808.114795806,382308.887179374,99864.9384581633,-157016.056334887,-265779.408214239,-168215.910358925,50931.1186136631,301470.828162983,423728.313667272,645949.09577827,617285.157597601,447684.179822029,415253.747393927,444897.439717284,518519.532381985,383990.930601895,360529.235683799,397422.199768504,470988.575246969,343107.190343694,307487.737524863,363989.057212979,430365.810631918,312055.98961759,278353.274394383,,,,,,,,,,,,,,597714.739583334,690779.027166667,885924.102341251,1121469.17305123,1401927.58568435,1414004.12851118,1734110.20460509,2813268.62657218,4503448.68058366,59378.36108841,607914.350084994,2126172.18059183,1707937.13838496,1519005.70288403,1384764.13185687,1322790.00239389,1256281.63295478,1186870.8524498,1115983.95321113,1044836.30818867,974437.371182375,905602.957130715,838972.181675315
,,,,,,,,% change Q/Q,,,,,NA,0.0381690370337182,-0.000340026709333641,0.0194389038668714,0.276004453379518,0.0381690370337182,-0.000340026709333752,0.0194389038668716,0.259463654909784,0.0381690370337182,-0.000340026709333752,0.0194389038668716,0.243749896363536,0.0381690370337182,-0.000340026709333752,0.0194389038668716,0.228821825744601,0.0381690370337182,-0.000340026709333752,0.0194389038668716,0.143731823216669,0.0638587594668314,-0.00840180068748431,0.0360151462061704,0.171181386973869,0.0971043457001699,-0.136107629386823,0.0630416282811139,0.191031918956477,0.14281702677101,-0.0324405449132422,0.0478553193056694,0.208293251115267,0.306076602024012,-0.213857942742009,-0.032748936025536,0.107602146855661,0.211089212785902,-0.26010159316895,-0.062975531774738,0.143331248367134,0.274166775951834,-0.208821505566798,-0.0282709218404691,0.184164507237389,0.230229990574185,-0.215885599267094,-0.0326480798501967,0.173448086357412,0.22461250203275,-0.219482454316328,-0.0348770013251961,0.168028002817655,0.22177117372177,-0.223112768482298,-0.0393869218797515,0.16898765023781,0.219335368637535,-0.226216665764508,-0.0432402541893422,,,,,,,,,,,,,,,,,,,,,,,,,,,,,,,,,,,,
,,,,,,,,Abs change Y/Y in bp,,,,,,,,,,,,0,-175,-175,-175,0,-166.25,-166.25,-166.25,0,-157.9375,-157.9375,-157.9375,0,-900.24375,-600.8125,-700.8125,399.43125,400,900,-1000,-1000,-1200,1000,2200,1800,1500,2000,-800,-2000,-5000,-2800,-2400,-1700,-600,500,1500,1600,1500,400,-99.9999999999999,-550,-250,-200,-200,-125,-125,-100,-125,-125,-91.2499999999999,-62.5000000000001,-55,-106.25,,,,,,,,,,,,311.987537800385,478.225438357203,1319.96061035029,-844.047727576269,-174.999999999999,-166.250000000006,-157.937499999996,-672.756293010588,-12.1291743856911,734.722193998554,691.267962649449,-3706.01426413061,330.355455015727,869.465891577104,-352.249901869739,-161.513070001544,-108.120028869718,-61.3841270972939,-55.2457143875645,-49.7211429488081,-44.7490286539273,-40.2741257885345,-36.2467132096811,-32.622041888713,-29.3598376998417
,,,,,,,,Abs change Q/Q in bp,,,,,,,,,,,,0,-175,0,0,0,-166.25,0,0,0,-157.9375,0,0,0,-900.24375,299.43125,-99.9999999999998,200,300,400,-1700,300,200,500,1500,-200,200,2000,-3000,-1000,-1000,-800,-600,-300,300,500,700,400,400,-400,-99.9999999999999,-50,-99.9999999999999,-50,-49.9999999999999,-25,-50,-25,-49.9999999999999,-50,8.75000000000001,-21.25,-42.5,-42.5,,,,,,,,,,,,,,,,,,,,,,,,,,,,,,,,,,,,
,,,,,,,,,,,,,,,,,,,,,,,,,,,,,,,,,,,,,,,,,,,,,,,,,,,,,,,,,,,,,,,,,,,,,,,,,,,,,,,,,,,,,,,,,,,,,,,,,,,,,,,,,,,,
,,,,,,,,WW Desktop page views (ComScore),,,,,286453.737,300857.126,294844.937,302036.818,268083.785,258288.994,271184.5,275097.967,248291.704,259180.815,272013.98,304428.657,303648.493,321410.442,324948.064,331772.302,307100.835,307331.946,345893.998,348712.266,325190.464126514,332372.587325403,378293.81971821,387661.656370577,372664.004772004,391961.55058352,405093.961059105,426333.258413802,389712.904615309,426812.080903282,497062.745499349,551010.901286874,475366.120632883,602080.312067822,570507.265167084,582822.191363483,455948.277672954,592667.29622072,514138.03312835,509884.372993926,418963.099159535,576091.746357199,522726.602589528,537837.463769964,449815.007530513,599543.243583836,544755.233098269,563736.623069212,461522.554569877,640544.462335878,568577.629712406,579189.357437533,491765.101965164,654831.115785036,576910.232906467,579377.856205504,524749.072021228,697294.719621916,611792.06121146,611920.12491978,,,,,,,,,,674549.240038894,808393.518816897,971941.021628868,1100751.699,1184192.618,1072655.246,1083915.156,1281779.301,1309039.045,1423518.5275407,1596052.77482843,1864598.63230481,2230775.88923127,2072637.98001595,2055618.91187623,2157850.10728183,2249834.00405569,2302884.30686217,2445755.97777438,2505073.87070679,2550060.51855326,2581044.14903363,2598516.39316432,2603092.51012019,2595475.82939416,2576426.89599628,2546737.42490926
,,,,,,,,% change Y/Y,,,,,NA,NA,NA,NA,-0.0641288614084302,-0.141489525496564,-0.0802470520292503,-0.0891906198005305,-0.0738279676258675,0.00345280294831318,0.00305872938903207,0.106619072179476,0.222950618599806,0.240101208879986,0.194600601042638,0.0898195500694929,0.0113695344438938,-0.043802235896244,0.0644593284913368,0.051059006125231,0.0589045260216048,0.0814775087696333,0.0936698003016805,0.111694924922936,0.145986878099292,0.17928362786362,0.070844777112294,0.0997560666826909,0.0457487163369466,0.0889131351477712,0.22703074664405,0.292441746949186,0.219785424098603,0.410644962986079,0.147757039393392,0.0577325965825997,-0.0408481844143135,-0.015634153215828,-0.0988054587214157,-0.125145918344192,-0.0811170484121192,-0.0279677147182219,0.0167047930862458,0.0548224112300277,0.0736387248253354,0.0407079208735894,0.04214178195564,0.0481542492739517,0.0260274709455295,0.0683874252455137,0.0437304594187162,0.0274112657151659,0.0655277777777774,0.0223039215686276,0.014655172413794,0.000325452747965915,0.0670726123595509,0.0648466494845363,0.0604631818181811,0.0561676086956515,,,,,,,,,,,0.198420324023026,0.202311744224925,0.13252931454139,0.0758035795682202,-0.0941885385068326,0.010497231092645,0.182545786821713,0.0212671120361616,0.0874530694695237,0.121202670671101,0.168256251742835,0.196383956623324,-0.0708891959872386,-0.00821130766869038,0.0497325622054603,0.0426275654937556,0.0235796519702545,0.062040316348712,0.0242533979151836,0.0179582120801007,0.0121501549688514,0.00676944799151746,0.00176104986980374,-0.00292601230897993,-0.00733928368052961,-0.0115235061135067
,,,,,,,,YoY Abs Change,,,,,,,,,-18369.9519999999,-42568.132,-23660.437,-26938.851,-19792.081,891.821000000025,829.479999999981,29330.69,55356.789,62229.627,52934.084,27343.645,3452.34199999995,-14078.496,20945.934,16939.964,18089.6291265141,25040.6413254035,32399.8217182098,38949.3903705767,47473.5406454897,59588.963258116,26800.1413408949,38671.6020432257,17048.8998433049,34850.5303197624,91968.7844402441,124677.642873071,85653.2160175741,175268.23116454,73444.5196677349,31811.2900766097,-19417.8429599288,-9413.01584710181,-56369.232038734,-72937.8183695576,-36985.1785134194,-16575.549863521,8588.5694611785,27953.0907760379,30851.9083709787,23451.4972266369,22028.6305087404,25899.1592992488,11707.5470393635,41001.2187520424,23822.3966141371,15452.7343683206,30242.5473952871,14286.6534491582,8332.60319406167,188.498767970596,32983.9700560644,42463.6038368801,34881.828304993,32542.2687142761,,,,,,,,,,,,,,83440.919,-111537.372,11259.9099999999,197864.145,27259.7439999999,114479.482540704,172534.247287726,268545.857476383,366177.256926458,-158137.909215322,-17019.068139724,102231.195405605,91983.8967738636,53050.3028064775,142871.670912214,59317.892932401,44986.6478464715,30983.6304803714,17472.2441306934,4576.11695586517,-7616.68072602525,-19048.9333978817,-29689.4710870162
,,,,,,,,% change Q/Q,,,,,NA,0.0502817283895305,-0.0199835353077193,0.0243920790133831,-0.112413556813461,-0.0365363052450189,0.0499266569600716,0.0144310128344356,-0.0974426066914556,0.0438561209439363,0.0495143323011773,0.119165481862366,-0.00256271537537933,0.0584951001222325,0.0110065559102153,0.0210010114108574,-0.0743626482719466,0.000752557380705454,0.125473620630379,0.00814777942460876,-0.0674533251821029,0.0220858973161502,0.138161912696633,0.0247633880441003,-0.0386874774745231,0.0517826931616914,0.0335043334123837,0.0524305454941079,-0.0858960756070073,0.0951961709469038,0.164593899140324,0.10853389491769,-0.137283637179091,0.266561258648885,-0.0524399258170419,0.0215859235250808,-0.217688886199947,0.299856420657066,-0.132501428024003,-0.00827338158303903,-0.178317435579604,0.37504173401637,-0.092633064273381,0.0289077714919768,-0.163659957085284,0.332866252896566,-0.0913829170320822,0.0348438873418215,-0.181315288587852,0.38789416897045,-0.112352595104843,0.0186636391771073,-0.150942441102775,0.33159330169676,-0.118993861165492,0.00427730894389633,-0.0942886988157493,0.328815536416438,-0.1226205448061,0.000209325547745332,,,,,,,,,,,,,,,,,,,,,,,,,,,,,,,,,,,,
,,,,,,,,% of total YouTube page views,,,,,0.6,0.607000415687847,0.59507274207545,0.597964037968941,0.41594272826292,0.386012011034041,0.405422154652543,0.403430559114121,0.289106583104323,0.290690307274915,0.305187415618719,0.335042364739749,0.268690471852348,0.273951098289212,0.277060564361183,0.277485110055964,0.209021826464168,0.201488505166821,0.226847131509154,0.224334612925132,0.182912194172865,0.175730069849622,0.201703948794005,0.199513320538737,0.163761698723791,0.156996662346204,0.187820539207813,0.18594574970041,0.142711321854636,0.136764582242513,0.164615411756608,0.174147862014909,0.124340850180092,0.12057891815956,0.145337305874068,0.153501558565281,0.108419774728821,0.116366440076917,0.136434569476923,0.144399424786414,0.1037761277222,0.111992016512941,0.128438593268376,0.13599620485128,0.0960500598577364,0.104063373803235,0.120586688703226,0.129,0.09,0.102,0.116,0.122435153142962,0.089,0.097,0.11,0.115,0.0891,0.0971,0.1101,0.1151,,,,,,,,,,0.98,0.96,0.92,0.8,0.6,0.402582871774741,0.305297468828294,0.274363625336929,0.215523873831437,0.190112775450424,0.173072600218749,0.154929569939551,0.134883109343146,0.124873023488357,0.119471894420733,0.111620341340652,0.106931335340896,0.102082758883447,0.102145870444497,0.099145870444497,0.096145870444497,0.093145870444497,0.090145870444497,0.0871458704444969,0.084145870444497,0.0811458704444969,0.078145870444497
,,,,,,,,,,,,,,,,,,,,,,,,,,,,,,,,,,,,,,,,,,,,,,,,,,,,,,,,,,,,,,,,,,,,,,,,,,,,,,,,,,,,,,,,,,,,,,,,,,,,,,,,,,,,
,,,,,,,,WW Mobile page views (MSe),,,,,190969.158,194788.54116,200632.1973948,203071.848778534,376437.12325,410832.656666,397709.63143298,406798.73315102,610532.406243125,632423.784512445,619287.450134446,604198.695951235,826456.683066172,851829.760383438,847893.205378164,863867.716064706,1162127.71493158,1217975.64286491,1178894.94554475,1205716.90323559,1452659.64366447,1559008.82286709,1497196.58084183,1555374.8051739,1902984.13320046,2104661.91087057,1751719.99958494,1866449.76620869,2341064.86095165,2693967.24591433,2522476.79940232,2613029.67269216,3347722.75116086,4391166.61084036,3354894.14320509,3214026.49741136,3749449.48130016,4500444.56514562,3254247.31890893,3021184.90756668,3618218.74945465,4567951.23362281,3547129.57761074,3416960.13045791,4233315.93686195,5161784.89399377,3972785.12692403,3806314.71855259,4666505.82953987,5639303.20762372,4332953.66091178,4151391.21986807,5033685.48191308,6096005.12942153,4667728.24806142,4458690.45862496,5364690.56907,6483907.33621656,4944902.40937401,4704501.46430507,,,,,,,,,,13766.3110212019,33683.0632840374,84516.6105764232,275187.92475,789461.745333334,1591778.1445,2466442.33684125,3390047.36489248,4764715.20657683,6064239.8525473,7625815.80986466,10170538.5789605,14307810.0026177,14525326.2729214,15150259.6911461,17174200.6763323,18790153.9179434,20256109.318021,21498001.7789656,22761473.8884271,23972768.8735354,25128656.0955049,26227167.8045853,27267427.9958181,28249482.0477265,29174133.9382551,30042795.5910174
,,,,,,,,% change Y/Y,,,,,NA,NA,NA,NA,0.971193292112646,1.10912127694688,0.982282188986721,1.00322563466031,0.621870874402728,0.53937077360088,0.557134656012989,0.485252157181451,0.353665546030102,0.346928722866014,0.369143206751708,0.429774214763332,0.406156836460031,0.429834574359858,0.390381404246491,0.395719368618324,0.25,0.28,0.27,0.29,0.31,0.35,0.17,0.2,0.230207241410058,0.28,0.44,0.4,0.43,0.63,0.33,0.23,0.12,0.0248858592692642,-0.03,-0.06,-0.035,0.015,0.09,0.131,0.17,0.13,0.12,0.113947653244201,0.102328741615026,0.0925103086309507,0.0906589514612441,0.0906589514612441,0.0786840659340657,0.0809855233853005,0.077262443438914,0.0740231942694765,0.0657579994511524,0.0636321982281283,0.0593809550561801,0.0551307627118645,,,,,,,,,,NA,1.44677482821368,1.50917233577375,2.2560217793065,1.86880954551525,1.01628280776025,0.549488755932124,0.374468526693424,0.405501072321433,0.272739206779183,0.257505638841349,0.333698430770381,0.406789806806876,0.0152026250183599,0.0430237095183013,0.133591174438351,0.0940919040172876,0.0780172108477333,0.0613095260025969,0.0587716068894233,0.0532168958410106,0.0482166756817757,0.0437154977530592,0.0396634588600502,0.0360156466557466,0.032731640494025,0.0297750622041013
,,,,,,,,YoY Abs Change,,,,,,,,,185467.96525,216044.115506,197077.43403818,203726.884372487,234095.282993125,221591.127846445,221577.818701466,197399.962800214,215924.276823047,219405.975870993,228605.755243718,259669.020113471,335671.031865407,366145.882481475,331001.740166586,341849.187170879,290531.928732895,341033.180002176,318301.635297083,349657.90193832,450324.489535987,545653.088003482,254523.418743111,311074.961034781,438080.727751188,589305.33504376,770756.799817375,746579.906483474,1006657.89020921,1697199.36492603,832417.343802766,600996.824719197,401726.730139303,109277.954305265,-100646.824296153,-192841.589844681,-131230.731845506,67506.6684771841,292882.258701804,395775.222891234,615097.187407292,593833.660370965,425655.549313289,389354.588094678,433189.89267792,477518.313629943,360168.533987758,345076.501315478,367179.652373217,456701.921797811,334774.587149632,307299.238756893,331005.087156914,387902.206795038,277174.161312597,245811.005680107,,,,,,,,,,,,,,514273.820583334,802316.399166667,874664.19234125,923605.02805123,1374667.84168435,1299524.64597047,1561575.95731736,2544722.7690958,4137271.4236572,217516.270303734,624933.418224718,2023940.98518622,1615953.2416111,1465955.40007756,1241892.46094465,1263472.10946149,1211294.98510831,1155887.22196943,1098511.70908044,1040260.1912328,982054.0519084,924651.890528597,868661.652762331
,,,,,,,,% change Q/Q,,,,,NA,0.02,0.03,0.0121598198864006,0.8537139712582,0.0913712577522734,-0.0319425075394839,0.0228536122831411,0.500821798322736,0.0358562101625812,-0.0207714110374995,-0.0243647020134763,0.36785578751543,0.0307010371349792,-0.00462129311319492,0.0188402390598437,0.34526119372255,0.0480566182320354,-0.0320866000474674,0.0227517793610024,0.204809885111678,0.0732099770696042,-0.0396484234845965,0.0388581065950338,0.223489108136666,0.105979747361806,-0.167695300353317,0.0654954939436245,0.254287633846716,0.15074438596256,-0.0636572128974818,0.0358983968896349,0.281165226000574,0.311687656726554,-0.235990241198559,-0.041988700620864,0.166589474081824,0.200294759961681,-0.276905365280589,-0.0716179160655796,0.197615789881872,0.262486198301664,-0.223474727247135,-0.0366971220827252,0.238912886084696,0.219324276992205,-0.230346632315744,-0.0419026962327382,0.225990537985356,0.208463765742209,-0.231650879304715,-0.0419026962327382,0.21252977985367,0.211042118409174,-0.234297191527404,-0.0447836245658203,0.20319870124477,0.20862652798642,-0.237357637461331,-0.0486159129476895,,,,,,,,,,,,2.35730287708422,2.78752373783588,,,,,,,,,,,,,,,,,,,,,,,
,,,,,,,,Growth spread to Desktop,,,,,NA,NA,NA,NA,1.03532215352108,1.25061080244345,1.06252924101597,1.09241625446084,0.695698842028596,0.535917970652566,0.554075926623957,0.378633085001976,0.130714927430296,0.106827513986028,0.17454260570907,0.339954664693839,0.394787302016137,0.473636810256102,0.325922075755154,0.344660362493094,0.191095473978395,0.198522491230367,0.17633019969832,0.178305075077064,0.164013121900708,0.17071637213638,0.099155222887706,0.100243933317309,0.184458525073111,0.191086864852229,0.21296925335595,0.107558253050814,0.210214575901397,0.219355037013921,0.182242960606608,0.1722674034174,0.160848184414313,0.0405200124850922,0.0688054587214157,0.0651459183441922,0.0461170484121192,0.0429677147182219,0.0732952069137542,0.0761775887699723,0.0963612751746646,0.0892920791264106,0.07785821804436,0.0657934039702492,0.076301270669497,0.024122883385437,0.0469284920425279,0.0632476857460782,0.0131562881562883,0.0586816018166729,0.06260727102512,0.0736977415215105,-0.00131461290839852,-0.00121445125640807,-0.00108222676200098,-0.00103684598378706,,,,,,,,,,,1.24835450419066,1.30686059154883,2.12349246476511,1.79300596594703,1.11047134626708,0.538991524839479,0.191922739871711,0.384233960285271,0.185286137309659,0.136302968170248,0.165442179027546,0.210405850183551,0.0860918210055985,0.0512350171869916,0.083858612232891,0.0514643385235321,0.0544375588774788,-0.000730790346115118,0.0345182089742397,0.0352586837609099,0.0360665207129243,0.0369460497615417,0.0379024089902464,0.0389416589647266,0.0400709241745546,0.041298568317608
,,,,,,,,% of total YouTube page views,,,,,0.4,0.392999584312154,0.40492725792455,0.402035962031059,0.58405727173708,0.613987988965959,0.594577845347457,0.596569440885879,0.710893416895677,0.709309692725085,0.694812584381281,0.664957635260251,0.731309528147653,0.726048901710788,0.722939435638817,0.722514889944036,0.790978173535832,0.798511494833179,0.773152868490846,0.775665387074868,0.817087805827135,0.824269930150378,0.798296051205995,0.800486679461263,0.836238301276209,0.843003337653796,0.812179460792187,0.81405425029959,0.857288678145365,0.863235417757487,0.835384588243392,0.825852137985091,0.875659149819908,0.87942108184044,0.854662694125932,0.846498441434719,0.891580225271179,0.883633559923083,0.863565430523077,0.855600575213587,0.8962238722778,0.888007983487059,0.871561406731624,0.86400379514872,0.903949940142264,0.895936626196765,0.879413311296774,0.871,0.91,0.898,0.884,0.877564846857038,0.911,0.903,0.89,0.885,0.9109,0.9029,0.8899,0.8849,,,,,,,,,,0.02,0.04,0.08,0.2,0.4,0.597417128225259,0.694702531171706,0.725636374663071,0.784476126168563,0.809887224549576,0.826927399781251,0.845070430060449,0.865116890656854,0.875126976511643,0.880528105579268,0.888379658659348,0.893068664659104,0.897917241116553,0.897854129555503,0.900854129555503,0.903854129555503,0.906854129555503,0.909854129555503,0.912854129555503,0.915854129555503,0.918854129555503,0.921854129555503
,,,,,,,,Abs change Y/Y in bp,,,,,,,,,,,,,-3493.22417709917,-5697.50503346005,-4251.47532973733,-5179.73477478859,-2682.05328372626,-1924.42050734866,-1879.9144926128,-554.779424181193,524.912904299284,829.058514938446,212.381974947831,-340.548461450076,-1561.56836460031,-1498.34574359858,-1203.81404246491,-1057.19368618324,600,700,-1000,-900,-797.927585899422,-700,2700,2000,1997.92758589942,3500,-1100,-1700,-3100,-6051.14140730736,-3600,-2900,-1550,-98.8585926926423,1200,1910,2050,1150,300,-170.52346755799,-676.712583849735,-374.896913690493,-293.410485387559,-232.887017829568,-236.446756809607,-115.247852456501,-133.965080223302,-166.357571917677,-129.260664829134,-173.533251571723,-178.814883827338,-188.92431557612,,,,,,,,,,,,623.975075600685,7468.49443532747,2000,1974.17128225259,972.854029464474,309.338434913644,588.397515054918,254.110983810131,170.401752316751,181.430302791984,200.464605964048,100.100858547895,54.0112906762413,78.5155308008068,46.8900599975564,48.4857645744907,-0.631115610498778,30,30,30,30,30,30,30,30
,,,,,,,,Abs change Q/Q in bp,,,,,,,,,,1379.27984834239,-1268.39087960163,209.434456735889,-3813.54760257582,-825.001008018487,177.638824121091,-718.824988315372,-1315.86611151349,-67.3682316408875,222.144838856946,606.310080116239,-236.173783033014,236.777378998274,-394.531701133669,53.379643718332,-1457.19368618324,300,-100,200,200,400,-1800,300,302.072414100578,497.927585899423,1600,-400,300,2000,-3000,-1000,-1100,-951.141407307358,-548.858592692642,-300,250,500,750,410,390,-400,-100,-60.5234675579902,-116.189116291745,-98.1843298407581,-18.5135716970652,0,-119.748855271784,23.0145745123478,-37.2307994638654,-32.3924916943752,-82.6519481832411,-21.2580122302408,-42.5124317194814,-42.5019234431567,,,,,,,,,,,,,,,,,,,,,,,,,,,,,,,,,,,,
,,,,,,,,,,,,,,,,,,,,,,,,,,,,,,,,,,,,,,,,,,,,,,,,,,,,,,,,,,,,,,,,,,,,,,,,,,,,,,,,,,,,,,,,,,,,,,,,,,,,,,,,,,,,
,,,,,,,,Average ad units per page view (video & display),,,,,0.795,0.79727513509855,0.793398641174521,0.794338312339906,0.849565636957752,0.831607206620425,0.863524400524153,0.937658683313444,0.866829937328242,0.875110827383437,0.908046184182601,0.961512492794678,0.928386901074495,0.946967700020168,0.98459283896493,0.981385705653726,0.94857073514096,0.954436407485983,0.992310188878971,0.991577959054384,0.964620974755579,0.970793013912404,1.00758467237842,1.02254252130641,0.989197443915223,0.995802112929467,1.03528207450288,1.05049171723337,1.01416905748371,1.02146313452765,1.04827694587555,1.08954272547237,1.02574245463867,1.02146313452765,1.04490327734611,1.10045392608723,1.04854088486602,1.05612995027346,1.10120197676615,1.10495948230777,1.05754956005887,1.04847369304522,1.08761333088397,1.1063171726142,1.0720375448933,1.07804753035243,1.09510679914648,1.10546,1.0675,1.0765,1.087,1.09182636485722,1.06675,1.07275,1.0825,1.08625,1.066825,1.072825,1.082575,1.086325,,,,,,,,,,0.1775,0.308,0.554,0.8,0.795,0.871105270225285,0.903488369453426,0.960727115369053,0.972031031266695,0.991971664915445,1.01700306847538,1.04443366186429,1.04615014687293,1.07482827866998,1.07315670320451,1.08677471031174,1.08019850150567,1.07656206916259,1.07660940283337,1.08336794412893,1.09018648542448,1.09706502672004,1.10400356801559,1.11100210931115,1.1180606506067,1.12517919190226,1.13235773319781
,,,,,,,,% change Y/Y,,,,,NA,NA,NA,NA,0.0686360213305053,0.04306176125464,0.0883865382549933,0.180427367970399,0.0203213261217965,0.0523127029403783,0.0515582230582294,0.0254397574573095,0.0710138876098181,0.0821117398942277,0.0842981955276139,0.0206686995831804,0.0217407570519403,0.00788697171577812,0.00783811298298143,0.010385573523173,0.0169204456979517,0.0171374502252124,0.0153928516210331,0.0312275620583156,0.0254778506821001,0.0257615152341002,0.0274889077650133,0.0273330402839822,0.025244316715628,0.0257691977803618,0.012552010406357,0.0371740277418429,0.0114117040640913,0,-0.00321829888820724,0.0100144770459807,0.0222262714429466,0.0339383914837395,0.0538793404524844,0.00409427065843571,0.0085916298762112,-0.00724935148960559,-0.012339830629521,0.00122872406470176,0.0136995800306772,0.0282065611215361,0.00688982752392509,-0.000774798254444931,-0.00423263617484038,-0.00143549362050899,-0.00740274752453063,-0.0123329972525271,-0.000702576112411979,-0.00348351137947067,-0.00413983440662369,-0.00510737333032874,7.03070072651801e-05,6.99137730133526e-05,6.92840646652204e-05,6.9044879171587e-05,,,,,,,,,,,,,,,0.0957298996544469,0.0371747254149497,0.063353052292477,0.0117660006851159,0.0205144002684399,0.0252339904911185,0.0269719868495901,0.0016434600600459,0.0274130170346643,-0.00155520235058548,0.012689672502219,-0.00605112425203647,-0.00336644823892796,4.39674331307316e-05,0.00627761681977535,0.00629383704078279,0.00630950886616133,0.00632463994983001,0.00633923793211522,0.00635331043604537,0.0063668650637978,0.00637990939329303
,,,,,,,,% change Q/Q,,,,,NA,0.00286180515540901,-0.00486217837904823,0.00118436195453198,0.0695262003102446,-0.0211383671326857,0.0383801314486398,0.0858508256909609,-0.0755378766769492,0.00955307344450795,0.0376356408452174,0.0588806049113082,-0.0344515458388912,0.0200140684063592,0.0397322305121495,-0.00325731935504958,-0.0334373838173109,0.00618369524561735,0.039681828035824,-0.00073790416826669,-0.0271859454444839,0.00639840861680385,0.0378985612162015,0.0148452525510137,-0.0326099665259763,0.00667679547179456,0.0396463926525184,0.0146913030806533,-0.034576816888493,0.00719217076296674,0.0262503955762456,0.0393653411526256,-0.0585569242418121,-0.00417192453297643,0.0229476150691401,0.0531634362198734,-0.0471742069254912,0.00723773914490788,0.0426765915321579,0.00341218561253642,-0.0429064802900151,-0.00858197795774185,0.0373301095662817,0.0171971427704334,-0.03098535263617,0.0056061333744819,0.0158242269600812,0.00945405586157544,-0.0343386463553635,0.00843091334894619,0.00975383186251744,0.00444007806552116,-0.0229673560415448,0.00562456058120442,0.00908879049172695,0.00346420323325636,-0.0178826237054084,0.00562416516298336,0.00908815510451388,0.00346396323580356,,,,,,,,,,,,,,,,,,,,,,,,,,,,,,,,,,,,
,,,,,,,,,,,,,,,,,,,,,,,,,,,,,,,,,,,,,,,,,,,,,,,,,,,,,,,,,,,,,,,,,,,,,,,,,,,,,,,,,,,,,,,,,,,,,,,,,,,,,,,,,,,,
,,,,,,,,Desktop ad units per page view (video & display),,,,,0.925,0.925,0.925,0.925,1.2,1.2,1.25,1.4,1.4,1.4,1.45,1.55,1.55,1.575,1.675,1.675,1.7,1.725,1.75,1.775,1.7,1.725,1.75,1.775,1.7,1.725,1.75,1.775,1.7,1.725,1.75,1.775,1.7,1.725,1.75,1.875,1.9,1.9,1.9,1.875,1.9,1.75,1.75,1.75,1.75,1.75,1.75,1.75,1.75,1.75,1.75,1.75,1.75,1.75,1.75,1.75,1.75,1.75,1.75,1.75,,,,,,,,,,0.175,0.3,0.55,0.85,0.925,1.26393369971921,1.45467678648272,1.62031265579783,1.73906026997079,1.73954892669652,1.73886383469071,1.7412149057511,1.76525588484768,1.89384981388561,1.78057204062039,1.75,1.75,1.75,1.75,1.75,1.75,1.75,1.75,1.75,1.75,1.75,1.75
,,,,,,,,% change Y/Y,,,,,NA,NA,NA,NA,0.297297297297297,0.297297297297297,0.351351351351351,0.513513513513513,0.166666666666667,0.166666666666667,0.16,0.107142857142857,0.107142857142857,0.125,0.155172413793103,0.0806451612903225,0.096774193548387,0.0952380952380951,0.044776119402985,0.0597014925373132,0,0,0,0,0,0,0,0,0,0,0,0,0,0,0,0.0563380281690142,0.117647058823529,0.101449275362319,0.0857142857142859,0,0,-0.0789473684210525,-0.0789473684210525,-0.0666666666666665,-0.0789473684210525,0,0,0,0,0,0,0,0,0,0,0,0,0,0,0,,,,,,,,,,,0.714285714285714,0.833333333333334,0.545454545454545,0.0882352941176472,0.366414810507255,0.150912256557356,0.113864379258847,0.073286852230678,0.000280988953727857,-0.000393833134149313,0.00135207312584407,0.013807014296271,0.0728471889779458,-0.0598134933586973,-0.0171697858457566,0,0,0,0,0,0,0,0,0,0,0
,,,,,,,,% change Q/Q,,,,,NA,0,0,0,0.297297297297297,0,0.0416666666666667,0.12,0,0,0.0357142857142858,0.0689655172413795,0,0.0161290322580645,0.0634920634920635,0,0.0149253731343284,0.0147058823529411,0.0144927536231882,0.0142857142857142,-0.0422535211267604,0.0147058823529411,0.0144927536231882,0.0142857142857142,-0.0422535211267604,0.0147058823529411,0.0144927536231882,0.0142857142857142,-0.0422535211267604,0.0147058823529411,0.0144927536231882,0.0142857142857142,-0.0422535211267604,0.0147058823529411,0.0144927536231882,0.0714285714285714,0.0133333333333334,0,0,-0.0131578947368421,0.0133333333333334,-0.0789473684210525,0,0,0,0,0,0,0,0,0,0,0,0,0,0,0,0,0,0,,,,,,,,,,,,,,,,,,,,,,,,,,,,,,,,,,,,
,,,,,,,,Abs change Y/Y in bp,,,,,,,,,,,,,-1306.3063063063,-1306.3063063063,-1913.51351351351,-4063.70656370656,-595.238095238095,-416.666666666667,-48.275862068965,-264.976958525347,-103.686635944702,-297.619047619049,-1103.96294390118,-209.436687530093,-967.74193548387,-952.380952380951,-447.76119402985,-597.014925373132,0,0,0,0,0,0,0,0,0,0,0,563.380281690142,1176.47058823529,1014.49275362319,857.142857142859,-563.380281690142,-1176.47058823529,-1803.96643783371,-1646.61654135338,-666.666666666665,-789.473684210525,789.473684210525,789.473684210525,666.666666666665,789.473684210525,0,0,0,0,0,0,0,0,0,0,0,,,,,,,,,,,,1190.47619047619,-2878.78787878788,-4572.19251336898,2781.79516389608,-2155.02553949899,-370.478772985086,-405.77527028169,-730.058632769501,-6.74822087877169,17.4590625999338,124.549411704269,590.401746816749,-1326.60682336643,426.437075129408,171.697858457566,0,0,0,0,0,0,0,0,0,0
,,,,,,,,Abs change Q/Q in bp,,,,,,,,,,0,540.540540540542,1621.62162162162,-3468.46846846847,0,-66.6666666666682,-528.571428571427,0,178.571428571428,301.724137931034,-745.272525027809,161.290322580645,-15.3609831029189,-504.619758351101,149.253731343282,-597.014925373132,0,0,0,0,0,0,0,0,0,0,0,0,0,0,563.380281690142,613.090306545152,-161.977834612106,-157.34989648033,-857.142857142859,0,-789.473684210525,0,122.80701754386,-122.80701754386,789.473684210525,0,0,0,0,0,0,0,0,0,0,0,0,0,0,,,,,,,,,,,,,,,,,,,,,,,,,,,,,,,,,,,,
,,,,,,,,,,,,,,,,,,,,,,,,,,,,,,,,,,,,,,,,,,,,,,,,,,,,,,,,,,,,,,,,,,,,,,,,,,,,,,,,,,,,,,,,,,,,,,,,,,,,,,,,,,,,
,,,,,,,,Mobile ad units per page view (video & display),,,,,0.6,0.6,0.6,0.6,0.6,0.6,0.6,0.625,0.65,0.66,0.67,0.665,0.7,0.71,0.72,0.715,0.75,0.76,0.77,0.765,0.8,0.81,0.82,0.835,0.85,0.86,0.87,0.885,0.9,0.91,0.91,0.945,0.93,0.925,0.925,0.96,0.945,0.945,0.975,0.975,0.96,0.96,0.99,1.005,1,1,1.0053067,1.01,1,1,1,1,1,1,1,1,1,1,1,1,,,,,,,,,,0.3,0.5,0.6,0.6,0.6,0.606389061417833,0.661260335128147,0.711337357067749,0.761300446417817,0.816485518458608,0.865920494796197,0.916690441160656,0.934032097934035,0.957961014662042,0.977173111121718,1.00344385902629,1,1,1,1.01,1.02,1.03,1.04,1.05,1.06,1.07,1.08
,,,,,,,,% change Y/Y,,,,,NA,NA,NA,NA,0,0,0,0.0416666666666667,0.0833333333333335,0.1,0.116666666666667,0.0640000000000001,0.0769230769230771,0.0757575757575759,0.0746268656716418,0.0751879699248121,0.0714285714285714,0.0704225352112677,0.0694444444444444,0.06993006993007,0.0666666666666667,0.0657894736842106,0.0649350649350651,0.0915032679738563,0.0625,0.0617283950617285,0.0609756097560976,0.0598802395209581,0.0588235294117647,0.058139534883721,0.0459770114942528,0.0677966101694916,0.0333333333333334,0.0164835164835164,0.0164835164835164,0.0158730158730158,0.0161290322580645,0.0216216216216216,0.0540540540540542,0.015625,0.0158730158730158,0.0158730158730158,0.0153846153846153,0.0307692307692309,0.0416666666666665,0.0416666666666663,0.015461313131313,0.00497512437810932,0,0,-0.00527868758857397,-0.00990099009901013,0,0,0,0,0,0,0,0,,,,,,,,,,,,,0,0,0.0106484356963892,0.0904885612250583,0.0757296624027781,0.0702382475117345,0.0724879018532778,0.06054605405729,0.0586311868925189,0.0189176803801099,0.02561894476746,0.0200551965744178,0.0268844359362486,-0.00343203956585669,0,0,0.01,0.00990099009900991,0.00980392156862742,0.00970873786407767,0.00961538461538458,0.00952380952380949,0.00943396226415105,0.00934579439252348
,,,,,,,,% change Q/Q,,,,,NA,0,0,0,0,0,0,0.0416666666666667,0.04,0.0153846153846153,0.0151515151515151,-0.0074626865671642,0.0526315789473684,0.0142857142857142,0.0140845070422535,-0.00694444444444442,0.048951048951049,0.0133333333333334,0.013157894736842,-0.00649350649350655,0.0457516339869282,0.0125,0.0123456790123457,0.0182926829268293,0.0179640718562875,0.0117647058823529,0.0116279069767442,0.0172413793103448,0.0169491525423728,0.0111111111111111,0,0.0384615384615386,-0.0158730158730159,-0.0053763440860215,0,0.0378378378378379,-0.015625,0,0.0317460317460319,0,-0.0153846153846154,0,0.03125,0.0151515151515151,-0.00497512437810954,0,0.00530670000000022,0.00466852553554054,-0.00990099009901013,0,0,0,0,0,0,0,0,0,0,0,,,,,,,,,,,,,,,,,,,,,,,,,,,,,,,,,,,,
,,,,,,,,,,,,,,,,,,,,,,,,,,,,,,,,,,,,,,,,,,,,,,,,,,,,,,,,,,,,,,,,,,,,,,,,,,,,,,,,,,,,,,,,,,,,,,,,,,,,,,,,,,,,
,,,,,,,,Total ad impressions,,,,,379551.201525,395165.966246,393110.88516188,401227.16591712,547562.81595,556446.3867996,577606.403859788,639386.362019388,744454.449658031,780252.838778214,809342.862590079,873656.551157571,1049174.84229632,1111020.57602224,1154771.11507228,1173384.02283626,1393667.20569868,1455809.09542733,1513063.60456946,1541337.70312522,1714951.50394665,1836139.85965866,1889715.38079717,1986837.40237798,2251065.3213328,2486142.91810526,2232910.83149233,2408549.57677919,2769470.31270251,3187761.0333402,3165313.69207997,3447357.39047829,3921504.5636555,5100417.65334433,4101664.7965071,4178257.04632143,4409531.48740727,5378987.97688198,4149753.39888007,3901688.48424112,4269519.88787959,5393393.740403,4426429.8363663,4375260.49270764,5020492.20004035,6210985.57026549,4947189.16367904,4830916.95610924,5474170.30003715,6760256.0167115,5327964.51290849,5164972.59538375,5894274.41035212,7241959.58204534,5677321.15564773,5472601.70698459,6283001.44510715,7704173.09555492,6015538.51649407,5775361.68291468,,,,,,,,,,122176.010313167,259359.587287088,585277.528241732,1100751.699,1569055.21885,2321001.96862878,3207706.70218389,4488350.55622711,5903877.6088207,7427644.14678047,9378668.64770958,12569902.428601,17301844.0598284,17839961.3474104,18464603.9573565,21009583.8900941,22727363.4250409,24286156.8550298,25778074.7400708,27372967.9010483,28914830.1584744,30399343.0391789,31823658.2048063,33186211.2883193,34486533.6720299,35725070.3819265,36903009.73189
,,,,,,,,Y/Y addition,,,,,,,,,168011.614425,161280.4205536,184495.518697908,238159.196102267,196891.633708031,223806.451978614,231736.458730291,234270.189138183,304720.392638289,330767.737244028,345428.252482199,299727.471678694,344492.363402364,344788.519405093,358292.489497179,367953.680288958,321284.298247969,380330.764231329,376651.776227713,445499.699252761,536113.817386146,650003.058446599,343195.450695165,421712.174401202,518404.99136971,701618.115234941,932402.860587637,1038807.81369911,1152034.25095299,1912656.62000412,936351.104427129,730899.655843142,488026.923751766,278570.323537657,48088.6023729732,-276568.562080315,-140011.59952768,14405.7635210119,276676.43748623,473572.008466517,750972.31216076,817591.82986249,520759.327312739,455656.463401599,453678.099996805,549270.446446017,380775.349229449,334055.639274512,420104.11031497,481703.565333838,349356.64273924,307629.111600841,388727.034755027,462213.513509578,338217.360846335,302759.97593009,,,,,,,,,,,137183.576973921,325917.940954644,515474.170758268,468303.51985,751946.749778776,886704.733555119,1280643.85404321,1415527.05259359,1523766.53795977,1951024.50092911,3191233.78089139,4731941.63122739,538117.287582081,624642.60994608,2544979.93273759,1717779.53494678,1558793.42998889,1491917.88504102,1594893.16097746,1541862.25742608,1484512.88070451,1424315.16562742,1362553.08351306,1300322.38371054,1238536.70989656,1177939.34996359
,,,,,,,,Q/Q addition,,,,,,15614.764721,-2055.08108411997,8116.28075524012,146335.65003288,8883.57084960002,21160.0170601881,61779.9581595996,105068.087638644,35798.3891201824,29090.0238118651,64313.6885674923,175518.291138749,61845.7337259208,43750.5390500368,18612.9077639866,220283.182862419,62141.8897286502,57254.5091421232,28274.0985557651,173613.80082143,121188.355712011,53575.5211385067,97122.0215808139,264227.918954814,235077.596772464,-253232.086612928,175638.745286852,360920.735923322,418290.720637694,-22447.3412602316,282043.69839832,474147.173177207,1178913.08968883,-998752.856837225,76592.2498143334,231274.441085831,969456.489474718,-1229234.57800191,-248064.914638955,367831.403638466,1123873.85252341,-966963.904036691,-51169.343658668,645231.707332709,1190493.37022514,-1263796.40658644,-116272.207569808,643253.343927915,1286085.71667435,-1432291.50380301,-162991.917524745,729301.814968373,1347685.17169322,-1564638.42639761,-204719.448663143,810399.738122558,1421171.65044777,-1688634.57906085,-240176.833579388,,,,,,,,,,,,,,,,,,,,,,,,,,,,,,,,,,,,
,,,,,,,,% change Y/Y,,,,,NA,NA,NA,NA,0.442658628796182,0.408133377693764,0.469321826644241,0.593576946760038,0.359578167057294,0.402206676668054,0.40120133222509,0.366398476811865,0.409320399358569,0.423923785733317,0.426800888039899,0.343072425064017,0.328346000604033,0.310334954046963,0.310271433724556,0.313583339407974,0.230531576644871,0.261250438279263,0.248933207493871,0.289034452572895,0.312611648873088,0.354005200109012,0.181612243929765,0.212252987535099,0.230293180058754,0.282211497225452,0.4175728145689,0.431300158283743,0.415976385689728,0.6,0.295816211445331,0.212017372455177,0.124448898587241,0.0546171593134142,0.011724166834385,-0.0661923282876548,-0.0317520353188372,0.00267815499549839,0.0666729829201174,0.121376170952466,0.175891512835586,0.151591348456121,0.117647708551557,0.104143847928838,0.0903652633885497,0.0884353119536452,0.0769680189358841,0.0691495304741394,0.0767429742388759,0.0712552252670691,0.0655703771849128,0.0595606474031998,0.0659499384813684,0.0638243707760429,0.059573406466513,0.0553228596087456,,,,,,,,,,,1.12283562560511,1.25662576951081,0.880734601765484,0.425439742927892,0.479235364533503,0.38203532161542,0.399239697685363,0.315378006878206,0.258095888655142,0.262670701823375,0.340265116592081,0.376450148130072,0.0311017302965693,0.0350136750737271,0.137830193304722,0.0817617114138423,0.0685866372106947,0.0614307934329281,0.0618701426331998,0.056327916760792,0.0513408819131325,0.0468534850832714,0.0428157276810897,0.0391826102839352,0.0359136328885692,0.0329723451170447
,,,,,,,,% change Q/Q,,,,,NA,0.0411400745360875,-0.00520055181786738,0.0206462885195813,0.364720194601947,0.0162238387831126,0.0380270544695058,0.106958575505331,0.164326444666109,0.0480867420923155,0.0372828170127735,0.079464083196674,0.200900789796852,0.0589470231582752,0.0393786937832203,0.0161182657940155,0.18773323871409,0.0445887579721709,0.0393283084450828,0.0186866556504151,0.11263839226758,0.0706657625204663,0.0291783443710363,0.0513950526982763,0.132989201148805,0.104429487027627,-0.101857413251979,0.0786590950295432,0.149849826386369,0.151036361978373,-0.00704172647367818,0.0891045014287304,0.137539314747817,0.300627749006081,-0.195817857422391,0.0186734542226752,0.0553518939887738,0.219854760589258,-0.228525251085327,-0.0597782303656651,0.0942749286941111,0.263231904766128,-0.17928672568312,-0.0115599581491782,0.147472752401402,0.237126823982631,-0.203477595027229,-0.0235026807592982,0.133153467503607,0.234937103923424,-0.211869417409985,-0.03059177986825,0.141201487810447,0.228643099704737,-0.216051803199336,-0.036059162948619,0.148083083972338,0.22619311213982,-0.219184402805688,-0.0399260736043573,,,,,,,,,,,,,,,,,,,,,,,,,,,,,,,,,,,,
,,,,,,,,,,,,,,,,,,,,,,,,,,,,,,,,,,,,,,,,,,,,,,,,,,,,,,,,,,,,,,,,,,,,,,,,,,,,,,,,,,,,,,,,,,,,,,,,,,,,,,,,,,,,
,,,,,,,,CPM Drivers,,,,,,,,,,,,,,,,,,,,,,,,,,,,,,,,,,,,,,,,,,,,,,,,,,,,,,,,,,,,,,,,,,,,,,,,,,,,,,,,,,,,,,,,,,,,,,,,,,,,
,,,,,,,,Blended CPM,,,,,0.849781214830189,0.937187587076772,1.1823743139466,1.41645433386758,0.917339885173015,1.00947711818438,1.24561419673421,1.38018137816541,1.00921449838028,1.08157472942673,1.32952514242574,1.51240030021057,1.04481027782853,1.12727719215852,1.38468811114965,1.68352897134951,1.13188074075588,1.16606524641633,1.44435752184153,1.74366909754395,1.26075576774284,1.27883912962737,1.60856895746792,1.81444138090278,1.34380818332227,1.44923285534442,1.70360587012678,1.95844006927512,1.45804054352171,1.19582363926624,1.59131147494267,1.99718196291936,1.53130001572721,1.37282875166288,1.75660380783326,2.0661725461818,1.55776186645145,1.36456895452195,1.7039566741263,2.04091127012381,1.56762356793331,1.42118309341666,1.79648165541191,2.1027319436943,1.61139579102124,1.39478668916465,1.80324618785464,2.16791141208828,1.6307494123702,1.44905754690119,1.92587619064276,2.20388391027935,1.69237716012235,1.48599064065006,1.91512006552759,2.30634395010036,1.76552286859249,1.54976271665158,2.05936985413471,2.37228586104959,,,,,,,,,,0.665432816901408,0.772670454545455,0.844868935018051,0.95318649,1.10002775553373,1.14862676929939,1.24468240477046,1.31964751209652,1.38044867119594,1.501822082421,1.61526124539005,1.57296368148505,1.66716333243187,1.6391851658493,1.70650830490442,1.72050051962443,1.77614091195127,1.82125452422648,1.90555155868878,1.98960711463599,2.0739617412997,2.15886198901019,2.24408903825511,2.32943095446627,2.41468389861691,2.49965314295923,2.58415379720594
,,,,,,,,% change Y/Y,,,,,NA,NA,NA,NA,0.0795012518090628,0.0771345375295527,0.0534855012001498,-0.025608277538414,0.100153296168891,0.0714207483692464,0.0673651166721843,0.0957982219850779,0.0352707769313381,0.042255483128758,0.0414907300085097,0.113150381625228,0.0833361470259564,0.0344086215241708,0.0430923109770476,0.0357226559316251,0.11385919235705,0.0967131844102422,0.113691681694585,0.0405881388036946,0.0658751026204905,0.133240938417879,0.059081652805518,0.0793625464498049,0.0850064478079144,-0.174857487631243,-0.0659157127556453,0.0197820164385099,0.050245154382714,0.148019412381952,0.103871765831731,0.0345439647179628,0.0172806441928204,-0.00601662598552166,-0.0299709777880407,-0.0122261212427136,0.00633068615571863,0.0414886610948473,0.0543000785703955,0.0302907208536969,0.0279226620365542,-0.0185735422650972,0.00376543363098092,0.0309975166304224,0.0120104703368331,0.03890979040605,0.0680051363003389,0.0165931587381667,0.0377910593035731,0.0254876652951759,-0.00558505534645892,0.0464906701043193,0.0432206899228385,0.042915530055841,0.0753215379044032,0.028591533776374,,,,,,,,,,,0.161154717531665,0.0934401982732327,0.128206341235206,0.154053028525122,0.0441798068468529,0.0836264990843461,0.0602283016444518,0.0460737875395458,0.0879231613297935,0.0755343554318908,-0.0261862061172596,0.0598867297799846,-0.0167818989527337,0.0410711007259803,0.00819932412856961,0.0323396544739092,0.025399793435114,0.0462851475952242,0.0441108798992824,0.042397630186978,0.0409362651295964,0.0394777663782016,0.0380296480025197,0.0365981846283883,0.0351885579685993,0.0338049518929153
,,,,,,,,% change Q/Q,,,,,NA,0.102857501108741,0.261619690925054,0.197974547619919,-0.352368895177688,0.100439580247821,0.233920189270408,0.108032793608176,-0.268781252706243,0.0716995556074382,0.229249451057744,0.137549228629986,-0.309170807700146,0.0789300374240034,0.228347491443736,0.215818174355337,-0.32767373771503,0.0302015083652933,0.23865926566329,0.207228176664182,-0.276952393364842,0.0143432711927241,0.257835266533198,0.127984829297543,-0.259381869557197,0.0784521729593182,0.175522528242641,0.149585184940332,-0.255509235949522,-0.17984198410705,0.3307242160885,0.255054082351361,-0.233269654864673,-0.103488057491514,0.279550567181464,0.176231394334952,-0.246063999190129,-0.124019541170045,0.248714232050842,0.197748335455939,-0.231900185529279,-0.0934155861854659,0.264074744298421,0.170472260242575,-0.233665614937976,-0.134423276431247,0.292847287591064,0.202227087288341,-0.247778574679234,-0.11141617718257,0.329054318623329,0.144353889926748,-0.232093327498434,-0.121950664624529,0.288783396838761,0.204281648767016,-0.23449281339166,-0.122207509049671,0.328829137523836,0.15194745435679,,,,,,,,,,,,,,,,,,,,,,,,,,,,,,,,,,,,
,,,,,,,,,,,,,,,,,,,,,,,,,,,,,,,,,,,,,,,,,,,,,,,,,,,,,,,,,,,,,,,,,,,,,,,,,,,,,,,,,,,,,,,,,,,,,,,,,,,,,,,,,,,,
,,,,,,,,Premium ad CPM,,,,,17.7147,17.7147,17.7147,17.7147,16.828965,16.866855377295,17.0175808879173,17.5410724768212,16.8023216866078,16.8810582657342,17.3888904254887,18.4926671104078,17.3905467077589,17.5220610831913,17.8245062910773,18.9417728529555,17.8369456277305,17.7524440411173,18.4102917081561,19.7603675122742,19.1514615583334,18.7404992635577,18.7603198186971,19.9871437753303,19.1012739807186,18.6663050892678,19.089598461158,20.4208601134716,19.494017283511,18.9602763874742,19.6259917143456,21.1606869337519,20.5486758725536,20.4598447806325,20.5025326333547,21.7694741471748,20.5287713627866,19.6970642067974,19.6748433947845,20.8126432605799,19.6926278736485,19.1770147904111,20.1896492895744,21.9434577059467,20.9822245280266,19.2610909525157,20.330189445387,22.3200380506814,21.0514662076484,19.7442751774631,20.9975193689322,23.0586591939734,22.7654546819975,20.6287261380375,21.7448840147154,23.9729504985618,23.2415296512642,21.0588931123523,22.1975043526082,24.4702386856678,,,,,,,,,,27,24.3,21.87,19.683,17.7147,16.828965,17.3912343720596,17.9197217337458,18.4400122223195,19.1598561039796,19.319509411154,19.8102430797707,20.8201318584289,20.1783305562371,20.2506874148952,20.7233857441527,21.2129799870043,22.2780038333281,22.7420414504731,23.212910132549,23.6912369682631,24.1775101027843,24.6721567214509,25.1755586956883,25.6880617333683,26.2099875649609,26.741640059434
,,,,,,,,% change Y/Y (organic),,,,,NA,NA,NA,NA,-0.05,-0.0575,-0.0478,0.02,0.05,0.07,0.1,0.11,0.07,0.04,0.03,0.025,0.03,0.03,0.03,0.03,0.03,0.03,0.03,0.03,0.03,0.03,0.03,0.03,0.03,0.03,0.03,0.03,0.03,0.03,0.03,0.03,0.03,0,0.01,0.01,-0.01,-0.01,0.02,0.04,0.07,0.02,0.02,0.02,0.02,0.02,0.02,0.02,0.02,0.02,0.02,0.02,0.02,0.02,0.02,0.02,,,,,,,,,,,-0.1,-0.1,-0.1,-0.1,-0.05,0.0334108111853362,0.0303881455668955,0.0290345182980132,0.0390370609835504,0.00833269865430908,0.0254009384075422,0.0509781114038663,-0.030825996038636,0.00358586942841743,0.0233423349821582,0.0236252053065096,0.0502062344364753,0.02,0.02,0.02,0.02,0.02,0.02,0.02,0.02,0.02
,,,,,,,,% change Q/Q (organic),,,,,NA,0,0,0,-0.05,-0.00738742511112544,0.000488773034848239,0.0605631344427961,0.00946769605639699,0.0738439944830809,0.108263784809455,0.119226457210826,-0.0246062547889694,0.00959068605685998,0.022209434320562,0.0633958749106456,-0.0539966073173182,0.012114387447114,0.0341926907064583,0.0601162979520968,-0.0745107514008309,-0.0471159536491702,0.0120449996784828,0.0839183003693296,-0.0117014191697118,0.0111873071886753,0.0351250026729689,0.0780377750802312,-0.035948166458131,-0.0131284957270487,0.0370123375582364,0.0719681042403194,-0.0530237336539519,-0.0534129664696375,-0.0125758273577248,0.0630246625086772,-0.026024125252396,-0.0032323840264221,0.0492419692417255,0.111783057541045,-0.023083859665781,-0.00978066901921618,0.046638902871353,0.072533657514835,-0.0392912659477776,-0.0664123898487279,0.0685446039518247,0.100715145266229,-0.0401355752990116,-0.06718103703118,0.0506492212078314,0.0850688220732169,-0.0741345519054708,-0.118653684988479,0.038513973414204,0.0828132688801705,-0.0314224216872618,-0.0947638669675254,0.0532529263274456,0.101643209793229,,,,,,,,,,,,,,,,,,,,,,,,,,,,,,,,,,,,
,,,,,,,,,,,,,,,,,,,,,,,,,,,,,,,,,,,,,,,,,,,,,,,,,,,,,,,,,,,,,,,,,,,,,,,,,,,,,,,,,,,,,,,,,,,,,,,,,,,,,,,,,,,,
,,,,,,,,Non-premium ad CPM,,,,,0.61812,0.61812,0.61812,0.61812,0.587214,0.588536111015912,0.593980820535975,0.612061605298013,0.586284333402544,0.553719526521297,0.5594225250402,0.590180104632973,0.571632241367022,0.558133623534989,0.562248386063147,0.595660288230644,0.574872856642156,0.554309384282703,0.569481175871512,0.609489357727121,0.605741370898073,0.574074626446353,0.568918888668947,0.604294264311548,0.592039161129482,0.543098117206491,0.54476934414163,0.575106709795569,0.556849007683277,0.508203393786347,0.516495117051616,0.549933699334794,0.542427539723901,0.507740932280917,0.498243340954388,0.521760446493024,0.509356463983298,0.463424371594924,0.453217041722515,0.467521950161766,0.468235952105462,0.43265188937547,0.437882756796708,0.474222966962686,0.484851897348418,0.412916133949871,0.427794376117026,0.468134605594463,0.47190635951533,0.410887074728948,0.42900271542293,0.469582212952214,0.496171293497952,0.416966277067016,0.43140212636164,0.474113996298853,0.491662171188297,0.413152208673811,0.427439709280762,0.469725464681783,,,,,,,,,,0.5,0.55,0.6,0.612,0.61812,0.587214,0.572401622399253,0.57191863479895,0.577038193630873,0.58825728758123,0.563753333068293,0.532870304464008,0.517543064863058,0.473379956865626,0.453248391310082,0.448424253252444,0.445344590654855,0.454663423306365,0.450494888456163,0.437297535985888,0.424443642534191,0.411933354208517,0.399764412922732,0.387932844204808,0.376433415457593,0.36526005717482,0.354406116226051
,,,,,,,,% change Y/Y (organic),,,,,NA,NA,NA,NA,-0.0499999999999999,-0.0575,-0.0475,0.02,0.05,0.01,0.02,0.02,0.01,0.01,0.01,0.01,0.01,0.01,0.01,0.01,0.01,0.01,0.01,0.01,0.01,-0.02,-0.03,-0.04,-0.05,-0.05,-0.05,-0.05,-0.05,-0.05,-0.05,-0.05,-0.03,-0.05,-0.04,-0.05,-0.05,-0.05,-0.04,0,0.04,-0.03,-0.01,-0.01,-0.01,-0.01,-0.01,-0.01,-0.01,-0.01,-0.01,-0.01,-0.01,-0.01,-0.01,-0.01,,,,,,,,,,,0.1,0,0.02,0.01,-0.05,-0.0252248372837619,-0.000843791459357313,0.00895155100816369,0.0194425500325446,-0.0416551652316818,-0.0547811015789477,-0.0287635461622654,-0.08533223802181,-0.0425272875700965,-0.0106434752999199,-0.00686774315896599,0.0209249934703528,-0.03,-0.03,-0.03,-0.03,-0.03,-0.03,-0.03,-0.03,-0.03
,,,,,,,,% change Q/Q (organic),,,,,NA,0,0,0,-0.0499999999999999,-0.00738742511112544,0.000803853106451652,0.0602413389565117,0.00946769605639688,0.0136135488629192,0.0884802626735881,0.110731433244267,0.00356398114337114,-0.0215858845704803,0.0123209715272662,0.0601399068030866,-0.0305671885267264,-0.018918635588948,0.0245065728680117,0.0570373691814733,-0.0498456343429928,-0.0779350843265332,0.00200641355731753,0.0807036804119968,0.0123405355749863,-0.0487061852602754,0.0155253427393734,0.063988693915715,-0.0223077389495882,-0.0731074827064481,0.0182170388784805,0.058512358341715,-0.0377508628545719,-0.113036995178086,-0.0333678338148708,0.048430311545413,0.00719532316511246,-0.0528948786043772,0.028344216769203,0.0855159127080025,0.0322575282152203,-0.0595936249289308,0.00592455306188659,0.0686576783902145,0.0269270952969449,-0.132750683088171,0.0490711159637558,0.0971367812774372,0.0247569697679169,-0.134389824244834,0.0312645187716401,0.0814980158929534,-0.00479611515579112,-0.184427715794252,0.0190281463665233,0.0793564210314698,0.0361003984613866,-0.160535553002765,0.0337666610479366,0.0981842790284473,,,,,,,,,,,,,,,,,,,,,,,,,,,,,,,,,,,,
,,,,,,,,,,,,,,,,,,,,,,,,,,,,,,,,,,,,,,,,,,,,,,,,,,,,,,,,,,,,,,,,,,,,,,,,,,,,,,,,,,,,,,,,,,,,,,,,,,,,,,,,,,,,
,,,,,,,,FX headwind / tailwind,,,,,,,,,-0.0120006193868071,0.0096389228886169,0.00844742207981358,-0.0298013245033113,-0.0515831819361537,-0.0691579409367358,-0.0781808272270332,-0.0557504873294347,-0.034991443913377,-0.00202828001854427,-0.0049486105824134,-0.000714387769681383,-0.00433094384707288,-0.0168518345625992,0.00286404725677974,0.0132163697491981,0.0436962458729059,0.0256574193475488,-0.0109873674958689,-0.0185236819145558,-0.032620561227766,-0.033959028692164,-0.012448132780083,-0.00830023423973928,-0.00943889485126173,-0.0142512325390304,-0.00190128151312378,0.00622897449810092,0.0241016545591487,0.0490900070501606,0.0146622485002058,-0.00123027171429576,-0.0309686516975811,-0.0372818358112476,-0.0503700973617126,-0.0539528708927978,-0.0307303230359796,-0.0164023821482385,0.00616569212065073,0.0143330528087524,-0.00451373464971986,-0.0156157846764249,-0.013038999647947,-0.00283860502838605,-0.0166999838587517,0.00508602581954639,0.0128245796891286,0.0130922887145093,0.0614189594892165,0.02479531168528,0.0155929970894103,0.0196506707912733,0.00091216608307576,0.000852813277770643,0.000815026540790854,0.0007437206002587,,,,,,,,,,,,,,,-0.00680977318629466,-0.0636497592246578,-0.00997431681365421,0.00141530986370677,0.00873878487750448,-0.0209630900660801,-0.00425066571109066,0.0190601938343368,-0.0441085713620327,-0.00607065578639211,-0.00886484446671048,0.00423121096629316,0.0292072161889207,0.000826373532562542,0.000704767560176581,0.000606069337395198,0.000525443022354901,0.000458956135837364,0.000403646909383321,0.00035716640392762,0.000317836238870321,0.000284347451728063
,,,,,,,,,,,,,,,,,,,,,,,,,,,,,,,,,,,,,,,,,,,,,,,,,,,,,,,,,,,,,,,,,,,,,,,,,,,,,,,,,,,,,,,,,,,,,,,,,,,,,,,,,,,,
,,,,,,,,Comscore Usage metrics ,,,,,,,,,,,,,,,,,,,,,,,,,,,,,,,,,,,,,,,,,,,,,,,,,,,,,,,,,,,,,,,,,,,,,,,,,,,,,,,,,,,,,,,,,,,,,,,,,,,,
,,,,,,,,YouTube US desktop page views,,,,,56326.843,66772.212,74922.941,71031.179,59099.063,55419.878,61467.068,60840.981,53635.076,55689.396,59742.166,58506.137,57012.556,,,,,,,,,,,,,,,,,,,,,,,,,,,,,,,,,,,,,,,,,,,,,,,,,,,,,,,,,,,,245366.819,269053.175,236826.99,227572.775,,,,,,,,,,,,,,,,,,,,
,,,,,,,,% of WW YouTube desktop page views,,,,,0.196635043375259,0.221939938361307,0.254109640688861,0.235173908500122,0.220449972384566,0.214565387172479,0.226661435295896,0.221161143659051,0.216016383696815,0.214866968452121,0.219629027890405,0.192183408672988,0.187758402607979,,,,,,,,,,,,,,,,,,,,,,,,,,,,,,,,,,,,,,,,,,,,,,,,,,,,,,,,,,,,0.222908417241516,0.227203894797459,,,,,,,,,,,,,,,,,,,,,,
,,,,,,,,,,,,,,,,,,,,,,,,,,,,,,,,,,,,,,,,,,,,,,,,,,,,,,,,,,,,,,,,,,,,,,,,,,,,,,,,,,,,,,,,,,,,,,,,,,,,,,,,,,,,
,,,,,,,,YouTube MAUs (millions),,,,,152.596626666667,162.952263,170.335394333333,167.180915666667,156.407181,149.459760666667,152.633554666667,166.686820333333,155.401363666667,168.888026333333,173.853698,177.095339666667,179.404754333333,,,,,,,,,,,,,,,,,,,,,,,,,,,,,,,,,,,,,,,,,,,,,,,,,,,,,,,,,,,,150.9991985,163.266299916667,156.296829166667,168.809606916667,,,,,,,,,,,,,,,,,,,,
,,,,,,,,,,,,,,,,,,,,,,,,,,,,,,,,,,,,,,,,,,,,,,,,,,,,,,,,,,,,,,,,,,,,,,,,,,,,,,,,,,,,,,,,,,,,,,,,,,,,,,,,,,,,
,,,,,,,,# of YouTube US desktop content videos,,,,,35913.246721,41635.039808,49415.396739,41642.662841,34494.483759,30909.698745,33032.213761,33963.580965,31433.916751,34421.833196,36111.99213,40157.906924,48240.056315,,,,,,,,,,,,,,,,,,,,,,,,,,,,,,,,,,,,,,,,,,,,,,,,,,,,,,,,,,,,187220.373802,168606.346109,132399.97723,142125.649001,,,,,,,,,,,,,,,,,,,,
,,,,,,,,# of Industry US desktop content videos,,,,,108533.1773,124399.106737,141176.819907,148603.479761,144504.271201,123194.022786,157525.716222,164071.2462,175549.793752,158574.207279,159587.334601,179943.794774,145348.927751,,,,,,,,,,,,,,,,,,,,,,,,,,,,,,,,,,,,,,,,,,,,,,,,,,,,,,,,,,,,450979.195279,522712.583705,589295.256409,673655.130406,,,,,,,,,,,,,,,,,,,,
,,,,,,,,YouTube share of US desktop content videos,,,,,0.33089648358613,0.334689218436458,0.350024860820298,0.280226700666594,0.238709094702256,0.250902584768201,0.209694102989812,0.207005077072426,0.179059832991925,0.217070819943859,0.226283572065961,,,,,,,,,,,,,,,,,,,,,,,,,,,,,,,,,,,,,,,,,,,,,,,,,,,,,,,,,,,,,,,0.322560335000765,0.22467511114345,0.210976867221873,,,,,,,,,,,,,,,,,,,,
,,,,,,,,,,,,,,,,,,,,,,,,,,,,,,,,,,,,,,,,,,,,,,,,,,,,,,,,,,,,,,,,,,,,,,,,,,,,,,,,,,,,,,,,,,,,,,,,,,,,,,,,,,,,
,,,,,,,,YouTube US desktop content minutes (comscore),,,,,167682.537,196161.545,231019.776,182143.528,139819.947,126344.686,139354.244,139304.599,127323.436,138242.708,145144.642,161448.956,194196.486,,,,,,,,,,,,,,,,,,,,,,,,,,,,,,,,,,,,,,,,,,,,,,,,,,,,,,,,,,,,787901.758,777007.386,544823.476,572159.742,,,,,,,,,,,,,,,,,,,,
,,,,,,,,Industry US desktop content minutes (comscore),,,,,610241.853,684240.468,733263.185,693301.651,608945.09,518110.802,622393.817,657750.577,694006.001,678722.362,650122.259,675551.28,601869.196,,,,,,,,,,,,,,,,,,,,,,,,,,,,,,,,,,,,,,,,,,,,,,,,,,,,,,,,,,,,2817105.218,2721047.157,2407200.286,2698401.902,,,,,,,,,,,,,,,,,,,,
,,,,,,,,YouTube share of US desktop content videos,,,,,0.274780459871211,0.286685097087827,0.315057104632902,0.262719016660758,0.229610106553285,0.243856498479258,0.223900431195961,0.211789398399874,0.183461577877624,0.203680791645996,0.223257456564028,0.238988453992715,0.322655632304532,,,,,,,,,,,,,,,,,,,,,,,,,,,,,,,,,,,,,,,,,,,,,,,,,,,,,,,,,,,,0.27968488821989,0.285554546161068,0.226330762408359,0.212036517457213,,,,,,,,,,,,,,,,,,,,
,,,,,,,,,,,,,,,,,,,,,,,,,,,,,,,,,,,,,,,,,,,,,,,,,,,,,,,,,,,,,,,,,,,,,,,,,,,,,,,,,,,,,,,,,,,,,,,,,,,,,,,,,,,,
,,,,,,,,YouTube - content videos / page view,,,,,0.63758671369173,0.623538423558591,0.659549612968343,0.586258927801269,0.583672261588987,0.557736679698212,0.537396931979902,0.558235261936358,0.586070144675473,0.618103906100903,0.604464058601424,0.686387941217175,0.846130391259778,,,,,,,,,,,,,,,,,,,,,,,,,,,,,,,,,,,,,,,,,,,,,,,,,,,,,,,,,,,,0.763022378351818,0.626665513644283,0.559057805151347,0.62452834703536,,,,,,,,,,,,,,,,,,,,
,,,,,,,,YouTube - avg content videos / MAU,,,,,0.235347579468118,0.255504520412828,0.290106451054429,0.249087419308249,0.220542839136011,0.206809502484997,0.216415150869928,0.203756847104534,0.202275681559817,0.203814526958008,0.207714834630667,0.226758688283871,0.268889509055987,,,,,,,,,,,,,,,,,,,,,,,,,,,,,,,,,,,,,,,,,,,,,,,,,,,,,,,,,,,,1.23987660637815,1.03270758383732,0.847105970965129,0.841928676909725,,,,,,,,,,,,,,,,,,,,
,,,,,,,,YouTube - avg content minutes / MAU,,,,,1.09886136189817,1.20379761157413,1.35626407479301,1.08949952375645,0.893948385912025,0.845342488415868,0.912998745946348,0.835726536275781,0.819319940287697,0.818546530510998,0.834866578449197,0.911649941234384,1.08244893911331,,,,,,,,,,,,,,,,,,,,,,,,,,,,,,,,,,,,,,,,,,,,,,,,,,,,,,,,,,,,5.21792013352972,4.75914127040666,3.48582552125244,3.38937903150529,,,,,,,,,,,,,,,,,,,,
,,,,,,,,YouTube - content minutes / video,,,,,4.66909990908588,4.71145328321046,4.67505658651674,4.37396447713875,4.05340018934243,4.08754181146582,4.21873765434791,4.10158749584019,4.05051133171146,4.01613438810297,4.01929202569307,4.0203528611575,4.02562726568824,,,,,,,,,,,,,,,,,,,,,,,,,,,,,,,,,,,,,,,,,,,,,,,,,,,,,,,,,,,,4.20841889159599,4.60841127235913,4.11498164424571,4.02573178044713,,,,,,,,,,,,,,,,,,,,
,,,,,,,,Industry - content minutes / video,,,,,5.62262957909369,5.50036480122479,5.19393470884977,4.66544694723866,4.21402831168208,4.20564886414992,3.95106165473874,4.00893265720804,3.95332848969578,4.28015610890513,4.07377102089859,3.7542349312376,4.14085748902857,,,,,,,,,,,,,,,,,,,,,,,,,,,,,,,,,,,,,,,,,,,,,,,,,,,,,,,,,,,,6.24664119207802,5.20562779972341,4.08487979467,4.00561322879516,,,,,,,,,,,,,,,,,,,,
,,,,,,,,,,,,,,,,,,,,,,,,,,,,,,,,,,,,,,,,,,,,,,,,,,,,,,,,,,,,,,,,,,,,,,,,,,,,,,,,,,,,,,,,,,,,,,,,,,,,,,,,,,,,
,,,,,,,,,,,,,,,,,,,,,,,,,,,,,,,,,,,,,,,,,,,,,,,,,,,,,,,,,,,,,,,,,,,,,,,,,,,,,,,,,,,,,,,,,,,,,,,,,,,,,,,,,,,,
,,,,,,,,,,,,,,,,,,,,,,,,,,,,,,,,,,,,,,,,,,,,,,,,,,,,,,,,,,,,,,,,,,,,,,,,,,,,,,,,,,,,,,,,,,,,,,,,,,,,,,,,,,,,
,,,,,,,,,,,,,,,,,,,,,,,,,,,,,,,,,,,,,,,,,,,,,,,,,,,,,,,,,,,,,,,,,,,,,,,,,,,,,,,,,,,,,,,,,,,,,,,,,,,,,,,,,,,,
,,,,,,,,,,,,,,,,,,,,,,,,,,,,,,,,,,,,,,,,,,,,,,,,,,,,,,,,,,,,,,,,,,,,,,,,,,,,,,,,,,,,,,,,,,,,,,,,,,,,,,,,,,,,
,,,,,,,,,,,,,,,,,,,,,,,,,,,,,,,,,,,,,,,,,,,,,,,,,,,,,,,,,,,,,,,,,,,,,,,,,,,,,,,,,,,,,,,,,,,,,,,,,,,,,,,,,,,,
,,,,,,,,,,,,,,,,,,,,,,,,,,,,,,,,,,,,,,,,,,,,,,,,,,,,,,,,,,,,,,,,,,,,,,,,,,,,,,,,,,,,,,,,,,,,,,,,,,,,,,,,,,,,
,,,,,,,,,,,,,,,,,,,,,,,,,,,,,,,,,,,,,,,,,,,,,,,,,,,,,,,,,,,,,,,,,,,,,,,,,,,,,,,,,,,,,,,,,,,,,,,,,,,,,,,,,,,,
,,,,,,,,,,,,,,,,,,,,,,,,,,,,,,,,,,,,,,,,,,,,,,,,,,,,,,,,,,,,,,,,,,,,,,,,,,,,,,,,,,,,,,,,,,,,,,,,,,,,,,,,,,,,
